file_path,energy
C:\Users\GED\PycharmProjects\Aixelo_Project_DataLab_2025\data\odac\pristine_CO2\ABEFUL\ABEFUL_w_CO2_1_relaxed.cif,-0.3036845850000134
C:\Users\GED\PycharmProjects\Aixelo_Project_DataLab_2025\data\odac\pristine_CO2\ABESUX\ABESUX_w_CO2_random_1_relaxed.cif,-0.5914658000000372
C:\Users\GED\PycharmProjects\Aixelo_Project_DataLab_2025\data\odac\pristine_CO2\ABEXEM\ABEXEM_w_CO2_1_relaxed.cif,-0.46665692374998
C:\Users\GED\PycharmProjects\Aixelo_Project_DataLab_2025\data\odac\pristine_CO2\ABEXIQ\ABEXIQ_w_CO2_1_relaxed.cif,0.526259147500042
C:\Users\GED\PycharmProjects\Aixelo_Project_DataLab_2025\data\odac\pristine_CO2\ABEXOW\ABEXOW_w_CO2_1_relaxed.cif,-0.30318775124979425
C:\Users\GED\PycharmProjects\Aixelo_Project_DataLab_2025\data\odac\pristine_CO2\ABEYAJ\ABEYAJ_w_CO2_1_relaxed.cif,-0.39626969500002923
C:\Users\GED\PycharmProjects\Aixelo_Project_DataLab_2025\data\odac\pristine_CO2\ABEYIR\ABEYIR_w_CO2_1_relaxed.cif,-0.3939730137500703
C:\Users\GED\PycharmProjects\Aixelo_Project_DataLab_2025\data\odac\pristine_CO2\ABIXOZ\ABIXOZ_w_CO2_1_relaxed.cif,3.443304410000087
C:\Users\GED\PycharmProjects\Aixelo_Project_DataLab_2025\data\odac\pristine_CO2\ABULOB\ABULOB_w_CO2_1_relaxed.cif,0.14434293714279126
C:\Users\GED\PycharmProjects\Aixelo_Project_DataLab_2025\data\odac\pristine_CO2\ABUWOJ\ABUWOJ_w_CO2_1_relaxed.cif,-0.3477569483333885
C:\Users\GED\PycharmProjects\Aixelo_Project_DataLab_2025\data\odac\pristine_CO2\ACAJIY\ACAJIY_w_CO2_1_relaxed.cif,-0.30285370285706187
C:\Users\GED\PycharmProjects\Aixelo_Project_DataLab_2025\data\odac\pristine_CO2\ACAJIZ\ACAJIZ_w_CO2_1_relaxed.cif,-0.460790441666821
C:\Users\GED\PycharmProjects\Aixelo_Project_DataLab_2025\data\odac\pristine_CO2\ACAJOF\ACAJOF_w_CO2_1_relaxed.cif,-0.24876903500016087
C:\Users\GED\PycharmProjects\Aixelo_Project_DataLab_2025\data\odac\pristine_CO2\ACIBOE\ACIBOE_w_CO2_1_relaxed.cif,-0.19850487400012748
C:\Users\GED\PycharmProjects\Aixelo_Project_DataLab_2025\data\odac\pristine_CO2\ACODON\ACODON_w_CO2_1_relaxed.cif,-0.2127581383333563
C:\Users\GED\PycharmProjects\Aixelo_Project_DataLab_2025\data\odac\pristine_CO2\ACOGAB\ACOGAB_w_CO2_1_relaxed.cif,-0.22545967428569771
C:\Users\GED\PycharmProjects\Aixelo_Project_DataLab_2025\data\odac\pristine_CO2\ACOGEF\ACOGEF_w_CO2_1_relaxed.cif,-0.36283375428567005
C:\Users\GED\PycharmProjects\Aixelo_Project_DataLab_2025\data\odac\pristine_CO2\ACOLIP\ACOLIP_w_CO2_1_relaxed.cif,-0.41160500285710505
C:\Users\GED\PycharmProjects\Aixelo_Project_DataLab_2025\data\odac\pristine_CO2\ACUBAB\ACUBAB_w_CO2_1_relaxed.cif,-0.2929165666666525
C:\Users\GED\PycharmProjects\Aixelo_Project_DataLab_2025\data\odac\pristine_CO2\ACUTOI\ACUTOI_w_CO2_1_relaxed.cif,-0.35756044833332606
C:\Users\GED\PycharmProjects\Aixelo_Project_DataLab_2025\data\odac\pristine_CO2\ADABUE\ADABUE_w_CO2_1_relaxed.cif,-0.16335181142863214
C:\Users\GED\PycharmProjects\Aixelo_Project_DataLab_2025\data\odac\pristine_CO2\ADAXEK\ADAXEK_w_CO2_1_relaxed.cif,-0.07434234333336083
C:\Users\GED\PycharmProjects\Aixelo_Project_DataLab_2025\data\odac\pristine_CO2\ADAXIO\ADAXIO_w_CO2_4_relaxed.cif,-0.0454166100000748
C:\Users\GED\PycharmProjects\Aixelo_Project_DataLab_2025\data\odac\pristine_CO2\ADIQEL\ADIQEL_w_CO2_2_relaxed.cif,-0.29100399500004903
C:\Users\GED\PycharmProjects\Aixelo_Project_DataLab_2025\data\odac\pristine_CO2\ADOBAX_charged\ADOBAX_charged_w_CO2_2_relaxed.cif,-0.35877371166619315
C:\Users\GED\PycharmProjects\Aixelo_Project_DataLab_2025\data\odac\pristine_CO2\ADOBEB_charged\ADOBEB_charged_w_CO2_1_relaxed.cif,-0.07963070428565644
C:\Users\GED\PycharmProjects\Aixelo_Project_DataLab_2025\data\odac\pristine_CO2\ADOBOL_charged\ADOBOL_charged_w_CO2_1_relaxed.cif,0.20590818714260553
C:\Users\GED\PycharmProjects\Aixelo_Project_DataLab_2025\data\odac\pristine_CO2\ADOCEC\ADOCEC_w_CO2_2_relaxed.cif,-0.40423997750025364
C:\Users\GED\PycharmProjects\Aixelo_Project_DataLab_2025\data\odac\pristine_CO2\ADODAA_charged\ADODAA_charged_w_CO2_1_relaxed.cif,-0.25657483400027553
C:\Users\GED\PycharmProjects\Aixelo_Project_DataLab_2025\data\odac\pristine_CO2\ADODII\ADODII_w_CO2_1_relaxed.cif,-0.2546053199999581
C:\Users\GED\PycharmProjects\Aixelo_Project_DataLab_2025\data\odac\pristine_CO2\ADODOO\ADODOO_w_CO2_1_relaxed.cif,-0.3262214450000253
C:\Users\GED\PycharmProjects\Aixelo_Project_DataLab_2025\data\odac\pristine_CO2\ADODUU\ADODUU_w_CO2_1_relaxed.cif,-0.23825401499982488
C:\Users\GED\PycharmProjects\Aixelo_Project_DataLab_2025\data\odac\pristine_CO2\ADUWIH\ADUWIH_w_CO2_1_relaxed.cif,-0.5183984539999074
C:\Users\GED\PycharmProjects\Aixelo_Project_DataLab_2025\data\odac\pristine_CO2\AFEJOK_ion_b\AFEJOK_ion_b_w_CO2_1_relaxed.cif,-0.49405250833342507
C:\Users\GED\PycharmProjects\Aixelo_Project_DataLab_2025\data\odac\pristine_CO2\AFENEE\AFENEE_w_CO2_1_relaxed.cif,-0.3448963699999175
C:\Users\GED\PycharmProjects\Aixelo_Project_DataLab_2025\data\odac\pristine_CO2\AFIPAH\AFIPAH_w_CO2_1_relaxed.cif,-0.4206844950000175
C:\Users\GED\PycharmProjects\Aixelo_Project_DataLab_2025\data\odac\pristine_CO2\AFITEP\AFITEP_w_CO2_1_relaxed.cif,-0.23775033142851493
C:\Users\GED\PycharmProjects\Aixelo_Project_DataLab_2025\data\odac\pristine_CO2\AFITUF\AFITUF_w_CO2_1_relaxed.cif,-0.2895839285713788
C:\Users\GED\PycharmProjects\Aixelo_Project_DataLab_2025\data\odac\pristine_CO2\AFIXAO\AFIXAO_w_CO2_1_relaxed.cif,-0.3056086933333972
C:\Users\GED\PycharmProjects\Aixelo_Project_DataLab_2025\data\odac\pristine_CO2\AFOTOF\AFOTOF_w_CO2_2_relaxed.cif,3.0593395133332706
C:\Users\GED\PycharmProjects\Aixelo_Project_DataLab_2025\data\odac\pristine_CO2\AFOTUL\AFOTUL_w_CO2_1_relaxed.cif,-0.04413915857134854
C:\Users\GED\PycharmProjects\Aixelo_Project_DataLab_2025\data\odac\pristine_CO2\AFOVAT\AFOVAT_w_CO2_1_relaxed.cif,-0.07031844999991266
C:\Users\GED\PycharmProjects\Aixelo_Project_DataLab_2025\data\odac\pristine_CO2\AFOVEX\AFOVEX_w_CO2_1_relaxed.cif,-0.24049156749994435
C:\Users\GED\PycharmProjects\Aixelo_Project_DataLab_2025\data\odac\pristine_CO2\AFOVIB\AFOVIB_w_CO2_1_relaxed.cif,-0.0075925312499265365
C:\Users\GED\PycharmProjects\Aixelo_Project_DataLab_2025\data\odac\pristine_CO2\AFOVOH\AFOVOH_w_CO2_1_relaxed.cif,0.09510067333326337
C:\Users\GED\PycharmProjects\Aixelo_Project_DataLab_2025\data\odac\pristine_CO2\AFOYIE\AFOYIE_w_CO2_1_relaxed.cif,1.0321019340001159
C:\Users\GED\PycharmProjects\Aixelo_Project_DataLab_2025\data\odac\pristine_CO2\AFOYOK\AFOYOK_w_CO2_1_relaxed.cif,-0.6997180283332985
C:\Users\GED\PycharmProjects\Aixelo_Project_DataLab_2025\data\odac\pristine_CO2\AGABIU\AGABIU_w_CO2_2_relaxed.cif,-0.3898347999999032
C:\Users\GED\PycharmProjects\Aixelo_Project_DataLab_2025\data\odac\pristine_CO2\AGARUW\AGARUW_w_CO2_1_relaxed.cif,0.28376637833330653
C:\Users\GED\PycharmProjects\Aixelo_Project_DataLab_2025\data\odac\pristine_CO2\AGONAM\AGONAM_w_CO2_1_relaxed.cif,-0.007271675714231887
C:\Users\GED\PycharmProjects\Aixelo_Project_DataLab_2025\data\odac\pristine_CO2\AGONEQ\AGONEQ_w_CO2_1_relaxed.cif,-0.06465143799991886
C:\Users\GED\PycharmProjects\Aixelo_Project_DataLab_2025\data\odac\pristine_CO2\AHAMAY\AHAMAY_w_CO2_1_relaxed.cif,-0.14191664399997989
C:\Users\GED\PycharmProjects\Aixelo_Project_DataLab_2025\data\odac\pristine_CO2\AHOKIR\AHOKIR_w_CO2_1_relaxed.cif,-0.6627686966666602
C:\Users\GED\PycharmProjects\Aixelo_Project_DataLab_2025\data\odac\pristine_CO2\AHOKIR01\AHOKIR01_w_CO2_1_relaxed.cif,-0.3076513050000121
C:\Users\GED\PycharmProjects\Aixelo_Project_DataLab_2025\data\odac\pristine_CO2\AHOKOX\AHOKOX_w_CO2_1_relaxed.cif,-0.258760164285718
C:\Users\GED\PycharmProjects\Aixelo_Project_DataLab_2025\data\odac\pristine_CO2\AJAKON\AJAKON_w_CO2_1_relaxed.cif,-0.44475040142853167
C:\Users\GED\PycharmProjects\Aixelo_Project_DataLab_2025\data\odac\pristine_CO2\AJOTEY\AJOTEY_w_CO2_1_relaxed.cif,-0.17925776400002175
C:\Users\GED\PycharmProjects\Aixelo_Project_DataLab_2025\data\odac\pristine_CO2\AJOVEB\AJOVEB_w_CO2_1_relaxed.cif,-0.37359551142861036
C:\Users\GED\PycharmProjects\Aixelo_Project_DataLab_2025\data\odac\pristine_CO2\AKEDIF\AKEDIF_w_CO2_1_relaxed.cif,-0.4090473628571739
C:\Users\GED\PycharmProjects\Aixelo_Project_DataLab_2025\data\odac\pristine_CO2\AKOBAF\AKOBAF_w_CO2_1_relaxed.cif,-0.33599342166651996
C:\Users\GED\PycharmProjects\Aixelo_Project_DataLab_2025\data\odac\pristine_CO2\AKUKUO\AKUKUO_w_CO2_1_relaxed.cif,-0.21659075833326824
C:\Users\GED\PycharmProjects\Aixelo_Project_DataLab_2025\data\odac\pristine_CO2\ALAMUW\ALAMUW_w_CO2_1_relaxed.cif,-0.09135877666669023
C:\Users\GED\PycharmProjects\Aixelo_Project_DataLab_2025\data\odac\pristine_CO2\ALEQIT\ALEQIT_w_CO2_1_relaxed.cif,-0.32482082000005147
C:\Users\GED\PycharmProjects\Aixelo_Project_DataLab_2025\data\odac\pristine_CO2\ALIXAU_clean_h\ALIXAU_clean_h_w_CO2_1_relaxed.cif,-0.31999010250032706
C:\Users\GED\PycharmProjects\Aixelo_Project_DataLab_2025\data\odac\pristine_CO2\ALIXOJ\ALIXOJ_w_CO2_1_relaxed.cif,-0.29275633333319695
C:\Users\GED\PycharmProjects\Aixelo_Project_DataLab_2025\data\odac\pristine_CO2\ALIXUP\ALIXUP_w_CO2_1_relaxed.cif,-0.36764667800025563
C:\Users\GED\PycharmProjects\Aixelo_Project_DataLab_2025\data\odac\pristine_CO2\ALOLIY\ALOLIY_w_CO2_1_relaxed.cif,-0.42432282571404095
C:\Users\GED\PycharmProjects\Aixelo_Project_DataLab_2025\data\odac\pristine_CO2\ALUJEX\ALUJEX_w_CO2_1_relaxed.cif,0.8376287485714004
C:\Users\GED\PycharmProjects\Aixelo_Project_DataLab_2025\data\odac\pristine_CO2\ALUKIC\ALUKIC_w_CO2_2_relaxed.cif,-0.09602411666666433
C:\Users\GED\PycharmProjects\Aixelo_Project_DataLab_2025\data\odac\pristine_CO2\ALULAV\ALULAV_w_CO2_1_relaxed.cif,-0.21743856500023634
C:\Users\GED\PycharmProjects\Aixelo_Project_DataLab_2025\data\odac\pristine_CO2\ALULID\ALULID_w_CO2_1_relaxed.cif,-0.14680394749990452
C:\Users\GED\PycharmProjects\Aixelo_Project_DataLab_2025\data\odac\pristine_CO2\AMAFOK\AMAFOK_w_CO2_1_relaxed.cif,-0.3279646249999549
C:\Users\GED\PycharmProjects\Aixelo_Project_DataLab_2025\data\odac\pristine_CO2\AMAGAX\AMAGAX_w_CO2_1_relaxed.cif,-0.13604587333323553
C:\Users\GED\PycharmProjects\Aixelo_Project_DataLab_2025\data\odac\pristine_CO2\AMILUE\AMILUE_w_CO2_1_relaxed.cif,-0.3353520957144025
C:\Users\GED\PycharmProjects\Aixelo_Project_DataLab_2025\data\odac\pristine_CO2\AMIMEP\AMIMEP_w_CO2_1_relaxed.cif,-0.34557861285725266
C:\Users\GED\PycharmProjects\Aixelo_Project_DataLab_2025\data\odac\pristine_CO2\AMIWID\AMIWID_w_CO2_1_relaxed.cif,-0.4414815514286537
C:\Users\GED\PycharmProjects\Aixelo_Project_DataLab_2025\data\odac\pristine_CO2\AMIWOJ\AMIWOJ_w_CO2_1_relaxed.cif,-0.36437153625004726
C:\Users\GED\PycharmProjects\Aixelo_Project_DataLab_2025\data\odac\pristine_CO2\AMIWUP\AMIWUP_w_CO2_1_relaxed.cif,-0.27434999875018207
C:\Users\GED\PycharmProjects\Aixelo_Project_DataLab_2025\data\odac\pristine_CO2\AMIXAW\AMIXAW_w_CO2_1_relaxed.cif,-0.3077145049998933
C:\Users\GED\PycharmProjects\Aixelo_Project_DataLab_2025\data\odac\pristine_CO2\AMOYOR\AMOYOR_w_CO2_1_relaxed.cif,0.010228183750072598
C:\Users\GED\PycharmProjects\Aixelo_Project_DataLab_2025\data\odac\pristine_CO2\AMUFOF\AMUFOF_w_CO2_1_relaxed.cif,-0.130004751428487
C:\Users\GED\PycharmProjects\Aixelo_Project_DataLab_2025\data\odac\pristine_CO2\AMUWUB\AMUWUB_w_CO2_1_relaxed.cif,-0.03471663999998779
C:\Users\GED\PycharmProjects\Aixelo_Project_DataLab_2025\data\odac\pristine_CO2\AMUXAI\AMUXAI_w_CO2_1_relaxed.cif,-0.2021470199999839
C:\Users\GED\PycharmProjects\Aixelo_Project_DataLab_2025\data\odac\pristine_CO2\ANENEN\ANENEN_w_CO2_1_relaxed.cif,-0.2767454799999314
C:\Users\GED\PycharmProjects\Aixelo_Project_DataLab_2025\data\odac\pristine_CO2\ANENIR\ANENIR_w_CO2_1_relaxed.cif,-0.27159487499992946
C:\Users\GED\PycharmProjects\Aixelo_Project_DataLab_2025\data\odac\pristine_CO2\ANOMUM\ANOMUM_w_CO2_1_relaxed.cif,-0.23208509833331917
C:\Users\GED\PycharmProjects\Aixelo_Project_DataLab_2025\data\odac\pristine_CO2\ANONAT_manual\ANONAT_manual_w_CO2_1_relaxed.cif,-0.1480853716666388
C:\Users\GED\PycharmProjects\Aixelo_Project_DataLab_2025\data\odac\pristine_CO2\ANUGIA\ANUGIA_w_CO2_1_relaxed.cif,-0.16532176600007914
C:\Users\GED\PycharmProjects\Aixelo_Project_DataLab_2025\data\odac\pristine_CO2\ANUGOG\ANUGOG_w_CO2_1_relaxed.cif,-0.3919458740001119
C:\Users\GED\PycharmProjects\Aixelo_Project_DataLab_2025\data\odac\pristine_CO2\APACAX\APACAX_w_CO2_1_relaxed.cif,-0.16506891571439805
C:\Users\GED\PycharmProjects\Aixelo_Project_DataLab_2025\data\odac\pristine_CO2\APARAM\APARAM_w_CO2_1_relaxed.cif,-0.28385439374997645
C:\Users\GED\PycharmProjects\Aixelo_Project_DataLab_2025\data\odac\pristine_CO2\APAYOH\APAYOH_w_CO2_1_relaxed.cif,-0.2654629616663442
C:\Users\GED\PycharmProjects\Aixelo_Project_DataLab_2025\data\odac\pristine_CO2\APAYUN\APAYUN_w_CO2_1_relaxed.cif,-0.1725911266667026
C:\Users\GED\PycharmProjects\Aixelo_Project_DataLab_2025\data\odac\pristine_CO2\APAZIC\APAZIC_w_CO2_1_relaxed.cif,-0.23972611999981075
C:\Users\GED\PycharmProjects\Aixelo_Project_DataLab_2025\data\odac\pristine_CO2\APAZOI\APAZOI_w_CO2_1_relaxed.cif,-0.19825360833332673
C:\Users\GED\PycharmProjects\Aixelo_Project_DataLab_2025\data\odac\pristine_CO2\APEBED\APEBED_w_CO2_1_relaxed.cif,-0.34422269625001434
C:\Users\GED\PycharmProjects\Aixelo_Project_DataLab_2025\data\odac\pristine_CO2\APEBEE\APEBEE_w_CO2_1_relaxed.cif,-0.2827976371428674
C:\Users\GED\PycharmProjects\Aixelo_Project_DataLab_2025\data\odac\pristine_CO2\AQEQES\AQEQES_w_CO2_1_relaxed.cif,0.0016062959999317
C:\Users\GED\PycharmProjects\Aixelo_Project_DataLab_2025\data\odac\pristine_CO2\AQEQIW\AQEQIW_w_CO2_1_relaxed.cif,-0.2617258649999598
C:\Users\GED\PycharmProjects\Aixelo_Project_DataLab_2025\data\odac\pristine_CO2\AQIQAU\AQIQAU_w_CO2_1_relaxed.cif,-0.5368318299998464
C:\Users\GED\PycharmProjects\Aixelo_Project_DataLab_2025\data\odac\pristine_CO2\AQOLEZ\AQOLEZ_w_CO2_1_relaxed.cif,1.795264171428471
C:\Users\GED\PycharmProjects\Aixelo_Project_DataLab_2025\data\odac\pristine_CO2\AQOTIK\AQOTIK_w_CO2_1_relaxed.cif,0.9043869099999468
C:\Users\GED\PycharmProjects\Aixelo_Project_DataLab_2025\data\odac\pristine_CO2\AQUCOF\AQUCOF_w_CO2_1_relaxed.cif,-0.15774181833326864
C:\Users\GED\PycharmProjects\Aixelo_Project_DataLab_2025\data\odac\pristine_CO2\AQUCOG\AQUCOG_w_CO2_1_relaxed.cif,-0.20831908400023164
C:\Users\GED\PycharmProjects\Aixelo_Project_DataLab_2025\data\odac\pristine_CO2\AQUCUM\AQUCUM_w_CO2_1_relaxed.cif,-0.2092638200000692
C:\Users\GED\PycharmProjects\Aixelo_Project_DataLab_2025\data\odac\pristine_CO2\AQUDAS\AQUDAS_w_CO2_1_relaxed.cif,-0.3780483114284477
C:\Users\GED\PycharmProjects\Aixelo_Project_DataLab_2025\data\odac\pristine_CO2\AQUDAT\AQUDAT_w_CO2_1_relaxed.cif,-0.4026913885715138
C:\Users\GED\PycharmProjects\Aixelo_Project_DataLab_2025\data\odac\pristine_CO2\AQUDEX\AQUDEX_w_CO2_1_relaxed.cif,-0.3637684600001713
C:\Users\GED\PycharmProjects\Aixelo_Project_DataLab_2025\data\odac\pristine_CO2\AQUDIB\AQUDIB_w_CO2_1_relaxed.cif,-0.2523208720000639
C:\Users\GED\PycharmProjects\Aixelo_Project_DataLab_2025\data\odac\pristine_CO2\AQUDOH\AQUDOH_w_CO2_1_relaxed.cif,-0.3418633742856595
C:\Users\GED\PycharmProjects\Aixelo_Project_DataLab_2025\data\odac\pristine_CO2\ARADEE\ARADEE_w_CO2_1_relaxed.cif,-0.3939084350002228
C:\Users\GED\PycharmProjects\Aixelo_Project_DataLab_2025\data\odac\pristine_CO2\ARAFEF\ARAFEF_w_CO2_1_relaxed.cif,1.3352335760000416
C:\Users\GED\PycharmProjects\Aixelo_Project_DataLab_2025\data\odac\pristine_CO2\ARAFIJ\ARAFIJ_w_CO2_1_relaxed.cif,1.7492311160000553
C:\Users\GED\PycharmProjects\Aixelo_Project_DataLab_2025\data\odac\pristine_CO2\ARAFOP\ARAFOP_w_CO2_random_1_relaxed.cif,0.6592821899999421
C:\Users\GED\PycharmProjects\Aixelo_Project_DataLab_2025\data\odac\pristine_CO2\ARAGOR\ARAGOR_w_CO2_1_relaxed.cif,-0.4201613200002359
C:\Users\GED\PycharmProjects\Aixelo_Project_DataLab_2025\data\odac\pristine_CO2\ARINOF\ARINOF_w_CO2_1_relaxed.cif,-0.024741488333252886
C:\Users\GED\PycharmProjects\Aixelo_Project_DataLab_2025\data\odac\pristine_CO2\ARINUL\ARINUL_w_CO2_random_1_relaxed.cif,0.4550360149999051
C:\Users\GED\PycharmProjects\Aixelo_Project_DataLab_2025\data\odac\pristine_CO2\AROFAP\AROFAP_w_CO2_1_relaxed.cif,-0.3039183857143663
C:\Users\GED\PycharmProjects\Aixelo_Project_DataLab_2025\data\odac\pristine_CO2\AROFET\AROFET_w_CO2_1_relaxed.cif,-0.148711304285663
C:\Users\GED\PycharmProjects\Aixelo_Project_DataLab_2025\data\odac\pristine_CO2\ARUYES\ARUYES_w_CO2_1_relaxed.cif,-0.17269440666662675
C:\Users\GED\PycharmProjects\Aixelo_Project_DataLab_2025\data\odac\pristine_CO2\ARUYOB\ARUYOB_w_CO2_random_1_relaxed.cif,0.818866405000108
C:\Users\GED\PycharmProjects\Aixelo_Project_DataLab_2025\data\odac\pristine_CO2\ARUYUH\ARUYUH_w_CO2_1_relaxed.cif,-0.07768294571415671
C:\Users\GED\PycharmProjects\Aixelo_Project_DataLab_2025\data\odac\pristine_CO2\ARUYUH01\ARUYUH01_w_CO2_1_relaxed.cif,-0.3181777014285509
C:\Users\GED\PycharmProjects\Aixelo_Project_DataLab_2025\data\odac\pristine_CO2\ASACON\ASACON_w_CO2_1_relaxed.cif,0.33643932571408186
C:\Users\GED\PycharmProjects\Aixelo_Project_DataLab_2025\data\odac\pristine_CO2\ASADAA\ASADAA_w_CO2_1_relaxed.cif,-0.36880792833320203
C:\Users\GED\PycharmProjects\Aixelo_Project_DataLab_2025\data\odac\pristine_CO2\ASEJOZ\ASEJOZ_w_CO2_1_relaxed.cif,0.5201537485713094
C:\Users\GED\PycharmProjects\Aixelo_Project_DataLab_2025\data\odac\pristine_CO2\ASEJOZ01\ASEJOZ01_w_CO2_1_relaxed.cif,0.8635195342855175
C:\Users\GED\PycharmProjects\Aixelo_Project_DataLab_2025\data\odac\pristine_CO2\ASEKAM\ASEKAM_w_CO2_1_relaxed.cif,0.7001206199999691
C:\Users\GED\PycharmProjects\Aixelo_Project_DataLab_2025\data\odac\pristine_CO2\ASINAT\ASINAT_w_CO2_1_relaxed.cif,-0.30307584499966345
C:\Users\GED\PycharmProjects\Aixelo_Project_DataLab_2025\data\odac\pristine_CO2\ASIQEA\ASIQEA_w_CO2_1_relaxed.cif,0.1431521633331461
C:\Users\GED\PycharmProjects\Aixelo_Project_DataLab_2025\data\odac\pristine_CO2\ASIQIE\ASIQIE_w_CO2_1_relaxed.cif,-0.46063610000017735
C:\Users\GED\PycharmProjects\Aixelo_Project_DataLab_2025\data\odac\pristine_CO2\ASOHUL\ASOHUL_w_CO2_1_relaxed.cif,-0.18192615499995665
C:\Users\GED\PycharmProjects\Aixelo_Project_DataLab_2025\data\odac\pristine_CO2\ASOSUY\ASOSUY_w_CO2_1_relaxed.cif,-0.1599324416666074
C:\Users\GED\PycharmProjects\Aixelo_Project_DataLab_2025\data\odac\pristine_CO2\ASOVEL\ASOVEL_w_CO2_1_relaxed.cif,-0.5500920883335235
C:\Users\GED\PycharmProjects\Aixelo_Project_DataLab_2025\data\odac\pristine_CO2\ASUWUI\ASUWUI_w_CO2_1_relaxed.cif,-0.11634377714264178
C:\Users\GED\PycharmProjects\Aixelo_Project_DataLab_2025\data\odac\pristine_CO2\ATAFIK\ATAFIK_w_CO2_1_relaxed.cif,-0.1724989580000965
C:\Users\GED\PycharmProjects\Aixelo_Project_DataLab_2025\data\odac\pristine_CO2\ATAYAX\ATAYAX_w_CO2_1_relaxed.cif,-0.22634936833340666
C:\Users\GED\PycharmProjects\Aixelo_Project_DataLab_2025\data\odac\pristine_CO2\ATAYEB\ATAYEB_w_CO2_1_relaxed.cif,-0.5552122039997812
C:\Users\GED\PycharmProjects\Aixelo_Project_DataLab_2025\data\odac\pristine_CO2\ATEYED\ATEYED_w_CO2_1_relaxed.cif,-0.25443530600014125
C:\Users\GED\PycharmProjects\Aixelo_Project_DataLab_2025\data\odac\pristine_CO2\ATIBAG\ATIBAG_w_CO2_1_relaxed.cif,-0.3085341866667098
C:\Users\GED\PycharmProjects\Aixelo_Project_DataLab_2025\data\odac\pristine_CO2\ATIBOU\ATIBOU_w_CO2_1_relaxed.cif,-0.37591516166658795
C:\Users\GED\PycharmProjects\Aixelo_Project_DataLab_2025\data\odac\pristine_CO2\ATIBOU01\ATIBOU01_w_CO2_1_relaxed.cif,-0.047037258333375576
C:\Users\GED\PycharmProjects\Aixelo_Project_DataLab_2025\data\odac\pristine_CO2\ATIBOU02\ATIBOU02_w_CO2_1_relaxed.cif,-0.11598741166663251
C:\Users\GED\PycharmProjects\Aixelo_Project_DataLab_2025\data\odac\pristine_CO2\ATIBUA\ATIBUA_w_CO2_1_relaxed.cif,-0.08511762166674923
C:\Users\GED\PycharmProjects\Aixelo_Project_DataLab_2025\data\odac\pristine_CO2\ATICAH\ATICAH_w_CO2_1_relaxed.cif,0.13233714666680876
C:\Users\GED\PycharmProjects\Aixelo_Project_DataLab_2025\data\odac\pristine_CO2\ATICEL\ATICEL_w_CO2_1_relaxed.cif,-0.2331757116666229
C:\Users\GED\PycharmProjects\Aixelo_Project_DataLab_2025\data\odac\pristine_CO2\ATIXAE\ATIXAE_w_CO2_1_relaxed.cif,0.11665720499983458
C:\Users\GED\PycharmProjects\Aixelo_Project_DataLab_2025\data\odac\pristine_CO2\ATIXUX\ATIXUX_w_CO2_1_relaxed.cif,-0.026230182857001873
C:\Users\GED\PycharmProjects\Aixelo_Project_DataLab_2025\data\odac\pristine_CO2\ATOGEV\ATOGEV_w_CO2_1_relaxed.cif,2.9462532150000507
C:\Users\GED\PycharmProjects\Aixelo_Project_DataLab_2025\data\odac\pristine_CO2\ATOWIQ\ATOWIQ_w_CO2_1_relaxed.cif,-0.3469826116666089
C:\Users\GED\PycharmProjects\Aixelo_Project_DataLab_2025\data\odac\pristine_CO2\ATOWOW\ATOWOW_w_CO2_1_relaxed.cif,-0.20626564499999253
C:\Users\GED\PycharmProjects\Aixelo_Project_DataLab_2025\data\odac\pristine_CO2\ATULIM\ATULIM_w_CO2_1_relaxed.cif,-0.08303106124992604
C:\Users\GED\PycharmProjects\Aixelo_Project_DataLab_2025\data\odac\pristine_CO2\AVAGUB\AVAGUB_w_CO2_1_relaxed.cif,-0.38488639142864095
C:\Users\GED\PycharmProjects\Aixelo_Project_DataLab_2025\data\odac\pristine_CO2\AVAQIX\AVAQIX_w_CO2_1_relaxed.cif,-0.20779986571437797
C:\Users\GED\PycharmProjects\Aixelo_Project_DataLab_2025\data\odac\pristine_CO2\AVAQIX01\AVAQIX01_w_CO2_1_relaxed.cif,-0.4268077128571283
C:\Users\GED\PycharmProjects\Aixelo_Project_DataLab_2025\data\odac\pristine_CO2\AVEHAM\AVEHAM_w_CO2_1_relaxed.cif,-0.2550892883333896
C:\Users\GED\PycharmProjects\Aixelo_Project_DataLab_2025\data\odac\pristine_CO2\AVELOD\AVELOD_w_CO2_1_relaxed.cif,-0.03338737200015202
C:\Users\GED\PycharmProjects\Aixelo_Project_DataLab_2025\data\odac\pristine_CO2\AVELUJ\AVELUJ_w_CO2_1_relaxed.cif,0.2802586459997656
C:\Users\GED\PycharmProjects\Aixelo_Project_DataLab_2025\data\odac\pristine_CO2\AVEMAQ\AVEMAQ_w_CO2_1_relaxed.cif,0.3715461959998265
C:\Users\GED\PycharmProjects\Aixelo_Project_DataLab_2025\data\odac\pristine_CO2\AVEQID\AVEQID_w_CO2_1_relaxed.cif,-0.10285084400011328
C:\Users\GED\PycharmProjects\Aixelo_Project_DataLab_2025\data\odac\pristine_CO2\AVESOL\AVESOL_w_CO2_1_relaxed.cif,0.1371480199999106
C:\Users\GED\PycharmProjects\Aixelo_Project_DataLab_2025\data\odac\pristine_CO2\AVESUR\AVESUR_w_CO2_1_relaxed.cif,-0.35199852166685247
C:\Users\GED\PycharmProjects\Aixelo_Project_DataLab_2025\data\odac\pristine_CO2\AVETAY\AVETAY_w_CO2_1_relaxed.cif,-0.6166073233336343
C:\Users\GED\PycharmProjects\Aixelo_Project_DataLab_2025\data\odac\pristine_CO2\AVEVEE\AVEVEE_w_CO2_1_relaxed.cif,-0.09549684142854983
C:\Users\GED\PycharmProjects\Aixelo_Project_DataLab_2025\data\odac\pristine_CO2\AVIHIY\AVIHIY_w_CO2_2_relaxed.cif,-0.19554554599997115
C:\Users\GED\PycharmProjects\Aixelo_Project_DataLab_2025\data\odac\pristine_CO2\AVIHOE\AVIHOE_w_CO2_1_relaxed.cif,-0.22001240666673985
C:\Users\GED\PycharmProjects\Aixelo_Project_DataLab_2025\data\odac\pristine_CO2\AVIMIC\AVIMIC_w_CO2_1_relaxed.cif,-0.3248060350001651
C:\Users\GED\PycharmProjects\Aixelo_Project_DataLab_2025\data\odac\pristine_CO2\AVIMOI\AVIMOI_w_CO2_1_relaxed.cif,-0.2974205728572282
C:\Users\GED\PycharmProjects\Aixelo_Project_DataLab_2025\data\odac\pristine_CO2\AVIMUO\AVIMUO_w_CO2_1_relaxed.cif,-0.12034806857124226
C:\Users\GED\PycharmProjects\Aixelo_Project_DataLab_2025\data\odac\pristine_CO2\AVIPAX\AVIPAX_w_CO2_1_relaxed.cif,-0.39880126500005036
C:\Users\GED\PycharmProjects\Aixelo_Project_DataLab_2025\data\odac\pristine_CO2\AVIPOL\AVIPOL_w_CO2_1_relaxed.cif,-0.22877049499995408
C:\Users\GED\PycharmProjects\Aixelo_Project_DataLab_2025\data\odac\pristine_CO2\AVOSIO_charged\AVOSIO_charged_w_CO2_1_relaxed.cif,0.04450648799966077
C:\Users\GED\PycharmProjects\Aixelo_Project_DataLab_2025\data\odac\pristine_CO2\AWAGEL\AWAGEL_w_CO2_1_relaxed.cif,0.19076253499982462
C:\Users\GED\PycharmProjects\Aixelo_Project_DataLab_2025\data\odac\pristine_CO2\AWAKEQ\AWAKEQ_w_CO2_1_relaxed.cif,-0.003048640000126099
C:\Users\GED\PycharmProjects\Aixelo_Project_DataLab_2025\data\odac\pristine_CO2\AWEJIW\AWEJIW_w_CO2_1_relaxed.cif,-0.3394544455556519
C:\Users\GED\PycharmProjects\Aixelo_Project_DataLab_2025\data\odac\pristine_CO2\AWIBAL\AWIBAL_w_CO2_1_relaxed.cif,-0.3801766614286391
C:\Users\GED\PycharmProjects\Aixelo_Project_DataLab_2025\data\odac\pristine_CO2\AWOFOI\AWOFOI_w_CO2_1_relaxed.cif,0.07464092714297157
C:\Users\GED\PycharmProjects\Aixelo_Project_DataLab_2025\data\odac\pristine_CO2\AXIMUP\AXIMUP_w_CO2_1_relaxed.cif,-0.2850074328573555
C:\Users\GED\PycharmProjects\Aixelo_Project_DataLab_2025\data\odac\pristine_CO2\AXIPEE\AXIPEE_w_CO2_1_relaxed.cif,-0.07808433499993345
C:\Users\GED\PycharmProjects\Aixelo_Project_DataLab_2025\data\odac\pristine_CO2\AXIPEE03\AXIPEE03_w_CO2_1_relaxed.cif,-0.21631458400006517
C:\Users\GED\PycharmProjects\Aixelo_Project_DataLab_2025\data\odac\pristine_CO2\AXUBAW_manual\AXUBAW_manual_w_CO2_1_relaxed.cif,-0.3076119050000443
C:\Users\GED\PycharmProjects\Aixelo_Project_DataLab_2025\data\odac\pristine_CO2\AXUBOL\AXUBOL_w_CO2_1_relaxed.cif,-0.06359500571433528
C:\Users\GED\PycharmProjects\Aixelo_Project_DataLab_2025\data\odac\pristine_CO2\AZAFIS\AZAFIS_w_CO2_random_1_relaxed.cif,-0.2252836600000307
C:\Users\GED\PycharmProjects\Aixelo_Project_DataLab_2025\data\odac\pristine_CO2\AZEWEH\AZEWEH_w_CO2_1_relaxed.cif,-0.0760026928571733
C:\Users\GED\PycharmProjects\Aixelo_Project_DataLab_2025\data\odac\pristine_CO2\AZIVAI\AZIVAI_w_CO2_1_relaxed.cif,-0.3602466300002334
C:\Users\GED\PycharmProjects\Aixelo_Project_DataLab_2025\data\odac\pristine_CO2\AZIXUD\AZIXUD_w_CO2_1_relaxed.cif,-0.3474763185715801
C:\Users\GED\PycharmProjects\Aixelo_Project_DataLab_2025\data\odac\pristine_CO2\BACGAQ\BACGAQ_w_CO2_1_relaxed.cif,-0.33270458499993083
C:\Users\GED\PycharmProjects\Aixelo_Project_DataLab_2025\data\odac\pristine_CO2\BAEDTA01\BAEDTA01_w_CO2_1_relaxed.cif,-0.06924118142852158
C:\Users\GED\PycharmProjects\Aixelo_Project_DataLab_2025\data\odac\pristine_CO2\BAFHAU\BAFHAU_w_CO2_1_relaxed.cif,-0.2879481474998613
C:\Users\GED\PycharmProjects\Aixelo_Project_DataLab_2025\data\odac\pristine_CO2\BAKJII\BAKJII_w_CO2_1_relaxed.cif,-0.07727301499998399
C:\Users\GED\PycharmProjects\Aixelo_Project_DataLab_2025\data\odac\pristine_CO2\BAKYOE\BAKYOE_w_CO2_1_relaxed.cif,-0.08181286833318305
C:\Users\GED\PycharmProjects\Aixelo_Project_DataLab_2025\data\odac\pristine_CO2\BAMKIM\BAMKIM_w_CO2_1_relaxed.cif,-0.45610121600007003
C:\Users\GED\PycharmProjects\Aixelo_Project_DataLab_2025\data\odac\pristine_CO2\BAMKOS\BAMKOS_w_CO2_1_relaxed.cif,-0.2246051566666362
C:\Users\GED\PycharmProjects\Aixelo_Project_DataLab_2025\data\odac\pristine_CO2\BAPDAA\BAPDAA_w_CO2_1_relaxed.cif,-0.19951576600010407
C:\Users\GED\PycharmProjects\Aixelo_Project_DataLab_2025\data\odac\pristine_CO2\BAQWIC\BAQWIC_w_CO2_1_relaxed.cif,-0.3267305739999983
C:\Users\GED\PycharmProjects\Aixelo_Project_DataLab_2025\data\odac\pristine_CO2\BARZUR\BARZUR_w_CO2_1_relaxed.cif,0.17423754428552582
C:\Users\GED\PycharmProjects\Aixelo_Project_DataLab_2025\data\odac\pristine_CO2\BAXFIR01\BAXFIR01_w_CO2_1_relaxed.cif,-0.3476669912499517
C:\Users\GED\PycharmProjects\Aixelo_Project_DataLab_2025\data\odac\pristine_CO2\BAXFIR02\BAXFIR02_w_CO2_1_relaxed.cif,-0.3457866887499108
C:\Users\GED\PycharmProjects\Aixelo_Project_DataLab_2025\data\odac\pristine_CO2\BAXFUD\BAXFUD_w_CO2_1_relaxed.cif,-0.49974915599989345
C:\Users\GED\PycharmProjects\Aixelo_Project_DataLab_2025\data\odac\pristine_CO2\BAXGAK\BAXGAK_w_CO2_1_relaxed.cif,-0.35666967500003466
C:\Users\GED\PycharmProjects\Aixelo_Project_DataLab_2025\data\odac\pristine_CO2\BAXSIE\BAXSIE_w_CO2_1_relaxed.cif,-0.5014098499999591
C:\Users\GED\PycharmProjects\Aixelo_Project_DataLab_2025\data\odac\pristine_CO2\BAZFUF\BAZFUF_w_CO2_1_relaxed.cif,-0.3793389450000859
C:\Users\GED\PycharmProjects\Aixelo_Project_DataLab_2025\data\odac\pristine_CO2\BAZFUF01\BAZFUF01_w_CO2_1_relaxed.cif,-0.5327465349997738
C:\Users\GED\PycharmProjects\Aixelo_Project_DataLab_2025\data\odac\pristine_CO2\BAZJET\BAZJET_w_CO2_1_relaxed.cif,0.12131210333313898
C:\Users\GED\PycharmProjects\Aixelo_Project_DataLab_2025\data\odac\pristine_CO2\BAZJIX\BAZJIX_w_CO2_1_relaxed.cif,-0.2683957200001714
C:\Users\GED\PycharmProjects\Aixelo_Project_DataLab_2025\data\odac\pristine_CO2\BEFLUV\BEFLUV_w_CO2_1_relaxed.cif,-0.19856603777769674
C:\Users\GED\PycharmProjects\Aixelo_Project_DataLab_2025\data\odac\pristine_CO2\BEFMAC\BEFMAC_w_CO2_1_relaxed.cif,-0.0844403180000199
C:\Users\GED\PycharmProjects\Aixelo_Project_DataLab_2025\data\odac\pristine_CO2\BEFPAF\BEFPAF_w_CO2_1_relaxed.cif,-0.3529689966667319
C:\Users\GED\PycharmProjects\Aixelo_Project_DataLab_2025\data\odac\pristine_CO2\BEJZAS\BEJZAS_w_CO2_1_relaxed.cif,-0.4813391242857636
C:\Users\GED\PycharmProjects\Aixelo_Project_DataLab_2025\data\odac\pristine_CO2\BEKSAM\BEKSAM_w_CO2_1_relaxed.cif,-0.3979533233333036
C:\Users\GED\PycharmProjects\Aixelo_Project_DataLab_2025\data\odac\pristine_CO2\BEKYOG\BEKYOG_w_CO2_1_relaxed.cif,-0.17740415199998544
C:\Users\GED\PycharmProjects\Aixelo_Project_DataLab_2025\data\odac\pristine_CO2\BELJIL\BELJIL_w_CO2_1_relaxed.cif,-0.28998704199998426
C:\Users\GED\PycharmProjects\Aixelo_Project_DataLab_2025\data\odac\pristine_CO2\BELVEV_charged\BELVEV_charged_w_CO2_1_relaxed.cif,0.625002586666786
C:\Users\GED\PycharmProjects\Aixelo_Project_DataLab_2025\data\odac\pristine_CO2\BENXUP\BENXUP_w_CO2_1_relaxed.cif,-0.4782437242856434
C:\Users\GED\PycharmProjects\Aixelo_Project_DataLab_2025\data\odac\pristine_CO2\BENZOL\BENZOL_w_CO2_1_relaxed.cif,-0.22922990250000905
C:\Users\GED\PycharmProjects\Aixelo_Project_DataLab_2025\data\odac\pristine_CO2\BENZUR\BENZUR_w_CO2_1_relaxed.cif,-0.227550741249928
C:\Users\GED\PycharmProjects\Aixelo_Project_DataLab_2025\data\odac\pristine_CO2\BEPBAB\BEPBAB_w_CO2_1_relaxed.cif,-0.1426973242856125
C:\Users\GED\PycharmProjects\Aixelo_Project_DataLab_2025\data\odac\pristine_CO2\BEPLUF\BEPLUF_w_CO2_1_relaxed.cif,-0.2555623383332393
C:\Users\GED\PycharmProjects\Aixelo_Project_DataLab_2025\data\odac\pristine_CO2\BEPMAM\BEPMAM_w_CO2_1_relaxed.cif,-0.38123067000001354
C:\Users\GED\PycharmProjects\Aixelo_Project_DataLab_2025\data\odac\pristine_CO2\BEPMIU\BEPMIU_w_CO2_1_relaxed.cif,-0.3505401699999311
C:\Users\GED\PycharmProjects\Aixelo_Project_DataLab_2025\data\odac\pristine_CO2\BEPNIV\BEPNIV_w_CO2_1_relaxed.cif,-0.5371467649999602
C:\Users\GED\PycharmProjects\Aixelo_Project_DataLab_2025\data\odac\pristine_CO2\BEPNOB\BEPNOB_w_CO2_1_relaxed.cif,-0.4438767619999453
C:\Users\GED\PycharmProjects\Aixelo_Project_DataLab_2025\data\odac\pristine_CO2\BEPNUH\BEPNUH_w_CO2_1_relaxed.cif,-0.2155862400000217
C:\Users\GED\PycharmProjects\Aixelo_Project_DataLab_2025\data\odac\pristine_CO2\BEPPAP\BEPPAP_w_CO2_1_relaxed.cif,-0.23133251999999513
C:\Users\GED\PycharmProjects\Aixelo_Project_DataLab_2025\data\odac\pristine_CO2\BEPPIX\BEPPIX_w_CO2_1_relaxed.cif,-0.24182953400004403
C:\Users\GED\PycharmProjects\Aixelo_Project_DataLab_2025\data\odac\pristine_CO2\BEPPOD\BEPPOD_w_CO2_1_relaxed.cif,-0.45807202199998753
C:\Users\GED\PycharmProjects\Aixelo_Project_DataLab_2025\data\odac\pristine_CO2\BEPVEZ\BEPVEZ_w_CO2_1_relaxed.cif,-0.1866288466666219
C:\Users\GED\PycharmProjects\Aixelo_Project_DataLab_2025\data\odac\pristine_CO2\BEPVID\BEPVID_w_CO2_1_relaxed.cif,-0.24957059166661108
C:\Users\GED\PycharmProjects\Aixelo_Project_DataLab_2025\data\odac\pristine_CO2\BEPVOJ\BEPVOJ_w_CO2_1_relaxed.cif,-0.27070114666668127
C:\Users\GED\PycharmProjects\Aixelo_Project_DataLab_2025\data\odac\pristine_CO2\BEPVOJ01\BEPVOJ01_w_CO2_1_relaxed.cif,-0.2623510085713698
C:\Users\GED\PycharmProjects\Aixelo_Project_DataLab_2025\data\odac\pristine_CO2\BETDAH\BETDAH_w_CO2_1_relaxed.cif,-0.3551634099999546
C:\Users\GED\PycharmProjects\Aixelo_Project_DataLab_2025\data\odac\pristine_CO2\BETDEL\BETDEL_w_CO2_1_relaxed.cif,-0.3233988049999539
C:\Users\GED\PycharmProjects\Aixelo_Project_DataLab_2025\data\odac\pristine_CO2\BETDIP\BETDIP_w_CO2_1_relaxed.cif,-0.2756851566666682
C:\Users\GED\PycharmProjects\Aixelo_Project_DataLab_2025\data\odac\pristine_CO2\BETDUB\BETDUB_w_CO2_1_relaxed.cif,-0.2766163983332793
C:\Users\GED\PycharmProjects\Aixelo_Project_DataLab_2025\data\odac\pristine_CO2\BETFAJ\BETFAJ_w_CO2_1_relaxed.cif,-0.2540072416666134
C:\Users\GED\PycharmProjects\Aixelo_Project_DataLab_2025\data\odac\pristine_CO2\BETFEN\BETFEN_w_CO2_1_relaxed.cif,-0.19589428166657774
C:\Users\GED\PycharmProjects\Aixelo_Project_DataLab_2025\data\odac\pristine_CO2\BETFUD\BETFUD_w_CO2_1_relaxed.cif,-0.2663895199999128
C:\Users\GED\PycharmProjects\Aixelo_Project_DataLab_2025\data\odac\pristine_CO2\BETGAK\BETGAK_w_CO2_1_relaxed.cif,-0.24584990666664908
C:\Users\GED\PycharmProjects\Aixelo_Project_DataLab_2025\data\odac\pristine_CO2\BETGEO\BETGEO_w_CO2_1_relaxed.cif,-0.26898653428585406
C:\Users\GED\PycharmProjects\Aixelo_Project_DataLab_2025\data\odac\pristine_CO2\BETGIS\BETGIS_w_CO2_1_relaxed.cif,-0.11615883000022871
C:\Users\GED\PycharmProjects\Aixelo_Project_DataLab_2025\data\odac\pristine_CO2\BETGOY\BETGOY_w_CO2_1_relaxed.cif,-0.2473829028570305
C:\Users\GED\PycharmProjects\Aixelo_Project_DataLab_2025\data\odac\pristine_CO2\BETHEP\BETHEP_w_CO2_1_relaxed.cif,0.5893944816665074
C:\Users\GED\PycharmProjects\Aixelo_Project_DataLab_2025\data\odac\pristine_CO2\BEWVOQ\BEWVOQ_w_CO2_1_relaxed.cif,-0.12565502999996164
C:\Users\GED\PycharmProjects\Aixelo_Project_DataLab_2025\data\odac\pristine_CO2\BEWWEH\BEWWEH_w_CO2_random_1_relaxed.cif,-0.03758493500004075
C:\Users\GED\PycharmProjects\Aixelo_Project_DataLab_2025\data\odac\pristine_CO2\BEXQIF\BEXQIF_w_CO2_1_relaxed.cif,-0.5529308520003269
C:\Users\GED\PycharmProjects\Aixelo_Project_DataLab_2025\data\odac\pristine_CO2\BEXQOL\BEXQOL_w_CO2_1_relaxed.cif,-0.15640407800005957
C:\Users\GED\PycharmProjects\Aixelo_Project_DataLab_2025\data\odac\pristine_CO2\BEXQUR\BEXQUR_w_CO2_1_relaxed.cif,-0.036394587999984594
C:\Users\GED\PycharmProjects\Aixelo_Project_DataLab_2025\data\odac\pristine_CO2\BEXRAY\BEXRAY_w_CO2_1_relaxed.cif,-0.2542747400001417
C:\Users\GED\PycharmProjects\Aixelo_Project_DataLab_2025\data\odac\pristine_CO2\BEXREC\BEXREC_w_CO2_1_relaxed.cif,-0.1299077000002853
C:\Users\GED\PycharmProjects\Aixelo_Project_DataLab_2025\data\odac\pristine_CO2\BEXRIG\BEXRIG_w_CO2_1_relaxed.cif,0.642305155999793
C:\Users\GED\PycharmProjects\Aixelo_Project_DataLab_2025\data\odac\pristine_CO2\BEXRUT\BEXRUT_w_CO2_1_relaxed.cif,0.007443034285773001
C:\Users\GED\PycharmProjects\Aixelo_Project_DataLab_2025\data\odac\pristine_CO2\BEXSAA\BEXSAA_w_CO2_1_relaxed.cif,-0.4005761271428452
C:\Users\GED\PycharmProjects\Aixelo_Project_DataLab_2025\data\odac\pristine_CO2\BEXSEE\BEXSEE_w_CO2_2_relaxed.cif,-0.3467789433333337
C:\Users\GED\PycharmProjects\Aixelo_Project_DataLab_2025\data\odac\pristine_CO2\BEXSII\BEXSII_w_CO2_1_relaxed.cif,-0.4660709249998642
C:\Users\GED\PycharmProjects\Aixelo_Project_DataLab_2025\data\odac\pristine_CO2\BEYKEX\BEYKEX_w_CO2_random_1_relaxed.cif,-0.19453861000022238
C:\Users\GED\PycharmProjects\Aixelo_Project_DataLab_2025\data\odac\pristine_CO2\BEYSEF\BEYSEF_w_CO2_1_relaxed.cif,-0.29897057000008925
C:\Users\GED\PycharmProjects\Aixelo_Project_DataLab_2025\data\odac\pristine_CO2\BIBBUL\BIBBUL_w_CO2_1_relaxed.cif,-0.17477833428564993
C:\Users\GED\PycharmProjects\Aixelo_Project_DataLab_2025\data\odac\pristine_CO2\BIBXOB\BIBXOB_w_CO2_1_relaxed.cif,-0.19248040249988205
C:\Users\GED\PycharmProjects\Aixelo_Project_DataLab_2025\data\odac\pristine_CO2\BIBXUH\BIBXUH_w_CO2_1_relaxed.cif,-0.2318226980000418
C:\Users\GED\PycharmProjects\Aixelo_Project_DataLab_2025\data\odac\pristine_CO2\BICDAU\BICDAU_w_CO2_1_relaxed.cif,-0.2016055940001479
C:\Users\GED\PycharmProjects\Aixelo_Project_DataLab_2025\data\odac\pristine_CO2\BICPOT\BICPOT_w_CO2_1_relaxed.cif,-0.47163190181810355
C:\Users\GED\PycharmProjects\Aixelo_Project_DataLab_2025\data\odac\pristine_CO2\BIFKEI\BIFKEI_w_CO2_1_relaxed.cif,-0.4245236942856699
C:\Users\GED\PycharmProjects\Aixelo_Project_DataLab_2025\data\odac\pristine_CO2\BIMDEF\BIMDEF_w_CO2_1_relaxed.cif,-0.1846652350000018
C:\Users\GED\PycharmProjects\Aixelo_Project_DataLab_2025\data\odac\pristine_CO2\BIMDIL\BIMDIL_w_CO2_1_relaxed.cif,-0.42036708500002834
C:\Users\GED\PycharmProjects\Aixelo_Project_DataLab_2025\data\odac\pristine_CO2\BIQHEQ\BIQHEQ_w_CO2_1_relaxed.cif,0.4471538628568591
C:\Users\GED\PycharmProjects\Aixelo_Project_DataLab_2025\data\odac\pristine_CO2\BIQVII\BIQVII_w_CO2_1_relaxed.cif,0.0373263799999027
C:\Users\GED\PycharmProjects\Aixelo_Project_DataLab_2025\data\odac\pristine_CO2\BIRMUM\BIRMUM_w_CO2_1_relaxed.cif,-0.3980496157141066
C:\Users\GED\PycharmProjects\Aixelo_Project_DataLab_2025\data\odac\pristine_CO2\BIRSEC\BIRSEC_w_CO2_1_relaxed.cif,-0.34923927500009694
C:\Users\GED\PycharmProjects\Aixelo_Project_DataLab_2025\data\odac\pristine_CO2\BIRSIG\BIRSIG_w_CO2_1_relaxed.cif,-0.12055952833346358
C:\Users\GED\PycharmProjects\Aixelo_Project_DataLab_2025\data\odac\pristine_CO2\BIWYAH10\BIWYAH10_w_CO2_1_relaxed.cif,-0.22347631249996874
C:\Users\GED\PycharmProjects\Aixelo_Project_DataLab_2025\data\odac\pristine_CO2\BIXXIR\BIXXIR_w_CO2_1_relaxed.cif,-0.19043574000003596
C:\Users\GED\PycharmProjects\Aixelo_Project_DataLab_2025\data\odac\pristine_CO2\BIYSUZ\BIYSUZ_w_CO2_1_relaxed.cif,-0.22804324833339248
C:\Users\GED\PycharmProjects\Aixelo_Project_DataLab_2025\data\odac\pristine_CO2\BIYTOU\BIYTOU_w_CO2_1_relaxed.cif,-0.26277527750005447
C:\Users\GED\PycharmProjects\Aixelo_Project_DataLab_2025\data\odac\pristine_CO2\BOCKOT\BOCKOT_w_CO2_1_relaxed.cif,-0.4738842149999698
C:\Users\GED\PycharmProjects\Aixelo_Project_DataLab_2025\data\odac\pristine_CO2\BOHJOZ_auto\BOHJOZ_auto_w_CO2_1_relaxed.cif,-0.18499359833337314
C:\Users\GED\PycharmProjects\Aixelo_Project_DataLab_2025\data\odac\pristine_CO2\BOJCIN\BOJCIN_w_CO2_1_relaxed.cif,-0.09579183666672479
C:\Users\GED\PycharmProjects\Aixelo_Project_DataLab_2025\data\odac\pristine_CO2\BOKQEZ\BOKQEZ_w_CO2_2_relaxed.cif,-0.19307678400036818
C:\Users\GED\PycharmProjects\Aixelo_Project_DataLab_2025\data\odac\pristine_CO2\BOMCOX\BOMCOX_w_CO2_1_relaxed.cif,0.0015222242860935434
C:\Users\GED\PycharmProjects\Aixelo_Project_DataLab_2025\data\odac\pristine_CO2\BOPHEV\BOPHEV_w_CO2_1_relaxed.cif,-0.1399832771428464
C:\Users\GED\PycharmProjects\Aixelo_Project_DataLab_2025\data\odac\pristine_CO2\BOPHIZ\BOPHIZ_w_CO2_1_relaxed.cif,-0.5228034175000005
C:\Users\GED\PycharmProjects\Aixelo_Project_DataLab_2025\data\odac\pristine_CO2\BORBEQ\BORBEQ_w_CO2_1_relaxed.cif,-0.22518849285721182
C:\Users\GED\PycharmProjects\Aixelo_Project_DataLab_2025\data\odac\pristine_CO2\BOVHEB\BOVHEB_w_CO2_1_relaxed.cif,-0.41174246250002966
C:\Users\GED\PycharmProjects\Aixelo_Project_DataLab_2025\data\odac\pristine_CO2\BOWNUY\BOWNUY_w_CO2_1_relaxed.cif,-0.3901702916667394
C:\Users\GED\PycharmProjects\Aixelo_Project_DataLab_2025\data\odac\pristine_CO2\BOWRAH\BOWRAH_w_CO2_1_relaxed.cif,-0.424934901250019
C:\Users\GED\PycharmProjects\Aixelo_Project_DataLab_2025\data\odac\pristine_CO2\BOWZUK\BOWZUK_w_CO2_1_relaxed.cif,-0.18612887500012218
C:\Users\GED\PycharmProjects\Aixelo_Project_DataLab_2025\data\odac\pristine_CO2\BOXYIY\BOXYIY_w_CO2_1_relaxed.cif,0.07688309999994654
C:\Users\GED\PycharmProjects\Aixelo_Project_DataLab_2025\data\odac\pristine_CO2\BOYTEQ\BOYTEQ_w_CO2_1_relaxed.cif,-0.23257058000006375
C:\Users\GED\PycharmProjects\Aixelo_Project_DataLab_2025\data\odac\pristine_CO2\BOZFIH\BOZFIH_w_CO2_1_relaxed.cif,0.5816632316670317
C:\Users\GED\PycharmProjects\Aixelo_Project_DataLab_2025\data\odac\pristine_CO2\BUCSEY\BUCSEY_w_CO2_1_relaxed.cif,-0.47396575428599264
C:\Users\GED\PycharmProjects\Aixelo_Project_DataLab_2025\data\odac\pristine_CO2\BUCWAZ\BUCWAZ_w_CO2_1_relaxed.cif,-0.24889054142857145
C:\Users\GED\PycharmProjects\Aixelo_Project_DataLab_2025\data\odac\pristine_CO2\BUGSAY\BUGSAY_w_CO2_1_relaxed.cif,-0.3309545049999845
C:\Users\GED\PycharmProjects\Aixelo_Project_DataLab_2025\data\odac\pristine_CO2\BUGSEC\BUGSEC_w_CO2_4_relaxed.cif,-0.13541792999996
C:\Users\GED\PycharmProjects\Aixelo_Project_DataLab_2025\data\odac\pristine_CO2\BUGSIG\BUGSIG_w_CO2_1_relaxed.cif,-0.1263118599999302
C:\Users\GED\PycharmProjects\Aixelo_Project_DataLab_2025\data\odac\pristine_CO2\BUGSOM\BUGSOM_w_CO2_1_relaxed.cif,-0.45602808833325525
C:\Users\GED\PycharmProjects\Aixelo_Project_DataLab_2025\data\odac\pristine_CO2\BUKMUQ\BUKMUQ_w_CO2_1_relaxed.cif,-0.28386206250003454
C:\Users\GED\PycharmProjects\Aixelo_Project_DataLab_2025\data\odac\pristine_CO2\BUKMUQ01\BUKMUQ01_w_CO2_1_relaxed.cif,-0.27778223500000365
C:\Users\GED\PycharmProjects\Aixelo_Project_DataLab_2025\data\odac\pristine_CO2\BUKRUW01\BUKRUW01_w_CO2_1_relaxed.cif,0.43319645999997647
C:\Users\GED\PycharmProjects\Aixelo_Project_DataLab_2025\data\odac\pristine_CO2\BUKRUW03\BUKRUW03_w_CO2_1_relaxed.cif,1.357073433999949
C:\Users\GED\PycharmProjects\Aixelo_Project_DataLab_2025\data\odac\pristine_CO2\BUKYAJ\BUKYAJ_w_CO2_1_relaxed.cif,-0.29311193166665817
C:\Users\GED\PycharmProjects\Aixelo_Project_DataLab_2025\data\odac\pristine_CO2\BUPVEP\BUPVEP_w_CO2_1_relaxed.cif,-0.1966391820000808
C:\Users\GED\PycharmProjects\Aixelo_Project_DataLab_2025\data\odac\pristine_CO2\BUQWER\BUQWER_w_CO2_1_relaxed.cif,0.1993891475000282
C:\Users\GED\PycharmProjects\Aixelo_Project_DataLab_2025\data\odac\pristine_CO2\BURQIQ\BURQIQ_w_CO2_1_relaxed.cif,-0.28374486714249414
C:\Users\GED\PycharmProjects\Aixelo_Project_DataLab_2025\data\odac\pristine_CO2\BUSGOM\BUSGOM_w_CO2_1_relaxed.cif,1.359401252500021
C:\Users\GED\PycharmProjects\Aixelo_Project_DataLab_2025\data\odac\pristine_CO2\BUSNAF\BUSNAF_w_CO2_random_1_relaxed.cif,-0.1797901200002343
C:\Users\GED\PycharmProjects\Aixelo_Project_DataLab_2025\data\odac\pristine_CO2\BUSQEM\BUSQEM_w_CO2_1_relaxed.cif,-0.07062182500001765
C:\Users\GED\PycharmProjects\Aixelo_Project_DataLab_2025\data\odac\pristine_CO2\BUSQIQ\BUSQIQ_w_CO2_1_relaxed.cif,-0.462646218750038
C:\Users\GED\PycharmProjects\Aixelo_Project_DataLab_2025\data\odac\pristine_CO2\BUSRUE\BUSRUE_w_CO2_1_relaxed.cif,-0.0675192562498523
C:\Users\GED\PycharmProjects\Aixelo_Project_DataLab_2025\data\odac\pristine_CO2\BUVHEH\BUVHEH_w_CO2_1_relaxed.cif,-0.40201232750006
C:\Users\GED\PycharmProjects\Aixelo_Project_DataLab_2025\data\odac\pristine_CO2\BUVWOF02\BUVWOF02_w_CO2_1_relaxed.cif,-0.13630408800013352
C:\Users\GED\PycharmProjects\Aixelo_Project_DataLab_2025\data\odac\pristine_CO2\BUVWOF03\BUVWOF03_w_CO2_1_relaxed.cif,-0.04381807499968695
C:\Users\GED\PycharmProjects\Aixelo_Project_DataLab_2025\data\odac\pristine_CO2\BUVXOG\BUVXOG_w_CO2_1_relaxed.cif,-0.20572606600021573
C:\Users\GED\PycharmProjects\Aixelo_Project_DataLab_2025\data\odac\pristine_CO2\BUVYEX\BUVYEX_w_CO2_1_relaxed.cif,-0.20745930666657839
C:\Users\GED\PycharmProjects\Aixelo_Project_DataLab_2025\data\odac\pristine_CO2\BUVYIB\BUVYIB_w_CO2_1_relaxed.cif,-0.21703287833338433
C:\Users\GED\PycharmProjects\Aixelo_Project_DataLab_2025\data\odac\pristine_CO2\BUVYIB01\BUVYIB01_w_CO2_1_relaxed.cif,-0.18950238500015829
C:\Users\GED\PycharmProjects\Aixelo_Project_DataLab_2025\data\odac\pristine_CO2\BUWMEN\BUWMEN_w_CO2_random_1_relaxed.cif,-0.6626983150002843
C:\Users\GED\PycharmProjects\Aixelo_Project_DataLab_2025\data\odac\pristine_CO2\BUWMIR\BUWMIR_w_CO2_random_1_relaxed.cif,-0.10709389500004815
C:\Users\GED\PycharmProjects\Aixelo_Project_DataLab_2025\data\odac\pristine_CO2\BUYNAL_charged\BUYNAL_charged_w_CO2_1_relaxed.cif,0.26264447666680246
C:\Users\GED\PycharmProjects\Aixelo_Project_DataLab_2025\data\odac\pristine_CO2\CACBUG\CACBUG_w_CO2_1_relaxed.cif,-0.4232675485714107
C:\Users\GED\PycharmProjects\Aixelo_Project_DataLab_2025\data\odac\pristine_CO2\CADPII\CADPII_w_CO2_1_relaxed.cif,-0.23295650166666818
C:\Users\GED\PycharmProjects\Aixelo_Project_DataLab_2025\data\odac\pristine_CO2\CADQAB\CADQAB_w_CO2_1_relaxed.cif,-0.09922324833339259
C:\Users\GED\PycharmProjects\Aixelo_Project_DataLab_2025\data\odac\pristine_CO2\CADQOP\CADQOP_w_CO2_1_relaxed.cif,-0.23214112333333026
C:\Users\GED\PycharmProjects\Aixelo_Project_DataLab_2025\data\odac\pristine_CO2\CADZIT\CADZIT_w_CO2_1_relaxed.cif,-0.7136914085715489
C:\Users\GED\PycharmProjects\Aixelo_Project_DataLab_2025\data\odac\pristine_CO2\CAGSAG\CAGSAG_w_CO2_1_relaxed.cif,-0.3640580371429678
C:\Users\GED\PycharmProjects\Aixelo_Project_DataLab_2025\data\odac\pristine_CO2\CAGXIU\CAGXIU_w_CO2_1_relaxed.cif,-0.42967541571424916
C:\Users\GED\PycharmProjects\Aixelo_Project_DataLab_2025\data\odac\pristine_CO2\CAHVAJ\CAHVAJ_w_CO2_1_relaxed.cif,-0.47675403222227586
C:\Users\GED\PycharmProjects\Aixelo_Project_DataLab_2025\data\odac\pristine_CO2\CAJQEL\CAJQEL_w_CO2_1_relaxed.cif,-0.25936287999987445
C:\Users\GED\PycharmProjects\Aixelo_Project_DataLab_2025\data\odac\pristine_CO2\CAJQIP\CAJQIP_w_CO2_1_relaxed.cif,-0.13081003999987686
C:\Users\GED\PycharmProjects\Aixelo_Project_DataLab_2025\data\odac\pristine_CO2\CAMROA\CAMROA_w_CO2_1_relaxed.cif,-0.2583416000000267
C:\Users\GED\PycharmProjects\Aixelo_Project_DataLab_2025\data\odac\pristine_CO2\CANRIU\CANRIU_w_CO2_1_relaxed.cif,-0.2457249642856952
C:\Users\GED\PycharmProjects\Aixelo_Project_DataLab_2025\data\odac\pristine_CO2\CANRUG\CANRUG_w_CO2_1_relaxed.cif,-0.3085566028571845
C:\Users\GED\PycharmProjects\Aixelo_Project_DataLab_2025\data\odac\pristine_CO2\CAPLOX\CAPLOX_w_CO2_1_relaxed.cif,0.6031071416666786
C:\Users\GED\PycharmProjects\Aixelo_Project_DataLab_2025\data\odac\pristine_CO2\CAVNOE\CAVNOE_w_CO2_1_relaxed.cif,-0.010402245000136654
C:\Users\GED\PycharmProjects\Aixelo_Project_DataLab_2025\data\odac\pristine_CO2\CAVRAU\CAVRAU_w_CO2_1_relaxed.cif,-0.34659498571422126
C:\Users\GED\PycharmProjects\Aixelo_Project_DataLab_2025\data\odac\pristine_CO2\CAVREY\CAVREY_w_CO2_1_relaxed.cif,0.5047484271429832
C:\Users\GED\PycharmProjects\Aixelo_Project_DataLab_2025\data\odac\pristine_CO2\CAVSUP\CAVSUP_w_CO2_1_relaxed.cif,-0.48800752250009083
C:\Users\GED\PycharmProjects\Aixelo_Project_DataLab_2025\data\odac\pristine_CO2\CAVVUS\CAVVUS_w_CO2_1_relaxed.cif,-0.3131423233332384
C:\Users\GED\PycharmProjects\Aixelo_Project_DataLab_2025\data\odac\pristine_CO2\CAWDOU02\CAWDOU02_w_CO2_1_relaxed.cif,-0.4610273728571233
C:\Users\GED\PycharmProjects\Aixelo_Project_DataLab_2025\data\odac\pristine_CO2\CAWDOU_charged\CAWDOU_charged_w_CO2_1_relaxed.cif,0.4485328233332287
C:\Users\GED\PycharmProjects\Aixelo_Project_DataLab_2025\data\odac\pristine_CO2\CAWVIH_SL\CAWVIH_SL_w_CO2_1_relaxed.cif,-0.31877056000010784
C:\Users\GED\PycharmProjects\Aixelo_Project_DataLab_2025\data\odac\pristine_CO2\CAXSUR_SL\CAXSUR_SL_w_CO2_1_relaxed.cif,-0.1796652720002839
C:\Users\GED\PycharmProjects\Aixelo_Project_DataLab_2025\data\odac\pristine_CO2\CAXVII\CAXVII_w_CO2_1_relaxed.cif,-0.17521069200000733
C:\Users\GED\PycharmProjects\Aixelo_Project_DataLab_2025\data\odac\pristine_CO2\CAXVOO\CAXVOO_w_CO2_1_relaxed.cif,-0.5565786020000019
C:\Users\GED\PycharmProjects\Aixelo_Project_DataLab_2025\data\odac\pristine_CO2\CAXVUU\CAXVUU_w_CO2_1_relaxed.cif,-0.19234534400004574
C:\Users\GED\PycharmProjects\Aixelo_Project_DataLab_2025\data\odac\pristine_CO2\CAXWAB\CAXWAB_w_CO2_1_relaxed.cif,-0.5937157560000059
C:\Users\GED\PycharmProjects\Aixelo_Project_DataLab_2025\data\odac\pristine_CO2\CAXWEF\CAXWEF_w_CO2_1_relaxed.cif,-0.22881148200004872
C:\Users\GED\PycharmProjects\Aixelo_Project_DataLab_2025\data\odac\pristine_CO2\CAXWIJ\CAXWIJ_w_CO2_1_relaxed.cif,-0.1850832860000082
C:\Users\GED\PycharmProjects\Aixelo_Project_DataLab_2025\data\odac\pristine_CO2\CAYDEN\CAYDEN_w_CO2_1_relaxed.cif,-0.5058532239999977
C:\Users\GED\PycharmProjects\Aixelo_Project_DataLab_2025\data\odac\pristine_CO2\CAYDUD\CAYDUD_w_CO2_1_relaxed.cif,-0.20691799400001396
C:\Users\GED\PycharmProjects\Aixelo_Project_DataLab_2025\data\odac\pristine_CO2\CAYMIZ\CAYMIZ_w_CO2_1_relaxed.cif,-0.20894239571436754
C:\Users\GED\PycharmProjects\Aixelo_Project_DataLab_2025\data\odac\pristine_CO2\CAYQAV\CAYQAV_w_CO2_random_1_relaxed.cif,0.6190297200000714
C:\Users\GED\PycharmProjects\Aixelo_Project_DataLab_2025\data\odac\pristine_CO2\CAYSIE\CAYSIE_w_CO2_2_relaxed.cif,-0.3809644199998274
C:\Users\GED\PycharmProjects\Aixelo_Project_DataLab_2025\data\odac\pristine_CO2\CAYSOK\CAYSOK_w_CO2_1_relaxed.cif,-0.3639918000001216
C:\Users\GED\PycharmProjects\Aixelo_Project_DataLab_2025\data\odac\pristine_CO2\CAYYEG\CAYYEG_w_CO2_1_relaxed.cif,-0.12129350200007138
C:\Users\GED\PycharmProjects\Aixelo_Project_DataLab_2025\data\odac\pristine_CO2\CEBDOD\CEBDOD_w_CO2_1_relaxed.cif,-0.3541121949999611
C:\Users\GED\PycharmProjects\Aixelo_Project_DataLab_2025\data\odac\pristine_CO2\CEDFIC\CEDFIC_w_CO2_random_1_relaxed.cif,-0.17847219499992656
C:\Users\GED\PycharmProjects\Aixelo_Project_DataLab_2025\data\odac\pristine_CO2\CEGFAW\CEGFAW_w_CO2_1_relaxed.cif,-0.0770910214285517
C:\Users\GED\PycharmProjects\Aixelo_Project_DataLab_2025\data\odac\pristine_CO2\CEGWER\CEGWER_w_CO2_1_relaxed.cif,-0.5322618200000144
C:\Users\GED\PycharmProjects\Aixelo_Project_DataLab_2025\data\odac\pristine_CO2\CEJCAW\CEJCAW_w_CO2_1_relaxed.cif,-0.41377550428574394
C:\Users\GED\PycharmProjects\Aixelo_Project_DataLab_2025\data\odac\pristine_CO2\CELZEA\CELZEA_w_CO2_1_relaxed.cif,-0.2631796725000157
C:\Users\GED\PycharmProjects\Aixelo_Project_DataLab_2025\data\odac\pristine_CO2\CENJIQ\CENJIQ_w_CO2_1_relaxed.cif,0.36981059799986726
C:\Users\GED\PycharmProjects\Aixelo_Project_DataLab_2025\data\odac\pristine_CO2\CENKAJ\CENKAJ_w_CO2_1_relaxed.cif,0.26088404999995873
C:\Users\GED\PycharmProjects\Aixelo_Project_DataLab_2025\data\odac\pristine_CO2\CENPUI\CENPUI_w_CO2_1_relaxed.cif,-0.23158717500007237
C:\Users\GED\PycharmProjects\Aixelo_Project_DataLab_2025\data\odac\pristine_CO2\CEQBUV_charged\CEQBUV_charged_w_CO2_1_relaxed.cif,-0.1026415739999265
C:\Users\GED\PycharmProjects\Aixelo_Project_DataLab_2025\data\odac\pristine_CO2\CETFOX\CETFOX_w_CO2_1_relaxed.cif,-0.060939951666625754
C:\Users\GED\PycharmProjects\Aixelo_Project_DataLab_2025\data\odac\pristine_CO2\CETFUD\CETFUD_w_CO2_1_relaxed.cif,-0.34350164571433034
C:\Users\GED\PycharmProjects\Aixelo_Project_DataLab_2025\data\odac\pristine_CO2\CETHEQ\CETHEQ_w_CO2_1_relaxed.cif,-0.2588771760000099
C:\Users\GED\PycharmProjects\Aixelo_Project_DataLab_2025\data\odac\pristine_CO2\CETNUL\CETNUL_w_CO2_1_relaxed.cif,-0.533669114285593
C:\Users\GED\PycharmProjects\Aixelo_Project_DataLab_2025\data\odac\pristine_CO2\CEYPUT\CEYPUT_w_CO2_1_relaxed.cif,-0.2965158899999665
C:\Users\GED\PycharmProjects\Aixelo_Project_DataLab_2025\data\odac\pristine_CO2\CEYPUT01\CEYPUT01_w_CO2_4_relaxed.cif,-0.26657583500004023
C:\Users\GED\PycharmProjects\Aixelo_Project_DataLab_2025\data\odac\pristine_CO2\CIDKUX\CIDKUX_w_CO2_1_relaxed.cif,0.7885941262499614
C:\Users\GED\PycharmProjects\Aixelo_Project_DataLab_2025\data\odac\pristine_CO2\CIFDOM\CIFDOM_w_CO2_1_relaxed.cif,-0.4224273385713267
C:\Users\GED\PycharmProjects\Aixelo_Project_DataLab_2025\data\odac\pristine_CO2\CIFDUS\CIFDUS_w_CO2_1_relaxed.cif,-0.19841024857139794
C:\Users\GED\PycharmProjects\Aixelo_Project_DataLab_2025\data\odac\pristine_CO2\CIFJAE\CIFJAE_w_CO2_1_relaxed.cif,-0.41199143285717
C:\Users\GED\PycharmProjects\Aixelo_Project_DataLab_2025\data\odac\pristine_CO2\CIFMEL\CIFMEL_w_CO2_1_relaxed.cif,-0.23053949666662743
C:\Users\GED\PycharmProjects\Aixelo_Project_DataLab_2025\data\odac\pristine_CO2\CIFMIP\CIFMIP_w_CO2_1_relaxed.cif,-0.21565850999995742
C:\Users\GED\PycharmProjects\Aixelo_Project_DataLab_2025\data\odac\pristine_CO2\CIGFEF\CIGFEF_w_CO2_1_relaxed.cif,-0.33335294571418217
C:\Users\GED\PycharmProjects\Aixelo_Project_DataLab_2025\data\odac\pristine_CO2\CIJVOH01\CIJVOH01_w_CO2_random_1_relaxed.cif,1.1063232899999775
C:\Users\GED\PycharmProjects\Aixelo_Project_DataLab_2025\data\odac\pristine_CO2\CILFIN\CILFIN_w_CO2_1_relaxed.cif,-0.14931977800001728
C:\Users\GED\PycharmProjects\Aixelo_Project_DataLab_2025\data\odac\pristine_CO2\CIPCUB\CIPCUB_w_CO2_1_relaxed.cif,-0.3809819371429382
C:\Users\GED\PycharmProjects\Aixelo_Project_DataLab_2025\data\odac\pristine_CO2\CISLUN\CISLUN_w_CO2_1_relaxed.cif,-0.16637759999994156
C:\Users\GED\PycharmProjects\Aixelo_Project_DataLab_2025\data\odac\pristine_CO2\CITZIP_manual\CITZIP_manual_w_CO2_1_relaxed.cif,-0.20422828499990442
C:\Users\GED\PycharmProjects\Aixelo_Project_DataLab_2025\data\odac\pristine_CO2\CIVTEH\CIVTEH_w_CO2_1_relaxed.cif,-0.26358896428590534
C:\Users\GED\PycharmProjects\Aixelo_Project_DataLab_2025\data\odac\pristine_CO2\CIWYUD\CIWYUD_w_CO2_1_relaxed.cif,0.0034389150000985504
C:\Users\GED\PycharmProjects\Aixelo_Project_DataLab_2025\data\odac\pristine_CO2\CIXCOC\CIXCOC_w_CO2_random_1_relaxed.cif,-0.32245857999993177
C:\Users\GED\PycharmProjects\Aixelo_Project_DataLab_2025\data\odac\pristine_CO2\CIYZUG\CIYZUG_w_CO2_1_relaxed.cif,0.08840002000004002
C:\Users\GED\PycharmProjects\Aixelo_Project_DataLab_2025\data\odac\pristine_CO2\COBWEV\COBWEV_w_CO2_1_relaxed.cif,-0.5139506566667933
C:\Users\GED\PycharmProjects\Aixelo_Project_DataLab_2025\data\odac\pristine_CO2\COCMAJ\COCMAJ_w_CO2_1_relaxed.cif,-0.3303739700000733
C:\Users\GED\PycharmProjects\Aixelo_Project_DataLab_2025\data\odac\pristine_CO2\COCMOY\COCMOY_w_CO2_1_relaxed.cif,-0.3446077100002185
C:\Users\GED\PycharmProjects\Aixelo_Project_DataLab_2025\data\odac\pristine_CO2\CODFEH\CODFEH_w_CO2_1_relaxed.cif,-0.1153315299999917
C:\Users\GED\PycharmProjects\Aixelo_Project_DataLab_2025\data\odac\pristine_CO2\CODFUX\CODFUX_w_CO2_1_relaxed.cif,-0.2779395516666151
C:\Users\GED\PycharmProjects\Aixelo_Project_DataLab_2025\data\odac\pristine_CO2\CODMUF\CODMUF_w_CO2_1_relaxed.cif,-0.11088051000001539
C:\Users\GED\PycharmProjects\Aixelo_Project_DataLab_2025\data\odac\pristine_CO2\CODNAM\CODNAM_w_CO2_1_relaxed.cif,-0.3561434742856752
C:\Users\GED\PycharmProjects\Aixelo_Project_DataLab_2025\data\odac\pristine_CO2\CODROD\CODROD_w_CO2_1_relaxed.cif,-0.5637127585714714
C:\Users\GED\PycharmProjects\Aixelo_Project_DataLab_2025\data\odac\pristine_CO2\CODRUJ\CODRUJ_w_CO2_1_relaxed.cif,-0.3585464000000229
C:\Users\GED\PycharmProjects\Aixelo_Project_DataLab_2025\data\odac\pristine_CO2\COJGEO\COJGEO_w_CO2_1_relaxed.cif,-0.4566835216664913
C:\Users\GED\PycharmProjects\Aixelo_Project_DataLab_2025\data\odac\pristine_CO2\COJHIT\COJHIT_w_CO2_1_relaxed.cif,-0.21237062399991374
C:\Users\GED\PycharmProjects\Aixelo_Project_DataLab_2025\data\odac\pristine_CO2\COKFAK\COKFAK_w_CO2_1_relaxed.cif,0.18317865666669295
C:\Users\GED\PycharmProjects\Aixelo_Project_DataLab_2025\data\odac\pristine_CO2\COKMEW\COKMEW_w_CO2_1_relaxed.cif,-0.16492448199983298
C:\Users\GED\PycharmProjects\Aixelo_Project_DataLab_2025\data\odac\pristine_CO2\COKMIA\COKMIA_w_CO2_1_relaxed.cif,-0.30359038600008714
C:\Users\GED\PycharmProjects\Aixelo_Project_DataLab_2025\data\odac\pristine_CO2\COKMOG\COKMOG_w_CO2_1_relaxed.cif,-0.05444678000012575
C:\Users\GED\PycharmProjects\Aixelo_Project_DataLab_2025\data\odac\pristine_CO2\COKMUM\COKMUM_w_CO2_1_relaxed.cif,-0.2857272820000162
C:\Users\GED\PycharmProjects\Aixelo_Project_DataLab_2025\data\odac\pristine_CO2\COKNAT\COKNAT_w_CO2_1_relaxed.cif,-0.3815822080001908
C:\Users\GED\PycharmProjects\Aixelo_Project_DataLab_2025\data\odac\pristine_CO2\COKPEZ\COKPEZ_w_CO2_1_relaxed.cif,-0.45766303800010066
C:\Users\GED\PycharmProjects\Aixelo_Project_DataLab_2025\data\odac\pristine_CO2\COKPID\COKPID_w_CO2_1_relaxed.cif,-0.2703247079999073
C:\Users\GED\PycharmProjects\Aixelo_Project_DataLab_2025\data\odac\pristine_CO2\COKPOJ\COKPOJ_w_CO2_1_relaxed.cif,-0.29606921200033864
C:\Users\GED\PycharmProjects\Aixelo_Project_DataLab_2025\data\odac\pristine_CO2\COKPUP\COKPUP_w_CO2_1_relaxed.cif,-0.34835373199994135
C:\Users\GED\PycharmProjects\Aixelo_Project_DataLab_2025\data\odac\pristine_CO2\COKQAW\COKQAW_w_CO2_1_relaxed.cif,-0.2454158060001646
C:\Users\GED\PycharmProjects\Aixelo_Project_DataLab_2025\data\odac\pristine_CO2\COKQEA\COKQEA_w_CO2_1_relaxed.cif,-0.27950780999999547
C:\Users\GED\PycharmProjects\Aixelo_Project_DataLab_2025\data\odac\pristine_CO2\COKQIE\COKQIE_w_CO2_1_relaxed.cif,-0.23428295799994886
C:\Users\GED\PycharmProjects\Aixelo_Project_DataLab_2025\data\odac\pristine_CO2\COKQOK\COKQOK_w_CO2_1_relaxed.cif,-0.40333320200002165
C:\Users\GED\PycharmProjects\Aixelo_Project_DataLab_2025\data\odac\pristine_CO2\COMDOY\COMDOY_w_CO2_1_relaxed.cif,-0.05622021000005856
C:\Users\GED\PycharmProjects\Aixelo_Project_DataLab_2025\data\odac\pristine_CO2\COQGAS\COQGAS_w_CO2_1_relaxed.cif,-0.34830063199988215
C:\Users\GED\PycharmProjects\Aixelo_Project_DataLab_2025\data\odac\pristine_CO2\COQHUN\COQHUN_w_CO2_random_1_relaxed.cif,-0.228092370000013
C:\Users\GED\PycharmProjects\Aixelo_Project_DataLab_2025\data\odac\pristine_CO2\COQNIF\COQNIF_w_CO2_1_relaxed.cif,-0.19642249749998794
C:\Users\GED\PycharmProjects\Aixelo_Project_DataLab_2025\data\odac\pristine_CO2\COQTEJ\COQTEJ_w_CO2_1_relaxed.cif,-0.3508843399999932
C:\Users\GED\PycharmProjects\Aixelo_Project_DataLab_2025\data\odac\pristine_CO2\COTXEQ\COTXEQ_w_CO2_1_relaxed.cif,-0.15762841000040287
C:\Users\GED\PycharmProjects\Aixelo_Project_DataLab_2025\data\odac\pristine_CO2\COTXIU\COTXIU_w_CO2_1_relaxed.cif,-0.10898678285684578
C:\Users\GED\PycharmProjects\Aixelo_Project_DataLab_2025\data\odac\pristine_CO2\COTXOA\COTXOA_w_CO2_1_relaxed.cif,-0.20534621714263523
C:\Users\GED\PycharmProjects\Aixelo_Project_DataLab_2025\data\odac\pristine_CO2\COWBEX\COWBEX_w_CO2_1_relaxed.cif,-0.15996214166663467
C:\Users\GED\PycharmProjects\Aixelo_Project_DataLab_2025\data\odac\pristine_CO2\COWMAD\COWMAD_w_CO2_1_relaxed.cif,-0.1283165679999229
C:\Users\GED\PycharmProjects\Aixelo_Project_DataLab_2025\data\odac\pristine_CO2\COWMEH\COWMEH_w_CO2_1_relaxed.cif,0.02940051200014292
C:\Users\GED\PycharmProjects\Aixelo_Project_DataLab_2025\data\odac\pristine_CO2\COWMIL\COWMIL_w_CO2_1_relaxed.cif,-0.06758254599994873
C:\Users\GED\PycharmProjects\Aixelo_Project_DataLab_2025\data\odac\pristine_CO2\COWMUX\COWMUX_w_CO2_1_relaxed.cif,-0.2507143019999375
C:\Users\GED\PycharmProjects\Aixelo_Project_DataLab_2025\data\odac\pristine_CO2\COXDIE\COXDIE_w_CO2_1_relaxed.cif,-0.0647680428570051
C:\Users\GED\PycharmProjects\Aixelo_Project_DataLab_2025\data\odac\pristine_CO2\COXHED\COXHED_w_CO2_1_relaxed.cif,0.7157945433333452
C:\Users\GED\PycharmProjects\Aixelo_Project_DataLab_2025\data\odac\pristine_CO2\COXHIH\COXHIH_w_CO2_1_relaxed.cif,-0.10892011666669527
C:\Users\GED\PycharmProjects\Aixelo_Project_DataLab_2025\data\odac\pristine_CO2\COXHON\COXHON_w_CO2_1_relaxed.cif,-0.06106193499988425
C:\Users\GED\PycharmProjects\Aixelo_Project_DataLab_2025\data\odac\pristine_CO2\COXXIX\COXXIX_w_CO2_1_relaxed.cif,-0.3543306533332687
C:\Users\GED\PycharmProjects\Aixelo_Project_DataLab_2025\data\odac\pristine_CO2\COYCEZ\COYCEZ_w_CO2_1_relaxed.cif,-0.2894136366667226
C:\Users\GED\PycharmProjects\Aixelo_Project_DataLab_2025\data\odac\pristine_CO2\COYCID\COYCID_w_CO2_1_relaxed.cif,-0.19639646333344743
C:\Users\GED\PycharmProjects\Aixelo_Project_DataLab_2025\data\odac\pristine_CO2\COYTEQ\COYTEQ_w_CO2_1_relaxed.cif,-0.4138756699999817
C:\Users\GED\PycharmProjects\Aixelo_Project_DataLab_2025\data\odac\pristine_CO2\COYTIU\COYTIU_w_CO2_1_relaxed.cif,-0.3972066337499029
C:\Users\GED\PycharmProjects\Aixelo_Project_DataLab_2025\data\odac\pristine_CO2\CUBHOY\CUBHOY_w_CO2_1_relaxed.cif,-0.4289096066664418
C:\Users\GED\PycharmProjects\Aixelo_Project_DataLab_2025\data\odac\pristine_CO2\CUCKIV_charged\CUCKIV_charged_w_CO2_1_relaxed.cif,-0.38695938374993943
C:\Users\GED\PycharmProjects\Aixelo_Project_DataLab_2025\data\odac\pristine_CO2\CUCSAU\CUCSAU_w_CO2_1_relaxed.cif,0.04650576333324349
C:\Users\GED\PycharmProjects\Aixelo_Project_DataLab_2025\data\odac\pristine_CO2\CUGVUW\CUGVUW_w_CO2_1_relaxed.cif,-0.4539790883331989
C:\Users\GED\PycharmProjects\Aixelo_Project_DataLab_2025\data\odac\pristine_CO2\CUIMDZ01_clean_h\CUIMDZ01_clean_h_w_CO2_1_relaxed.cif,-0.3580594228571629
C:\Users\GED\PycharmProjects\Aixelo_Project_DataLab_2025\data\odac\pristine_CO2\CUKXAJ\CUKXAJ_w_CO2_1_relaxed.cif,0.08264917374995658
C:\Users\GED\PycharmProjects\Aixelo_Project_DataLab_2025\data\odac\pristine_CO2\CUKXIR\CUKXIR_w_CO2_random_1_relaxed.cif,0.22177156999987346
C:\Users\GED\PycharmProjects\Aixelo_Project_DataLab_2025\data\odac\pristine_CO2\CUKXOW\CUKXOW_w_CO2_1_relaxed.cif,-0.02557444571435292
C:\Users\GED\PycharmProjects\Aixelo_Project_DataLab_2025\data\odac\pristine_CO2\CUKZOY\CUKZOY_w_CO2_random_1_relaxed.cif,0.660643579999828
C:\Users\GED\PycharmProjects\Aixelo_Project_DataLab_2025\data\odac\pristine_CO2\CUMDIY\CUMDIY_w_CO2_1_relaxed.cif,-0.3111203571428973
C:\Users\GED\PycharmProjects\Aixelo_Project_DataLab_2025\data\odac\pristine_CO2\CUMJEB\CUMJEB_w_CO2_1_relaxed.cif,-0.4304978583333347
C:\Users\GED\PycharmProjects\Aixelo_Project_DataLab_2025\data\odac\pristine_CO2\CUMLUT\CUMLUT_w_CO2_1_relaxed.cif,-0.06255916166668381
C:\Users\GED\PycharmProjects\Aixelo_Project_DataLab_2025\data\odac\pristine_CO2\CUMQOQ\CUMQOQ_w_CO2_1_relaxed.cif,0.5402373149999278
C:\Users\GED\PycharmProjects\Aixelo_Project_DataLab_2025\data\odac\pristine_CO2\CUNFOH\CUNFOH_w_CO2_1_relaxed.cif,-0.1588618150000229
C:\Users\GED\PycharmProjects\Aixelo_Project_DataLab_2025\data\odac\pristine_CO2\CUNFOH01\CUNFOH01_w_CO2_1_relaxed.cif,-0.17221837999997544
C:\Users\GED\PycharmProjects\Aixelo_Project_DataLab_2025\data\odac\pristine_CO2\CUNQOT\CUNQOT_w_CO2_random_1_relaxed.cif,0.9774584699999878
C:\Users\GED\PycharmProjects\Aixelo_Project_DataLab_2025\data\odac\pristine_CO2\CUNQUZ\CUNQUZ_w_CO2_random_1_relaxed.cif,0.5981006199999968
C:\Users\GED\PycharmProjects\Aixelo_Project_DataLab_2025\data\odac\pristine_CO2\CUNWEO\CUNWEO_w_CO2_1_relaxed.cif,-0.20191167714288633
C:\Users\GED\PycharmProjects\Aixelo_Project_DataLab_2025\data\odac\pristine_CO2\CUQRIR\CUQRIR_w_CO2_1_relaxed.cif,-0.2640367285714546
C:\Users\GED\PycharmProjects\Aixelo_Project_DataLab_2025\data\odac\pristine_CO2\CUQROX\CUQROX_w_CO2_1_relaxed.cif,-0.4844893028570953
C:\Users\GED\PycharmProjects\Aixelo_Project_DataLab_2025\data\odac\pristine_CO2\CUQRUD\CUQRUD_w_CO2_1_relaxed.cif,-0.1660978633333343
C:\Users\GED\PycharmProjects\Aixelo_Project_DataLab_2025\data\odac\pristine_CO2\CUQXUI\CUQXUI_w_CO2_1_relaxed.cif,-0.6583048750000557
C:\Users\GED\PycharmProjects\Aixelo_Project_DataLab_2025\data\odac\pristine_CO2\CURBOH\CURBOH_w_CO2_1_relaxed.cif,-0.26879502999963734
C:\Users\GED\PycharmProjects\Aixelo_Project_DataLab_2025\data\odac\pristine_CO2\CURQEN\CURQEN_w_CO2_1_relaxed.cif,-0.2568049314288276
C:\Users\GED\PycharmProjects\Aixelo_Project_DataLab_2025\data\odac\pristine_CO2\CURYOE01\CURYOE01_w_CO2_1_relaxed.cif,-0.30155804166633965
C:\Users\GED\PycharmProjects\Aixelo_Project_DataLab_2025\data\odac\pristine_CO2\CUSDIE_charged\CUSDIE_charged_w_CO2_1_relaxed.cif,-0.18903396500007824
C:\Users\GED\PycharmProjects\Aixelo_Project_DataLab_2025\data\odac\pristine_CO2\CUSYIA\CUSYIA_w_CO2_1_relaxed.cif,-0.041527410000071485
C:\Users\GED\PycharmProjects\Aixelo_Project_DataLab_2025\data\odac\pristine_CO2\CUSZEX\CUSZEX_w_CO2_1_relaxed.cif,-0.05180386666658401
C:\Users\GED\PycharmProjects\Aixelo_Project_DataLab_2025\data\odac\pristine_CO2\CUSZIB\CUSZIB_w_CO2_1_relaxed.cif,-0.17652109199984803
C:\Users\GED\PycharmProjects\Aixelo_Project_DataLab_2025\data\odac\pristine_CO2\CUVGIK\CUVGIK_w_CO2_1_relaxed.cif,-0.29321561000003266
C:\Users\GED\PycharmProjects\Aixelo_Project_DataLab_2025\data\odac\pristine_CO2\CUVGOQ\CUVGOQ_w_CO2_1_relaxed.cif,-0.3430539650000621
C:\Users\GED\PycharmProjects\Aixelo_Project_DataLab_2025\data\odac\pristine_CO2\CUVHIL01\CUVHIL01_w_CO2_1_relaxed.cif,-0.4720330050000143
C:\Users\GED\PycharmProjects\Aixelo_Project_DataLab_2025\data\odac\pristine_CO2\CUVTUJ\CUVTUJ_w_CO2_1_relaxed.cif,-0.2853346460000353
C:\Users\GED\PycharmProjects\Aixelo_Project_DataLab_2025\data\odac\pristine_CO2\CUWTUL\CUWTUL_w_CO2_1_relaxed.cif,3.147242331999928
C:\Users\GED\PycharmProjects\Aixelo_Project_DataLab_2025\data\odac\pristine_CO2\CUWVEX\CUWVEX_w_CO2_1_relaxed.cif,-0.3989235649999614
C:\Users\GED\PycharmProjects\Aixelo_Project_DataLab_2025\data\odac\pristine_CO2\CUWVIB\CUWVIB_w_CO2_1_relaxed.cif,3.0945439416668328
C:\Users\GED\PycharmProjects\Aixelo_Project_DataLab_2025\data\odac\pristine_CO2\CUWZIF\CUWZIF_w_CO2_1_relaxed.cif,0.4380204914283955
C:\Users\GED\PycharmProjects\Aixelo_Project_DataLab_2025\data\odac\pristine_CO2\CUXFIL\CUXFIL_w_CO2_4_relaxed.cif,-0.3315128999998933
C:\Users\GED\PycharmProjects\Aixelo_Project_DataLab_2025\data\odac\pristine_CO2\CUXJEM\CUXJEM_w_CO2_1_relaxed.cif,3.544890918571387
C:\Users\GED\PycharmProjects\Aixelo_Project_DataLab_2025\data\odac\pristine_CO2\CUXLEO\CUXLEO_w_CO2_random_1_relaxed.cif,0.2408179099999756
C:\Users\GED\PycharmProjects\Aixelo_Project_DataLab_2025\data\odac\pristine_CO2\CUYWUP\CUYWUP_w_CO2_1_relaxed.cif,-0.46267577714281416
C:\Users\GED\PycharmProjects\Aixelo_Project_DataLab_2025\data\odac\pristine_CO2\CUYYAX\CUYYAX_w_CO2_1_relaxed.cif,0.10857281874996261
C:\Users\GED\PycharmProjects\Aixelo_Project_DataLab_2025\data\odac\pristine_CO2\CUYYEB\CUYYEB_w_CO2_random_1_relaxed.cif,-0.08047450499998371
C:\Users\GED\PycharmProjects\Aixelo_Project_DataLab_2025\data\odac\pristine_CO2\CUZBUW\CUZBUW_w_CO2_1_relaxed.cif,-0.33828544000003075
C:\Users\GED\PycharmProjects\Aixelo_Project_DataLab_2025\data\odac\pristine_CO2\DACFAR\DACFAR_w_CO2_1_relaxed.cif,-0.5045175724999922
C:\Users\GED\PycharmProjects\Aixelo_Project_DataLab_2025\data\odac\pristine_CO2\DACYUE\DACYUE_w_CO2_1_relaxed.cif,0.0988338416667981
C:\Users\GED\PycharmProjects\Aixelo_Project_DataLab_2025\data\odac\pristine_CO2\DADLIG\DADLIG_w_CO2_1_relaxed.cif,-0.5081160799994905
C:\Users\GED\PycharmProjects\Aixelo_Project_DataLab_2025\data\odac\pristine_CO2\DAFSOV\DAFSOV_w_CO2_1_relaxed.cif,-0.4082418657142332
C:\Users\GED\PycharmProjects\Aixelo_Project_DataLab_2025\data\odac\pristine_CO2\DAFYAN\DAFYAN_w_CO2_1_relaxed.cif,-0.25451305166673893
C:\Users\GED\PycharmProjects\Aixelo_Project_DataLab_2025\data\odac\pristine_CO2\DAFYOB\DAFYOB_w_CO2_1_relaxed.cif,-0.21044376166654877
C:\Users\GED\PycharmProjects\Aixelo_Project_DataLab_2025\data\odac\pristine_CO2\DAGDIZ\DAGDIZ_w_CO2_1_relaxed.cif,-0.1649281850000837
C:\Users\GED\PycharmProjects\Aixelo_Project_DataLab_2025\data\odac\pristine_CO2\DAGDUL\DAGDUL_w_CO2_1_relaxed.cif,-0.14895964285720503
C:\Users\GED\PycharmProjects\Aixelo_Project_DataLab_2025\data\odac\pristine_CO2\DAGJED\DAGJED_w_CO2_1_relaxed.cif,-0.22366619000013085
C:\Users\GED\PycharmProjects\Aixelo_Project_DataLab_2025\data\odac\pristine_CO2\DAJHOM_manual\DAJHOM_manual_w_CO2_3_relaxed.cif,-0.11251377499991119
C:\Users\GED\PycharmProjects\Aixelo_Project_DataLab_2025\data\odac\pristine_CO2\DAKVIW\DAKVIW_w_CO2_1_relaxed.cif,-0.2987514157143128
C:\Users\GED\PycharmProjects\Aixelo_Project_DataLab_2025\data\odac\pristine_CO2\DAKVOC\DAKVOC_w_CO2_1_relaxed.cif,-0.39166990428553355
C:\Users\GED\PycharmProjects\Aixelo_Project_DataLab_2025\data\odac\pristine_CO2\DAKVUI\DAKVUI_w_CO2_1_relaxed.cif,-0.2607789542859921
C:\Users\GED\PycharmProjects\Aixelo_Project_DataLab_2025\data\odac\pristine_CO2\DALVAQ\DALVAQ_w_CO2_1_relaxed.cif,-0.2694898049999778
C:\Users\GED\PycharmProjects\Aixelo_Project_DataLab_2025\data\odac\pristine_CO2\DAMZEZ\DAMZEZ_w_CO2_1_relaxed.cif,-0.4401429700000487
C:\Users\GED\PycharmProjects\Aixelo_Project_DataLab_2025\data\odac\pristine_CO2\DANZAV_charged\DANZAV_charged_w_CO2_1_relaxed.cif,-0.35456534499985537
C:\Users\GED\PycharmProjects\Aixelo_Project_DataLab_2025\data\odac\pristine_CO2\DANZID_charged\DANZID_charged_w_CO2_1_relaxed.cif,-0.03141437800004498
C:\Users\GED\PycharmProjects\Aixelo_Project_DataLab_2025\data\odac\pristine_CO2\DANZOJ_neutral\DANZOJ_neutral_w_CO2_1_relaxed.cif,0.009553162857076015
C:\Users\GED\PycharmProjects\Aixelo_Project_DataLab_2025\data\odac\pristine_CO2\DAPBIH_neutral\DAPBIH_neutral_w_CO2_1_relaxed.cif,2.889271207142656
C:\Users\GED\PycharmProjects\Aixelo_Project_DataLab_2025\data\odac\pristine_CO2\DAPYAW\DAPYAW_w_CO2_1_relaxed.cif,-0.2893784614283764
C:\Users\GED\PycharmProjects\Aixelo_Project_DataLab_2025\data\odac\pristine_CO2\DARBUU\DARBUU_w_CO2_1_relaxed.cif,-0.1979720275000431
C:\Users\GED\PycharmProjects\Aixelo_Project_DataLab_2025\data\odac\pristine_CO2\DARSEV_SL\DARSEV_SL_w_CO2_1_relaxed.cif,-0.112246084285841
C:\Users\GED\PycharmProjects\Aixelo_Project_DataLab_2025\data\odac\pristine_CO2\DAWBIO\DAWBIO_w_CO2_1_relaxed.cif,-0.0983432657142527
C:\Users\GED\PycharmProjects\Aixelo_Project_DataLab_2025\data\odac\pristine_CO2\DAWBOU\DAWBOU_w_CO2_1_relaxed.cif,-0.3201158116665965
C:\Users\GED\PycharmProjects\Aixelo_Project_DataLab_2025\data\odac\pristine_CO2\DAWCAH\DAWCAH_w_CO2_1_relaxed.cif,-0.17300133333327491
C:\Users\GED\PycharmProjects\Aixelo_Project_DataLab_2025\data\odac\pristine_CO2\DAWCOV\DAWCOV_w_CO2_2_relaxed.cif,-0.35608622799982187
C:\Users\GED\PycharmProjects\Aixelo_Project_DataLab_2025\data\odac\pristine_CO2\DAWDAI\DAWDAI_w_CO2_1_relaxed.cif,-0.37359083857154474
C:\Users\GED\PycharmProjects\Aixelo_Project_DataLab_2025\data\odac\pristine_CO2\DAWWEF\DAWWEF_w_CO2_1_relaxed.cif,0.28316846200009416
C:\Users\GED\PycharmProjects\Aixelo_Project_DataLab_2025\data\odac\pristine_CO2\DAXHIV\DAXHIV_w_CO2_1_relaxed.cif,-0.05445764000000962
C:\Users\GED\PycharmProjects\Aixelo_Project_DataLab_2025\data\odac\pristine_CO2\DAXHIV01\DAXHIV01_w_CO2_1_relaxed.cif,-0.05585465200001631
C:\Users\GED\PycharmProjects\Aixelo_Project_DataLab_2025\data\odac\pristine_CO2\DAXHUH\DAXHUH_w_CO2_1_relaxed.cif,-0.12492635999994943
C:\Users\GED\PycharmProjects\Aixelo_Project_DataLab_2025\data\odac\pristine_CO2\DAXHUH01\DAXHUH01_w_CO2_1_relaxed.cif,-0.06999667999991738
C:\Users\GED\PycharmProjects\Aixelo_Project_DataLab_2025\data\odac\pristine_CO2\DEBGIA\DEBGIA_w_CO2_random_1_relaxed.cif,0.5576341000000866
C:\Users\GED\PycharmProjects\Aixelo_Project_DataLab_2025\data\odac\pristine_CO2\DEBWAK\DEBWAK_w_CO2_1_relaxed.cif,-0.3831795059998512
C:\Users\GED\PycharmProjects\Aixelo_Project_DataLab_2025\data\odac\pristine_CO2\DEFKUU\DEFKUU_w_CO2_1_relaxed.cif,-0.3673121940000101
C:\Users\GED\PycharmProjects\Aixelo_Project_DataLab_2025\data\odac\pristine_CO2\DEFRIR\DEFRIR_w_CO2_1_relaxed.cif,-0.14111504500013433
C:\Users\GED\PycharmProjects\Aixelo_Project_DataLab_2025\data\odac\pristine_CO2\DEGJIK\DEGJIK_w_CO2_1_relaxed.cif,-0.3225188883333582
C:\Users\GED\PycharmProjects\Aixelo_Project_DataLab_2025\data\odac\pristine_CO2\DEJCIF\DEJCIF_w_CO2_1_relaxed.cif,-0.17506732333335626
C:\Users\GED\PycharmProjects\Aixelo_Project_DataLab_2025\data\odac\pristine_CO2\DEJJIN\DEJJIN_w_CO2_1_relaxed.cif,0.30585406599984705
C:\Users\GED\PycharmProjects\Aixelo_Project_DataLab_2025\data\odac\pristine_CO2\DEJRUH\DEJRUH_w_CO2_1_relaxed.cif,-0.37985827666667166
C:\Users\GED\PycharmProjects\Aixelo_Project_DataLab_2025\data\odac\pristine_CO2\DEKHEH\DEKHEH_w_CO2_1_relaxed.cif,0.5360232766665831
C:\Users\GED\PycharmProjects\Aixelo_Project_DataLab_2025\data\odac\pristine_CO2\DEKHUX\DEKHUX_w_CO2_2_relaxed.cif,0.9799149783333215
C:\Users\GED\PycharmProjects\Aixelo_Project_DataLab_2025\data\odac\pristine_CO2\DEKPUF\DEKPUF_w_CO2_1_relaxed.cif,-0.44306624399989686
C:\Users\GED\PycharmProjects\Aixelo_Project_DataLab_2025\data\odac\pristine_CO2\DELGEI_manual\DELGEI_manual_w_CO2_1_relaxed.cif,-0.2193109950001144
C:\Users\GED\PycharmProjects\Aixelo_Project_DataLab_2025\data\odac\pristine_CO2\DEPSEW\DEPSEW_w_CO2_1_relaxed.cif,-0.1708569312500003
C:\Users\GED\PycharmProjects\Aixelo_Project_DataLab_2025\data\odac\pristine_CO2\DEPTOH\DEPTOH_w_CO2_1_relaxed.cif,-0.1710140524999843
C:\Users\GED\PycharmProjects\Aixelo_Project_DataLab_2025\data\odac\pristine_CO2\DEPXAY\DEPXAY_w_CO2_1_relaxed.cif,-0.11923023333342064
C:\Users\GED\PycharmProjects\Aixelo_Project_DataLab_2025\data\odac\pristine_CO2\DEPXIG\DEPXIG_w_CO2_1_relaxed.cif,-0.46481923333317354
C:\Users\GED\PycharmProjects\Aixelo_Project_DataLab_2025\data\odac\pristine_CO2\DEPXOM\DEPXOM_w_CO2_1_relaxed.cif,-0.42939084600011485
C:\Users\GED\PycharmProjects\Aixelo_Project_DataLab_2025\data\odac\pristine_CO2\DEQVIF\DEQVIF_w_CO2_1_relaxed.cif,-0.07320359666645491
C:\Users\GED\PycharmProjects\Aixelo_Project_DataLab_2025\data\odac\pristine_CO2\DEYDOA\DEYDOA_w_CO2_1_relaxed.cif,-0.26963447333331675
C:\Users\GED\PycharmProjects\Aixelo_Project_DataLab_2025\data\odac\pristine_CO2\DEYJIC\DEYJIC_w_CO2_1_relaxed.cif,-0.3424305650000197
C:\Users\GED\PycharmProjects\Aixelo_Project_DataLab_2025\data\odac\pristine_CO2\DEYJOI\DEYJOI_w_CO2_1_relaxed.cif,-0.30641509333337225
C:\Users\GED\PycharmProjects\Aixelo_Project_DataLab_2025\data\odac\pristine_CO2\DEYNIG\DEYNIG_w_CO2_1_relaxed.cif,-0.41509299285712586
C:\Users\GED\PycharmProjects\Aixelo_Project_DataLab_2025\data\odac\pristine_CO2\DEZCER\DEZCER_w_CO2_1_relaxed.cif,-0.3795143957144253
C:\Users\GED\PycharmProjects\Aixelo_Project_DataLab_2025\data\odac\pristine_CO2\DEZKAW\DEZKAW_w_CO2_1_relaxed.cif,-0.31435735833341977
C:\Users\GED\PycharmProjects\Aixelo_Project_DataLab_2025\data\odac\pristine_CO2\DIBPAH\DIBPAH_w_CO2_1_relaxed.cif,0.1579214712498924
C:\Users\GED\PycharmProjects\Aixelo_Project_DataLab_2025\data\odac\pristine_CO2\DIBPIP\DIBPIP_w_CO2_7_relaxed.cif,0.329399389999935
C:\Users\GED\PycharmProjects\Aixelo_Project_DataLab_2025\data\odac\pristine_CO2\DICKEH\DICKEH_w_CO2_1_relaxed.cif,-0.37931752333319463
C:\Users\GED\PycharmProjects\Aixelo_Project_DataLab_2025\data\odac\pristine_CO2\DICVAO\DICVAO_w_CO2_1_relaxed.cif,-0.3507843214288836
C:\Users\GED\PycharmProjects\Aixelo_Project_DataLab_2025\data\odac\pristine_CO2\DICVES\DICVES_w_CO2_1_relaxed.cif,-0.35802904714299594
C:\Users\GED\PycharmProjects\Aixelo_Project_DataLab_2025\data\odac\pristine_CO2\DICVIW\DICVIW_w_CO2_1_relaxed.cif,-0.31969756285726747
C:\Users\GED\PycharmProjects\Aixelo_Project_DataLab_2025\data\odac\pristine_CO2\DIDDOK\DIDDOK_w_CO2_1_relaxed.cif,-0.30182965800026973
C:\Users\GED\PycharmProjects\Aixelo_Project_DataLab_2025\data\odac\pristine_CO2\DIKJUD\DIKJUD_w_CO2_1_relaxed.cif,-0.6053185300001473
C:\Users\GED\PycharmProjects\Aixelo_Project_DataLab_2025\data\odac\pristine_CO2\DIKPOD\DIKPOD_w_CO2_1_relaxed.cif,-0.09159847571431452
C:\Users\GED\PycharmProjects\Aixelo_Project_DataLab_2025\data\odac\pristine_CO2\DINNIZ\DINNIZ_w_CO2_1_relaxed.cif,-0.5846566616666754
C:\Users\GED\PycharmProjects\Aixelo_Project_DataLab_2025\data\odac\pristine_CO2\DIPMAS\DIPMAS_w_CO2_1_relaxed.cif,-0.14398121428580776
C:\Users\GED\PycharmProjects\Aixelo_Project_DataLab_2025\data\odac\pristine_CO2\DIRPIF\DIRPIF_w_CO2_1_relaxed.cif,-0.21179892999998626
C:\Users\GED\PycharmProjects\Aixelo_Project_DataLab_2025\data\odac\pristine_CO2\DITJIB\DITJIB_w_CO2_1_relaxed.cif,-0.19583447000013618
C:\Users\GED\PycharmProjects\Aixelo_Project_DataLab_2025\data\odac\pristine_CO2\DITJOH\DITJOH_w_CO2_1_relaxed.cif,-0.3380639374999532
C:\Users\GED\PycharmProjects\Aixelo_Project_DataLab_2025\data\odac\pristine_CO2\DITTEH\DITTEH_w_CO2_1_relaxed.cif,0.004570867999973432
C:\Users\GED\PycharmProjects\Aixelo_Project_DataLab_2025\data\odac\pristine_CO2\DITXOU\DITXOU_w_CO2_1_relaxed.cif,-0.09444211428568186
C:\Users\GED\PycharmProjects\Aixelo_Project_DataLab_2025\data\odac\pristine_CO2\DITYEM\DITYEM_w_CO2_1_relaxed.cif,-0.35646096625001883
C:\Users\GED\PycharmProjects\Aixelo_Project_DataLab_2025\data\odac\pristine_CO2\DITYOW\DITYOW_w_CO2_1_relaxed.cif,-0.5197257828574493
C:\Users\GED\PycharmProjects\Aixelo_Project_DataLab_2025\data\odac\pristine_CO2\DIVNIH\DIVNIH_w_CO2_1_relaxed.cif,0.35906850199996826
C:\Users\GED\PycharmProjects\Aixelo_Project_DataLab_2025\data\odac\pristine_CO2\DIVPUU\DIVPUU_w_CO2_random_1_relaxed.cif,0.4507749950000175
C:\Users\GED\PycharmProjects\Aixelo_Project_DataLab_2025\data\odac\pristine_CO2\DIVSUY\DIVSUY_w_CO2_3_relaxed.cif,-0.20937506500001746
C:\Users\GED\PycharmProjects\Aixelo_Project_DataLab_2025\data\odac\pristine_CO2\DIWNAA\DIWNAA_w_CO2_1_relaxed.cif,0.8591683766666544
C:\Users\GED\PycharmProjects\Aixelo_Project_DataLab_2025\data\odac\pristine_CO2\DIXKOL\DIXKOL_w_CO2_1_relaxed.cif,-0.24147286999990072
C:\Users\GED\PycharmProjects\Aixelo_Project_DataLab_2025\data\odac\pristine_CO2\DIYKAZ\DIYKAZ_w_CO2_1_relaxed.cif,-0.47251545625005065
C:\Users\GED\PycharmProjects\Aixelo_Project_DataLab_2025\data\odac\pristine_CO2\DIYKED\DIYKED_w_CO2_1_relaxed.cif,1.7574954280000838
C:\Users\GED\PycharmProjects\Aixelo_Project_DataLab_2025\data\odac\pristine_CO2\DIYTEM\DIYTEM_w_CO2_1_relaxed.cif,0.5176854124999863
C:\Users\GED\PycharmProjects\Aixelo_Project_DataLab_2025\data\odac\pristine_CO2\DOCKOW\DOCKOW_w_CO2_1_relaxed.cif,-0.10812970333347492
C:\Users\GED\PycharmProjects\Aixelo_Project_DataLab_2025\data\odac\pristine_CO2\DODMIT\DODMIT_w_CO2_1_relaxed.cif,-0.21637616999994402
C:\Users\GED\PycharmProjects\Aixelo_Project_DataLab_2025\data\odac\pristine_CO2\DOGZIJ\DOGZIJ_w_CO2_1_relaxed.cif,-0.2184436485713539
C:\Users\GED\PycharmProjects\Aixelo_Project_DataLab_2025\data\odac\pristine_CO2\DOHNUL\DOHNUL_w_CO2_1_relaxed.cif,-0.13100947428542245
C:\Users\GED\PycharmProjects\Aixelo_Project_DataLab_2025\data\odac\pristine_CO2\DOHYIJ01\DOHYIJ01_w_CO2_2_relaxed.cif,-0.3843218699999852
C:\Users\GED\PycharmProjects\Aixelo_Project_DataLab_2025\data\odac\pristine_CO2\DOKDEN\DOKDEN_w_CO2_1_relaxed.cif,-0.18109716200033285
C:\Users\GED\PycharmProjects\Aixelo_Project_DataLab_2025\data\odac\pristine_CO2\DOKHIV\DOKHIV_w_CO2_1_relaxed.cif,-0.2964864442857821
C:\Users\GED\PycharmProjects\Aixelo_Project_DataLab_2025\data\odac\pristine_CO2\DOLPIF\DOLPIF_w_CO2_1_relaxed.cif,4.449055874285738
C:\Users\GED\PycharmProjects\Aixelo_Project_DataLab_2025\data\odac\pristine_CO2\DOLRAZ\DOLRAZ_w_CO2_1_relaxed.cif,0.0307548662500494
C:\Users\GED\PycharmProjects\Aixelo_Project_DataLab_2025\data\odac\pristine_CO2\DOLXOR\DOLXOR_w_CO2_1_relaxed.cif,-0.165766456666726
C:\Users\GED\PycharmProjects\Aixelo_Project_DataLab_2025\data\odac\pristine_CO2\DOLXOR01\DOLXOR01_w_CO2_1_relaxed.cif,-0.13909562666670652
C:\Users\GED\PycharmProjects\Aixelo_Project_DataLab_2025\data\odac\pristine_CO2\DOLXOR02\DOLXOR02_w_CO2_1_relaxed.cif,-0.1515735266666714
C:\Users\GED\PycharmProjects\Aixelo_Project_DataLab_2025\data\odac\pristine_CO2\DOMKEX\DOMKEX_w_CO2_1_relaxed.cif,-0.14140151666663311
C:\Users\GED\PycharmProjects\Aixelo_Project_DataLab_2025\data\odac\pristine_CO2\DONKOI\DONKOI_w_CO2_1_relaxed.cif,-0.2510896257140952
C:\Users\GED\PycharmProjects\Aixelo_Project_DataLab_2025\data\odac\pristine_CO2\DONKUO\DONKUO_w_CO2_1_relaxed.cif,0.20849859571425053
C:\Users\GED\PycharmProjects\Aixelo_Project_DataLab_2025\data\odac\pristine_CO2\DONNAW\DONNAW_w_CO2_1_relaxed.cif,0.5121091949999936
C:\Users\GED\PycharmProjects\Aixelo_Project_DataLab_2025\data\odac\pristine_CO2\DONNAW01_SL\DONNAW01_SL_w_CO2_1_relaxed.cif,0.04689369499997536
C:\Users\GED\PycharmProjects\Aixelo_Project_DataLab_2025\data\odac\pristine_CO2\DONNEA\DONNEA_w_CO2_random_1_relaxed.cif,0.41215259499995227
C:\Users\GED\PycharmProjects\Aixelo_Project_DataLab_2025\data\odac\pristine_CO2\DONNIE\DONNIE_w_CO2_1_relaxed.cif,0.6579243683333971
C:\Users\GED\PycharmProjects\Aixelo_Project_DataLab_2025\data\odac\pristine_CO2\DORFOG\DORFOG_w_CO2_1_relaxed.cif,0.2402862766666658
C:\Users\GED\PycharmProjects\Aixelo_Project_DataLab_2025\data\odac\pristine_CO2\DORYUG\DORYUG_w_CO2_3_relaxed.cif,-0.4557221700002628
C:\Users\GED\PycharmProjects\Aixelo_Project_DataLab_2025\data\odac\pristine_CO2\DOYBEA\DOYBEA_w_CO2_1_relaxed.cif,-0.16223731166667218
C:\Users\GED\PycharmProjects\Aixelo_Project_DataLab_2025\data\odac\pristine_CO2\DOYBUQ01\DOYBUQ01_w_CO2_1_relaxed.cif,-0.3897324228571181
C:\Users\GED\PycharmProjects\Aixelo_Project_DataLab_2025\data\odac\pristine_CO2\DOYHOQ\DOYHOQ_w_CO2_1_relaxed.cif,0.3989018812499552
C:\Users\GED\PycharmProjects\Aixelo_Project_DataLab_2025\data\odac\pristine_CO2\DOYHUW\DOYHUW_w_CO2_1_relaxed.cif,-0.039313857142717894
C:\Users\GED\PycharmProjects\Aixelo_Project_DataLab_2025\data\odac\pristine_CO2\DOYLEI\DOYLEI_w_CO2_1_relaxed.cif,-0.25757983000004286
C:\Users\GED\PycharmProjects\Aixelo_Project_DataLab_2025\data\odac\pristine_CO2\DOZCEC\DOZCEC_w_CO2_1_relaxed.cif,-0.22094026200015832
C:\Users\GED\PycharmProjects\Aixelo_Project_DataLab_2025\data\odac\pristine_CO2\DOZKIO\DOZKIO_w_CO2_1_relaxed.cif,1.465928020000111
C:\Users\GED\PycharmProjects\Aixelo_Project_DataLab_2025\data\odac\pristine_CO2\DUBKAO\DUBKAO_w_CO2_1_relaxed.cif,-0.2985018100000616
C:\Users\GED\PycharmProjects\Aixelo_Project_DataLab_2025\data\odac\pristine_CO2\DUBWON\DUBWON_w_CO2_1_relaxed.cif,-0.38218213600002854
C:\Users\GED\PycharmProjects\Aixelo_Project_DataLab_2025\data\odac\pristine_CO2\DUDKEU\DUDKEU_w_CO2_1_relaxed.cif,-0.37270014999990053
C:\Users\GED\PycharmProjects\Aixelo_Project_DataLab_2025\data\odac\pristine_CO2\DUDKUK\DUDKUK_w_CO2_1_relaxed.cif,-0.04321281249997354
C:\Users\GED\PycharmProjects\Aixelo_Project_DataLab_2025\data\odac\pristine_CO2\DUJRAD\DUJRAD_w_CO2_1_relaxed.cif,-0.21787291833324687
C:\Users\GED\PycharmProjects\Aixelo_Project_DataLab_2025\data\odac\pristine_CO2\DUMXEQ\DUMXEQ_w_CO2_1_relaxed.cif,-0.3714244828572158
C:\Users\GED\PycharmProjects\Aixelo_Project_DataLab_2025\data\odac\pristine_CO2\DUMXIU\DUMXIU_w_CO2_1_relaxed.cif,-0.3334204928570281
C:\Users\GED\PycharmProjects\Aixelo_Project_DataLab_2025\data\odac\pristine_CO2\DUNXUH\DUNXUH_w_CO2_1_relaxed.cif,-0.31689592285704293
C:\Users\GED\PycharmProjects\Aixelo_Project_DataLab_2025\data\odac\pristine_CO2\DUNXUH01\DUNXUH01_w_CO2_1_relaxed.cif,-0.2343920971427126
C:\Users\GED\PycharmProjects\Aixelo_Project_DataLab_2025\data\odac\pristine_CO2\DUNXUH02\DUNXUH02_w_CO2_1_relaxed.cif,-0.29697505285724085
C:\Users\GED\PycharmProjects\Aixelo_Project_DataLab_2025\data\odac\pristine_CO2\DUNXUH03\DUNXUH03_w_CO2_1_relaxed.cif,-0.20183590285702327
C:\Users\GED\PycharmProjects\Aixelo_Project_DataLab_2025\data\odac\pristine_CO2\DUNXUH04\DUNXUH04_w_CO2_1_relaxed.cif,-0.24614191571418226
C:\Users\GED\PycharmProjects\Aixelo_Project_DataLab_2025\data\odac\pristine_CO2\DUNXUH05\DUNXUH05_w_CO2_1_relaxed.cif,-0.325155718571474
C:\Users\GED\PycharmProjects\Aixelo_Project_DataLab_2025\data\odac\pristine_CO2\DUNXUH12\DUNXUH12_w_CO2_1_relaxed.cif,-0.39372605499990715
C:\Users\GED\PycharmProjects\Aixelo_Project_DataLab_2025\data\odac\pristine_CO2\DUNXUH13\DUNXUH13_w_CO2_1_relaxed.cif,-0.24177180714283555
C:\Users\GED\PycharmProjects\Aixelo_Project_DataLab_2025\data\odac\pristine_CO2\DUNXUH14\DUNXUH14_w_CO2_1_relaxed.cif,-0.28542977142855563
C:\Users\GED\PycharmProjects\Aixelo_Project_DataLab_2025\data\odac\pristine_CO2\DUNXUH15\DUNXUH15_w_CO2_1_relaxed.cif,-0.2802970571428399
C:\Users\GED\PycharmProjects\Aixelo_Project_DataLab_2025\data\odac\pristine_CO2\DUNXUH21\DUNXUH21_w_CO2_1_relaxed.cif,-0.25912974714284637
C:\Users\GED\PycharmProjects\Aixelo_Project_DataLab_2025\data\odac\pristine_CO2\DUPVER\DUPVER_w_CO2_1_relaxed.cif,-0.22110821999999644
C:\Users\GED\PycharmProjects\Aixelo_Project_DataLab_2025\data\odac\pristine_CO2\DUQSEO\DUQSEO_w_CO2_random_1_relaxed.cif,0.2201266049999901
C:\Users\GED\PycharmProjects\Aixelo_Project_DataLab_2025\data\odac\pristine_CO2\DUQYEU\DUQYEU_w_CO2_1_relaxed.cif,0.11029050799998
C:\Users\GED\PycharmProjects\Aixelo_Project_DataLab_2025\data\odac\pristine_CO2\DUQYEU01\DUQYEU01_w_CO2_1_relaxed.cif,0.12657845599997017
C:\Users\GED\PycharmProjects\Aixelo_Project_DataLab_2025\data\odac\pristine_CO2\DURDAX\DURDAX_w_CO2_1_relaxed.cif,-0.23976631250025088
C:\Users\GED\PycharmProjects\Aixelo_Project_DataLab_2025\data\odac\pristine_CO2\DURDIF\DURDIF_w_CO2_1_relaxed.cif,-0.1655923019999818
C:\Users\GED\PycharmProjects\Aixelo_Project_DataLab_2025\data\odac\pristine_CO2\DUTKAG\DUTKAG_w_CO2_1_relaxed.cif,-0.0979082540000945
C:\Users\GED\PycharmProjects\Aixelo_Project_DataLab_2025\data\odac\pristine_CO2\DUWGEJ\DUWGEJ_w_CO2_1_relaxed.cif,-0.4561846828571561
C:\Users\GED\PycharmProjects\Aixelo_Project_DataLab_2025\data\odac\pristine_CO2\DUWROE\DUWROE_w_CO2_1_relaxed.cif,-0.16771368500002376
C:\Users\GED\PycharmProjects\Aixelo_Project_DataLab_2025\data\odac\pristine_CO2\DUXKUD\DUXKUD_w_CO2_1_relaxed.cif,0.021722338333347566
C:\Users\GED\PycharmProjects\Aixelo_Project_DataLab_2025\data\odac\pristine_CO2\DUXMAL\DUXMAL_w_CO2_1_relaxed.cif,-0.2918335442858669
C:\Users\GED\PycharmProjects\Aixelo_Project_DataLab_2025\data\odac\pristine_CO2\DUXZIG01\DUXZIG01_w_CO2_1_relaxed.cif,-0.19858318333332167
C:\Users\GED\PycharmProjects\Aixelo_Project_DataLab_2025\data\odac\pristine_CO2\DUYJIS\DUYJIS_w_CO2_1_relaxed.cif,-0.29414252250023765
C:\Users\GED\PycharmProjects\Aixelo_Project_DataLab_2025\data\odac\pristine_CO2\DUYVEA\DUYVEA_w_CO2_1_relaxed.cif,-0.32662078500000763
C:\Users\GED\PycharmProjects\Aixelo_Project_DataLab_2025\data\odac\pristine_CO2\DUZPUL\DUZPUL_w_CO2_1_relaxed.cif,-0.20521461333333943
C:\Users\GED\PycharmProjects\Aixelo_Project_DataLab_2025\data\odac\pristine_CO2\DUZWOM\DUZWOM_w_CO2_1_relaxed.cif,-0.28245396333320133
C:\Users\GED\PycharmProjects\Aixelo_Project_DataLab_2025\data\odac\pristine_CO2\EBATUY\EBATUY_w_CO2_1_relaxed.cif,-0.3473290128571307
C:\Users\GED\PycharmProjects\Aixelo_Project_DataLab_2025\data\odac\pristine_CO2\EBELUU\EBELUU_w_CO2_1_relaxed.cif,-0.3387203342857755
C:\Users\GED\PycharmProjects\Aixelo_Project_DataLab_2025\data\odac\pristine_CO2\EBEMEE\EBEMEE_w_CO2_1_relaxed.cif,-0.27285819428578045
C:\Users\GED\PycharmProjects\Aixelo_Project_DataLab_2025\data\odac\pristine_CO2\EBEMEF\EBEMEF_w_CO2_1_relaxed.cif,-0.2589965200000108
C:\Users\GED\PycharmProjects\Aixelo_Project_DataLab_2025\data\odac\pristine_CO2\EBEMII\EBEMII_w_CO2_1_relaxed.cif,-0.20459655714294703
C:\Users\GED\PycharmProjects\Aixelo_Project_DataLab_2025\data\odac\pristine_CO2\EBEWIT\EBEWIT_w_CO2_1_relaxed.cif,-0.18499438666661183
C:\Users\GED\PycharmProjects\Aixelo_Project_DataLab_2025\data\odac\pristine_CO2\EBEXAM\EBEXAM_w_CO2_1_relaxed.cif,-0.11337210499999623
C:\Users\GED\PycharmProjects\Aixelo_Project_DataLab_2025\data\odac\pristine_CO2\EBEXEQ\EBEXEQ_w_CO2_1_relaxed.cif,-0.21549206333334792
C:\Users\GED\PycharmProjects\Aixelo_Project_DataLab_2025\data\odac\pristine_CO2\EBEXEQ01\EBEXEQ01_w_CO2_1_relaxed.cif,-0.20172870166660076
C:\Users\GED\PycharmProjects\Aixelo_Project_DataLab_2025\data\odac\pristine_CO2\EBEXIU02\EBEXIU02_w_CO2_1_relaxed.cif,6.628570774285694
C:\Users\GED\PycharmProjects\Aixelo_Project_DataLab_2025\data\odac\pristine_CO2\EBEZUI_ion_b\EBEZUI_ion_b_w_CO2_random_1_relaxed.cif,0.3886269500000026
C:\Users\GED\PycharmProjects\Aixelo_Project_DataLab_2025\data\odac\pristine_CO2\EBIHII\EBIHII_w_CO2_1_relaxed.cif,0.15121442500014834
C:\Users\GED\PycharmProjects\Aixelo_Project_DataLab_2025\data\odac\pristine_CO2\EBIMEJ\EBIMEJ_w_CO2_1_relaxed.cif,-0.34038325666683195
C:\Users\GED\PycharmProjects\Aixelo_Project_DataLab_2025\data\odac\pristine_CO2\EBIPOX\EBIPOX_w_CO2_1_relaxed.cif,0.32480991285714417
C:\Users\GED\PycharmProjects\Aixelo_Project_DataLab_2025\data\odac\pristine_CO2\EBIZUN\EBIZUN_w_CO2_1_relaxed.cif,-0.6613781849994211
C:\Users\GED\PycharmProjects\Aixelo_Project_DataLab_2025\data\odac\pristine_CO2\EBOBIJ\EBOBIJ_w_CO2_1_relaxed.cif,-0.1870243300000235
C:\Users\GED\PycharmProjects\Aixelo_Project_DataLab_2025\data\odac\pristine_CO2\EBOCOQ\EBOCOQ_w_CO2_1_relaxed.cif,-0.24651464833338343
C:\Users\GED\PycharmProjects\Aixelo_Project_DataLab_2025\data\odac\pristine_CO2\EBUREA\EBUREA_w_CO2_1_relaxed.cif,-0.10319961142857074
C:\Users\GED\PycharmProjects\Aixelo_Project_DataLab_2025\data\odac\pristine_CO2\ECAFOG\ECAFOG_w_CO2_3_relaxed.cif,0.06104183666699703
C:\Users\GED\PycharmProjects\Aixelo_Project_DataLab_2025\data\odac\pristine_CO2\ECAHAT\ECAHAT_w_CO2_1_relaxed.cif,-0.30170609625017164
C:\Users\GED\PycharmProjects\Aixelo_Project_DataLab_2025\data\odac\pristine_CO2\ECAHEX\ECAHEX_w_CO2_1_relaxed.cif,-0.14606752166660417
C:\Users\GED\PycharmProjects\Aixelo_Project_DataLab_2025\data\odac\pristine_CO2\ECAHOH\ECAHOH_w_CO2_1_relaxed.cif,-0.2419797083333226
C:\Users\GED\PycharmProjects\Aixelo_Project_DataLab_2025\data\odac\pristine_CO2\ECASAD\ECASAD_w_CO2_1_relaxed.cif,-0.4091653583333444
C:\Users\GED\PycharmProjects\Aixelo_Project_DataLab_2025\data\odac\pristine_CO2\ECEDAU\ECEDAU_w_CO2_1_relaxed.cif,-0.2695705300000384
C:\Users\GED\PycharmProjects\Aixelo_Project_DataLab_2025\data\odac\pristine_CO2\ECEDEY\ECEDEY_w_CO2_1_relaxed.cif,-0.11403714142846051
C:\Users\GED\PycharmProjects\Aixelo_Project_DataLab_2025\data\odac\pristine_CO2\ECEZAO\ECEZAO_w_CO2_1_relaxed.cif,-0.22841262857143968
C:\Users\GED\PycharmProjects\Aixelo_Project_DataLab_2025\data\odac\pristine_CO2\ECEZAO01\ECEZAO01_w_CO2_1_relaxed.cif,-0.7814365585714346
C:\Users\GED\PycharmProjects\Aixelo_Project_DataLab_2025\data\odac\pristine_CO2\ECIWOC\ECIWOC_w_CO2_1_relaxed.cif,-0.35644075000010383
C:\Users\GED\PycharmProjects\Aixelo_Project_DataLab_2025\data\odac\pristine_CO2\ECODEG\ECODEG_w_CO2_1_relaxed.cif,-0.4921579785715754
C:\Users\GED\PycharmProjects\Aixelo_Project_DataLab_2025\data\odac\pristine_CO2\ECODIK\ECODIK_w_CO2_1_relaxed.cif,-0.23362840599991158
C:\Users\GED\PycharmProjects\Aixelo_Project_DataLab_2025\data\odac\pristine_CO2\ECOGEI\ECOGEI_w_CO2_1_relaxed.cif,0.1471864340005595
C:\Users\GED\PycharmProjects\Aixelo_Project_DataLab_2025\data\odac\pristine_CO2\ECOLEP\ECOLEP_w_CO2_1_relaxed.cif,-0.2096795366666507
C:\Users\GED\PycharmProjects\Aixelo_Project_DataLab_2025\data\odac\pristine_CO2\ECOLOX\ECOLOX_w_CO2_1_relaxed.cif,-0.3504011457142643
C:\Users\GED\PycharmProjects\Aixelo_Project_DataLab_2025\data\odac\pristine_CO2\ECUDIR_charged\ECUDIR_charged_w_CO2_1_relaxed.cif,13.428641644285872
C:\Users\GED\PycharmProjects\Aixelo_Project_DataLab_2025\data\odac\pristine_CO2\ECUFEP_charged\ECUFEP_charged_w_CO2_1_relaxed.cif,-0.134919682499941
C:\Users\GED\PycharmProjects\Aixelo_Project_DataLab_2025\data\odac\pristine_CO2\EDADIX\EDADIX_w_CO2_1_relaxed.cif,-0.3451250937499424
C:\Users\GED\PycharmProjects\Aixelo_Project_DataLab_2025\data\odac\pristine_CO2\EDAFUM\EDAFUM_w_CO2_1_relaxed.cif,-0.3280688800000083
C:\Users\GED\PycharmProjects\Aixelo_Project_DataLab_2025\data\odac\pristine_CO2\EDAGAT\EDAGAT_w_CO2_1_relaxed.cif,-0.20793375833333505
C:\Users\GED\PycharmProjects\Aixelo_Project_DataLab_2025\data\odac\pristine_CO2\EDAGEX\EDAGEX_w_CO2_1_relaxed.cif,-0.010058003333275167
C:\Users\GED\PycharmProjects\Aixelo_Project_DataLab_2025\data\odac\pristine_CO2\EDAPIK_clean_h\EDAPIK_clean_h_w_CO2_1_relaxed.cif,-0.33164890333337854
C:\Users\GED\PycharmProjects\Aixelo_Project_DataLab_2025\data\odac\pristine_CO2\EDATOT\EDATOT_w_CO2_1_relaxed.cif,-0.18368107666674405
C:\Users\GED\PycharmProjects\Aixelo_Project_DataLab_2025\data\odac\pristine_CO2\EDAVOV\EDAVOV_w_CO2_1_relaxed.cif,-0.42702952199997524
C:\Users\GED\PycharmProjects\Aixelo_Project_DataLab_2025\data\odac\pristine_CO2\EDEPAG\EDEPAG_w_CO2_1_relaxed.cif,0.7014442583333865
C:\Users\GED\PycharmProjects\Aixelo_Project_DataLab_2025\data\odac\pristine_CO2\EDIKIL\EDIKIL_w_CO2_1_relaxed.cif,1.2614356949999888
C:\Users\GED\PycharmProjects\Aixelo_Project_DataLab_2025\data\odac\pristine_CO2\EDOMAM\EDOMAM_w_CO2_1_relaxed.cif,-0.49383016666668783
C:\Users\GED\PycharmProjects\Aixelo_Project_DataLab_2025\data\odac\pristine_CO2\EDOYOL\EDOYOL_w_CO2_1_relaxed.cif,0.15603055875004654
C:\Users\GED\PycharmProjects\Aixelo_Project_DataLab_2025\data\odac\pristine_CO2\EDUSIF\EDUSIF_w_CO2_1_relaxed.cif,-0.16978494249994464
C:\Users\GED\PycharmProjects\Aixelo_Project_DataLab_2025\data\odac\pristine_CO2\EDUSUR\EDUSUR_w_CO2_1_relaxed.cif,-0.8802806925000368
C:\Users\GED\PycharmProjects\Aixelo_Project_DataLab_2025\data\odac\pristine_CO2\EDUVAA\EDUVAA_w_CO2_1_relaxed.cif,-0.3215528914285772
C:\Users\GED\PycharmProjects\Aixelo_Project_DataLab_2025\data\odac\pristine_CO2\EDUVOO\EDUVOO_w_CO2_1_relaxed.cif,-0.19636798250002124
C:\Users\GED\PycharmProjects\Aixelo_Project_DataLab_2025\data\odac\pristine_CO2\EFIMOV\EFIMOV_w_CO2_1_relaxed.cif,-0.30230985499991897
C:\Users\GED\PycharmProjects\Aixelo_Project_DataLab_2025\data\odac\pristine_CO2\EFOSUO\EFOSUO_w_CO2_1_relaxed.cif,-0.2639041600000382
C:\Users\GED\PycharmProjects\Aixelo_Project_DataLab_2025\data\odac\pristine_CO2\EFOTAV\EFOTAV_w_CO2_1_relaxed.cif,-0.2166158100000075
C:\Users\GED\PycharmProjects\Aixelo_Project_DataLab_2025\data\odac\pristine_CO2\EFOTEZ\EFOTEZ_w_CO2_1_relaxed.cif,-0.27447496499991075
C:\Users\GED\PycharmProjects\Aixelo_Project_DataLab_2025\data\odac\pristine_CO2\EGABAR\EGABAR_w_CO2_1_relaxed.cif,-0.4051606883333155
C:\Users\GED\PycharmProjects\Aixelo_Project_DataLab_2025\data\odac\pristine_CO2\EGAFOJ\EGAFOJ_w_CO2_random_1_relaxed.cif,0.5127673149999907
C:\Users\GED\PycharmProjects\Aixelo_Project_DataLab_2025\data\odac\pristine_CO2\EGAFUP\EGAFUP_w_CO2_random_1_relaxed.cif,0.9647314299999437
C:\Users\GED\PycharmProjects\Aixelo_Project_DataLab_2025\data\odac\pristine_CO2\EGAGAW\EGAGAW_w_CO2_1_relaxed.cif,-0.23754162571431633
C:\Users\GED\PycharmProjects\Aixelo_Project_DataLab_2025\data\odac\pristine_CO2\EGAGEA\EGAGEA_w_CO2_random_1_relaxed.cif,0.5377543349999314
C:\Users\GED\PycharmProjects\Aixelo_Project_DataLab_2025\data\odac\pristine_CO2\EGELUY01_manual\EGELUY01_manual_w_CO2_1_relaxed.cif,0.2067096166666905
C:\Users\GED\PycharmProjects\Aixelo_Project_DataLab_2025\data\odac\pristine_CO2\EGELUY_SL\EGELUY_SL_w_CO2_1_relaxed.cif,0.22891093166665163
C:\Users\GED\PycharmProjects\Aixelo_Project_DataLab_2025\data\odac\pristine_CO2\EGIFUV\EGIFUV_w_CO2_1_relaxed.cif,-0.4533418224996239
C:\Users\GED\PycharmProjects\Aixelo_Project_DataLab_2025\data\odac\pristine_CO2\EGOXII\EGOXII_w_CO2_1_relaxed.cif,-0.4382925225000065
C:\Users\GED\PycharmProjects\Aixelo_Project_DataLab_2025\data\odac\pristine_CO2\EGOZAB\EGOZAB_w_CO2_1_relaxed.cif,-0.2041191133334526
C:\Users\GED\PycharmProjects\Aixelo_Project_DataLab_2025\data\odac\pristine_CO2\EHAFOK\EHAFOK_w_CO2_random_1_relaxed.cif,1.7754914850001455
C:\Users\GED\PycharmProjects\Aixelo_Project_DataLab_2025\data\odac\pristine_CO2\EHALOP_manual\EHALOP_manual_w_CO2_1_relaxed.cif,0.3863399783333345
C:\Users\GED\PycharmProjects\Aixelo_Project_DataLab_2025\data\odac\pristine_CO2\EHEKUY\EHEKUY_w_CO2_1_relaxed.cif,-0.23605189285730632
C:\Users\GED\PycharmProjects\Aixelo_Project_DataLab_2025\data\odac\pristine_CO2\EHIPOC\EHIPOC_w_CO2_1_relaxed.cif,-0.4126849550000315
C:\Users\GED\PycharmProjects\Aixelo_Project_DataLab_2025\data\odac\pristine_CO2\EJIDUW01\EJIDUW01_w_CO2_1_relaxed.cif,-0.40322600125001173
C:\Users\GED\PycharmProjects\Aixelo_Project_DataLab_2025\data\odac\pristine_CO2\EJIDUW02\EJIDUW02_w_CO2_1_relaxed.cif,-0.3869120950000564
C:\Users\GED\PycharmProjects\Aixelo_Project_DataLab_2025\data\odac\pristine_CO2\EJONOH\EJONOH_w_CO2_1_relaxed.cif,-0.5018871666666832
C:\Users\GED\PycharmProjects\Aixelo_Project_DataLab_2025\data\odac\pristine_CO2\EJORAY\EJORAY_w_CO2_1_relaxed.cif,-0.4082608375000234
C:\Users\GED\PycharmProjects\Aixelo_Project_DataLab_2025\data\odac\pristine_CO2\EKETOF\EKETOF_w_CO2_1_relaxed.cif,-0.3462715014285485
C:\Users\GED\PycharmProjects\Aixelo_Project_DataLab_2025\data\odac\pristine_CO2\EKETUL\EKETUL_w_CO2_1_relaxed.cif,-0.06827926249994218
C:\Users\GED\PycharmProjects\Aixelo_Project_DataLab_2025\data\odac\pristine_CO2\EKEVAT\EKEVAT_w_CO2_1_relaxed.cif,-0.31103808799980465
C:\Users\GED\PycharmProjects\Aixelo_Project_DataLab_2025\data\odac\pristine_CO2\EKOKIA\EKOKIA_w_CO2_1_relaxed.cif,-0.2747772549999657
C:\Users\GED\PycharmProjects\Aixelo_Project_DataLab_2025\data\odac\pristine_CO2\EKOPEA\EKOPEA_w_CO2_1_relaxed.cif,-0.36189321499992383
C:\Users\GED\PycharmProjects\Aixelo_Project_DataLab_2025\data\odac\pristine_CO2\EKOPIE\EKOPIE_w_CO2_1_relaxed.cif,0.19171172142841894
C:\Users\GED\PycharmProjects\Aixelo_Project_DataLab_2025\data\odac\pristine_CO2\EKOPUQ\EKOPUQ_w_CO2_1_relaxed.cif,-0.360432396666738
C:\Users\GED\PycharmProjects\Aixelo_Project_DataLab_2025\data\odac\pristine_CO2\ELIJOZ\ELIJOZ_w_CO2_1_relaxed.cif,-0.23128776142863214
C:\Users\GED\PycharmProjects\Aixelo_Project_DataLab_2025\data\odac\pristine_CO2\ELIJUF\ELIJUF_w_CO2_1_relaxed.cif,-0.2820322242857368
C:\Users\GED\PycharmProjects\Aixelo_Project_DataLab_2025\data\odac\pristine_CO2\ELIKAM\ELIKAM_w_CO2_1_relaxed.cif,-0.18907408166668913
C:\Users\GED\PycharmProjects\Aixelo_Project_DataLab_2025\data\odac\pristine_CO2\ELIKEQ\ELIKEQ_w_CO2_1_relaxed.cif,-0.3280784614285364
C:\Users\GED\PycharmProjects\Aixelo_Project_DataLab_2025\data\odac\pristine_CO2\ELIKIU\ELIKIU_w_CO2_1_relaxed.cif,-0.307576350000005
C:\Users\GED\PycharmProjects\Aixelo_Project_DataLab_2025\data\odac\pristine_CO2\ELIKOA\ELIKOA_w_CO2_1_relaxed.cif,0.5432666849999445
C:\Users\GED\PycharmProjects\Aixelo_Project_DataLab_2025\data\odac\pristine_CO2\ELIKUG\ELIKUG_w_CO2_1_relaxed.cif,-0.18831108428575552
C:\Users\GED\PycharmProjects\Aixelo_Project_DataLab_2025\data\odac\pristine_CO2\ELILAN\ELILAN_w_CO2_1_relaxed.cif,-0.19235216428568586
C:\Users\GED\PycharmProjects\Aixelo_Project_DataLab_2025\data\odac\pristine_CO2\ELILER\ELILER_w_CO2_1_relaxed.cif,-0.2421532560000514
C:\Users\GED\PycharmProjects\Aixelo_Project_DataLab_2025\data\odac\pristine_CO2\ELILIV\ELILIV_w_CO2_1_relaxed.cif,-0.25723514571432454
C:\Users\GED\PycharmProjects\Aixelo_Project_DataLab_2025\data\odac\pristine_CO2\ELOGUJ\ELOGUJ_w_CO2_1_relaxed.cif,-0.5100713485712731
C:\Users\GED\PycharmProjects\Aixelo_Project_DataLab_2025\data\odac\pristine_CO2\ELOHOE\ELOHOE_w_CO2_1_relaxed.cif,-0.2523325362495825
C:\Users\GED\PycharmProjects\Aixelo_Project_DataLab_2025\data\odac\pristine_CO2\ELUZES\ELUZES_w_CO2_1_relaxed.cif,-0.4058622149998712
C:\Users\GED\PycharmProjects\Aixelo_Project_DataLab_2025\data\odac\pristine_CO2\EMAGAB\EMAGAB_w_CO2_1_relaxed.cif,-0.3129658642856644
C:\Users\GED\PycharmProjects\Aixelo_Project_DataLab_2025\data\odac\pristine_CO2\EMAPAK\EMAPAK_w_CO2_1_relaxed.cif,-0.3757403140000406
C:\Users\GED\PycharmProjects\Aixelo_Project_DataLab_2025\data\odac\pristine_CO2\EMOFIX\EMOFIX_w_CO2_1_relaxed.cif,-0.39992422428583396
C:\Users\GED\PycharmProjects\Aixelo_Project_DataLab_2025\data\odac\pristine_CO2\EMOHIZ\EMOHIZ_w_CO2_1_relaxed.cif,-0.35997176285728266
C:\Users\GED\PycharmProjects\Aixelo_Project_DataLab_2025\data\odac\pristine_CO2\EMUBIZ\EMUBIZ_w_CO2_1_relaxed.cif,-0.33812206714282766
C:\Users\GED\PycharmProjects\Aixelo_Project_DataLab_2025\data\odac\pristine_CO2\EMUBOF\EMUBOF_w_CO2_1_relaxed.cif,-0.21338878142884302
C:\Users\GED\PycharmProjects\Aixelo_Project_DataLab_2025\data\odac\pristine_CO2\ENANIS\ENANIS_w_CO2_1_relaxed.cif,-0.4384434128570384
C:\Users\GED\PycharmProjects\Aixelo_Project_DataLab_2025\data\odac\pristine_CO2\ENISUQ\ENISUQ_w_CO2_1_relaxed.cif,-0.15715376399996325
C:\Users\GED\PycharmProjects\Aixelo_Project_DataLab_2025\data\odac\pristine_CO2\ENITAX\ENITAX_w_CO2_1_relaxed.cif,-0.10705263249994346
C:\Users\GED\PycharmProjects\Aixelo_Project_DataLab_2025\data\odac\pristine_CO2\ENITEB\ENITEB_w_CO2_1_relaxed.cif,0.03814316999993634
C:\Users\GED\PycharmProjects\Aixelo_Project_DataLab_2025\data\odac\pristine_CO2\ENITIF\ENITIF_w_CO2_1_relaxed.cif,-0.3477032514288437
C:\Users\GED\PycharmProjects\Aixelo_Project_DataLab_2025\data\odac\pristine_CO2\ENITOL\ENITOL_w_CO2_1_relaxed.cif,-0.2524407466659492
C:\Users\GED\PycharmProjects\Aixelo_Project_DataLab_2025\data\odac\pristine_CO2\EPEWAY\EPEWAY_w_CO2_1_relaxed.cif,-0.303819153333355
C:\Users\GED\PycharmProjects\Aixelo_Project_DataLab_2025\data\odac\pristine_CO2\EPEWEC\EPEWEC_w_CO2_1_relaxed.cif,-0.2837730366666544
C:\Users\GED\PycharmProjects\Aixelo_Project_DataLab_2025\data\odac\pristine_CO2\EPISOM\EPISOM_w_CO2_1_relaxed.cif,-0.11093805666685815
C:\Users\GED\PycharmProjects\Aixelo_Project_DataLab_2025\data\odac\pristine_CO2\EPONAA\EPONAA_w_CO2_1_relaxed.cif,-0.2503131899997773
C:\Users\GED\PycharmProjects\Aixelo_Project_DataLab_2025\data\odac\pristine_CO2\EPONEE\EPONEE_w_CO2_1_relaxed.cif,-0.2131327133331903
C:\Users\GED\PycharmProjects\Aixelo_Project_DataLab_2025\data\odac\pristine_CO2\EPOPEG\EPOPEG_w_CO2_1_relaxed.cif,9.080713749999891
C:\Users\GED\PycharmProjects\Aixelo_Project_DataLab_2025\data\odac\pristine_CO2\EPOTAF\EPOTAF_w_CO2_1_relaxed.cif,-0.2827407959999618
C:\Users\GED\PycharmProjects\Aixelo_Project_DataLab_2025\data\odac\pristine_CO2\EPOXAJ\EPOXAJ_w_CO2_2_relaxed.cif,-0.9903905133333902
C:\Users\GED\PycharmProjects\Aixelo_Project_DataLab_2025\data\odac\pristine_CO2\EQERAU\EQERAU_w_CO2_1_relaxed.cif,-0.25320066666688484
C:\Users\GED\PycharmProjects\Aixelo_Project_DataLab_2025\data\odac\pristine_CO2\EQEREY\EQEREY_w_CO2_1_relaxed.cif,-0.47198527333337853
C:\Users\GED\PycharmProjects\Aixelo_Project_DataLab_2025\data\odac\pristine_CO2\EQERIC\EQERIC_w_CO2_1_relaxed.cif,-0.32044793571437175
C:\Users\GED\PycharmProjects\Aixelo_Project_DataLab_2025\data\odac\pristine_CO2\EQETAX\EQETAX_w_CO2_1_relaxed.cif,-0.0949042616666702
C:\Users\GED\PycharmProjects\Aixelo_Project_DataLab_2025\data\odac\pristine_CO2\EQOXIT\EQOXIT_w_CO2_1_relaxed.cif,-0.1797517666664892
C:\Users\GED\PycharmProjects\Aixelo_Project_DataLab_2025\data\odac\pristine_CO2\EQUBUO\EQUBUO_w_CO2_1_relaxed.cif,-0.40087575714304485
C:\Users\GED\PycharmProjects\Aixelo_Project_DataLab_2025\data\odac\pristine_CO2\ERAHOV\ERAHOV_w_CO2_2_relaxed.cif,-0.17876616999990338
C:\Users\GED\PycharmProjects\Aixelo_Project_DataLab_2025\data\odac\pristine_CO2\ERAMER\ERAMER_w_CO2_1_relaxed.cif,-0.4484185299997989
C:\Users\GED\PycharmProjects\Aixelo_Project_DataLab_2025\data\odac\pristine_CO2\EREFEN01_SL\EREFEN01_SL_w_CO2_1_relaxed.cif,-0.3017248899999621
C:\Users\GED\PycharmProjects\Aixelo_Project_DataLab_2025\data\odac\pristine_CO2\EREGOY\EREGOY_w_CO2_1_relaxed.cif,-0.4834238899999491
C:\Users\GED\PycharmProjects\Aixelo_Project_DataLab_2025\data\odac\pristine_CO2\ERELIX\ERELIX_w_CO2_1_relaxed.cif,0.23388651333326982
C:\Users\GED\PycharmProjects\Aixelo_Project_DataLab_2025\data\odac\pristine_CO2\ERIWAF\ERIWAF_w_CO2_1_relaxed.cif,-0.5776058450000315
C:\Users\GED\PycharmProjects\Aixelo_Project_DataLab_2025\data\odac\pristine_CO2\ERUFUS\ERUFUS_w_CO2_1_relaxed.cif,-0.2743404662500168
C:\Users\GED\PycharmProjects\Aixelo_Project_DataLab_2025\data\odac\pristine_CO2\ESANET\ESANET_w_CO2_1_relaxed.cif,-0.5666665233329695
C:\Users\GED\PycharmProjects\Aixelo_Project_DataLab_2025\data\odac\pristine_CO2\ESAROH\ESAROH_w_CO2_1_relaxed.cif,-0.3611877357142085
C:\Users\GED\PycharmProjects\Aixelo_Project_DataLab_2025\data\odac\pristine_CO2\ESARUN\ESARUN_w_CO2_1_relaxed.cif,-0.24903142166681388
C:\Users\GED\PycharmProjects\Aixelo_Project_DataLab_2025\data\odac\pristine_CO2\ESASAU\ESASAU_w_CO2_1_relaxed.cif,-0.15014483999978742
C:\Users\GED\PycharmProjects\Aixelo_Project_DataLab_2025\data\odac\pristine_CO2\ESASEY\ESASEY_w_CO2_1_relaxed.cif,-0.3224320633333188
C:\Users\GED\PycharmProjects\Aixelo_Project_DataLab_2025\data\odac\pristine_CO2\ESEDIQ\ESEDIQ_w_CO2_random_1_relaxed.cif,0.17005112499998626
C:\Users\GED\PycharmProjects\Aixelo_Project_DataLab_2025\data\odac\pristine_CO2\ESEHIV\ESEHIV_w_CO2_random_1_relaxed.cif,0.20324555500002361
C:\Users\GED\PycharmProjects\Aixelo_Project_DataLab_2025\data\odac\pristine_CO2\ESEQUO\ESEQUO_w_CO2_1_relaxed.cif,-0.11129171166668543
C:\Users\GED\PycharmProjects\Aixelo_Project_DataLab_2025\data\odac\pristine_CO2\ESIFET\ESIFET_w_CO2_1_relaxed.cif,-0.40205943599985405
C:\Users\GED\PycharmProjects\Aixelo_Project_DataLab_2025\data\odac\pristine_CO2\ESIGES\ESIGES_w_CO2_1_relaxed.cif,-0.6776555342856422
C:\Users\GED\PycharmProjects\Aixelo_Project_DataLab_2025\data\odac\pristine_CO2\ESIGES01\ESIGES01_w_CO2_1_relaxed.cif,-0.5067813185713865
C:\Users\GED\PycharmProjects\Aixelo_Project_DataLab_2025\data\odac\pristine_CO2\ESIGES02\ESIGES02_w_CO2_1_relaxed.cif,-0.25537250428570646
C:\Users\GED\PycharmProjects\Aixelo_Project_DataLab_2025\data\odac\pristine_CO2\ESIWAF\ESIWAF_w_CO2_1_relaxed.cif,-0.30068204666676795
C:\Users\GED\PycharmProjects\Aixelo_Project_DataLab_2025\data\odac\pristine_CO2\ESURER\ESURER_w_CO2_1_relaxed.cif,-0.15541192500014248
C:\Users\GED\PycharmProjects\Aixelo_Project_DataLab_2025\data\odac\pristine_CO2\ESURER01\ESURER01_w_CO2_1_relaxed.cif,-0.24719500500020777
C:\Users\GED\PycharmProjects\Aixelo_Project_DataLab_2025\data\odac\pristine_CO2\ESURER02\ESURER02_w_CO2_1_relaxed.cif,-0.2639248216666677
C:\Users\GED\PycharmProjects\Aixelo_Project_DataLab_2025\data\odac\pristine_CO2\ESURER04\ESURER04_w_CO2_1_relaxed.cif,-0.05022054833341366
C:\Users\GED\PycharmProjects\Aixelo_Project_DataLab_2025\data\odac\pristine_CO2\ESUSAO01\ESUSAO01_w_CO2_1_relaxed.cif,-0.21843707166669898
C:\Users\GED\PycharmProjects\Aixelo_Project_DataLab_2025\data\odac\pristine_CO2\ESUSIW\ESUSIW_w_CO2_1_relaxed.cif,-0.040120186666778516
C:\Users\GED\PycharmProjects\Aixelo_Project_DataLab_2025\data\odac\pristine_CO2\ESUSOC\ESUSOC_w_CO2_1_relaxed.cif,-0.4557340666665179
C:\Users\GED\PycharmProjects\Aixelo_Project_DataLab_2025\data\odac\pristine_CO2\ESUSOC01\ESUSOC01_w_CO2_1_relaxed.cif,-0.3683767516666497
C:\Users\GED\PycharmProjects\Aixelo_Project_DataLab_2025\data\odac\pristine_CO2\ESUSOC02\ESUSOC02_w_CO2_1_relaxed.cif,-0.17661352999997837
C:\Users\GED\PycharmProjects\Aixelo_Project_DataLab_2025\data\odac\pristine_CO2\ESUTAP\ESUTAP_w_CO2_1_relaxed.cif,-0.059898841666836185
C:\Users\GED\PycharmProjects\Aixelo_Project_DataLab_2025\data\odac\pristine_CO2\ESUVAR\ESUVAR_w_CO2_1_relaxed.cif,-0.3199435599998802
C:\Users\GED\PycharmProjects\Aixelo_Project_DataLab_2025\data\odac\pristine_CO2\ESUVAR01\ESUVAR01_w_CO2_1_relaxed.cif,-0.37985261500002326
C:\Users\GED\PycharmProjects\Aixelo_Project_DataLab_2025\data\odac\pristine_CO2\ESUVOF\ESUVOF_w_CO2_1_relaxed.cif,-0.22191730166669757
C:\Users\GED\PycharmProjects\Aixelo_Project_DataLab_2025\data\odac\pristine_CO2\ETEJIX\ETEJIX_w_CO2_1_relaxed.cif,-0.0811230716667239
C:\Users\GED\PycharmProjects\Aixelo_Project_DataLab_2025\data\odac\pristine_CO2\ETEJIX01\ETEJIX01_w_CO2_1_relaxed.cif,0.03329907374993721
C:\Users\GED\PycharmProjects\Aixelo_Project_DataLab_2025\data\odac\pristine_CO2\ETEJOD\ETEJOD_w_CO2_1_relaxed.cif,-0.26105749571429926
C:\Users\GED\PycharmProjects\Aixelo_Project_DataLab_2025\data\odac\pristine_CO2\ETEJOD01\ETEJOD01_w_CO2_1_relaxed.cif,-0.26287757999998007
C:\Users\GED\PycharmProjects\Aixelo_Project_DataLab_2025\data\odac\pristine_CO2\ETEKAQ\ETEKAQ_w_CO2_1_relaxed.cif,-0.09326122166670332
C:\Users\GED\PycharmProjects\Aixelo_Project_DataLab_2025\data\odac\pristine_CO2\ETEKAQ01_manual\ETEKAQ01_manual_w_CO2_1_relaxed.cif,-0.2734542883333214
C:\Users\GED\PycharmProjects\Aixelo_Project_DataLab_2025\data\odac\pristine_CO2\ETEKEU\ETEKEU_w_CO2_1_relaxed.cif,-0.22644409600005697
C:\Users\GED\PycharmProjects\Aixelo_Project_DataLab_2025\data\odac\pristine_CO2\ETEQUQ\ETEQUQ_w_CO2_1_relaxed.cif,0.7509940350000951
C:\Users\GED\PycharmProjects\Aixelo_Project_DataLab_2025\data\odac\pristine_CO2\ETESIG\ETESIG_w_CO2_1_relaxed.cif,0.118125047142647
C:\Users\GED\PycharmProjects\Aixelo_Project_DataLab_2025\data\odac\pristine_CO2\ETEXEI\ETEXEI_w_CO2_1_relaxed.cif,-0.04363989499991774
C:\Users\GED\PycharmProjects\Aixelo_Project_DataLab_2025\data\odac\pristine_CO2\ETEXEI01\ETEXEI01_w_CO2_1_relaxed.cif,-0.3022550333332105
C:\Users\GED\PycharmProjects\Aixelo_Project_DataLab_2025\data\odac\pristine_CO2\ETUWEW\ETUWEW_w_CO2_1_relaxed.cif,-0.3805950799999777
C:\Users\GED\PycharmProjects\Aixelo_Project_DataLab_2025\data\odac\pristine_CO2\ETUXEW\ETUXEW_w_CO2_1_relaxed.cif,-0.41260078833329317
C:\Users\GED\PycharmProjects\Aixelo_Project_DataLab_2025\data\odac\pristine_CO2\EVEGOB\EVEGOB_w_CO2_1_relaxed.cif,-0.6386733049999975
C:\Users\GED\PycharmProjects\Aixelo_Project_DataLab_2025\data\odac\pristine_CO2\EVEGUH\EVEGUH_w_CO2_1_relaxed.cif,-0.38477545499991567
C:\Users\GED\PycharmProjects\Aixelo_Project_DataLab_2025\data\odac\pristine_CO2\EVIMUT\EVIMUT_w_CO2_1_relaxed.cif,0.09304578666668321
C:\Users\GED\PycharmProjects\Aixelo_Project_DataLab_2025\data\odac\pristine_CO2\EVUDAA\EVUDAA_w_CO2_1_relaxed.cif,-0.2425765066666751
C:\Users\GED\PycharmProjects\Aixelo_Project_DataLab_2025\data\odac\pristine_CO2\EVUPOC\EVUPOC_w_CO2_1_relaxed.cif,0.2646992350000801
C:\Users\GED\PycharmProjects\Aixelo_Project_DataLab_2025\data\odac\pristine_CO2\EVUQOC\EVUQOC_w_CO2_random_1_relaxed.cif,0.5309280899999749
C:\Users\GED\PycharmProjects\Aixelo_Project_DataLab_2025\data\odac\pristine_CO2\EVUQUI\EVUQUI_w_CO2_1_relaxed.cif,-0.4644708785714085
C:\Users\GED\PycharmProjects\Aixelo_Project_DataLab_2025\data\odac\pristine_CO2\EVURAP\EVURAP_w_CO2_1_relaxed.cif,-0.3846768162500638
C:\Users\GED\PycharmProjects\Aixelo_Project_DataLab_2025\data\odac\pristine_CO2\EWASIG\EWASIG_w_CO2_1_relaxed.cif,-0.21172781666671384
C:\Users\GED\PycharmProjects\Aixelo_Project_DataLab_2025\data\odac\pristine_CO2\EWASIG01\EWASIG01_w_CO2_1_relaxed.cif,2.847329603999981
C:\Users\GED\PycharmProjects\Aixelo_Project_DataLab_2025\data\odac\pristine_CO2\EWECOY\EWECOY_w_CO2_1_relaxed.cif,-0.15928914400024038
C:\Users\GED\PycharmProjects\Aixelo_Project_DataLab_2025\data\odac\pristine_CO2\EWETUW\EWETUW_w_CO2_1_relaxed.cif,-0.17373069124995763
C:\Users\GED\PycharmProjects\Aixelo_Project_DataLab_2025\data\odac\pristine_CO2\EWEWUZ_charged\EWEWUZ_charged_w_CO2_1_relaxed.cif,-0.2423942285715189
C:\Users\GED\PycharmProjects\Aixelo_Project_DataLab_2025\data\odac\pristine_CO2\EWIMIH_charged\EWIMIH_charged_w_CO2_1_relaxed.cif,-0.34048679499998497
C:\Users\GED\PycharmProjects\Aixelo_Project_DataLab_2025\data\odac\pristine_CO2\EWIPIL\EWIPIL_w_CO2_1_relaxed.cif,-0.2611111114286554
C:\Users\GED\PycharmProjects\Aixelo_Project_DataLab_2025\data\odac\pristine_CO2\EWUCOP\EWUCOP_w_CO2_1_relaxed.cif,-0.29412190333325344
C:\Users\GED\PycharmProjects\Aixelo_Project_DataLab_2025\data\odac\pristine_CO2\EWUGEK\EWUGEK_w_CO2_1_relaxed.cif,-0.37475157125004444
C:\Users\GED\PycharmProjects\Aixelo_Project_DataLab_2025\data\odac\pristine_CO2\EWUKIS\EWUKIS_w_CO2_1_relaxed.cif,-0.277370262000295
C:\Users\GED\PycharmProjects\Aixelo_Project_DataLab_2025\data\odac\pristine_CO2\EWUTEW\EWUTEW_w_CO2_4_relaxed.cif,-0.3109438000001319
C:\Users\GED\PycharmProjects\Aixelo_Project_DataLab_2025\data\odac\pristine_CO2\EXALAR\EXALAR_w_CO2_1_relaxed.cif,-0.7119780960002118
C:\Users\GED\PycharmProjects\Aixelo_Project_DataLab_2025\data\odac\pristine_CO2\EXALIZ\EXALIZ_w_CO2_1_relaxed.cif,-0.22288547500018763
C:\Users\GED\PycharmProjects\Aixelo_Project_DataLab_2025\data\odac\pristine_CO2\EXAPEA\EXAPEA_w_CO2_1_relaxed.cif,-0.3849922312499387
C:\Users\GED\PycharmProjects\Aixelo_Project_DataLab_2025\data\odac\pristine_CO2\EXAXAE\EXAXAE_w_CO2_1_relaxed.cif,-0.29558019285712234
C:\Users\GED\PycharmProjects\Aixelo_Project_DataLab_2025\data\odac\pristine_CO2\EXAXAE01\EXAXAE01_w_CO2_1_relaxed.cif,-0.35318242714286685
C:\Users\GED\PycharmProjects\Aixelo_Project_DataLab_2025\data\odac\pristine_CO2\EXEMUR\EXEMUR_w_CO2_1_relaxed.cif,-0.08543025142879349
C:\Users\GED\PycharmProjects\Aixelo_Project_DataLab_2025\data\odac\pristine_CO2\EXENAX\EXENAX_w_CO2_random_1_relaxed.cif,-0.17419815999994626
C:\Users\GED\PycharmProjects\Aixelo_Project_DataLab_2025\data\odac\pristine_CO2\EXEQAA\EXEQAA_w_CO2_1_relaxed.cif,-0.35509718666662593
C:\Users\GED\PycharmProjects\Aixelo_Project_DataLab_2025\data\odac\pristine_CO2\EXEQII_SL\EXEQII_SL_w_CO2_1_relaxed.cif,-0.2505702616665909
C:\Users\GED\PycharmProjects\Aixelo_Project_DataLab_2025\data\odac\pristine_CO2\EXEXAH\EXEXAH_w_CO2_1_relaxed.cif,-0.24086954000000557
C:\Users\GED\PycharmProjects\Aixelo_Project_DataLab_2025\data\odac\pristine_CO2\EXOTUH_SL\EXOTUH_SL_w_CO2_1_relaxed.cif,-0.11943187333326931
C:\Users\GED\PycharmProjects\Aixelo_Project_DataLab_2025\data\odac\pristine_CO2\EXOZIB\EXOZIB_w_CO2_1_relaxed.cif,-0.33722407333325083
C:\Users\GED\PycharmProjects\Aixelo_Project_DataLab_2025\data\odac\pristine_CO2\EXUHEM\EXUHEM_w_CO2_1_relaxed.cif,-0.18506453666661093
C:\Users\GED\PycharmProjects\Aixelo_Project_DataLab_2025\data\odac\pristine_CO2\EZABEN\EZABEN_w_CO2_1_relaxed.cif,-0.2894328771428637
C:\Users\GED\PycharmProjects\Aixelo_Project_DataLab_2025\data\odac\pristine_CO2\EZEQEH\EZEQEH_w_CO2_1_relaxed.cif,-0.37570783714272693
C:\Users\GED\PycharmProjects\Aixelo_Project_DataLab_2025\data\odac\pristine_CO2\EZEQIL\EZEQIL_w_CO2_1_relaxed.cif,-0.3176125616668438
C:\Users\GED\PycharmProjects\Aixelo_Project_DataLab_2025\data\odac\pristine_CO2\EZEQUX\EZEQUX_w_CO2_1_relaxed.cif,-0.34411813857153506
C:\Users\GED\PycharmProjects\Aixelo_Project_DataLab_2025\data\odac\pristine_CO2\EZESAF\EZESAF_w_CO2_2_relaxed.cif,-0.35844296499991896
C:\Users\GED\PycharmProjects\Aixelo_Project_DataLab_2025\data\odac\pristine_CO2\EZITUE\EZITUE_w_CO2_1_relaxed.cif,-0.4191787400001366
C:\Users\GED\PycharmProjects\Aixelo_Project_DataLab_2025\data\odac\pristine_CO2\EZIVAM\EZIVAM_w_CO2_1_relaxed.cif,-0.39656543571416997
C:\Users\GED\PycharmProjects\Aixelo_Project_DataLab_2025\data\odac\pristine_CO2\EZOFEF\EZOFEF_w_CO2_1_relaxed.cif,0.6205697899999579
C:\Users\GED\PycharmProjects\Aixelo_Project_DataLab_2025\data\odac\pristine_CO2\EZUCIM\EZUCIM_w_CO2_1_relaxed.cif,-0.36418757166662385
C:\Users\GED\PycharmProjects\Aixelo_Project_DataLab_2025\data\odac\pristine_CO2\EZULAO\EZULAO_w_CO2_1_relaxed.cif,-0.35035931750005034
C:\Users\GED\PycharmProjects\Aixelo_Project_DataLab_2025\data\odac\pristine_CO2\FABGUM\FABGUM_w_CO2_1_relaxed.cif,-0.2607936280000331
C:\Users\GED\PycharmProjects\Aixelo_Project_DataLab_2025\data\odac\pristine_CO2\FAFMAC\FAFMAC_w_CO2_1_relaxed.cif,-0.09324420599996304
C:\Users\GED\PycharmProjects\Aixelo_Project_DataLab_2025\data\odac\pristine_CO2\FAGQAI\FAGQAI_w_CO2_1_relaxed.cif,-0.6756767479996597
C:\Users\GED\PycharmProjects\Aixelo_Project_DataLab_2025\data\odac\pristine_CO2\FAGREM\FAGREM_w_CO2_1_relaxed.cif,-0.0918925200000103
C:\Users\GED\PycharmProjects\Aixelo_Project_DataLab_2025\data\odac\pristine_CO2\FAGXIX\FAGXIX_w_CO2_1_relaxed.cif,-0.5024046837499441
C:\Users\GED\PycharmProjects\Aixelo_Project_DataLab_2025\data\odac\pristine_CO2\FAHPOV\FAHPOV_w_CO2_1_relaxed.cif,-0.4110927499996251
C:\Users\GED\PycharmProjects\Aixelo_Project_DataLab_2025\data\odac\pristine_CO2\FAKLIO\FAKLIO_w_CO2_1_relaxed.cif,0.040601235999986295
C:\Users\GED\PycharmProjects\Aixelo_Project_DataLab_2025\data\odac\pristine_CO2\FAKLOU\FAKLOU_w_CO2_1_relaxed.cif,-0.2177774079999722
C:\Users\GED\PycharmProjects\Aixelo_Project_DataLab_2025\data\odac\pristine_CO2\FAKLUA\FAKLUA_w_CO2_1_relaxed.cif,-0.21435508000002979
C:\Users\GED\PycharmProjects\Aixelo_Project_DataLab_2025\data\odac\pristine_CO2\FAKMAH\FAKMAH_w_CO2_1_relaxed.cif,0.493316152000034
C:\Users\GED\PycharmProjects\Aixelo_Project_DataLab_2025\data\odac\pristine_CO2\FAKNIR\FAKNIR_w_CO2_1_relaxed.cif,-0.41305949285726584
C:\Users\GED\PycharmProjects\Aixelo_Project_DataLab_2025\data\odac\pristine_CO2\FALDAA\FALDAA_w_CO2_1_relaxed.cif,-0.309141301666538
C:\Users\GED\PycharmProjects\Aixelo_Project_DataLab_2025\data\odac\pristine_CO2\FALLOT\FALLOT_w_CO2_random_1_relaxed.cif,-0.27252025499996074
C:\Users\GED\PycharmProjects\Aixelo_Project_DataLab_2025\data\odac\pristine_CO2\FALPOY\FALPOY_w_CO2_1_relaxed.cif,0.7548752675000401
C:\Users\GED\PycharmProjects\Aixelo_Project_DataLab_2025\data\odac\pristine_CO2\FALZAU\FALZAU_w_CO2_1_relaxed.cif,-0.24761746111103852
C:\Users\GED\PycharmProjects\Aixelo_Project_DataLab_2025\data\odac\pristine_CO2\FAMHAE\FAMHAE_w_CO2_1_relaxed.cif,-0.5379292887500355
C:\Users\GED\PycharmProjects\Aixelo_Project_DataLab_2025\data\odac\pristine_CO2\FAMHAE01\FAMHAE01_w_CO2_1_relaxed.cif,-0.4179830575000594
C:\Users\GED\PycharmProjects\Aixelo_Project_DataLab_2025\data\odac\pristine_CO2\FAMPUH\FAMPUH_w_CO2_1_relaxed.cif,-0.11057624000000033
C:\Users\GED\PycharmProjects\Aixelo_Project_DataLab_2025\data\odac\pristine_CO2\FAMQAO\FAMQAO_w_CO2_1_relaxed.cif,-0.05677618399986384
C:\Users\GED\PycharmProjects\Aixelo_Project_DataLab_2025\data\odac\pristine_CO2\FAMQES\FAMQES_w_CO2_1_relaxed.cif,-0.21997055999963777
C:\Users\GED\PycharmProjects\Aixelo_Project_DataLab_2025\data\odac\pristine_CO2\FANCOP\FANCOP_w_CO2_1_relaxed.cif,-0.28280300624997773
C:\Users\GED\PycharmProjects\Aixelo_Project_DataLab_2025\data\odac\pristine_CO2\FANDEG\FANDEG_w_CO2_1_relaxed.cif,-0.21917672714289435
C:\Users\GED\PycharmProjects\Aixelo_Project_DataLab_2025\data\odac\pristine_CO2\FANQER\FANQER_w_CO2_1_relaxed.cif,-0.39468176166673175
C:\Users\GED\PycharmProjects\Aixelo_Project_DataLab_2025\data\odac\pristine_CO2\FAPXEC\FAPXEC_w_CO2_1_relaxed.cif,-0.3513841950001506
C:\Users\GED\PycharmProjects\Aixelo_Project_DataLab_2025\data\odac\pristine_CO2\FAPXIG\FAPXIG_w_CO2_1_relaxed.cif,-0.21266290833333792
C:\Users\GED\PycharmProjects\Aixelo_Project_DataLab_2025\data\odac\pristine_CO2\FAPXOM\FAPXOM_w_CO2_1_relaxed.cif,-0.2334811600000345
C:\Users\GED\PycharmProjects\Aixelo_Project_DataLab_2025\data\odac\pristine_CO2\FAQGEL\FAQGEL_w_CO2_1_relaxed.cif,0.10267277777759566
C:\Users\GED\PycharmProjects\Aixelo_Project_DataLab_2025\data\odac\pristine_CO2\FAQGIP\FAQGIP_w_CO2_1_relaxed.cif,-0.3151550487500572
C:\Users\GED\PycharmProjects\Aixelo_Project_DataLab_2025\data\odac\pristine_CO2\FAQLUH\FAQLUH_w_CO2_1_relaxed.cif,-0.26824781499980566
C:\Users\GED\PycharmProjects\Aixelo_Project_DataLab_2025\data\odac\pristine_CO2\FAQYUR\FAQYUR_w_CO2_1_relaxed.cif,-0.3651478600000169
C:\Users\GED\PycharmProjects\Aixelo_Project_DataLab_2025\data\odac\pristine_CO2\FARFIO\FARFIO_w_CO2_1_relaxed.cif,-0.2615606039999875
C:\Users\GED\PycharmProjects\Aixelo_Project_DataLab_2025\data\odac\pristine_CO2\FARFOU\FARFOU_w_CO2_1_relaxed.cif,-0.26389613199935413
C:\Users\GED\PycharmProjects\Aixelo_Project_DataLab_2025\data\odac\pristine_CO2\FARFUA\FARFUA_w_CO2_1_relaxed.cif,-0.30061251800016175
C:\Users\GED\PycharmProjects\Aixelo_Project_DataLab_2025\data\odac\pristine_CO2\FASFOX\FASFOX_w_CO2_1_relaxed.cif,-0.46752427749999015
C:\Users\GED\PycharmProjects\Aixelo_Project_DataLab_2025\data\odac\pristine_CO2\FASFUD\FASFUD_w_CO2_1_relaxed.cif,0.33272689374993547
C:\Users\GED\PycharmProjects\Aixelo_Project_DataLab_2025\data\odac\pristine_CO2\FASHAK\FASHAK_w_CO2_random_1_relaxed.cif,0.13423639000018278
C:\Users\GED\PycharmProjects\Aixelo_Project_DataLab_2025\data\odac\pristine_CO2\FASHOX\FASHOX_w_CO2_5_relaxed.cif,-1.9533607000000188
C:\Users\GED\PycharmProjects\Aixelo_Project_DataLab_2025\data\odac\pristine_CO2\FASVIH\FASVIH_w_CO2_1_relaxed.cif,-0.32249668833336875
C:\Users\GED\PycharmProjects\Aixelo_Project_DataLab_2025\data\odac\pristine_CO2\FATKAO\FATKAO_w_CO2_1_relaxed.cif,-0.2733475033333737
C:\Users\GED\PycharmProjects\Aixelo_Project_DataLab_2025\data\odac\pristine_CO2\FATKIW\FATKIW_w_CO2_1_relaxed.cif,-0.3957126357145171
C:\Users\GED\PycharmProjects\Aixelo_Project_DataLab_2025\data\odac\pristine_CO2\FATKUI\FATKUI_w_CO2_1_relaxed.cif,-0.5347262716667274
C:\Users\GED\PycharmProjects\Aixelo_Project_DataLab_2025\data\odac\pristine_CO2\FATLUJ\FATLUJ_w_CO2_1_relaxed.cif,-0.3044193566665285
C:\Users\GED\PycharmProjects\Aixelo_Project_DataLab_2025\data\odac\pristine_CO2\FATVOM\FATVOM_w_CO2_random_1_relaxed.cif,0.9355407599999808
C:\Users\GED\PycharmProjects\Aixelo_Project_DataLab_2025\data\odac\pristine_CO2\FAVGIV\FAVGIV_w_CO2_1_relaxed.cif,-0.41527816714269
C:\Users\GED\PycharmProjects\Aixelo_Project_DataLab_2025\data\odac\pristine_CO2\FAVGOB\FAVGOB_w_CO2_1_relaxed.cif,0.08096499428575037
C:\Users\GED\PycharmProjects\Aixelo_Project_DataLab_2025\data\odac\pristine_CO2\FAVGUH\FAVGUH_w_CO2_1_relaxed.cif,-0.36998753833322934
C:\Users\GED\PycharmProjects\Aixelo_Project_DataLab_2025\data\odac\pristine_CO2\FAVHAO\FAVHAO_w_CO2_1_relaxed.cif,-0.344631171999913
C:\Users\GED\PycharmProjects\Aixelo_Project_DataLab_2025\data\odac\pristine_CO2\FAVHES\FAVHES_w_CO2_1_relaxed.cif,-0.3029874449999662
C:\Users\GED\PycharmProjects\Aixelo_Project_DataLab_2025\data\odac\pristine_CO2\FAVHIW\FAVHIW_w_CO2_1_relaxed.cif,-0.33986755999993484
C:\Users\GED\PycharmProjects\Aixelo_Project_DataLab_2025\data\odac\pristine_CO2\FAVKAP\FAVKAP_w_CO2_1_relaxed.cif,-0.18531389750003766
C:\Users\GED\PycharmProjects\Aixelo_Project_DataLab_2025\data\odac\pristine_CO2\FAWCEN01_SL\FAWCEN01_SL_w_CO2_1_relaxed.cif,-0.23338775999997097
C:\Users\GED\PycharmProjects\Aixelo_Project_DataLab_2025\data\odac\pristine_CO2\FAWCEN02_SL\FAWCEN02_SL_w_CO2_1_relaxed.cif,-0.21209576749998854
C:\Users\GED\PycharmProjects\Aixelo_Project_DataLab_2025\data\odac\pristine_CO2\FAYPIG\FAYPIG_w_CO2_1_relaxed.cif,-0.26378261857118035
C:\Users\GED\PycharmProjects\Aixelo_Project_DataLab_2025\data\odac\pristine_CO2\FAYPOM\FAYPOM_w_CO2_1_relaxed.cif,-0.3278385633331406
C:\Users\GED\PycharmProjects\Aixelo_Project_DataLab_2025\data\odac\pristine_CO2\FAZPED\FAZPED_w_CO2_1_relaxed.cif,-0.08706191166667543
C:\Users\GED\PycharmProjects\Aixelo_Project_DataLab_2025\data\odac\pristine_CO2\FAZRAA_charged\FAZRAA_charged_w_CO2_1_relaxed.cif,-0.32333505500002957
C:\Users\GED\PycharmProjects\Aixelo_Project_DataLab_2025\data\odac\pristine_CO2\FAZZEM\FAZZEM_w_CO2_1_relaxed.cif,-0.18990089333332583
C:\Users\GED\PycharmProjects\Aixelo_Project_DataLab_2025\data\odac\pristine_CO2\FEBPUY\FEBPUY_w_CO2_1_relaxed.cif,0.8182828812498144
C:\Users\GED\PycharmProjects\Aixelo_Project_DataLab_2025\data\odac\pristine_CO2\FECCIZ\FECCIZ_w_CO2_1_relaxed.cif,-0.3675658910000038
C:\Users\GED\PycharmProjects\Aixelo_Project_DataLab_2025\data\odac\pristine_CO2\FECKAA\FECKAA_w_CO2_1_relaxed.cif,-0.6301833928571341
C:\Users\GED\PycharmProjects\Aixelo_Project_DataLab_2025\data\odac\pristine_CO2\FECXAO\FECXAO_w_CO2_1_relaxed.cif,-0.2595680333333803
C:\Users\GED\PycharmProjects\Aixelo_Project_DataLab_2025\data\odac\pristine_CO2\FECXES\FECXES_w_CO2_1_relaxed.cif,-0.5177617142856304
C:\Users\GED\PycharmProjects\Aixelo_Project_DataLab_2025\data\odac\pristine_CO2\FECYIX\FECYIX_w_CO2_1_relaxed.cif,-0.40357977625003366
C:\Users\GED\PycharmProjects\Aixelo_Project_DataLab_2025\data\odac\pristine_CO2\FECYUJ\FECYUJ_w_CO2_1_relaxed.cif,-0.21695365285713053
C:\Users\GED\PycharmProjects\Aixelo_Project_DataLab_2025\data\odac\pristine_CO2\FECZAQ_manual\FECZAQ_manual_w_CO2_1_relaxed.cif,-0.22739443571422915
C:\Users\GED\PycharmProjects\Aixelo_Project_DataLab_2025\data\odac\pristine_CO2\FEDJUU_charged\FEDJUU_charged_w_CO2_1_relaxed.cif,0.047192553333313035
C:\Users\GED\PycharmProjects\Aixelo_Project_DataLab_2025\data\odac\pristine_CO2\FEFCUQ\FEFCUQ_w_CO2_1_relaxed.cif,-0.26386781666671294
C:\Users\GED\PycharmProjects\Aixelo_Project_DataLab_2025\data\odac\pristine_CO2\FEFDAX\FEFDAX_w_CO2_1_relaxed.cif,-0.32865603666670035
C:\Users\GED\PycharmProjects\Aixelo_Project_DataLab_2025\data\odac\pristine_CO2\FEFDEB_manual\FEFDEB_manual_w_CO2_1_relaxed.cif,-0.2822529459999941
C:\Users\GED\PycharmProjects\Aixelo_Project_DataLab_2025\data\odac\pristine_CO2\FEFZOF\FEFZOF_w_CO2_1_relaxed.cif,-0.38352592000004887
C:\Users\GED\PycharmProjects\Aixelo_Project_DataLab_2025\data\odac\pristine_CO2\FEGNIQ\FEGNIQ_w_CO2_1_relaxed.cif,0.07111159666669666
C:\Users\GED\PycharmProjects\Aixelo_Project_DataLab_2025\data\odac\pristine_CO2\FEHCIG_manual\FEHCIG_manual_w_CO2_1_relaxed.cif,-0.8465169416667399
C:\Users\GED\PycharmProjects\Aixelo_Project_DataLab_2025\data\odac\pristine_CO2\FEJDII\FEJDII_w_CO2_1_relaxed.cif,-0.2407145900000197
C:\Users\GED\PycharmProjects\Aixelo_Project_DataLab_2025\data\odac\pristine_CO2\FEJDII01\FEJDII01_w_CO2_1_relaxed.cif,-0.16240816666658014
C:\Users\GED\PycharmProjects\Aixelo_Project_DataLab_2025\data\odac\pristine_CO2\FENROG\FENROG_w_CO2_1_relaxed.cif,-0.20378504250003004
C:\Users\GED\PycharmProjects\Aixelo_Project_DataLab_2025\data\odac\pristine_CO2\FENVOL_charged\FENVOL_charged_w_CO2_1_relaxed.cif,-0.43429833833321635
C:\Users\GED\PycharmProjects\Aixelo_Project_DataLab_2025\data\odac\pristine_CO2\FEQSIF\FEQSIF_w_CO2_1_relaxed.cif,-0.24408110833337557
C:\Users\GED\PycharmProjects\Aixelo_Project_DataLab_2025\data\odac\pristine_CO2\FERHAN\FERHAN_w_CO2_1_relaxed.cif,-0.31787201142859495
C:\Users\GED\PycharmProjects\Aixelo_Project_DataLab_2025\data\odac\pristine_CO2\FERVEF\FERVEF_w_CO2_1_relaxed.cif,-0.43991989333305054
C:\Users\GED\PycharmProjects\Aixelo_Project_DataLab_2025\data\odac\pristine_CO2\FERVIJ\FERVIJ_w_CO2_1_relaxed.cif,0.10615433166668704
C:\Users\GED\PycharmProjects\Aixelo_Project_DataLab_2025\data\odac\pristine_CO2\FERVUV\FERVUV_w_CO2_1_relaxed.cif,0.395310799999758
C:\Users\GED\PycharmProjects\Aixelo_Project_DataLab_2025\data\odac\pristine_CO2\FERWAC\FERWAC_w_CO2_1_relaxed.cif,0.06643405833330006
C:\Users\GED\PycharmProjects\Aixelo_Project_DataLab_2025\data\odac\pristine_CO2\FESTUT\FESTUT_w_CO2_1_relaxed.cif,-0.30708371285714164
C:\Users\GED\PycharmProjects\Aixelo_Project_DataLab_2025\data\odac\pristine_CO2\FEVVIM_charged\FEVVIM_charged_w_CO2_1_relaxed.cif,-0.2962774750000107
C:\Users\GED\PycharmProjects\Aixelo_Project_DataLab_2025\data\odac\pristine_CO2\FEWGUL\FEWGUL_w_CO2_1_relaxed.cif,-0.48205501857143773
C:\Users\GED\PycharmProjects\Aixelo_Project_DataLab_2025\data\odac\pristine_CO2\FEWQOP\FEWQOP_w_CO2_1_relaxed.cif,-0.33624904000002215
C:\Users\GED\PycharmProjects\Aixelo_Project_DataLab_2025\data\odac\pristine_CO2\FEYJOJ\FEYJOJ_w_CO2_1_relaxed.cif,-0.542160411999862
C:\Users\GED\PycharmProjects\Aixelo_Project_DataLab_2025\data\odac\pristine_CO2\FEYQIK\FEYQIK_w_CO2_1_relaxed.cif,-0.20041696000006937
C:\Users\GED\PycharmProjects\Aixelo_Project_DataLab_2025\data\odac\pristine_CO2\FEZQEI\FEZQEI_w_CO2_1_relaxed.cif,-0.01928850600006626
C:\Users\GED\PycharmProjects\Aixelo_Project_DataLab_2025\data\odac\pristine_CO2\FEZREJ\FEZREJ_w_CO2_1_relaxed.cif,-0.44785347000007886
C:\Users\GED\PycharmProjects\Aixelo_Project_DataLab_2025\data\odac\pristine_CO2\FEZTIP\FEZTIP_w_CO2_1_relaxed.cif,-0.2896100783332637
C:\Users\GED\PycharmProjects\Aixelo_Project_DataLab_2025\data\odac\pristine_CO2\FIBHIJ\FIBHIJ_w_CO2_1_relaxed.cif,-0.2088213816666287
C:\Users\GED\PycharmProjects\Aixelo_Project_DataLab_2025\data\odac\pristine_CO2\FIFNUE\FIFNUE_w_CO2_random_1_relaxed.cif,0.2510475599999608
C:\Users\GED\PycharmProjects\Aixelo_Project_DataLab_2025\data\odac\pristine_CO2\FIFPAM\FIFPAM_w_CO2_random_1_relaxed.cif,0.4121967799999595
C:\Users\GED\PycharmProjects\Aixelo_Project_DataLab_2025\data\odac\pristine_CO2\FIHFAF\FIHFAF_w_CO2_1_relaxed.cif,-0.1693438833332455
C:\Users\GED\PycharmProjects\Aixelo_Project_DataLab_2025\data\odac\pristine_CO2\FIJCUX\FIJCUX_w_CO2_1_relaxed.cif,-0.21825814333340074
C:\Users\GED\PycharmProjects\Aixelo_Project_DataLab_2025\data\odac\pristine_CO2\FIJCUX01\FIJCUX01_w_CO2_1_relaxed.cif,-0.19242179600018966
C:\Users\GED\PycharmProjects\Aixelo_Project_DataLab_2025\data\odac\pristine_CO2\FIJDEI\FIJDEI_w_CO2_1_relaxed.cif,-0.30502954125006454
C:\Users\GED\PycharmProjects\Aixelo_Project_DataLab_2025\data\odac\pristine_CO2\FIJDIM\FIJDIM_w_CO2_1_relaxed.cif,-0.26896995666665663
C:\Users\GED\PycharmProjects\Aixelo_Project_DataLab_2025\data\odac\pristine_CO2\FIJDIM01\FIJDIM01_w_CO2_1_relaxed.cif,0.5058486180000955
C:\Users\GED\PycharmProjects\Aixelo_Project_DataLab_2025\data\odac\pristine_CO2\FIJDIM02\FIJDIM02_w_CO2_1_relaxed.cif,-0.2608498233332928
C:\Users\GED\PycharmProjects\Aixelo_Project_DataLab_2025\data\odac\pristine_CO2\FIJDIM03\FIJDIM03_w_CO2_1_relaxed.cif,0.028452701666651592
C:\Users\GED\PycharmProjects\Aixelo_Project_DataLab_2025\data\odac\pristine_CO2\FIJDIM04\FIJDIM04_w_CO2_1_relaxed.cif,-0.2828883949999863
C:\Users\GED\PycharmProjects\Aixelo_Project_DataLab_2025\data\odac\pristine_CO2\FIJDIM05\FIJDIM05_w_CO2_1_relaxed.cif,0.12581692000010208
C:\Users\GED\PycharmProjects\Aixelo_Project_DataLab_2025\data\odac\pristine_CO2\FIJDIM06\FIJDIM06_w_CO2_1_relaxed.cif,0.04401221499995248
C:\Users\GED\PycharmProjects\Aixelo_Project_DataLab_2025\data\odac\pristine_CO2\FIJDIM07\FIJDIM07_w_CO2_1_relaxed.cif,0.09809739800002722
C:\Users\GED\PycharmProjects\Aixelo_Project_DataLab_2025\data\odac\pristine_CO2\FIJDIM08\FIJDIM08_w_CO2_1_relaxed.cif,-0.256615805999877
C:\Users\GED\PycharmProjects\Aixelo_Project_DataLab_2025\data\odac\pristine_CO2\FIJDIM09\FIJDIM09_w_CO2_1_relaxed.cif,-0.3186321159999579
C:\Users\GED\PycharmProjects\Aixelo_Project_DataLab_2025\data\odac\pristine_CO2\FIJDIM10\FIJDIM10_w_CO2_1_relaxed.cif,-0.3163575200000196
C:\Users\GED\PycharmProjects\Aixelo_Project_DataLab_2025\data\odac\pristine_CO2\FIJDIM12\FIJDIM12_w_CO2_2_relaxed.cif,0.1971263560001262
C:\Users\GED\PycharmProjects\Aixelo_Project_DataLab_2025\data\odac\pristine_CO2\FIJDOS\FIJDOS_w_CO2_1_relaxed.cif,-0.2805862560000377
C:\Users\GED\PycharmProjects\Aixelo_Project_DataLab_2025\data\odac\pristine_CO2\FIJFEK_manual\FIJFEK_manual_w_CO2_1_relaxed.cif,-0.2368107316666699
C:\Users\GED\PycharmProjects\Aixelo_Project_DataLab_2025\data\odac\pristine_CO2\FIJFOU\FIJFOU_w_CO2_1_relaxed.cif,-0.2670700571427947
C:\Users\GED\PycharmProjects\Aixelo_Project_DataLab_2025\data\odac\pristine_CO2\FIJFUA\FIJFUA_w_CO2_1_relaxed.cif,-0.3382656585715072
C:\Users\GED\PycharmProjects\Aixelo_Project_DataLab_2025\data\odac\pristine_CO2\FIJXUR\FIJXUR_w_CO2_1_relaxed.cif,0.23681285800021215
C:\Users\GED\PycharmProjects\Aixelo_Project_DataLab_2025\data\odac\pristine_CO2\FIJYED\FIJYED_w_CO2_1_relaxed.cif,-0.4980536322222709
C:\Users\GED\PycharmProjects\Aixelo_Project_DataLab_2025\data\odac\pristine_CO2\FIJZEE\FIJZEE_w_CO2_1_relaxed.cif,-0.24227981374997395
C:\Users\GED\PycharmProjects\Aixelo_Project_DataLab_2025\data\odac\pristine_CO2\FIMNIA\FIMNIA_w_CO2_1_relaxed.cif,-0.10401815500010038
C:\Users\GED\PycharmProjects\Aixelo_Project_DataLab_2025\data\odac\pristine_CO2\FIMXUW\FIMXUW_w_CO2_1_relaxed.cif,-0.4655402866666236
C:\Users\GED\PycharmProjects\Aixelo_Project_DataLab_2025\data\odac\pristine_CO2\FINQOK\FINQOK_w_CO2_1_relaxed.cif,-0.24441733399989968
C:\Users\GED\PycharmProjects\Aixelo_Project_DataLab_2025\data\odac\pristine_CO2\FINQUQ\FINQUQ_w_CO2_1_relaxed.cif,-0.22818572750003335
C:\Users\GED\PycharmProjects\Aixelo_Project_DataLab_2025\data\odac\pristine_CO2\FIPJAR\FIPJAR_w_CO2_1_relaxed.cif,-0.28804146166670347
C:\Users\GED\PycharmProjects\Aixelo_Project_DataLab_2025\data\odac\pristine_CO2\FIPJEV\FIPJEV_w_CO2_1_relaxed.cif,0.6216750614284398
C:\Users\GED\PycharmProjects\Aixelo_Project_DataLab_2025\data\odac\pristine_CO2\FIPKOG\FIPKOG_w_CO2_1_relaxed.cif,-0.18623865499987832
C:\Users\GED\PycharmProjects\Aixelo_Project_DataLab_2025\data\odac\pristine_CO2\FIPKOG01\FIPKOG01_w_CO2_1_relaxed.cif,-0.17546599166657487
C:\Users\GED\PycharmProjects\Aixelo_Project_DataLab_2025\data\odac\pristine_CO2\FIPKUM\FIPKUM_w_CO2_1_relaxed.cif,-0.15704074000001353
C:\Users\GED\PycharmProjects\Aixelo_Project_DataLab_2025\data\odac\pristine_CO2\FIPWOS\FIPWOS_w_CO2_1_relaxed.cif,-0.3657534214285891
C:\Users\GED\PycharmProjects\Aixelo_Project_DataLab_2025\data\odac\pristine_CO2\FIPWUY\FIPWUY_w_CO2_1_relaxed.cif,-0.34427270714285535
C:\Users\GED\PycharmProjects\Aixelo_Project_DataLab_2025\data\odac\pristine_CO2\FIPXAF\FIPXAF_w_CO2_1_relaxed.cif,-0.38974181285716114
C:\Users\GED\PycharmProjects\Aixelo_Project_DataLab_2025\data\odac\pristine_CO2\FIPXEJ\FIPXEJ_w_CO2_1_relaxed.cif,-0.3856306899998998
C:\Users\GED\PycharmProjects\Aixelo_Project_DataLab_2025\data\odac\pristine_CO2\FIQCEN\FIQCEN_w_CO2_1_relaxed.cif,-0.052581586666671364
C:\Users\GED\PycharmProjects\Aixelo_Project_DataLab_2025\data\odac\pristine_CO2\FIQYOU\FIQYOU_w_CO2_1_relaxed.cif,-0.1928912133333256
C:\Users\GED\PycharmProjects\Aixelo_Project_DataLab_2025\data\odac\pristine_CO2\FIQYUA\FIQYUA_w_CO2_1_relaxed.cif,-0.3255934866667
C:\Users\GED\PycharmProjects\Aixelo_Project_DataLab_2025\data\odac\pristine_CO2\FIQZAH\FIQZAH_w_CO2_1_relaxed.cif,-0.3432346049999637
C:\Users\GED\PycharmProjects\Aixelo_Project_DataLab_2025\data\odac\pristine_CO2\FIRNAX01\FIRNAX01_w_CO2_random_2_relaxed.cif,-0.1213863700002093
C:\Users\GED\PycharmProjects\Aixelo_Project_DataLab_2025\data\odac\pristine_CO2\FIRNOL\FIRNOL_w_CO2_3_relaxed.cif,-0.2647720950002394
C:\Users\GED\PycharmProjects\Aixelo_Project_DataLab_2025\data\odac\pristine_CO2\FIRNUR\FIRNUR_w_CO2_1_relaxed.cif,-0.2856492650001883
C:\Users\GED\PycharmProjects\Aixelo_Project_DataLab_2025\data\odac\pristine_CO2\FIRPAZ\FIRPAZ_w_CO2_1_relaxed.cif,-0.3468093900000895
C:\Users\GED\PycharmProjects\Aixelo_Project_DataLab_2025\data\odac\pristine_CO2\FIRZOX\FIRZOX_w_CO2_1_relaxed.cif,-0.2462292900000875
C:\Users\GED\PycharmProjects\Aixelo_Project_DataLab_2025\data\odac\pristine_CO2\FISGOF\FISGOF_w_CO2_1_relaxed.cif,-0.18004254666667896
C:\Users\GED\PycharmProjects\Aixelo_Project_DataLab_2025\data\odac\pristine_CO2\FITHIA\FITHIA_w_CO2_1_relaxed.cif,-0.17752678333340552
C:\Users\GED\PycharmProjects\Aixelo_Project_DataLab_2025\data\odac\pristine_CO2\FIVNAZ\FIVNAZ_w_CO2_1_relaxed.cif,-0.3165814859999898
C:\Users\GED\PycharmProjects\Aixelo_Project_DataLab_2025\data\odac\pristine_CO2\FIVQOR\FIVQOR_w_CO2_1_relaxed.cif,-0.47265213250001636
C:\Users\GED\PycharmProjects\Aixelo_Project_DataLab_2025\data\odac\pristine_CO2\FIVYUF\FIVYUF_w_CO2_1_relaxed.cif,-0.3310354528571549
C:\Users\GED\PycharmProjects\Aixelo_Project_DataLab_2025\data\odac\pristine_CO2\FIYDOH\FIYDOH_w_CO2_1_relaxed.cif,-0.28786141714294894
C:\Users\GED\PycharmProjects\Aixelo_Project_DataLab_2025\data\odac\pristine_CO2\FIZPOV\FIZPOV_w_CO2_1_relaxed.cif,-0.6512535140001546
C:\Users\GED\PycharmProjects\Aixelo_Project_DataLab_2025\data\odac\pristine_CO2\FOCZAA\FOCZAA_w_CO2_1_relaxed.cif,-0.39587651124995205
C:\Users\GED\PycharmProjects\Aixelo_Project_DataLab_2025\data\odac\pristine_CO2\FOFCOU\FOFCOU_w_CO2_1_relaxed.cif,-0.1210408012499897
C:\Users\GED\PycharmProjects\Aixelo_Project_DataLab_2025\data\odac\pristine_CO2\FOFHAK\FOFHAK_w_CO2_1_relaxed.cif,-0.23001866699999876
C:\Users\GED\PycharmProjects\Aixelo_Project_DataLab_2025\data\odac\pristine_CO2\FOFTIF\FOFTIF_w_CO2_1_relaxed.cif,-0.3667068575000201
C:\Users\GED\PycharmProjects\Aixelo_Project_DataLab_2025\data\odac\pristine_CO2\FOFTOL\FOFTOL_w_CO2_1_relaxed.cif,-0.2260928114285759
C:\Users\GED\PycharmProjects\Aixelo_Project_DataLab_2025\data\odac\pristine_CO2\FOFTUR\FOFTUR_w_CO2_1_relaxed.cif,0.020056932499983277
C:\Users\GED\PycharmProjects\Aixelo_Project_DataLab_2025\data\odac\pristine_CO2\FOHCIP\FOHCIP_w_CO2_1_relaxed.cif,-0.29422261200001
C:\Users\GED\PycharmProjects\Aixelo_Project_DataLab_2025\data\odac\pristine_CO2\FOHQUO\FOHQUO_w_CO2_random_1_relaxed.cif,-0.1546749050000357
C:\Users\GED\PycharmProjects\Aixelo_Project_DataLab_2025\data\odac\pristine_CO2\FOHSAW01\FOHSAW01_w_CO2_random_1_relaxed.cif,-0.08188021500001236
C:\Users\GED\PycharmProjects\Aixelo_Project_DataLab_2025\data\odac\pristine_CO2\FOJKIA\FOJKIA_w_CO2_1_relaxed.cif,-0.14793350714283598
C:\Users\GED\PycharmProjects\Aixelo_Project_DataLab_2025\data\odac\pristine_CO2\FOKWIN\FOKWIN_w_CO2_1_relaxed.cif,0.006009257500124925
C:\Users\GED\PycharmProjects\Aixelo_Project_DataLab_2025\data\odac\pristine_CO2\FOLLEZ\FOLLEZ_w_CO2_1_relaxed.cif,0.3259482566667202
C:\Users\GED\PycharmProjects\Aixelo_Project_DataLab_2025\data\odac\pristine_CO2\FONKEA\FONKEA_w_CO2_1_relaxed.cif,-0.4117898133334468
C:\Users\GED\PycharmProjects\Aixelo_Project_DataLab_2025\data\odac\pristine_CO2\FONPUV\FONPUV_w_CO2_1_relaxed.cif,0.044322759999848395
C:\Users\GED\PycharmProjects\Aixelo_Project_DataLab_2025\data\odac\pristine_CO2\FONQIJ\FONQIJ_w_CO2_1_relaxed.cif,-0.4571149428570444
C:\Users\GED\PycharmProjects\Aixelo_Project_DataLab_2025\data\odac\pristine_CO2\FOQPAE\FOQPAE_w_CO2_1_relaxed.cif,-0.3625243499997926
C:\Users\GED\PycharmProjects\Aixelo_Project_DataLab_2025\data\odac\pristine_CO2\FORKUU\FORKUU_w_CO2_1_relaxed.cif,-0.2879027166666598
C:\Users\GED\PycharmProjects\Aixelo_Project_DataLab_2025\data\odac\pristine_CO2\FORPIM\FORPIM_w_CO2_1_relaxed.cif,-0.14693577599987295
C:\Users\GED\PycharmProjects\Aixelo_Project_DataLab_2025\data\odac\pristine_CO2\FOVPOX\FOVPOX_w_CO2_1_relaxed.cif,-0.14818639428566321
C:\Users\GED\PycharmProjects\Aixelo_Project_DataLab_2025\data\odac\pristine_CO2\FOVPUD\FOVPUD_w_CO2_1_relaxed.cif,0.3759650283335911
C:\Users\GED\PycharmProjects\Aixelo_Project_DataLab_2025\data\odac\pristine_CO2\FOXHUX\FOXHUX_w_CO2_1_relaxed.cif,-0.49167548857095816
C:\Users\GED\PycharmProjects\Aixelo_Project_DataLab_2025\data\odac\pristine_CO2\FUBNOH\FUBNOH_w_CO2_1_relaxed.cif,-0.15048737000009277
C:\Users\GED\PycharmProjects\Aixelo_Project_DataLab_2025\data\odac\pristine_CO2\FUDGES\FUDGES_w_CO2_1_relaxed.cif,-0.1814263060000257
C:\Users\GED\PycharmProjects\Aixelo_Project_DataLab_2025\data\odac\pristine_CO2\FUDHAP\FUDHAP_w_CO2_1_relaxed.cif,-0.13907738999995442
C:\Users\GED\PycharmProjects\Aixelo_Project_DataLab_2025\data\odac\pristine_CO2\FUDHET\FUDHET_w_CO2_1_relaxed.cif,-0.20066169333351047
C:\Users\GED\PycharmProjects\Aixelo_Project_DataLab_2025\data\odac\pristine_CO2\FUDQIF\FUDQIF_w_CO2_1_relaxed.cif,-0.3675857400000066
C:\Users\GED\PycharmProjects\Aixelo_Project_DataLab_2025\data\odac\pristine_CO2\FUHMOM\FUHMOM_w_CO2_1_relaxed.cif,-0.3094265357142376
C:\Users\GED\PycharmProjects\Aixelo_Project_DataLab_2025\data\odac\pristine_CO2\FUHNED\FUHNED_w_CO2_1_relaxed.cif,-0.325718209999953
C:\Users\GED\PycharmProjects\Aixelo_Project_DataLab_2025\data\odac\pristine_CO2\FUHNIH\FUHNIH_w_CO2_1_relaxed.cif,-0.3169191242857648
C:\Users\GED\PycharmProjects\Aixelo_Project_DataLab_2025\data\odac\pristine_CO2\FULQOT\FULQOT_w_CO2_random_1_relaxed.cif,0.2154931849999002
C:\Users\GED\PycharmProjects\Aixelo_Project_DataLab_2025\data\odac\pristine_CO2\FULQUZ\FULQUZ_w_CO2_random_1_relaxed.cif,-0.1164303450001398
C:\Users\GED\PycharmProjects\Aixelo_Project_DataLab_2025\data\odac\pristine_CO2\FUMJAA\FUMJAA_w_CO2_1_relaxed.cif,-0.0527376533332623
C:\Users\GED\PycharmProjects\Aixelo_Project_DataLab_2025\data\odac\pristine_CO2\FUNBAS\FUNBAS_w_CO2_1_relaxed.cif,-0.27675308142862115
C:\Users\GED\PycharmProjects\Aixelo_Project_DataLab_2025\data\odac\pristine_CO2\FUNCAT\FUNCAT_w_CO2_1_relaxed.cif,-0.2987628700001485
C:\Users\GED\PycharmProjects\Aixelo_Project_DataLab_2025\data\odac\pristine_CO2\FUNCEX\FUNCEX_w_CO2_1_relaxed.cif,-0.23691932333324905
C:\Users\GED\PycharmProjects\Aixelo_Project_DataLab_2025\data\odac\pristine_CO2\FUNFOL\FUNFOL_w_CO2_3_relaxed.cif,-0.1793857000000116
C:\Users\GED\PycharmProjects\Aixelo_Project_DataLab_2025\data\odac\pristine_CO2\FUNLAD\FUNLAD_w_CO2_1_relaxed.cif,-0.46843164428543915
C:\Users\GED\PycharmProjects\Aixelo_Project_DataLab_2025\data\odac\pristine_CO2\FUQJUX\FUQJUX_w_CO2_1_relaxed.cif,-0.3759638566666581
C:\Users\GED\PycharmProjects\Aixelo_Project_DataLab_2025\data\odac\pristine_CO2\FURFIJ\FURFIJ_w_CO2_1_relaxed.cif,-0.16073100750006117
C:\Users\GED\PycharmProjects\Aixelo_Project_DataLab_2025\data\odac\pristine_CO2\FURFIJ01\FURFIJ01_w_CO2_1_relaxed.cif,-0.22717042375015237
C:\Users\GED\PycharmProjects\Aixelo_Project_DataLab_2025\data\odac\pristine_CO2\FURFOP\FURFOP_w_CO2_random_1_relaxed.cif,-0.0424625400000877
C:\Users\GED\PycharmProjects\Aixelo_Project_DataLab_2025\data\odac\pristine_CO2\FURRAM\FURRAM_w_CO2_1_relaxed.cif,0.5598230774996864
C:\Users\GED\PycharmProjects\Aixelo_Project_DataLab_2025\data\odac\pristine_CO2\FURREQ\FURREQ_w_CO2_1_relaxed.cif,0.6167148950000865
C:\Users\GED\PycharmProjects\Aixelo_Project_DataLab_2025\data\odac\pristine_CO2\FURRIU\FURRIU_w_CO2_1_relaxed.cif,0.0299921920001907
C:\Users\GED\PycharmProjects\Aixelo_Project_DataLab_2025\data\odac\pristine_CO2\FURROA\FURROA_w_CO2_1_relaxed.cif,0.018327630000021623
C:\Users\GED\PycharmProjects\Aixelo_Project_DataLab_2025\data\odac\pristine_CO2\FURSES\FURSES_w_CO2_1_relaxed.cif,-0.4395067771428671
C:\Users\GED\PycharmProjects\Aixelo_Project_DataLab_2025\data\odac\pristine_CO2\FUSGOR\FUSGOR_w_CO2_2_relaxed.cif,-0.1419520850000898
C:\Users\GED\PycharmProjects\Aixelo_Project_DataLab_2025\data\odac\pristine_CO2\FUSMOW\FUSMOW_w_CO2_1_relaxed.cif,-0.496853089999604
C:\Users\GED\PycharmProjects\Aixelo_Project_DataLab_2025\data\odac\pristine_CO2\FUSMUC\FUSMUC_w_CO2_1_relaxed.cif,-0.39490773199968315
C:\Users\GED\PycharmProjects\Aixelo_Project_DataLab_2025\data\odac\pristine_CO2\FUSNIR\FUSNIR_w_CO2_1_relaxed.cif,-0.7927541560000464
C:\Users\GED\PycharmProjects\Aixelo_Project_DataLab_2025\data\odac\pristine_CO2\FUSWIA\FUSWIA_w_CO2_1_relaxed.cif,-0.25904511599992475
C:\Users\GED\PycharmProjects\Aixelo_Project_DataLab_2025\data\odac\pristine_CO2\FUTCAZ\FUTCAZ_w_CO2_1_relaxed.cif,-0.1872436779999816
C:\Users\GED\PycharmProjects\Aixelo_Project_DataLab_2025\data\odac\pristine_CO2\FUTDII\FUTDII_w_CO2_1_relaxed.cif,0.13185553166647426
C:\Users\GED\PycharmProjects\Aixelo_Project_DataLab_2025\data\odac\pristine_CO2\FUTKEL_manual\FUTKEL_manual_w_CO2_1_relaxed.cif,-0.4074119628573304
C:\Users\GED\PycharmProjects\Aixelo_Project_DataLab_2025\data\odac\pristine_CO2\FUTYEA\FUTYEA_w_CO2_1_relaxed.cif,-0.08932025999992745
C:\Users\GED\PycharmProjects\Aixelo_Project_DataLab_2025\data\odac\pristine_CO2\FUTYOK\FUTYOK_w_CO2_1_relaxed.cif,-0.18993348499990736
C:\Users\GED\PycharmProjects\Aixelo_Project_DataLab_2025\data\odac\pristine_CO2\FUTYUQ\FUTYUQ_w_CO2_1_relaxed.cif,0.4867272183332337
C:\Users\GED\PycharmProjects\Aixelo_Project_DataLab_2025\data\odac\pristine_CO2\FUTZAX\FUTZAX_w_CO2_1_relaxed.cif,0.09459698199980267
C:\Users\GED\PycharmProjects\Aixelo_Project_DataLab_2025\data\odac\pristine_CO2\FUTZEB\FUTZEB_w_CO2_1_relaxed.cif,0.040086572499973216
C:\Users\GED\PycharmProjects\Aixelo_Project_DataLab_2025\data\odac\pristine_CO2\FUTZOK\FUTZOK_w_CO2_1_relaxed.cif,-0.046878062857136416
C:\Users\GED\PycharmProjects\Aixelo_Project_DataLab_2025\data\odac\pristine_CO2\FUTZOL\FUTZOL_w_CO2_1_relaxed.cif,-0.31956126833324555
C:\Users\GED\PycharmProjects\Aixelo_Project_DataLab_2025\data\odac\pristine_CO2\FUVBAB\FUVBAB_w_CO2_1_relaxed.cif,-0.06567167666662493
C:\Users\GED\PycharmProjects\Aixelo_Project_DataLab_2025\data\odac\pristine_CO2\FUVDEH\FUVDEH_w_CO2_1_relaxed.cif,-0.2383143099998506
C:\Users\GED\PycharmProjects\Aixelo_Project_DataLab_2025\data\odac\pristine_CO2\FUVDEH03\FUVDEH03_w_CO2_1_relaxed.cif,-0.3015590414283256
C:\Users\GED\PycharmProjects\Aixelo_Project_DataLab_2025\data\odac\pristine_CO2\FUVDEH04\FUVDEH04_w_CO2_1_relaxed.cif,-0.497391252856752
C:\Users\GED\PycharmProjects\Aixelo_Project_DataLab_2025\data\odac\pristine_CO2\FUVDEH05\FUVDEH05_w_CO2_1_relaxed.cif,-0.5099649457139483
C:\Users\GED\PycharmProjects\Aixelo_Project_DataLab_2025\data\odac\pristine_CO2\FUVDEH06\FUVDEH06_w_CO2_1_relaxed.cif,-0.7011500559998239
C:\Users\GED\PycharmProjects\Aixelo_Project_DataLab_2025\data\odac\pristine_CO2\FUVDEH07\FUVDEH07_w_CO2_1_relaxed.cif,-0.25384656799988076
C:\Users\GED\PycharmProjects\Aixelo_Project_DataLab_2025\data\odac\pristine_CO2\FUVDEH08\FUVDEH08_w_CO2_1_relaxed.cif,-0.26596854199979136
C:\Users\GED\PycharmProjects\Aixelo_Project_DataLab_2025\data\odac\pristine_CO2\FUVFUZ\FUVFUZ_w_CO2_1_relaxed.cif,-0.4740111220001381
C:\Users\GED\PycharmProjects\Aixelo_Project_DataLab_2025\data\odac\pristine_CO2\FUVGAG\FUVGAG_w_CO2_1_relaxed.cif,-0.18729526599990998
C:\Users\GED\PycharmProjects\Aixelo_Project_DataLab_2025\data\odac\pristine_CO2\FUVGAG01\FUVGAG01_w_CO2_1_relaxed.cif,-0.4022704400000293
C:\Users\GED\PycharmProjects\Aixelo_Project_DataLab_2025\data\odac\pristine_CO2\FUVGAG02\FUVGAG02_w_CO2_1_relaxed.cif,-0.4308827379999457
C:\Users\GED\PycharmProjects\Aixelo_Project_DataLab_2025\data\odac\pristine_CO2\FUWFIO\FUWFIO_w_CO2_1_relaxed.cif,-0.2624356280003667
C:\Users\GED\PycharmProjects\Aixelo_Project_DataLab_2025\data\odac\pristine_CO2\FUWXOL_SL\FUWXOL_SL_w_CO2_1_relaxed.cif,-0.3250328228570619
C:\Users\GED\PycharmProjects\Aixelo_Project_DataLab_2025\data\odac\pristine_CO2\FUYCEJ\FUYCEJ_w_CO2_1_relaxed.cif,-0.35355228600019467
C:\Users\GED\PycharmProjects\Aixelo_Project_DataLab_2025\data\odac\pristine_CO2\FUZPUN\FUZPUN_w_CO2_1_relaxed.cif,-0.34314146666679335
C:\Users\GED\PycharmProjects\Aixelo_Project_DataLab_2025\data\odac\pristine_CO2\GACBOE\GACBOE_w_CO2_1_relaxed.cif,0.05262556000006946
C:\Users\GED\PycharmProjects\Aixelo_Project_DataLab_2025\data\odac\pristine_CO2\GACPUX\GACPUX_w_CO2_1_relaxed.cif,-0.5018759271428215
C:\Users\GED\PycharmProjects\Aixelo_Project_DataLab_2025\data\odac\pristine_CO2\GACQAE\GACQAE_w_CO2_1_relaxed.cif,0.019518408333245415
C:\Users\GED\PycharmProjects\Aixelo_Project_DataLab_2025\data\odac\pristine_CO2\GACVIS\GACVIS_w_CO2_2_relaxed.cif,-0.10630450999988736
C:\Users\GED\PycharmProjects\Aixelo_Project_DataLab_2025\data\odac\pristine_CO2\GADDOH\GADDOH_w_CO2_1_relaxed.cif,-0.2865645157143198
C:\Users\GED\PycharmProjects\Aixelo_Project_DataLab_2025\data\odac\pristine_CO2\GADFAV\GADFAV_w_CO2_1_relaxed.cif,-0.34794753666659517
C:\Users\GED\PycharmProjects\Aixelo_Project_DataLab_2025\data\odac\pristine_CO2\GADMAA\GADMAA_w_CO2_1_relaxed.cif,0.571729139999843
C:\Users\GED\PycharmProjects\Aixelo_Project_DataLab_2025\data\odac\pristine_CO2\GADMAA01\GADMAA01_w_CO2_1_relaxed.cif,0.4084157939998022
C:\Users\GED\PycharmProjects\Aixelo_Project_DataLab_2025\data\odac\pristine_CO2\GADRAH\GADRAH_w_CO2_1_relaxed.cif,-0.04226361666690085
C:\Users\GED\PycharmProjects\Aixelo_Project_DataLab_2025\data\odac\pristine_CO2\GAFROX\GAFROX_w_CO2_1_relaxed.cif,2.024349719999956
C:\Users\GED\PycharmProjects\Aixelo_Project_DataLab_2025\data\odac\pristine_CO2\GAFRUD\GAFRUD_w_CO2_1_relaxed.cif,-0.23185506000008899
C:\Users\GED\PycharmProjects\Aixelo_Project_DataLab_2025\data\odac\pristine_CO2\GAGQAI\GAGQAI_w_CO2_1_relaxed.cif,-0.2409971133334541
C:\Users\GED\PycharmProjects\Aixelo_Project_DataLab_2025\data\odac\pristine_CO2\GAGSUF\GAGSUF_w_CO2_1_relaxed.cif,0.3858237580002196
C:\Users\GED\PycharmProjects\Aixelo_Project_DataLab_2025\data\odac\pristine_CO2\GAGTEQ\GAGTEQ_w_CO2_1_relaxed.cif,-0.3497133933334832
C:\Users\GED\PycharmProjects\Aixelo_Project_DataLab_2025\data\odac\pristine_CO2\GAJVEU_charged\GAJVEU_charged_w_CO2_1_relaxed.cif,-0.40288287285713004
C:\Users\GED\PycharmProjects\Aixelo_Project_DataLab_2025\data\odac\pristine_CO2\GAJYUN\GAJYUN_w_CO2_1_relaxed.cif,-0.169907247142906
C:\Users\GED\PycharmProjects\Aixelo_Project_DataLab_2025\data\odac\pristine_CO2\GAJZAU\GAJZAU_w_CO2_1_relaxed.cif,-0.478065245714382
C:\Users\GED\PycharmProjects\Aixelo_Project_DataLab_2025\data\odac\pristine_CO2\GAJZIC\GAJZIC_w_CO2_1_relaxed.cif,-0.47255949142853687
C:\Users\GED\PycharmProjects\Aixelo_Project_DataLab_2025\data\odac\pristine_CO2\GAJZOI\GAJZOI_w_CO2_1_relaxed.cif,-0.056966735000022084
C:\Users\GED\PycharmProjects\Aixelo_Project_DataLab_2025\data\odac\pristine_CO2\GAJZUO\GAJZUO_w_CO2_1_relaxed.cif,-0.14811942142856482
C:\Users\GED\PycharmProjects\Aixelo_Project_DataLab_2025\data\odac\pristine_CO2\GALCAZ\GALCAZ_w_CO2_1_relaxed.cif,0.19274891499981092
C:\Users\GED\PycharmProjects\Aixelo_Project_DataLab_2025\data\odac\pristine_CO2\GAMXAV\GAMXAV_w_CO2_1_relaxed.cif,-0.21875425999993084
C:\Users\GED\PycharmProjects\Aixelo_Project_DataLab_2025\data\odac\pristine_CO2\GAPNOD\GAPNOD_w_CO2_random_1_relaxed.cif,1.5628385000001117
C:\Users\GED\PycharmProjects\Aixelo_Project_DataLab_2025\data\odac\pristine_CO2\GARLET\GARLET_w_CO2_1_relaxed.cif,-0.2974466985714506
C:\Users\GED\PycharmProjects\Aixelo_Project_DataLab_2025\data\odac\pristine_CO2\GARLUJ\GARLUJ_w_CO2_1_relaxed.cif,0.5753854599999613
C:\Users\GED\PycharmProjects\Aixelo_Project_DataLab_2025\data\odac\pristine_CO2\GARMAQ\GARMAQ_w_CO2_1_relaxed.cif,-0.33725821571420056
C:\Users\GED\PycharmProjects\Aixelo_Project_DataLab_2025\data\odac\pristine_CO2\GARSUQ\GARSUQ_w_CO2_1_relaxed.cif,0.4010893514285548
C:\Users\GED\PycharmProjects\Aixelo_Project_DataLab_2025\data\odac\pristine_CO2\GARTAX\GARTAX_w_CO2_1_relaxed.cif,-0.20504752285715505
C:\Users\GED\PycharmProjects\Aixelo_Project_DataLab_2025\data\odac\pristine_CO2\GARTEB\GARTEB_w_CO2_1_relaxed.cif,-0.3802827028571869
C:\Users\GED\PycharmProjects\Aixelo_Project_DataLab_2025\data\odac\pristine_CO2\GARTIF\GARTIF_w_CO2_1_relaxed.cif,-0.34661266285715847
C:\Users\GED\PycharmProjects\Aixelo_Project_DataLab_2025\data\odac\pristine_CO2\GASSEB\GASSEB_w_CO2_random_1_relaxed.cif,0.10323975500006095
C:\Users\GED\PycharmProjects\Aixelo_Project_DataLab_2025\data\odac\pristine_CO2\GASSUR\GASSUR_w_CO2_1_relaxed.cif,-0.3634718439999688
C:\Users\GED\PycharmProjects\Aixelo_Project_DataLab_2025\data\odac\pristine_CO2\GATBUZ_charged\GATBUZ_charged_w_CO2_1_relaxed.cif,-0.2977053328571141
C:\Users\GED\PycharmProjects\Aixelo_Project_DataLab_2025\data\odac\pristine_CO2\GAVYAG\GAVYAG_w_CO2_1_relaxed.cif,-0.2976258028571692
C:\Users\GED\PycharmProjects\Aixelo_Project_DataLab_2025\data\odac\pristine_CO2\GAWCUF\GAWCUF_w_CO2_1_relaxed.cif,-0.5761208412499457
C:\Users\GED\PycharmProjects\Aixelo_Project_DataLab_2025\data\odac\pristine_CO2\GAWJEV\GAWJEV_w_CO2_1_relaxed.cif,0.45313546555550804
C:\Users\GED\PycharmProjects\Aixelo_Project_DataLab_2025\data\odac\pristine_CO2\GAXDIS10\GAXDIS10_w_CO2_1_relaxed.cif,4.787428335000001
C:\Users\GED\PycharmProjects\Aixelo_Project_DataLab_2025\data\odac\pristine_CO2\GAXQIH\GAXQIH_w_CO2_2_relaxed.cif,-0.3115201699999943
C:\Users\GED\PycharmProjects\Aixelo_Project_DataLab_2025\data\odac\pristine_CO2\GAYFOD\GAYFOD_w_CO2_1_relaxed.cif,-0.22369021199999678
C:\Users\GED\PycharmProjects\Aixelo_Project_DataLab_2025\data\odac\pristine_CO2\GAYFUJ\GAYFUJ_w_CO2_1_relaxed.cif,-0.21721116399999113
C:\Users\GED\PycharmProjects\Aixelo_Project_DataLab_2025\data\odac\pristine_CO2\GAYGAQ_clean_h\GAYGAQ_clean_h_w_CO2_1_relaxed.cif,-0.2941994799999795
C:\Users\GED\PycharmProjects\Aixelo_Project_DataLab_2025\data\odac\pristine_CO2\GAZLAW\GAZLAW_w_CO2_1_relaxed.cif,1.1521130725000148
C:\Users\GED\PycharmProjects\Aixelo_Project_DataLab_2025\data\odac\pristine_CO2\GEDDAW\GEDDAW_w_CO2_1_relaxed.cif,-0.0553924566667471
C:\Users\GED\PycharmProjects\Aixelo_Project_DataLab_2025\data\odac\pristine_CO2\GEDDEA\GEDDEA_w_CO2_2_relaxed.cif,-0.22978102666687994
C:\Users\GED\PycharmProjects\Aixelo_Project_DataLab_2025\data\odac\pristine_CO2\GEDLIM\GEDLIM_w_CO2_1_relaxed.cif,-0.247943308571491
C:\Users\GED\PycharmProjects\Aixelo_Project_DataLab_2025\data\odac\pristine_CO2\GEDQIR\GEDQIR_w_CO2_1_relaxed.cif,-0.2889729516666459
C:\Users\GED\PycharmProjects\Aixelo_Project_DataLab_2025\data\odac\pristine_CO2\GEDQOX\GEDQOX_w_CO2_1_relaxed.cif,-0.2731977519998964
C:\Users\GED\PycharmProjects\Aixelo_Project_DataLab_2025\data\odac\pristine_CO2\GEDRAK\GEDRAK_w_CO2_1_relaxed.cif,-0.000851701666666325
C:\Users\GED\PycharmProjects\Aixelo_Project_DataLab_2025\data\odac\pristine_CO2\GEDROY\GEDROY_w_CO2_1_relaxed.cif,0.31130853333331737
C:\Users\GED\PycharmProjects\Aixelo_Project_DataLab_2025\data\odac\pristine_CO2\GEDRUE\GEDRUE_w_CO2_1_relaxed.cif,-0.28564459750003834
C:\Users\GED\PycharmProjects\Aixelo_Project_DataLab_2025\data\odac\pristine_CO2\GEDSAL\GEDSAL_w_CO2_1_relaxed.cif,-0.15455523833321647
C:\Users\GED\PycharmProjects\Aixelo_Project_DataLab_2025\data\odac\pristine_CO2\GEDSEP\GEDSEP_w_CO2_1_relaxed.cif,0.030337999999915183
C:\Users\GED\PycharmProjects\Aixelo_Project_DataLab_2025\data\odac\pristine_CO2\GEDSOZ\GEDSOZ_w_CO2_1_relaxed.cif,0.909102980000057
C:\Users\GED\PycharmProjects\Aixelo_Project_DataLab_2025\data\odac\pristine_CO2\GEDSUF\GEDSUF_w_CO2_1_relaxed.cif,-0.26233112000045367
C:\Users\GED\PycharmProjects\Aixelo_Project_DataLab_2025\data\odac\pristine_CO2\GEDTAM\GEDTAM_w_CO2_1_relaxed.cif,-0.05140156333332391
C:\Users\GED\PycharmProjects\Aixelo_Project_DataLab_2025\data\odac\pristine_CO2\GEFZAU\GEFZAU_w_CO2_1_relaxed.cif,-0.2988971614282881
C:\Users\GED\PycharmProjects\Aixelo_Project_DataLab_2025\data\odac\pristine_CO2\GEGDED\GEGDED_w_CO2_1_relaxed.cif,-0.32403805714323297
C:\Users\GED\PycharmProjects\Aixelo_Project_DataLab_2025\data\odac\pristine_CO2\GEGGEG01\GEGGEG01_w_CO2_1_relaxed.cif,-0.2861252874999849
C:\Users\GED\PycharmProjects\Aixelo_Project_DataLab_2025\data\odac\pristine_CO2\GEGGIK\GEGGIK_w_CO2_1_relaxed.cif,-0.33862596750003604
C:\Users\GED\PycharmProjects\Aixelo_Project_DataLab_2025\data\odac\pristine_CO2\GEGGIK01\GEGGIK01_w_CO2_1_relaxed.cif,0.383344907777756
C:\Users\GED\PycharmProjects\Aixelo_Project_DataLab_2025\data\odac\pristine_CO2\GEGGUW\GEGGUW_w_CO2_1_relaxed.cif,-0.4441450133332789
C:\Users\GED\PycharmProjects\Aixelo_Project_DataLab_2025\data\odac\pristine_CO2\GEGHAD\GEGHAD_w_CO2_1_relaxed.cif,0.37109861333335126
C:\Users\GED\PycharmProjects\Aixelo_Project_DataLab_2025\data\odac\pristine_CO2\GEJJEL01\GEJJEL01_w_CO2_1_relaxed.cif,-0.2728111900000461
C:\Users\GED\PycharmProjects\Aixelo_Project_DataLab_2025\data\odac\pristine_CO2\GEPDEM\GEPDEM_w_CO2_1_relaxed.cif,0.07528195250006316
C:\Users\GED\PycharmProjects\Aixelo_Project_DataLab_2025\data\odac\pristine_CO2\GERNOI\GERNOI_w_CO2_1_relaxed.cif,0.19832102666669008
C:\Users\GED\PycharmProjects\Aixelo_Project_DataLab_2025\data\odac\pristine_CO2\GERPUP\GERPUP_w_CO2_2_relaxed.cif,1.0805393533334304
C:\Users\GED\PycharmProjects\Aixelo_Project_DataLab_2025\data\odac\pristine_CO2\GERWEH\GERWEH_w_CO2_1_relaxed.cif,-0.11231639249996306
C:\Users\GED\PycharmProjects\Aixelo_Project_DataLab_2025\data\odac\pristine_CO2\GESFAN\GESFAN_w_CO2_1_relaxed.cif,-0.3627435866668141
C:\Users\GED\PycharmProjects\Aixelo_Project_DataLab_2025\data\odac\pristine_CO2\GEVXIQ\GEVXIQ_w_CO2_1_relaxed.cif,-0.5144251066666546
C:\Users\GED\PycharmProjects\Aixelo_Project_DataLab_2025\data\odac\pristine_CO2\GEWXAJ\GEWXAJ_w_CO2_1_relaxed.cif,-0.24930442571423686
C:\Users\GED\PycharmProjects\Aixelo_Project_DataLab_2025\data\odac\pristine_CO2\GEZYOB\GEZYOB_w_CO2_1_relaxed.cif,-0.369293774999998
C:\Users\GED\PycharmProjects\Aixelo_Project_DataLab_2025\data\odac\pristine_CO2\GIDKOU\GIDKOU_w_CO2_1_relaxed.cif,0.5570136537498627
C:\Users\GED\PycharmProjects\Aixelo_Project_DataLab_2025\data\odac\pristine_CO2\GIFKEL\GIFKEL_w_CO2_1_relaxed.cif,-0.274132430000004
C:\Users\GED\PycharmProjects\Aixelo_Project_DataLab_2025\data\odac\pristine_CO2\GIFKIP\GIFKIP_w_CO2_1_relaxed.cif,-0.27240920166667587
C:\Users\GED\PycharmProjects\Aixelo_Project_DataLab_2025\data\odac\pristine_CO2\GIJXAA\GIJXAA_w_CO2_1_relaxed.cif,-0.3521762014285222
C:\Users\GED\PycharmProjects\Aixelo_Project_DataLab_2025\data\odac\pristine_CO2\GIKQIC\GIKQIC_w_CO2_random_1_relaxed.cif,-0.0160006099999918
C:\Users\GED\PycharmProjects\Aixelo_Project_DataLab_2025\data\odac\pristine_CO2\GIMSIG\GIMSIG_w_CO2_1_relaxed.cif,-0.2750495880000016
C:\Users\GED\PycharmProjects\Aixelo_Project_DataLab_2025\data\odac\pristine_CO2\GINLIA\GINLIA_w_CO2_1_relaxed.cif,-0.29413726571426324
C:\Users\GED\PycharmProjects\Aixelo_Project_DataLab_2025\data\odac\pristine_CO2\GIQXEK\GIQXEK_w_CO2_1_relaxed.cif,-0.4078667133333245
C:\Users\GED\PycharmProjects\Aixelo_Project_DataLab_2025\data\odac\pristine_CO2\GIQXIO\GIQXIO_w_CO2_1_relaxed.cif,-0.2256588016666967
C:\Users\GED\PycharmProjects\Aixelo_Project_DataLab_2025\data\odac\pristine_CO2\GIQXUA\GIQXUA_w_CO2_1_relaxed.cif,-0.20989645400005658
C:\Users\GED\PycharmProjects\Aixelo_Project_DataLab_2025\data\odac\pristine_CO2\GIQYEL\GIQYEL_w_CO2_1_relaxed.cif,-0.37418456166667124
C:\Users\GED\PycharmProjects\Aixelo_Project_DataLab_2025\data\odac\pristine_CO2\GIQYOV\GIQYOV_w_CO2_1_relaxed.cif,0.08677799166671701
C:\Users\GED\PycharmProjects\Aixelo_Project_DataLab_2025\data\odac\pristine_CO2\GIRDUI\GIRDUI_w_CO2_1_relaxed.cif,0.0018674285714723854
C:\Users\GED\PycharmProjects\Aixelo_Project_DataLab_2025\data\odac\pristine_CO2\GIRHEW\GIRHEW_w_CO2_1_relaxed.cif,-0.3040123933334749
C:\Users\GED\PycharmProjects\Aixelo_Project_DataLab_2025\data\odac\pristine_CO2\GIRXUC\GIRXUC_w_CO2_1_relaxed.cif,-0.2490433900000729
C:\Users\GED\PycharmProjects\Aixelo_Project_DataLab_2025\data\odac\pristine_CO2\GIRYAJ\GIRYAJ_w_CO2_1_relaxed.cif,10.514540972499844
C:\Users\GED\PycharmProjects\Aixelo_Project_DataLab_2025\data\odac\pristine_CO2\GIRYEN\GIRYEN_w_CO2_1_relaxed.cif,0.1111761100002013
C:\Users\GED\PycharmProjects\Aixelo_Project_DataLab_2025\data\odac\pristine_CO2\GIRYIR\GIRYIR_w_CO2_1_relaxed.cif,-0.2066601462501296
C:\Users\GED\PycharmProjects\Aixelo_Project_DataLab_2025\data\odac\pristine_CO2\GIRYUD\GIRYUD_w_CO2_1_relaxed.cif,-0.5148708174995704
C:\Users\GED\PycharmProjects\Aixelo_Project_DataLab_2025\data\odac\pristine_CO2\GIRZAK\GIRZAK_w_CO2_1_relaxed.cif,-0.17217569500004967
C:\Users\GED\PycharmProjects\Aixelo_Project_DataLab_2025\data\odac\pristine_CO2\GISWEM\GISWEM_w_CO2_random_1_relaxed.cif,-0.1907070300003397
C:\Users\GED\PycharmProjects\Aixelo_Project_DataLab_2025\data\odac\pristine_CO2\GISZUD\GISZUD_w_CO2_2_relaxed.cif,1.514126057500036
C:\Users\GED\PycharmProjects\Aixelo_Project_DataLab_2025\data\odac\pristine_CO2\GITPIK\GITPIK_w_CO2_1_relaxed.cif,-0.3785231774999715
C:\Users\GED\PycharmProjects\Aixelo_Project_DataLab_2025\data\odac\pristine_CO2\GITVEL\GITVEL_w_CO2_1_relaxed.cif,-0.3676491939997504
C:\Users\GED\PycharmProjects\Aixelo_Project_DataLab_2025\data\odac\pristine_CO2\GITVEL01\GITVEL01_w_CO2_1_relaxed.cif,-0.29735933000010845
C:\Users\GED\PycharmProjects\Aixelo_Project_DataLab_2025\data\odac\pristine_CO2\GITWIQ\GITWIQ_w_CO2_1_relaxed.cif,-0.31901886285725467
C:\Users\GED\PycharmProjects\Aixelo_Project_DataLab_2025\data\odac\pristine_CO2\GIWBEU_charged\GIWBEU_charged_w_CO2_1_relaxed.cif,-0.42330120499974555
C:\Users\GED\PycharmProjects\Aixelo_Project_DataLab_2025\data\odac\pristine_CO2\GIWCAR_ion_b\GIWCAR_ion_b_w_CO2_1_relaxed.cif,0.43771053499995105
C:\Users\GED\PycharmProjects\Aixelo_Project_DataLab_2025\data\odac\pristine_CO2\GIWNUV\GIWNUV_w_CO2_1_relaxed.cif,-0.12186590125000404
C:\Users\GED\PycharmProjects\Aixelo_Project_DataLab_2025\data\odac\pristine_CO2\GIXNAE\GIXNAE_w_CO2_1_relaxed.cif,-0.11591420599986575
C:\Users\GED\PycharmProjects\Aixelo_Project_DataLab_2025\data\odac\pristine_CO2\GIYSEN\GIYSEN_w_CO2_1_relaxed.cif,-0.20455318857141586
C:\Users\GED\PycharmProjects\Aixelo_Project_DataLab_2025\data\odac\pristine_CO2\GIYSIR\GIYSIR_w_CO2_1_relaxed.cif,-0.2576582083333581
C:\Users\GED\PycharmProjects\Aixelo_Project_DataLab_2025\data\odac\pristine_CO2\GIYSUD\GIYSUD_w_CO2_1_relaxed.cif,-0.3141387266667171
C:\Users\GED\PycharmProjects\Aixelo_Project_DataLab_2025\data\odac\pristine_CO2\GIYTAK\GIYTAK_w_CO2_1_relaxed.cif,-0.3052855200000219
C:\Users\GED\PycharmProjects\Aixelo_Project_DataLab_2025\data\odac\pristine_CO2\GIYTIS_SL\GIYTIS_SL_w_CO2_1_relaxed.cif,-0.23799167166672908
C:\Users\GED\PycharmProjects\Aixelo_Project_DataLab_2025\data\odac\pristine_CO2\GIZXET\GIZXET_w_CO2_1_relaxed.cif,-0.4848658857139136
C:\Users\GED\PycharmProjects\Aixelo_Project_DataLab_2025\data\odac\pristine_CO2\GOBSUM\GOBSUM_w_CO2_1_relaxed.cif,-0.16974163833344844
C:\Users\GED\PycharmProjects\Aixelo_Project_DataLab_2025\data\odac\pristine_CO2\GOGSIF\GOGSIF_w_CO2_1_relaxed.cif,0.3539511149998589
C:\Users\GED\PycharmProjects\Aixelo_Project_DataLab_2025\data\odac\pristine_CO2\GOGWEF\GOGWEF_w_CO2_random_1_relaxed.cif,0.7905887749999465
C:\Users\GED\PycharmProjects\Aixelo_Project_DataLab_2025\data\odac\pristine_CO2\GOJFAN_charged\GOJFAN_charged_w_CO2_1_relaxed.cif,-0.047203173333400635
C:\Users\GED\PycharmProjects\Aixelo_Project_DataLab_2025\data\odac\pristine_CO2\GOKBUE\GOKBUE_w_CO2_1_relaxed.cif,-0.3743497519999664
C:\Users\GED\PycharmProjects\Aixelo_Project_DataLab_2025\data\odac\pristine_CO2\GOLQII\GOLQII_w_CO2_1_relaxed.cif,-0.038901289999984094
C:\Users\GED\PycharmProjects\Aixelo_Project_DataLab_2025\data\odac\pristine_CO2\GOMRAC\GOMRAC_w_CO2_1_relaxed.cif,-0.36927772444437323
C:\Users\GED\PycharmProjects\Aixelo_Project_DataLab_2025\data\odac\pristine_CO2\GOMREG\GOMREG_w_CO2_1_relaxed.cif,0.019224635000057326
C:\Users\GED\PycharmProjects\Aixelo_Project_DataLab_2025\data\odac\pristine_CO2\GONNAA\GONNAA_w_CO2_1_relaxed.cif,-0.03025502400018922
C:\Users\GED\PycharmProjects\Aixelo_Project_DataLab_2025\data\odac\pristine_CO2\GONTAG\GONTAG_w_CO2_1_relaxed.cif,-0.3626961928571453
C:\Users\GED\PycharmProjects\Aixelo_Project_DataLab_2025\data\odac\pristine_CO2\GOQXAN\GOQXAN_w_CO2_1_relaxed.cif,-0.2607967699999752
C:\Users\GED\PycharmProjects\Aixelo_Project_DataLab_2025\data\odac\pristine_CO2\GORWUF\GORWUF_w_CO2_1_relaxed.cif,6.787075289999995
C:\Users\GED\PycharmProjects\Aixelo_Project_DataLab_2025\data\odac\pristine_CO2\GOSBOH\GOSBOH_w_CO2_1_relaxed.cif,-0.4898919149999585
C:\Users\GED\PycharmProjects\Aixelo_Project_DataLab_2025\data\odac\pristine_CO2\GOSKEG\GOSKEG_w_CO2_1_relaxed.cif,-0.5637994199996683
C:\Users\GED\PycharmProjects\Aixelo_Project_DataLab_2025\data\odac\pristine_CO2\GOZNEQ\GOZNEQ_w_CO2_1_relaxed.cif,-0.1104329716666067
C:\Users\GED\PycharmProjects\Aixelo_Project_DataLab_2025\data\odac\pristine_CO2\GUANZS\GUANZS_w_CO2_1_relaxed.cif,-0.2623872300000442
C:\Users\GED\PycharmProjects\Aixelo_Project_DataLab_2025\data\odac\pristine_CO2\GUBKUL\GUBKUL_w_CO2_1_relaxed.cif,-0.34507468600004354
C:\Users\GED\PycharmProjects\Aixelo_Project_DataLab_2025\data\odac\pristine_CO2\GUBVUU\GUBVUU_w_CO2_4_relaxed.cif,0.22722631499999574
C:\Users\GED\PycharmProjects\Aixelo_Project_DataLab_2025\data\odac\pristine_CO2\GUBZAF\GUBZAF_w_CO2_1_relaxed.cif,-0.43531601666673697
C:\Users\GED\PycharmProjects\Aixelo_Project_DataLab_2025\data\odac\pristine_CO2\GUCHUJ\GUCHUJ_w_CO2_1_relaxed.cif,-0.23000445571436295
C:\Users\GED\PycharmProjects\Aixelo_Project_DataLab_2025\data\odac\pristine_CO2\GUCJAQ\GUCJAQ_w_CO2_1_relaxed.cif,-0.2724488657142306
C:\Users\GED\PycharmProjects\Aixelo_Project_DataLab_2025\data\odac\pristine_CO2\GUFBOA\GUFBOA_w_CO2_1_relaxed.cif,-0.2074039249999657
C:\Users\GED\PycharmProjects\Aixelo_Project_DataLab_2025\data\odac\pristine_CO2\GUFREF\GUFREF_w_CO2_1_relaxed.cif,0.011584603750037562
C:\Users\GED\PycharmProjects\Aixelo_Project_DataLab_2025\data\odac\pristine_CO2\GUFXEM\GUFXEM_w_CO2_1_relaxed.cif,0.9626831266665477
C:\Users\GED\PycharmProjects\Aixelo_Project_DataLab_2025\data\odac\pristine_CO2\GUGNON\GUGNON_w_CO2_1_relaxed.cif,-0.39204914285710396
C:\Users\GED\PycharmProjects\Aixelo_Project_DataLab_2025\data\odac\pristine_CO2\GUJREK01\GUJREK01_w_CO2_3_relaxed.cif,-0.1746227133336712
C:\Users\GED\PycharmProjects\Aixelo_Project_DataLab_2025\data\odac\pristine_CO2\GUKFEY\GUKFEY_w_CO2_1_relaxed.cif,-0.31308930857156675
C:\Users\GED\PycharmProjects\Aixelo_Project_DataLab_2025\data\odac\pristine_CO2\GUKYUI\GUKYUI_w_CO2_1_relaxed.cif,-0.6352068159999817
C:\Users\GED\PycharmProjects\Aixelo_Project_DataLab_2025\data\odac\pristine_CO2\GULBAR\GULBAR_w_CO2_1_relaxed.cif,-0.2229190871430546
C:\Users\GED\PycharmProjects\Aixelo_Project_DataLab_2025\data\odac\pristine_CO2\GULCAS\GULCAS_w_CO2_1_relaxed.cif,-0.3428961500000393
C:\Users\GED\PycharmProjects\Aixelo_Project_DataLab_2025\data\odac\pristine_CO2\GULPIN\GULPIN_w_CO2_1_relaxed.cif,-0.328419961428738
C:\Users\GED\PycharmProjects\Aixelo_Project_DataLab_2025\data\odac\pristine_CO2\GULWOA\GULWOA_w_CO2_1_relaxed.cif,-0.36854119000001145
C:\Users\GED\PycharmProjects\Aixelo_Project_DataLab_2025\data\odac\pristine_CO2\GUMBIA\GUMBIA_w_CO2_1_relaxed.cif,-0.011118240000087072
C:\Users\GED\PycharmProjects\Aixelo_Project_DataLab_2025\data\odac\pristine_CO2\GUMDEZ\GUMDEZ_w_CO2_1_relaxed.cif,-0.41830844124996247
C:\Users\GED\PycharmProjects\Aixelo_Project_DataLab_2025\data\odac\pristine_CO2\GUNFAW01_neutral\GUNFAW01_neutral_w_CO2_1_relaxed.cif,-0.3858157766665424
C:\Users\GED\PycharmProjects\Aixelo_Project_DataLab_2025\data\odac\pristine_CO2\GUPBUP_SL\GUPBUP_SL_w_CO2_1_relaxed.cif,-0.2066164625000226
C:\Users\GED\PycharmProjects\Aixelo_Project_DataLab_2025\data\odac\pristine_CO2\GUPCAW\GUPCAW_w_CO2_1_relaxed.cif,-0.10122121499995275
C:\Users\GED\PycharmProjects\Aixelo_Project_DataLab_2025\data\odac\pristine_CO2\GUPJEG\GUPJEG_w_CO2_1_relaxed.cif,-0.12526192499998956
C:\Users\GED\PycharmProjects\Aixelo_Project_DataLab_2025\data\odac\pristine_CO2\GUPJEG01\GUPJEG01_w_CO2_1_relaxed.cif,0.818652997499953
C:\Users\GED\PycharmProjects\Aixelo_Project_DataLab_2025\data\odac\pristine_CO2\GURPIT\GURPIT_w_CO2_1_relaxed.cif,-0.10079668333340423
C:\Users\GED\PycharmProjects\Aixelo_Project_DataLab_2025\data\odac\pristine_CO2\GURPUF\GURPUF_w_CO2_1_relaxed.cif,-0.14742147333314878
C:\Users\GED\PycharmProjects\Aixelo_Project_DataLab_2025\data\odac\pristine_CO2\GUSJOU\GUSJOU_w_CO2_1_relaxed.cif,0.31514089200006773
C:\Users\GED\PycharmProjects\Aixelo_Project_DataLab_2025\data\odac\pristine_CO2\GUTYIE\GUTYIE_w_CO2_1_relaxed.cif,-0.2628621159998602
C:\Users\GED\PycharmProjects\Aixelo_Project_DataLab_2025\data\odac\pristine_CO2\GUWDUY\GUWDUY_w_CO2_1_relaxed.cif,-0.07153493142850816
C:\Users\GED\PycharmProjects\Aixelo_Project_DataLab_2025\data\odac\pristine_CO2\GUXZIJ\GUXZIJ_w_CO2_random_1_relaxed.cif,0.555780850000076
C:\Users\GED\PycharmProjects\Aixelo_Project_DataLab_2025\data\odac\pristine_CO2\HADLOQ01\HADLOQ01_w_CO2_1_relaxed.cif,-0.17550723800000007
C:\Users\GED\PycharmProjects\Aixelo_Project_DataLab_2025\data\odac\pristine_CO2\HADPOU\HADPOU_w_CO2_1_relaxed.cif,-0.4279765571428657
C:\Users\GED\PycharmProjects\Aixelo_Project_DataLab_2025\data\odac\pristine_CO2\HAFGUQ\HAFGUQ_w_CO2_1_relaxed.cif,-0.49464055500007476
C:\Users\GED\PycharmProjects\Aixelo_Project_DataLab_2025\data\odac\pristine_CO2\HAFQOW\HAFQOW_w_CO2_1_relaxed.cif,0.10837109333334638
C:\Users\GED\PycharmProjects\Aixelo_Project_DataLab_2025\data\odac\pristine_CO2\HAFQUC\HAFQUC_w_CO2_1_relaxed.cif,-0.1669542166666057
C:\Users\GED\PycharmProjects\Aixelo_Project_DataLab_2025\data\odac\pristine_CO2\HAFTOZ\HAFTOZ_w_CO2_1_relaxed.cif,0.5750917280000521
C:\Users\GED\PycharmProjects\Aixelo_Project_DataLab_2025\data\odac\pristine_CO2\HAFVOB\HAFVOB_w_CO2_1_relaxed.cif,-0.4069267050002736
C:\Users\GED\PycharmProjects\Aixelo_Project_DataLab_2025\data\odac\pristine_CO2\HAFVUH_SL\HAFVUH_SL_w_CO2_1_relaxed.cif,-0.2577790066666239
C:\Users\GED\PycharmProjects\Aixelo_Project_DataLab_2025\data\odac\pristine_CO2\HAFWUI01_charged\HAFWUI01_charged_w_CO2_2_relaxed.cif,-0.20882835999987034
C:\Users\GED\PycharmProjects\Aixelo_Project_DataLab_2025\data\odac\pristine_CO2\HAHPIQ_charged\HAHPIQ_charged_w_CO2_1_relaxed.cif,-0.0383113249999951
C:\Users\GED\PycharmProjects\Aixelo_Project_DataLab_2025\data\odac\pristine_CO2\HAHPOW\HAHPOW_w_CO2_1_relaxed.cif,-0.18626941599986818
C:\Users\GED\PycharmProjects\Aixelo_Project_DataLab_2025\data\odac\pristine_CO2\HAJLEK\HAJLEK_w_CO2_1_relaxed.cif,-0.22836600571456847
C:\Users\GED\PycharmProjects\Aixelo_Project_DataLab_2025\data\odac\pristine_CO2\HAJLIO\HAJLIO_w_CO2_1_relaxed.cif,-0.3592236614287166
C:\Users\GED\PycharmProjects\Aixelo_Project_DataLab_2025\data\odac\pristine_CO2\HAJLOU\HAJLOU_w_CO2_1_relaxed.cif,-0.35493265571442734
C:\Users\GED\PycharmProjects\Aixelo_Project_DataLab_2025\data\odac\pristine_CO2\HAJLUA\HAJLUA_w_CO2_1_relaxed.cif,-0.1920670428570312
C:\Users\GED\PycharmProjects\Aixelo_Project_DataLab_2025\data\odac\pristine_CO2\HAJMAH\HAJMAH_w_CO2_1_relaxed.cif,-0.23841004571441513
C:\Users\GED\PycharmProjects\Aixelo_Project_DataLab_2025\data\odac\pristine_CO2\HAJMEL\HAJMEL_w_CO2_1_relaxed.cif,-0.48558743428592216
C:\Users\GED\PycharmProjects\Aixelo_Project_DataLab_2025\data\odac\pristine_CO2\HAKSIY\HAKSIY_w_CO2_1_relaxed.cif,-0.21828395333371495
C:\Users\GED\PycharmProjects\Aixelo_Project_DataLab_2025\data\odac\pristine_CO2\HAKVOH\HAKVOH_w_CO2_1_relaxed.cif,0.14399787499989233
C:\Users\GED\PycharmProjects\Aixelo_Project_DataLab_2025\data\odac\pristine_CO2\HAKWAU\HAKWAU_w_CO2_1_relaxed.cif,-0.12048377600001459
C:\Users\GED\PycharmProjects\Aixelo_Project_DataLab_2025\data\odac\pristine_CO2\HALVAU\HALVAU_w_CO2_1_relaxed.cif,-0.23193271857144282
C:\Users\GED\PycharmProjects\Aixelo_Project_DataLab_2025\data\odac\pristine_CO2\HAMJOW\HAMJOW_w_CO2_1_relaxed.cif,-0.21464930999998913
C:\Users\GED\PycharmProjects\Aixelo_Project_DataLab_2025\data\odac\pristine_CO2\HAMLIT\HAMLIT_w_CO2_1_relaxed.cif,-0.29906842125021166
C:\Users\GED\PycharmProjects\Aixelo_Project_DataLab_2025\data\odac\pristine_CO2\HAMREU\HAMREU_w_CO2_1_relaxed.cif,-0.24023306833328206
C:\Users\GED\PycharmProjects\Aixelo_Project_DataLab_2025\data\odac\pristine_CO2\HAPGIR\HAPGIR_w_CO2_1_relaxed.cif,0.08596627333315605
C:\Users\GED\PycharmProjects\Aixelo_Project_DataLab_2025\data\odac\pristine_CO2\HAPHUD\HAPHUD_w_CO2_1_relaxed.cif,-0.317755994999743
C:\Users\GED\PycharmProjects\Aixelo_Project_DataLab_2025\data\odac\pristine_CO2\HAPPAS\HAPPAS_w_CO2_1_relaxed.cif,0.5383611985712703
C:\Users\GED\PycharmProjects\Aixelo_Project_DataLab_2025\data\odac\pristine_CO2\HAPVAX\HAPVAX_w_CO2_1_relaxed.cif,-0.2347897049999498
C:\Users\GED\PycharmProjects\Aixelo_Project_DataLab_2025\data\odac\pristine_CO2\HAPVEB\HAPVEB_w_CO2_1_relaxed.cif,-0.4520628285713916
C:\Users\GED\PycharmProjects\Aixelo_Project_DataLab_2025\data\odac\pristine_CO2\HASMIZ\HASMIZ_w_CO2_3_relaxed.cif,-0.2146885500000053
C:\Users\GED\PycharmProjects\Aixelo_Project_DataLab_2025\data\odac\pristine_CO2\HATZOS\HATZOS_w_CO2_1_relaxed.cif,-0.3389271750001323
C:\Users\GED\PycharmProjects\Aixelo_Project_DataLab_2025\data\odac\pristine_CO2\HATZOS02\HATZOS02_w_CO2_1_relaxed.cif,-0.3509078333333567
C:\Users\GED\PycharmProjects\Aixelo_Project_DataLab_2025\data\odac\pristine_CO2\HAVVUX\HAVVUX_w_CO2_1_relaxed.cif,-0.33853044000002225
C:\Users\GED\PycharmProjects\Aixelo_Project_DataLab_2025\data\odac\pristine_CO2\HAWGIX_charged\HAWGIX_charged_w_CO2_1_relaxed.cif,-0.3114327342856476
C:\Users\GED\PycharmProjects\Aixelo_Project_DataLab_2025\data\odac\pristine_CO2\HAWREE\HAWREE_w_CO2_1_relaxed.cif,-0.7786846925000361
C:\Users\GED\PycharmProjects\Aixelo_Project_DataLab_2025\data\odac\pristine_CO2\HAWVAE\HAWVAE_w_CO2_1_relaxed.cif,-0.14069915714284364
C:\Users\GED\PycharmProjects\Aixelo_Project_DataLab_2025\data\odac\pristine_CO2\HAWVEI\HAWVEI_w_CO2_1_relaxed.cif,-5.971999999994569e-05
C:\Users\GED\PycharmProjects\Aixelo_Project_DataLab_2025\data\odac\pristine_CO2\HAWVIM\HAWVIM_w_CO2_1_relaxed.cif,1.2548810783333313
C:\Users\GED\PycharmProjects\Aixelo_Project_DataLab_2025\data\odac\pristine_CO2\HAWVOS\HAWVOS_w_CO2_3_relaxed.cif,-0.28587351500001995
C:\Users\GED\PycharmProjects\Aixelo_Project_DataLab_2025\data\odac\pristine_CO2\HAWWAF\HAWWAF_w_CO2_1_relaxed.cif,-0.3280224042857104
C:\Users\GED\PycharmProjects\Aixelo_Project_DataLab_2025\data\odac\pristine_CO2\HAWWEK\HAWWEK_w_CO2_1_relaxed.cif,-0.2382571560000542
C:\Users\GED\PycharmProjects\Aixelo_Project_DataLab_2025\data\odac\pristine_CO2\HAWZEM\HAWZEM_w_CO2_1_relaxed.cif,-0.10019244285709712
C:\Users\GED\PycharmProjects\Aixelo_Project_DataLab_2025\data\odac\pristine_CO2\HAXMUP\HAXMUP_w_CO2_1_relaxed.cif,-0.3006664639998689
C:\Users\GED\PycharmProjects\Aixelo_Project_DataLab_2025\data\odac\pristine_CO2\HAXNOJ\HAXNOJ_w_CO2_1_relaxed.cif,-0.37069017499993606
C:\Users\GED\PycharmProjects\Aixelo_Project_DataLab_2025\data\odac\pristine_CO2\HAYLIE\HAYLIE_w_CO2_1_relaxed.cif,-0.08842739142876001
C:\Users\GED\PycharmProjects\Aixelo_Project_DataLab_2025\data\odac\pristine_CO2\HAZSIL\HAZSIL_w_CO2_1_relaxed.cif,-0.29204201199991076
C:\Users\GED\PycharmProjects\Aixelo_Project_DataLab_2025\data\odac\pristine_CO2\HAZWIP\HAZWIP_w_CO2_1_relaxed.cif,-0.42154943999994043
C:\Users\GED\PycharmProjects\Aixelo_Project_DataLab_2025\data\odac\pristine_CO2\HEBKEG\HEBKEG_w_CO2_1_relaxed.cif,-0.30528810999997597
C:\Users\GED\PycharmProjects\Aixelo_Project_DataLab_2025\data\odac\pristine_CO2\HEDBEZ\HEDBEZ_w_CO2_random_1_relaxed.cif,0.8690782600000944
C:\Users\GED\PycharmProjects\Aixelo_Project_DataLab_2025\data\odac\pristine_CO2\HEDBID\HEDBID_w_CO2_random_1_relaxed.cif,0.5756826049999972
C:\Users\GED\PycharmProjects\Aixelo_Project_DataLab_2025\data\odac\pristine_CO2\HEDCAW\HEDCAW_w_CO2_1_relaxed.cif,0.07653967000002616
C:\Users\GED\PycharmProjects\Aixelo_Project_DataLab_2025\data\odac\pristine_CO2\HEDCIE\HEDCIE_w_CO2_1_relaxed.cif,0.13583885333340123
C:\Users\GED\PycharmProjects\Aixelo_Project_DataLab_2025\data\odac\pristine_CO2\HEFDON\HEFDON_w_CO2_1_relaxed.cif,-0.4976367542859797
C:\Users\GED\PycharmProjects\Aixelo_Project_DataLab_2025\data\odac\pristine_CO2\HEFFEF\HEFFEF_w_CO2_1_relaxed.cif,-0.37516428285731046
C:\Users\GED\PycharmProjects\Aixelo_Project_DataLab_2025\data\odac\pristine_CO2\HEFVAR\HEFVAR_w_CO2_1_relaxed.cif,-0.28086034000008503
C:\Users\GED\PycharmProjects\Aixelo_Project_DataLab_2025\data\odac\pristine_CO2\HEGCEB\HEGCEB_w_CO2_1_relaxed.cif,-0.19402325666665843
C:\Users\GED\PycharmProjects\Aixelo_Project_DataLab_2025\data\odac\pristine_CO2\HEGJUZ\HEGJUZ_w_CO2_1_relaxed.cif,-0.3777035599997752
C:\Users\GED\PycharmProjects\Aixelo_Project_DataLab_2025\data\odac\pristine_CO2\HEKTAU\HEKTAU_w_CO2_random_1_relaxed.cif,-0.060625645000072795
C:\Users\GED\PycharmProjects\Aixelo_Project_DataLab_2025\data\odac\pristine_CO2\HELDEJ_SL\HELDEJ_SL_w_CO2_1_relaxed.cif,-0.29093350714286503
C:\Users\GED\PycharmProjects\Aixelo_Project_DataLab_2025\data\odac\pristine_CO2\HETZOW\HETZOW_w_CO2_1_relaxed.cif,-0.3100535116669031
C:\Users\GED\PycharmProjects\Aixelo_Project_DataLab_2025\data\odac\pristine_CO2\HETZUC_charged\HETZUC_charged_w_CO2_1_relaxed.cif,0.08329846142896709
C:\Users\GED\PycharmProjects\Aixelo_Project_DataLab_2025\data\odac\pristine_CO2\HEXNII\HEXNII_w_CO2_1_relaxed.cif,-0.36469558250000483
C:\Users\GED\PycharmProjects\Aixelo_Project_DataLab_2025\data\odac\pristine_CO2\HEZKIH\HEZKIH_w_CO2_1_relaxed.cif,-0.41190306857161624
C:\Users\GED\PycharmProjects\Aixelo_Project_DataLab_2025\data\odac\pristine_CO2\HEZPIL01\HEZPIL01_w_CO2_random_1_relaxed.cif,0.1549027649999175
C:\Users\GED\PycharmProjects\Aixelo_Project_DataLab_2025\data\odac\pristine_CO2\HGCNCO\HGCNCO_w_CO2_1_relaxed.cif,-0.18180900000003247
C:\Users\GED\PycharmProjects\Aixelo_Project_DataLab_2025\data\odac\pristine_CO2\HIBGEF\HIBGEF_w_CO2_1_relaxed.cif,-0.3686585616665828
C:\Users\GED\PycharmProjects\Aixelo_Project_DataLab_2025\data\odac\pristine_CO2\HIBGIJ\HIBGIJ_w_CO2_1_relaxed.cif,-0.3125408549999141
C:\Users\GED\PycharmProjects\Aixelo_Project_DataLab_2025\data\odac\pristine_CO2\HICVOG\HICVOG_w_CO2_1_relaxed.cif,-0.34629752571442746
C:\Users\GED\PycharmProjects\Aixelo_Project_DataLab_2025\data\odac\pristine_CO2\HICVUM\HICVUM_w_CO2_1_relaxed.cif,-0.3994824357144222
C:\Users\GED\PycharmProjects\Aixelo_Project_DataLab_2025\data\odac\pristine_CO2\HICZIE\HICZIE_w_CO2_1_relaxed.cif,-0.308277164286015
C:\Users\GED\PycharmProjects\Aixelo_Project_DataLab_2025\data\odac\pristine_CO2\HIFGIO_SL\HIFGIO_SL_w_CO2_1_relaxed.cif,-0.10673024999996035
C:\Users\GED\PycharmProjects\Aixelo_Project_DataLab_2025\data\odac\pristine_CO2\HIFTOG\HIFTOG_w_CO2_1_relaxed.cif,-0.26091848000006784
C:\Users\GED\PycharmProjects\Aixelo_Project_DataLab_2025\data\odac\pristine_CO2\HIFTOG01\HIFTOG01_w_CO2_1_relaxed.cif,-0.1581901274999779
C:\Users\GED\PycharmProjects\Aixelo_Project_DataLab_2025\data\odac\pristine_CO2\HIFTOG02\HIFTOG02_w_CO2_1_relaxed.cif,-0.20298820000004977
C:\Users\GED\PycharmProjects\Aixelo_Project_DataLab_2025\data\odac\pristine_CO2\HIFTUM\HIFTUM_w_CO2_1_relaxed.cif,0.06607362333325754
C:\Users\GED\PycharmProjects\Aixelo_Project_DataLab_2025\data\odac\pristine_CO2\HIFVOI\HIFVOI_w_CO2_1_relaxed.cif,-0.3918963379999695
C:\Users\GED\PycharmProjects\Aixelo_Project_DataLab_2025\data\odac\pristine_CO2\HIFWAV\HIFWAV_w_CO2_1_relaxed.cif,-0.3789933750000121
C:\Users\GED\PycharmProjects\Aixelo_Project_DataLab_2025\data\odac\pristine_CO2\HIFZAY_charged\HIFZAY_charged_w_CO2_1_relaxed.cif,-0.4893586599998798
C:\Users\GED\PycharmProjects\Aixelo_Project_DataLab_2025\data\odac\pristine_CO2\HIGRIA\HIGRIA_w_CO2_1_relaxed.cif,-0.26103217333343304
C:\Users\GED\PycharmProjects\Aixelo_Project_DataLab_2025\data\odac\pristine_CO2\HIHGUC\HIHGUC_w_CO2_1_relaxed.cif,0.23071470799991398
C:\Users\GED\PycharmProjects\Aixelo_Project_DataLab_2025\data\odac\pristine_CO2\HIJSOK\HIJSOK_w_CO2_1_relaxed.cif,-0.5528913362498429
C:\Users\GED\PycharmProjects\Aixelo_Project_DataLab_2025\data\odac\pristine_CO2\HILJUJ\HILJUJ_w_CO2_1_relaxed.cif,-0.15783655800009905
C:\Users\GED\PycharmProjects\Aixelo_Project_DataLab_2025\data\odac\pristine_CO2\HIMSAY\HIMSAY_w_CO2_1_relaxed.cif,-0.27863533375000316
C:\Users\GED\PycharmProjects\Aixelo_Project_DataLab_2025\data\odac\pristine_CO2\HITXUE\HITXUE_w_CO2_1_relaxed.cif,-0.2673673644446302
C:\Users\GED\PycharmProjects\Aixelo_Project_DataLab_2025\data\odac\pristine_CO2\HIWKEE\HIWKEE_w_CO2_1_relaxed.cif,-0.19756197666701306
C:\Users\GED\PycharmProjects\Aixelo_Project_DataLab_2025\data\odac\pristine_CO2\HIWKII\HIWKII_w_CO2_1_relaxed.cif,-0.24076073500004702
C:\Users\GED\PycharmProjects\Aixelo_Project_DataLab_2025\data\odac\pristine_CO2\HIWLIK\HIWLIK_w_CO2_1_relaxed.cif,-0.36555618333329676
C:\Users\GED\PycharmProjects\Aixelo_Project_DataLab_2025\data\odac\pristine_CO2\HIWLOQ\HIWLOQ_w_CO2_1_relaxed.cif,-0.3018178566665786
C:\Users\GED\PycharmProjects\Aixelo_Project_DataLab_2025\data\odac\pristine_CO2\HIWLUW\HIWLUW_w_CO2_1_relaxed.cif,-0.17328202571433488
C:\Users\GED\PycharmProjects\Aixelo_Project_DataLab_2025\data\odac\pristine_CO2\HIYBUN\HIYBUN_w_CO2_1_relaxed.cif,-0.00349386999996566
C:\Users\GED\PycharmProjects\Aixelo_Project_DataLab_2025\data\odac\pristine_CO2\HIYYEU\HIYYEU_w_CO2_1_relaxed.cif,-0.3583774916666016
C:\Users\GED\PycharmProjects\Aixelo_Project_DataLab_2025\data\odac\pristine_CO2\HIZQEN\HIZQEN_w_CO2_1_relaxed.cif,-0.17751248142856668
C:\Users\GED\PycharmProjects\Aixelo_Project_DataLab_2025\data\odac\pristine_CO2\HIZQEN01\HIZQEN01_w_CO2_1_relaxed.cif,-0.20605917714283348
C:\Users\GED\PycharmProjects\Aixelo_Project_DataLab_2025\data\odac\pristine_CO2\HIZQUD\HIZQUD_w_CO2_1_relaxed.cif,-0.3178845916666357
C:\Users\GED\PycharmProjects\Aixelo_Project_DataLab_2025\data\odac\pristine_CO2\HOBGAH\HOBGAH_w_CO2_3_relaxed.cif,-0.24052119000026545
C:\Users\GED\PycharmProjects\Aixelo_Project_DataLab_2025\data\odac\pristine_CO2\HOBGEL\HOBGEL_w_CO2_1_relaxed.cif,-0.25859158666660653
C:\Users\GED\PycharmProjects\Aixelo_Project_DataLab_2025\data\odac\pristine_CO2\HOBGIP\HOBGIP_w_CO2_1_relaxed.cif,-0.37887265142850474
C:\Users\GED\PycharmProjects\Aixelo_Project_DataLab_2025\data\odac\pristine_CO2\HOBGOV\HOBGOV_w_CO2_1_relaxed.cif,-0.2288487328570454
C:\Users\GED\PycharmProjects\Aixelo_Project_DataLab_2025\data\odac\pristine_CO2\HOCDIO\HOCDIO_w_CO2_1_relaxed.cif,-0.018877271428542446
C:\Users\GED\PycharmProjects\Aixelo_Project_DataLab_2025\data\odac\pristine_CO2\HOCDOU\HOCDOU_w_CO2_1_relaxed.cif,0.19976973499997072
C:\Users\GED\PycharmProjects\Aixelo_Project_DataLab_2025\data\odac\pristine_CO2\HOFSOL\HOFSOL_w_CO2_random_1_relaxed.cif,0.5008713550001289
C:\Users\GED\PycharmProjects\Aixelo_Project_DataLab_2025\data\odac\pristine_CO2\HOFSUS\HOFSUS_w_CO2_1_relaxed.cif,-0.10076134666657781
C:\Users\GED\PycharmProjects\Aixelo_Project_DataLab_2025\data\odac\pristine_CO2\HOGJIX\HOGJIX_w_CO2_1_relaxed.cif,-0.20564452166672706
C:\Users\GED\PycharmProjects\Aixelo_Project_DataLab_2025\data\odac\pristine_CO2\HOGLEV01\HOGLEV01_w_CO2_1_relaxed.cif,0.001954110000080315
C:\Users\GED\PycharmProjects\Aixelo_Project_DataLab_2025\data\odac\pristine_CO2\HOGSIG\HOGSIG_w_CO2_1_relaxed.cif,-0.1806972033332954
C:\Users\GED\PycharmProjects\Aixelo_Project_DataLab_2025\data\odac\pristine_CO2\HOGTOM\HOGTOM_w_CO2_1_relaxed.cif,-0.03673892500006555
C:\Users\GED\PycharmProjects\Aixelo_Project_DataLab_2025\data\odac\pristine_CO2\HOKGUJ\HOKGUJ_w_CO2_1_relaxed.cif,1.0152210499999714
C:\Users\GED\PycharmProjects\Aixelo_Project_DataLab_2025\data\odac\pristine_CO2\HOMRIL\HOMRIL_w_CO2_2_relaxed.cif,-0.7455899800000907
C:\Users\GED\PycharmProjects\Aixelo_Project_DataLab_2025\data\odac\pristine_CO2\HOMZEP\HOMZEP_w_CO2_1_relaxed.cif,-0.1824552725000785
C:\Users\GED\PycharmProjects\Aixelo_Project_DataLab_2025\data\odac\pristine_CO2\HOQMIL\HOQMIL_w_CO2_1_relaxed.cif,-0.34124841833340724
C:\Users\GED\PycharmProjects\Aixelo_Project_DataLab_2025\data\odac\pristine_CO2\HOQMIL01\HOQMIL01_w_CO2_1_relaxed.cif,-0.4089483550000826
C:\Users\GED\PycharmProjects\Aixelo_Project_DataLab_2025\data\odac\pristine_CO2\HOQMIL02\HOQMIL02_w_CO2_1_relaxed.cif,-0.3152794233335498
C:\Users\GED\PycharmProjects\Aixelo_Project_DataLab_2025\data\odac\pristine_CO2\HOQMIL03\HOQMIL03_w_CO2_1_relaxed.cif,-0.3121294833334787
C:\Users\GED\PycharmProjects\Aixelo_Project_DataLab_2025\data\odac\pristine_CO2\HOQMIL04\HOQMIL04_w_CO2_1_relaxed.cif,-0.31012806999998094
C:\Users\GED\PycharmProjects\Aixelo_Project_DataLab_2025\data\odac\pristine_CO2\HOQMUX\HOQMUX_w_CO2_1_relaxed.cif,-0.24343994999996232
C:\Users\GED\PycharmProjects\Aixelo_Project_DataLab_2025\data\odac\pristine_CO2\HOQNEI\HOQNEI_w_CO2_1_relaxed.cif,-0.3343388666667882
C:\Users\GED\PycharmProjects\Aixelo_Project_DataLab_2025\data\odac\pristine_CO2\HOTWUJ\HOTWUJ_w_CO2_1_relaxed.cif,-0.5766289485714863
C:\Users\GED\PycharmProjects\Aixelo_Project_DataLab_2025\data\odac\pristine_CO2\HOVGIK\HOVGIK_w_CO2_1_relaxed.cif,0.13589440874997644
C:\Users\GED\PycharmProjects\Aixelo_Project_DataLab_2025\data\odac\pristine_CO2\HOVQAM\HOVQAM_w_CO2_random_2_relaxed.cif,0.1379363400001239
C:\Users\GED\PycharmProjects\Aixelo_Project_DataLab_2025\data\odac\pristine_CO2\HOWJEK\HOWJEK_w_CO2_1_relaxed.cif,0.07311630599999712
C:\Users\GED\PycharmProjects\Aixelo_Project_DataLab_2025\data\odac\pristine_CO2\HOWPEQ\HOWPEQ_w_CO2_1_relaxed.cif,-0.30892036833332287
C:\Users\GED\PycharmProjects\Aixelo_Project_DataLab_2025\data\odac\pristine_CO2\HOWPOZ\HOWPOZ_w_CO2_1_relaxed.cif,0.17497004499978172
C:\Users\GED\PycharmProjects\Aixelo_Project_DataLab_2025\data\odac\pristine_CO2\HOWPUF\HOWPUF_w_CO2_1_relaxed.cif,-0.3750439066666709
C:\Users\GED\PycharmProjects\Aixelo_Project_DataLab_2025\data\odac\pristine_CO2\HOWQAM\HOWQAM_w_CO2_1_relaxed.cif,-0.2369390583334052
C:\Users\GED\PycharmProjects\Aixelo_Project_DataLab_2025\data\odac\pristine_CO2\HOWQEQ\HOWQEQ_w_CO2_1_relaxed.cif,-0.34521637500020574
C:\Users\GED\PycharmProjects\Aixelo_Project_DataLab_2025\data\odac\pristine_CO2\HOWSAP\HOWSAP_w_CO2_1_relaxed.cif,-0.13378080499997697
C:\Users\GED\PycharmProjects\Aixelo_Project_DataLab_2025\data\odac\pristine_CO2\HOXGEH\HOXGEH_w_CO2_1_relaxed.cif,-0.37590118199996136
C:\Users\GED\PycharmProjects\Aixelo_Project_DataLab_2025\data\odac\pristine_CO2\HOYREU\HOYREU_w_CO2_1_relaxed.cif,-0.3527522966666652
C:\Users\GED\PycharmProjects\Aixelo_Project_DataLab_2025\data\odac\pristine_CO2\HOYRIY\HOYRIY_w_CO2_1_relaxed.cif,-0.32985558833333545
C:\Users\GED\PycharmProjects\Aixelo_Project_DataLab_2025\data\odac\pristine_CO2\HOYROE\HOYROE_w_CO2_1_relaxed.cif,-0.2714987583334126
C:\Users\GED\PycharmProjects\Aixelo_Project_DataLab_2025\data\odac\pristine_CO2\HOZBUV\HOZBUV_w_CO2_1_relaxed.cif,-0.23100230200000169
C:\Users\GED\PycharmProjects\Aixelo_Project_DataLab_2025\data\odac\pristine_CO2\HOZFEJ\HOZFEJ_w_CO2_1_relaxed.cif,-0.2488174539999818
C:\Users\GED\PycharmProjects\Aixelo_Project_DataLab_2025\data\odac\pristine_CO2\HOZFIN\HOZFIN_w_CO2_1_relaxed.cif,-0.19864431250016423
C:\Users\GED\PycharmProjects\Aixelo_Project_DataLab_2025\data\odac\pristine_CO2\HOZXEB\HOZXEB_w_CO2_1_relaxed.cif,0.28840674571418795
C:\Users\GED\PycharmProjects\Aixelo_Project_DataLab_2025\data\odac\pristine_CO2\HUCWUZ\HUCWUZ_w_CO2_1_relaxed.cif,-0.34567284499973994
C:\Users\GED\PycharmProjects\Aixelo_Project_DataLab_2025\data\odac\pristine_CO2\HUCXAG\HUCXAG_w_CO2_1_relaxed.cif,-0.4064654871429931
C:\Users\GED\PycharmProjects\Aixelo_Project_DataLab_2025\data\odac\pristine_CO2\HUCXEK\HUCXEK_w_CO2_1_relaxed.cif,0.00832414714273
C:\Users\GED\PycharmProjects\Aixelo_Project_DataLab_2025\data\odac\pristine_CO2\HUCXIO\HUCXIO_w_CO2_1_relaxed.cif,-0.36861948714298315
C:\Users\GED\PycharmProjects\Aixelo_Project_DataLab_2025\data\odac\pristine_CO2\HUDMAW\HUDMAW_w_CO2_1_relaxed.cif,-0.39944967374995594
C:\Users\GED\PycharmProjects\Aixelo_Project_DataLab_2025\data\odac\pristine_CO2\HUDWUA\HUDWUA_w_CO2_1_relaxed.cif,-0.49700241285717894
C:\Users\GED\PycharmProjects\Aixelo_Project_DataLab_2025\data\odac\pristine_CO2\HUFHEX\HUFHEX_w_CO2_1_relaxed.cif,-0.33960741800019606
C:\Users\GED\PycharmProjects\Aixelo_Project_DataLab_2025\data\odac\pristine_CO2\HUFHIB\HUFHIB_w_CO2_1_relaxed.cif,-0.7446892859995387
C:\Users\GED\PycharmProjects\Aixelo_Project_DataLab_2025\data\odac\pristine_CO2\HUFHOH\HUFHOH_w_CO2_1_relaxed.cif,-0.3471966820000489
C:\Users\GED\PycharmProjects\Aixelo_Project_DataLab_2025\data\odac\pristine_CO2\HUFHUN\HUFHUN_w_CO2_1_relaxed.cif,-0.22534485400046833
C:\Users\GED\PycharmProjects\Aixelo_Project_DataLab_2025\data\odac\pristine_CO2\HUFJAV\HUFJAV_w_CO2_1_relaxed.cif,-0.44676285599971377
C:\Users\GED\PycharmProjects\Aixelo_Project_DataLab_2025\data\odac\pristine_CO2\HUFJEZ\HUFJEZ_w_CO2_1_relaxed.cif,-0.621370021999428
C:\Users\GED\PycharmProjects\Aixelo_Project_DataLab_2025\data\odac\pristine_CO2\HUFLUR\HUFLUR_w_CO2_1_relaxed.cif,-0.32622028500005246
C:\Users\GED\PycharmProjects\Aixelo_Project_DataLab_2025\data\odac\pristine_CO2\HUFMUS\HUFMUS_w_CO2_1_relaxed.cif,0.2621783614284985
C:\Users\GED\PycharmProjects\Aixelo_Project_DataLab_2025\data\odac\pristine_CO2\HUFYIS\HUFYIS_w_CO2_random_1_relaxed.cif,-0.3852174800000512
C:\Users\GED\PycharmProjects\Aixelo_Project_DataLab_2025\data\odac\pristine_CO2\HUJGEA\HUJGEA_w_CO2_1_relaxed.cif,-0.016395014999943683
C:\Users\GED\PycharmProjects\Aixelo_Project_DataLab_2025\data\odac\pristine_CO2\HUJVOX\HUJVOX_w_CO2_2_relaxed.cif,1.469623588000036
C:\Users\GED\PycharmProjects\Aixelo_Project_DataLab_2025\data\odac\pristine_CO2\HUQGOR\HUQGOR_w_CO2_1_relaxed.cif,-0.32789548166632204
C:\Users\GED\PycharmProjects\Aixelo_Project_DataLab_2025\data\odac\pristine_CO2\HUQGUX\HUQGUX_w_CO2_1_relaxed.cif,-0.2065991539994684
C:\Users\GED\PycharmProjects\Aixelo_Project_DataLab_2025\data\odac\pristine_CO2\HUQHAE\HUQHAE_w_CO2_1_relaxed.cif,-0.05200105166651759
C:\Users\GED\PycharmProjects\Aixelo_Project_DataLab_2025\data\odac\pristine_CO2\HUQHEI\HUQHEI_w_CO2_1_relaxed.cif,-0.31182209285686563
C:\Users\GED\PycharmProjects\Aixelo_Project_DataLab_2025\data\odac\pristine_CO2\HUQHOS\HUQHOS_w_CO2_1_relaxed.cif,-0.399138419999872
C:\Users\GED\PycharmProjects\Aixelo_Project_DataLab_2025\data\odac\pristine_CO2\HURFEH\HURFEH_w_CO2_1_relaxed.cif,-0.4288227128570595
C:\Users\GED\PycharmProjects\Aixelo_Project_DataLab_2025\data\odac\pristine_CO2\HURGEH\HURGEH_w_CO2_1_relaxed.cif,-0.22596398333356163
C:\Users\GED\PycharmProjects\Aixelo_Project_DataLab_2025\data\odac\pristine_CO2\HURGUX\HURGUX_w_CO2_2_relaxed.cif,-0.23738981833328884
C:\Users\GED\PycharmProjects\Aixelo_Project_DataLab_2025\data\odac\pristine_CO2\HURGUX01\HURGUX01_w_CO2_1_relaxed.cif,-0.17592116600012558
C:\Users\GED\PycharmProjects\Aixelo_Project_DataLab_2025\data\odac\pristine_CO2\HUSJUC\HUSJUC_w_CO2_1_relaxed.cif,-0.2985056857142873
C:\Users\GED\PycharmProjects\Aixelo_Project_DataLab_2025\data\odac\pristine_CO2\HUVHIR\HUVHIR_w_CO2_1_relaxed.cif,-0.4913537087499833
C:\Users\GED\PycharmProjects\Aixelo_Project_DataLab_2025\data\odac\pristine_CO2\HUVHOX\HUVHOX_w_CO2_1_relaxed.cif,2.515753786250059
C:\Users\GED\PycharmProjects\Aixelo_Project_DataLab_2025\data\odac\pristine_CO2\HUWDEJ\HUWDEJ_w_CO2_1_relaxed.cif,-0.382838811666583
C:\Users\GED\PycharmProjects\Aixelo_Project_DataLab_2025\data\odac\pristine_CO2\HUWLUI\HUWLUI_w_CO2_1_relaxed.cif,-0.1709060519999184
C:\Users\GED\PycharmProjects\Aixelo_Project_DataLab_2025\data\odac\pristine_CO2\HUXWAY\HUXWAY_w_CO2_1_relaxed.cif,-0.1801541520001137
C:\Users\GED\PycharmProjects\Aixelo_Project_DataLab_2025\data\odac\pristine_CO2\HUZFEO\HUZFEO_w_CO2_1_relaxed.cif,-0.3445671671431358
C:\Users\GED\PycharmProjects\Aixelo_Project_DataLab_2025\data\odac\pristine_CO2\HUZFOY_charged\HUZFOY_charged_w_CO2_1_relaxed.cif,-0.2765485233334175
C:\Users\GED\PycharmProjects\Aixelo_Project_DataLab_2025\data\odac\pristine_CO2\IBAPOS\IBAPOS_w_CO2_1_relaxed.cif,5.21663899999994
C:\Users\GED\PycharmProjects\Aixelo_Project_DataLab_2025\data\odac\pristine_CO2\IBAQAF\IBAQAF_w_CO2_1_relaxed.cif,0.1686568333330266
C:\Users\GED\PycharmProjects\Aixelo_Project_DataLab_2025\data\odac\pristine_CO2\IBAQEJ\IBAQEJ_w_CO2_1_relaxed.cif,2.672306814000103
C:\Users\GED\PycharmProjects\Aixelo_Project_DataLab_2025\data\odac\pristine_CO2\IBASEL\IBASEL_w_CO2_1_relaxed.cif,-0.2157403633337556
C:\Users\GED\PycharmProjects\Aixelo_Project_DataLab_2025\data\odac\pristine_CO2\IBASOV\IBASOV_w_CO2_1_relaxed.cif,0.026219401999651483
C:\Users\GED\PycharmProjects\Aixelo_Project_DataLab_2025\data\odac\pristine_CO2\IBATEM\IBATEM_w_CO2_1_relaxed.cif,-0.0696157680000851
C:\Users\GED\PycharmProjects\Aixelo_Project_DataLab_2025\data\odac\pristine_CO2\IBEYOE\IBEYOE_w_CO2_1_relaxed.cif,0.30539095333339594
C:\Users\GED\PycharmProjects\Aixelo_Project_DataLab_2025\data\odac\pristine_CO2\IBICAZ\IBICAZ_w_CO2_1_relaxed.cif,-0.16503398600016222
C:\Users\GED\PycharmProjects\Aixelo_Project_DataLab_2025\data\odac\pristine_CO2\IBICED\IBICED_w_CO2_1_relaxed.cif,-0.21487024800012472
C:\Users\GED\PycharmProjects\Aixelo_Project_DataLab_2025\data\odac\pristine_CO2\IBICIH\IBICIH_w_CO2_1_relaxed.cif,-0.12840770600005266
C:\Users\GED\PycharmProjects\Aixelo_Project_DataLab_2025\data\odac\pristine_CO2\IBICON\IBICON_w_CO2_1_relaxed.cif,-0.2210582540000814
C:\Users\GED\PycharmProjects\Aixelo_Project_DataLab_2025\data\odac\pristine_CO2\IBITUK\IBITUK_w_CO2_random_1_relaxed.cif,0.7335546100001125
C:\Users\GED\PycharmProjects\Aixelo_Project_DataLab_2025\data\odac\pristine_CO2\IBOTIC\IBOTIC_w_CO2_1_relaxed.cif,-0.36884033999937554
C:\Users\GED\PycharmProjects\Aixelo_Project_DataLab_2025\data\odac\pristine_CO2\IBOTOI\IBOTOI_w_CO2_1_relaxed.cif,-0.25727496200011046
C:\Users\GED\PycharmProjects\Aixelo_Project_DataLab_2025\data\odac\pristine_CO2\IBOZIK\IBOZIK_w_CO2_1_relaxed.cif,-0.2676431216666515
C:\Users\GED\PycharmProjects\Aixelo_Project_DataLab_2025\data\odac\pristine_CO2\IBUBIT\IBUBIT_w_CO2_1_relaxed.cif,-0.27049734599977454
C:\Users\GED\PycharmProjects\Aixelo_Project_DataLab_2025\data\odac\pristine_CO2\IBUDOZ\IBUDOZ_w_CO2_1_relaxed.cif,-0.484916140000012
C:\Users\GED\PycharmProjects\Aixelo_Project_DataLab_2025\data\odac\pristine_CO2\IBURAZ\IBURAZ_w_CO2_1_relaxed.cif,-0.4120935342857105
C:\Users\GED\PycharmProjects\Aixelo_Project_DataLab_2025\data\odac\pristine_CO2\IBUYAH\IBUYAH_w_CO2_1_relaxed.cif,-0.37014982714254074
C:\Users\GED\PycharmProjects\Aixelo_Project_DataLab_2025\data\odac\pristine_CO2\ICAGOK\ICAGOK_w_CO2_1_relaxed.cif,-0.24543273399976898
C:\Users\GED\PycharmProjects\Aixelo_Project_DataLab_2025\data\odac\pristine_CO2\ICEGED\ICEGED_w_CO2_1_relaxed.cif,-0.27744197833338075
C:\Users\GED\PycharmProjects\Aixelo_Project_DataLab_2025\data\odac\pristine_CO2\ICISAP\ICISAP_w_CO2_1_relaxed.cif,-0.22409492999997838
C:\Users\GED\PycharmProjects\Aixelo_Project_DataLab_2025\data\odac\pristine_CO2\ICIVAS\ICIVAS_w_CO2_1_relaxed.cif,-0.04294303333366164
C:\Users\GED\PycharmProjects\Aixelo_Project_DataLab_2025\data\odac\pristine_CO2\ICIVEW\ICIVEW_w_CO2_1_relaxed.cif,-0.3516552449999892
C:\Users\GED\PycharmProjects\Aixelo_Project_DataLab_2025\data\odac\pristine_CO2\ICORAV_ion_b\ICORAV_ion_b_w_CO2_1_relaxed.cif,-0.39109303666668893
C:\Users\GED\PycharmProjects\Aixelo_Project_DataLab_2025\data\odac\pristine_CO2\ICOWON\ICOWON_w_CO2_1_relaxed.cif,-0.2631399999999928
C:\Users\GED\PycharmProjects\Aixelo_Project_DataLab_2025\data\odac\pristine_CO2\IDAGEA_charged\IDAGEA_charged_w_CO2_1_relaxed.cif,-0.3283936966668458
C:\Users\GED\PycharmProjects\Aixelo_Project_DataLab_2025\data\odac\pristine_CO2\IDIWIB\IDIWIB_w_CO2_1_relaxed.cif,0.9801415640000414
C:\Users\GED\PycharmProjects\Aixelo_Project_DataLab_2025\data\odac\pristine_CO2\IDIWUN\IDIWUN_w_CO2_1_relaxed.cif,-0.24917094800002815
C:\Users\GED\PycharmProjects\Aixelo_Project_DataLab_2025\data\odac\pristine_CO2\IDIXAU\IDIXAU_w_CO2_1_relaxed.cif,-0.23019507200015138
C:\Users\GED\PycharmProjects\Aixelo_Project_DataLab_2025\data\odac\pristine_CO2\IDUDIW\IDUDIW_w_CO2_1_relaxed.cif,-0.37132622000003074
C:\Users\GED\PycharmProjects\Aixelo_Project_DataLab_2025\data\odac\pristine_CO2\IDUTUW\IDUTUW_w_CO2_random_2_relaxed.cif,-0.3325360200000773
C:\Users\GED\PycharmProjects\Aixelo_Project_DataLab_2025\data\odac\pristine_CO2\IFAHEC\IFAHEC_w_CO2_1_relaxed.cif,-0.3116534370001546
C:\Users\GED\PycharmProjects\Aixelo_Project_DataLab_2025\data\odac\pristine_CO2\IFASOZ\IFASOZ_w_CO2_1_relaxed.cif,0.030885544999989648
C:\Users\GED\PycharmProjects\Aixelo_Project_DataLab_2025\data\odac\pristine_CO2\IFEHUY\IFEHUY_w_CO2_1_relaxed.cif,-0.3924146374999964
C:\Users\GED\PycharmProjects\Aixelo_Project_DataLab_2025\data\odac\pristine_CO2\IFENOY\IFENOY_w_CO2_1_relaxed.cif,-0.17636950833328527
C:\Users\GED\PycharmProjects\Aixelo_Project_DataLab_2025\data\odac\pristine_CO2\IFENOY01_SL\IFENOY01_SL_w_CO2_1_relaxed.cif,-0.26509568500008146
C:\Users\GED\PycharmProjects\Aixelo_Project_DataLab_2025\data\odac\pristine_CO2\IFENOY02_SL\IFENOY02_SL_w_CO2_1_relaxed.cif,-0.1640113983333246
C:\Users\GED\PycharmProjects\Aixelo_Project_DataLab_2025\data\odac\pristine_CO2\IFENOY03_SL\IFENOY03_SL_w_CO2_1_relaxed.cif,0.13522854166656845
C:\Users\GED\PycharmProjects\Aixelo_Project_DataLab_2025\data\odac\pristine_CO2\IFEPUG01\IFEPUG01_w_CO2_1_relaxed.cif,-0.3469229742857221
C:\Users\GED\PycharmProjects\Aixelo_Project_DataLab_2025\data\odac\pristine_CO2\IFEPUG03\IFEPUG03_w_CO2_1_relaxed.cif,0.3252279428573794
C:\Users\GED\PycharmProjects\Aixelo_Project_DataLab_2025\data\odac\pristine_CO2\IFEPUG04\IFEPUG04_w_CO2_1_relaxed.cif,0.35921387571456115
C:\Users\GED\PycharmProjects\Aixelo_Project_DataLab_2025\data\odac\pristine_CO2\IFEPUG_SL\IFEPUG_SL_w_CO2_1_relaxed.cif,0.4749815349998319
C:\Users\GED\PycharmProjects\Aixelo_Project_DataLab_2025\data\odac\pristine_CO2\IFEQAN_SL\IFEQAN_SL_w_CO2_1_relaxed.cif,-0.33999499333352406
C:\Users\GED\PycharmProjects\Aixelo_Project_DataLab_2025\data\odac\pristine_CO2\IFEQIV_SL\IFEQIV_SL_w_CO2_1_relaxed.cif,-0.024863408333279314
C:\Users\GED\PycharmProjects\Aixelo_Project_DataLab_2025\data\odac\pristine_CO2\IFEYIB\IFEYIB_w_CO2_1_relaxed.cif,-0.22383830333329036
C:\Users\GED\PycharmProjects\Aixelo_Project_DataLab_2025\data\odac\pristine_CO2\IFOSIG\IFOSIG_w_CO2_1_relaxed.cif,0.282167250000081
C:\Users\GED\PycharmProjects\Aixelo_Project_DataLab_2025\data\odac\pristine_CO2\IFUNUU\IFUNUU_w_CO2_1_relaxed.cif,-0.210020846666661
C:\Users\GED\PycharmProjects\Aixelo_Project_DataLab_2025\data\odac\pristine_CO2\IGAHAB\IGAHAB_w_CO2_1_relaxed.cif,-0.32298768000002076
C:\Users\GED\PycharmProjects\Aixelo_Project_DataLab_2025\data\odac\pristine_CO2\IGETUL\IGETUL_w_CO2_1_relaxed.cif,-0.48014903500006767
C:\Users\GED\PycharmProjects\Aixelo_Project_DataLab_2025\data\odac\pristine_CO2\IGEXOH\IGEXOH_w_CO2_1_relaxed.cif,-0.21545133600008054
C:\Users\GED\PycharmProjects\Aixelo_Project_DataLab_2025\data\odac\pristine_CO2\IGINIX\IGINIX_w_CO2_1_relaxed.cif,-0.31064223166659605
C:\Users\GED\PycharmProjects\Aixelo_Project_DataLab_2025\data\odac\pristine_CO2\IGINIX01\IGINIX01_w_CO2_1_relaxed.cif,-0.2585569216666196
C:\Users\GED\PycharmProjects\Aixelo_Project_DataLab_2025\data\odac\pristine_CO2\IGIZEF\IGIZEF_w_CO2_1_relaxed.cif,1.854952901249817
C:\Users\GED\PycharmProjects\Aixelo_Project_DataLab_2025\data\odac\pristine_CO2\IGORUS\IGORUS_w_CO2_2_relaxed.cif,29.012631125000098
C:\Users\GED\PycharmProjects\Aixelo_Project_DataLab_2025\data\odac\pristine_CO2\IGUTUB\IGUTUB_w_CO2_1_relaxed.cif,-0.20150194285715117
C:\Users\GED\PycharmProjects\Aixelo_Project_DataLab_2025\data\odac\pristine_CO2\IGUVIR\IGUVIR_w_CO2_1_relaxed.cif,-0.28613074571434743
C:\Users\GED\PycharmProjects\Aixelo_Project_DataLab_2025\data\odac\pristine_CO2\IGUVIR01\IGUVIR01_w_CO2_1_relaxed.cif,-0.1448690542857613
C:\Users\GED\PycharmProjects\Aixelo_Project_DataLab_2025\data\odac\pristine_CO2\IHAJIL\IHAJIL_w_CO2_1_relaxed.cif,-0.29721824800003555
C:\Users\GED\PycharmProjects\Aixelo_Project_DataLab_2025\data\odac\pristine_CO2\IHILUI\IHILUI_w_CO2_1_relaxed.cif,-0.18214976666666868
C:\Users\GED\PycharmProjects\Aixelo_Project_DataLab_2025\data\odac\pristine_CO2\IHIMAP\IHIMAP_w_CO2_1_relaxed.cif,-0.3389042316666557
C:\Users\GED\PycharmProjects\Aixelo_Project_DataLab_2025\data\odac\pristine_CO2\IHIMAP01\IHIMAP01_w_CO2_1_relaxed.cif,-0.30607285999999095
C:\Users\GED\PycharmProjects\Aixelo_Project_DataLab_2025\data\odac\pristine_CO2\IJASIW\IJASIW_w_CO2_1_relaxed.cif,-0.23865217750004317
C:\Users\GED\PycharmProjects\Aixelo_Project_DataLab_2025\data\odac\pristine_CO2\IJEVEA\IJEVEA_w_CO2_1_relaxed.cif,-0.40190947142829303
C:\Users\GED\PycharmProjects\Aixelo_Project_DataLab_2025\data\odac\pristine_CO2\IJEVIE\IJEVIE_w_CO2_1_relaxed.cif,-0.02935701857154527
C:\Users\GED\PycharmProjects\Aixelo_Project_DataLab_2025\data\odac\pristine_CO2\IJEXIF\IJEXIF_w_CO2_1_relaxed.cif,-0.35788630399965765
C:\Users\GED\PycharmProjects\Aixelo_Project_DataLab_2025\data\odac\pristine_CO2\IJEXIF01\IJEXIF01_w_CO2_1_relaxed.cif,-0.19393117599965987
C:\Users\GED\PycharmProjects\Aixelo_Project_DataLab_2025\data\odac\pristine_CO2\IJEYON\IJEYON_w_CO2_1_relaxed.cif,-0.553925760000035
C:\Users\GED\PycharmProjects\Aixelo_Project_DataLab_2025\data\odac\pristine_CO2\IJIGOX\IJIGOX_w_CO2_1_relaxed.cif,-0.28781978625004
C:\Users\GED\PycharmProjects\Aixelo_Project_DataLab_2025\data\odac\pristine_CO2\IJUTEM\IJUTEM_w_CO2_1_relaxed.cif,-0.26163502100000635
C:\Users\GED\PycharmProjects\Aixelo_Project_DataLab_2025\data\odac\pristine_CO2\IKEBUV\IKEBUV_w_CO2_1_relaxed.cif,-0.3816853633333797
C:\Users\GED\PycharmProjects\Aixelo_Project_DataLab_2025\data\odac\pristine_CO2\IKETAU\IKETAU_w_CO2_1_relaxed.cif,0.36666047666669027
C:\Users\GED\PycharmProjects\Aixelo_Project_DataLab_2025\data\odac\pristine_CO2\IKETOH_manual\IKETOH_manual_w_CO2_1_relaxed.cif,-0.13286002333351613
C:\Users\GED\PycharmProjects\Aixelo_Project_DataLab_2025\data\odac\pristine_CO2\IKETOI\IKETOI_w_CO2_1_relaxed.cif,-0.45729282375003777
C:\Users\GED\PycharmProjects\Aixelo_Project_DataLab_2025\data\odac\pristine_CO2\IKOKEA\IKOKEA_w_CO2_1_relaxed.cif,-0.2650993055555848
C:\Users\GED\PycharmProjects\Aixelo_Project_DataLab_2025\data\odac\pristine_CO2\IKOPEF\IKOPEF_w_CO2_1_relaxed.cif,-0.46741163142850645
C:\Users\GED\PycharmProjects\Aixelo_Project_DataLab_2025\data\odac\pristine_CO2\IKOPIJ\IKOPIJ_w_CO2_1_relaxed.cif,-0.24782019499999322
C:\Users\GED\PycharmProjects\Aixelo_Project_DataLab_2025\data\odac\pristine_CO2\IKOSUW_charged\IKOSUW_charged_w_CO2_1_relaxed.cif,-0.10888769571452676
C:\Users\GED\PycharmProjects\Aixelo_Project_DataLab_2025\data\odac\pristine_CO2\IKUBUL\IKUBUL_w_CO2_1_relaxed.cif,-0.47149721833327857
C:\Users\GED\PycharmProjects\Aixelo_Project_DataLab_2025\data\odac\pristine_CO2\IKUBUL01\IKUBUL01_w_CO2_1_relaxed.cif,-0.4794719183332556
C:\Users\GED\PycharmProjects\Aixelo_Project_DataLab_2025\data\odac\pristine_CO2\IKUTOZ\IKUTOZ_w_CO2_1_relaxed.cif,-0.2886536150000059
C:\Users\GED\PycharmProjects\Aixelo_Project_DataLab_2025\data\odac\pristine_CO2\ILEHUD\ILEHUD_w_CO2_1_relaxed.cif,8.318155455714207
C:\Users\GED\PycharmProjects\Aixelo_Project_DataLab_2025\data\odac\pristine_CO2\ILIFOY\ILIFOY_w_CO2_1_relaxed.cif,-0.2752528200000199
C:\Users\GED\PycharmProjects\Aixelo_Project_DataLab_2025\data\odac\pristine_CO2\ILIFUE\ILIFUE_w_CO2_1_relaxed.cif,1.6222736314284865
C:\Users\GED\PycharmProjects\Aixelo_Project_DataLab_2025\data\odac\pristine_CO2\ILIGAL\ILIGAL_w_CO2_1_relaxed.cif,1.7906976885713723
C:\Users\GED\PycharmProjects\Aixelo_Project_DataLab_2025\data\odac\pristine_CO2\ILIMUN\ILIMUN_w_CO2_1_relaxed.cif,-0.2345033199999956
C:\Users\GED\PycharmProjects\Aixelo_Project_DataLab_2025\data\odac\pristine_CO2\ILINIC\ILINIC_w_CO2_random_1_relaxed.cif,-0.1111589199998661
C:\Users\GED\PycharmProjects\Aixelo_Project_DataLab_2025\data\odac\pristine_CO2\ILOJOJ\ILOJOJ_w_CO2_1_relaxed.cif,-0.4711815216665703
C:\Users\GED\PycharmProjects\Aixelo_Project_DataLab_2025\data\odac\pristine_CO2\IMACND\IMACND_w_CO2_random_1_relaxed.cif,0.1348338849999777
C:\Users\GED\PycharmProjects\Aixelo_Project_DataLab_2025\data\odac\pristine_CO2\IMACZN01\IMACZN01_w_CO2_1_relaxed.cif,-0.34680902999999874
C:\Users\GED\PycharmProjects\Aixelo_Project_DataLab_2025\data\odac\pristine_CO2\IMAGAG\IMAGAG_w_CO2_1_relaxed.cif,-1.1241190549999185
C:\Users\GED\PycharmProjects\Aixelo_Project_DataLab_2025\data\odac\pristine_CO2\IMIDZB10\IMIDZB10_w_CO2_1_relaxed.cif,-0.2109294149999527
C:\Users\GED\PycharmProjects\Aixelo_Project_DataLab_2025\data\odac\pristine_CO2\IMISIH\IMISIH_w_CO2_1_relaxed.cif,-0.21364463000015474
C:\Users\GED\PycharmProjects\Aixelo_Project_DataLab_2025\data\odac\pristine_CO2\INARUM\INARUM_w_CO2_1_relaxed.cif,-0.44807071250019703
C:\Users\GED\PycharmProjects\Aixelo_Project_DataLab_2025\data\odac\pristine_CO2\INIDAL\INIDAL_w_CO2_1_relaxed.cif,-0.4762790688889456
C:\Users\GED\PycharmProjects\Aixelo_Project_DataLab_2025\data\odac\pristine_CO2\INIQUR\INIQUR_w_CO2_1_relaxed.cif,0.10501372799985804
C:\Users\GED\PycharmProjects\Aixelo_Project_DataLab_2025\data\odac\pristine_CO2\INIRAY\INIRAY_w_CO2_1_relaxed.cif,0.04193501599997942
C:\Users\GED\PycharmProjects\Aixelo_Project_DataLab_2025\data\odac\pristine_CO2\INIRAY01\INIRAY01_w_CO2_1_relaxed.cif,-0.31356409999984863
C:\Users\GED\PycharmProjects\Aixelo_Project_DataLab_2025\data\odac\pristine_CO2\INIXOT\INIXOT_w_CO2_1_relaxed.cif,-0.3372681700000536
C:\Users\GED\PycharmProjects\Aixelo_Project_DataLab_2025\data\odac\pristine_CO2\INOMIJ\INOMIJ_w_CO2_1_relaxed.cif,-0.28458776666663727
C:\Users\GED\PycharmProjects\Aixelo_Project_DataLab_2025\data\odac\pristine_CO2\INOMOP\INOMOP_w_CO2_1_relaxed.cif,-0.3751795828571533
C:\Users\GED\PycharmProjects\Aixelo_Project_DataLab_2025\data\odac\pristine_CO2\INOMOP01\INOMOP01_w_CO2_1_relaxed.cif,-0.09318078000005206
C:\Users\GED\PycharmProjects\Aixelo_Project_DataLab_2025\data\odac\pristine_CO2\INOVEN\INOVEN_w_CO2_1_relaxed.cif,-0.18982425833331715
C:\Users\GED\PycharmProjects\Aixelo_Project_DataLab_2025\data\odac\pristine_CO2\IPICOA\IPICOA_w_CO2_1_relaxed.cif,-0.3525083099999392
C:\Users\GED\PycharmProjects\Aixelo_Project_DataLab_2025\data\odac\pristine_CO2\IPICUG_charged\IPICUG_charged_w_CO2_1_relaxed.cif,-0.16523408499986658
C:\Users\GED\PycharmProjects\Aixelo_Project_DataLab_2025\data\odac\pristine_CO2\IPIDUH\IPIDUH_w_CO2_1_relaxed.cif,0.9534209616667416
C:\Users\GED\PycharmProjects\Aixelo_Project_DataLab_2025\data\odac\pristine_CO2\IPIFAP\IPIFAP_w_CO2_2_relaxed.cif,-1.0024964150001097
C:\Users\GED\PycharmProjects\Aixelo_Project_DataLab_2025\data\odac\pristine_CO2\IPIHIA\IPIHIA_w_CO2_1_relaxed.cif,0.006327385714355066
C:\Users\GED\PycharmProjects\Aixelo_Project_DataLab_2025\data\odac\pristine_CO2\IPIJEY\IPIJEY_w_CO2_1_relaxed.cif,-0.23063646333343965
C:\Users\GED\PycharmProjects\Aixelo_Project_DataLab_2025\data\odac\pristine_CO2\IPIJUM\IPIJUM_w_CO2_1_relaxed.cif,-0.22386871571424244
C:\Users\GED\PycharmProjects\Aixelo_Project_DataLab_2025\data\odac\pristine_CO2\IPIVOT\IPIVOT_w_CO2_1_relaxed.cif,-0.30379441571416727
C:\Users\GED\PycharmProjects\Aixelo_Project_DataLab_2025\data\odac\pristine_CO2\IQABEJ\IQABEJ_w_CO2_1_relaxed.cif,-0.44725941400006375
C:\Users\GED\PycharmProjects\Aixelo_Project_DataLab_2025\data\odac\pristine_CO2\IQEKOG\IQEKOG_w_CO2_1_relaxed.cif,-0.28629820571411196
C:\Users\GED\PycharmProjects\Aixelo_Project_DataLab_2025\data\odac\pristine_CO2\IQEKUM\IQEKUM_w_CO2_1_relaxed.cif,-0.38376693222239233
C:\Users\GED\PycharmProjects\Aixelo_Project_DataLab_2025\data\odac\pristine_CO2\IQEWOQ\IQEWOQ_w_CO2_1_relaxed.cif,0.14561521999996782
C:\Users\GED\PycharmProjects\Aixelo_Project_DataLab_2025\data\odac\pristine_CO2\IQINAZ\IQINAZ_w_CO2_1_relaxed.cif,-0.2097808587499656
C:\Users\GED\PycharmProjects\Aixelo_Project_DataLab_2025\data\odac\pristine_CO2\IQIPAZ\IQIPAZ_w_CO2_1_relaxed.cif,-0.43592978428582035
C:\Users\GED\PycharmProjects\Aixelo_Project_DataLab_2025\data\odac\pristine_CO2\IQOJAB\IQOJAB_w_CO2_1_relaxed.cif,-0.46911699571397286
C:\Users\GED\PycharmProjects\Aixelo_Project_DataLab_2025\data\odac\pristine_CO2\IQOJEF\IQOJEF_w_CO2_1_relaxed.cif,-0.5851858599999105
C:\Users\GED\PycharmProjects\Aixelo_Project_DataLab_2025\data\odac\pristine_CO2\IQOKEG\IQOKEG_w_CO2_1_relaxed.cif,0.19900442166662444
C:\Users\GED\PycharmProjects\Aixelo_Project_DataLab_2025\data\odac\pristine_CO2\IQUCOO\IQUCOO_w_CO2_1_relaxed.cif,-0.2607516500000126
C:\Users\GED\PycharmProjects\Aixelo_Project_DataLab_2025\data\odac\pristine_CO2\IRAHUF\IRAHUF_w_CO2_1_relaxed.cif,-0.48981846666659595
C:\Users\GED\PycharmProjects\Aixelo_Project_DataLab_2025\data\odac\pristine_CO2\IRAJER\IRAJER_w_CO2_1_relaxed.cif,-0.045024111249887214
C:\Users\GED\PycharmProjects\Aixelo_Project_DataLab_2025\data\odac\pristine_CO2\IRAYOQ\IRAYOQ_w_CO2_1_relaxed.cif,1.1707528877777047
C:\Users\GED\PycharmProjects\Aixelo_Project_DataLab_2025\data\odac\pristine_CO2\IRISAD\IRISAD_w_CO2_1_relaxed.cif,0.03868918166664532
C:\Users\GED\PycharmProjects\Aixelo_Project_DataLab_2025\data\odac\pristine_CO2\IRISAD01_charged\IRISAD01_charged_w_CO2_1_relaxed.cif,-0.29877865142858745
C:\Users\GED\PycharmProjects\Aixelo_Project_DataLab_2025\data\odac\pristine_CO2\IROROY\IROROY_w_CO2_1_relaxed.cif,-0.3998744225000621
C:\Users\GED\PycharmProjects\Aixelo_Project_DataLab_2025\data\odac\pristine_CO2\IROVAO\IROVAO_w_CO2_1_relaxed.cif,-0.8900064000000124
C:\Users\GED\PycharmProjects\Aixelo_Project_DataLab_2025\data\odac\pristine_CO2\IROVES\IROVES_w_CO2_1_relaxed.cif,-0.8024561483333628
C:\Users\GED\PycharmProjects\Aixelo_Project_DataLab_2025\data\odac\pristine_CO2\ISACIP\ISACIP_w_CO2_1_relaxed.cif,-0.4049265775001061
C:\Users\GED\PycharmProjects\Aixelo_Project_DataLab_2025\data\odac\pristine_CO2\ISEQIH\ISEQIH_w_CO2_1_relaxed.cif,0.33681653500010117
C:\Users\GED\PycharmProjects\Aixelo_Project_DataLab_2025\data\odac\pristine_CO2\ISISUZ\ISISUZ_w_CO2_1_relaxed.cif,-0.40167933375001036
C:\Users\GED\PycharmProjects\Aixelo_Project_DataLab_2025\data\odac\pristine_CO2\ISUCUV\ISUCUV_w_CO2_1_relaxed.cif,-0.42875492142850036
C:\Users\GED\PycharmProjects\Aixelo_Project_DataLab_2025\data\odac\pristine_CO2\ITAPAU\ITAPAU_w_CO2_1_relaxed.cif,-0.2115835600000461
C:\Users\GED\PycharmProjects\Aixelo_Project_DataLab_2025\data\odac\pristine_CO2\ITAPIC\ITAPIC_w_CO2_1_relaxed.cif,-0.3537049766666958
C:\Users\GED\PycharmProjects\Aixelo_Project_DataLab_2025\data\odac\pristine_CO2\ITIBOD\ITIBOD_w_CO2_1_relaxed.cif,-0.3569351299999783
C:\Users\GED\PycharmProjects\Aixelo_Project_DataLab_2025\data\odac\pristine_CO2\ITIPAE\ITIPAE_w_CO2_1_relaxed.cif,-0.22959829666662776
C:\Users\GED\PycharmProjects\Aixelo_Project_DataLab_2025\data\odac\pristine_CO2\ITIPOS\ITIPOS_w_CO2_1_relaxed.cif,-0.24405538499998627
C:\Users\GED\PycharmProjects\Aixelo_Project_DataLab_2025\data\odac\pristine_CO2\ITIWAK\ITIWAK_w_CO2_1_relaxed.cif,-0.1884820042855608
C:\Users\GED\PycharmProjects\Aixelo_Project_DataLab_2025\data\odac\pristine_CO2\ITIWEO\ITIWEO_w_CO2_1_relaxed.cif,-0.13811735285694987
C:\Users\GED\PycharmProjects\Aixelo_Project_DataLab_2025\data\odac\pristine_CO2\ITIWIS_charged\ITIWIS_charged_w_CO2_1_relaxed.cif,-0.3640749514285874
C:\Users\GED\PycharmProjects\Aixelo_Project_DataLab_2025\data\odac\pristine_CO2\ITIWOY_charged\ITIWOY_charged_w_CO2_1_relaxed.cif,-0.38610195714272777
C:\Users\GED\PycharmProjects\Aixelo_Project_DataLab_2025\data\odac\pristine_CO2\ITIWUE_charged\ITIWUE_charged_w_CO2_1_relaxed.cif,-0.38045627285717787
C:\Users\GED\PycharmProjects\Aixelo_Project_DataLab_2025\data\odac\pristine_CO2\ITOSEQ\ITOSEQ_w_CO2_1_relaxed.cif,0.40379931857150303
C:\Users\GED\PycharmProjects\Aixelo_Project_DataLab_2025\data\odac\pristine_CO2\IVEHEW_manual\IVEHEW_manual_w_CO2_1_relaxed.cif,-0.23434263399997235
C:\Users\GED\PycharmProjects\Aixelo_Project_DataLab_2025\data\odac\pristine_CO2\IVEQAC\IVEQAC_w_CO2_1_relaxed.cif,-0.39080413374990997
C:\Users\GED\PycharmProjects\Aixelo_Project_DataLab_2025\data\odac\pristine_CO2\IVETOT\IVETOT_w_CO2_1_relaxed.cif,0.4266653825004596
C:\Users\GED\PycharmProjects\Aixelo_Project_DataLab_2025\data\odac\pristine_CO2\IVOCON\IVOCON_w_CO2_1_relaxed.cif,-0.33311914799992337
C:\Users\GED\PycharmProjects\Aixelo_Project_DataLab_2025\data\odac\pristine_CO2\IVOGUX\IVOGUX_w_CO2_1_relaxed.cif,-0.16756578857138846
C:\Users\GED\PycharmProjects\Aixelo_Project_DataLab_2025\data\odac\pristine_CO2\IVUVIG\IVUVIG_w_CO2_1_relaxed.cif,0.3131599728572577
C:\Users\GED\PycharmProjects\Aixelo_Project_DataLab_2025\data\odac\pristine_CO2\IWAHIZ\IWAHIZ_w_CO2_1_relaxed.cif,-0.31680022444433886
C:\Users\GED\PycharmProjects\Aixelo_Project_DataLab_2025\data\odac\pristine_CO2\IWAYEK\IWAYEK_w_CO2_1_relaxed.cif,2.849123843333416
C:\Users\GED\PycharmProjects\Aixelo_Project_DataLab_2025\data\odac\pristine_CO2\IWAZIP\IWAZIP_w_CO2_1_relaxed.cif,-0.107057573999964
C:\Users\GED\PycharmProjects\Aixelo_Project_DataLab_2025\data\odac\pristine_CO2\IWELIG\IWELIG_w_CO2_1_relaxed.cif,-0.18175699300002177
C:\Users\GED\PycharmProjects\Aixelo_Project_DataLab_2025\data\odac\pristine_CO2\IWELIG01\IWELIG01_w_CO2_1_relaxed.cif,-0.2119328679999739
C:\Users\GED\PycharmProjects\Aixelo_Project_DataLab_2025\data\odac\pristine_CO2\IWIPIO\IWIPIO_w_CO2_1_relaxed.cif,-0.37605128333334875
C:\Users\GED\PycharmProjects\Aixelo_Project_DataLab_2025\data\odac\pristine_CO2\IWOSAP\IWOSAP_w_CO2_1_relaxed.cif,-0.26269062000000076
C:\Users\GED\PycharmProjects\Aixelo_Project_DataLab_2025\data\odac\pristine_CO2\IXAKAU\IXAKAU_w_CO2_1_relaxed.cif,-0.09460062833329626
C:\Users\GED\PycharmProjects\Aixelo_Project_DataLab_2025\data\odac\pristine_CO2\IXECET\IXECET_w_CO2_1_relaxed.cif,-0.4311373925001192
C:\Users\GED\PycharmProjects\Aixelo_Project_DataLab_2025\data\odac\pristine_CO2\IXEDOE_charged\IXEDOE_charged_w_CO2_1_relaxed.cif,0.053612618571345846
C:\Users\GED\PycharmProjects\Aixelo_Project_DataLab_2025\data\odac\pristine_CO2\IXEJOM\IXEJOM_w_CO2_1_relaxed.cif,-0.8610220739999022
C:\Users\GED\PycharmProjects\Aixelo_Project_DataLab_2025\data\odac\pristine_CO2\IXIPAG\IXIPAG_w_CO2_1_relaxed.cif,-0.18808533750001288
C:\Users\GED\PycharmProjects\Aixelo_Project_DataLab_2025\data\odac\pristine_CO2\IXIPEK\IXIPEK_w_CO2_1_relaxed.cif,-0.08459980000012969
C:\Users\GED\PycharmProjects\Aixelo_Project_DataLab_2025\data\odac\pristine_CO2\IXIPIO\IXIPIO_w_CO2_1_relaxed.cif,-0.17666234000012077
C:\Users\GED\PycharmProjects\Aixelo_Project_DataLab_2025\data\odac\pristine_CO2\IXISAJ\IXISAJ_w_CO2_1_relaxed.cif,-0.2646455199998984
C:\Users\GED\PycharmProjects\Aixelo_Project_DataLab_2025\data\odac\pristine_CO2\IXISOX\IXISOX_w_CO2_1_relaxed.cif,-0.29120118285709395
C:\Users\GED\PycharmProjects\Aixelo_Project_DataLab_2025\data\odac\pristine_CO2\IXISOZ02\IXISOZ02_w_CO2_2_relaxed.cif,-0.43118498000004973
C:\Users\GED\PycharmProjects\Aixelo_Project_DataLab_2025\data\odac\pristine_CO2\IXODUV\IXODUV_w_CO2_1_relaxed.cif,-0.5608869579999464
C:\Users\GED\PycharmProjects\Aixelo_Project_DataLab_2025\data\odac\pristine_CO2\IXOFAD\IXOFAD_w_CO2_1_relaxed.cif,-0.5133462839999539
C:\Users\GED\PycharmProjects\Aixelo_Project_DataLab_2025\data\odac\pristine_CO2\IXOFEH\IXOFEH_w_CO2_1_relaxed.cif,-0.25547824799991753
C:\Users\GED\PycharmProjects\Aixelo_Project_DataLab_2025\data\odac\pristine_CO2\IXOFIL\IXOFIL_w_CO2_1_relaxed.cif,-0.22411260400012903
C:\Users\GED\PycharmProjects\Aixelo_Project_DataLab_2025\data\odac\pristine_CO2\IXOFOR\IXOFOR_w_CO2_1_relaxed.cif,-0.2795644499999298
C:\Users\GED\PycharmProjects\Aixelo_Project_DataLab_2025\data\odac\pristine_CO2\IXOFUX\IXOFUX_w_CO2_1_relaxed.cif,-0.17293907199998554
C:\Users\GED\PycharmProjects\Aixelo_Project_DataLab_2025\data\odac\pristine_CO2\IXOFUX01\IXOFUX01_w_CO2_1_relaxed.cif,-0.23179490000006803
C:\Users\GED\PycharmProjects\Aixelo_Project_DataLab_2025\data\odac\pristine_CO2\IXURID\IXURID_w_CO2_1_relaxed.cif,-0.3567126014285285
C:\Users\GED\PycharmProjects\Aixelo_Project_DataLab_2025\data\odac\pristine_CO2\IXUWII\IXUWII_w_CO2_1_relaxed.cif,-0.257260760000463
C:\Users\GED\PycharmProjects\Aixelo_Project_DataLab_2025\data\odac\pristine_CO2\IYAJID\IYAJID_w_CO2_1_relaxed.cif,-0.2732505549990946
C:\Users\GED\PycharmProjects\Aixelo_Project_DataLab_2025\data\odac\pristine_CO2\IYAKAW\IYAKAW_w_CO2_1_relaxed.cif,-0.4008005599998796
C:\Users\GED\PycharmProjects\Aixelo_Project_DataLab_2025\data\odac\pristine_CO2\IYASOS\IYASOS_w_CO2_1_relaxed.cif,-0.3406371257142707
C:\Users\GED\PycharmProjects\Aixelo_Project_DataLab_2025\data\odac\pristine_CO2\IYAYUE\IYAYUE_w_CO2_random_1_relaxed.cif,0.1465043399999501
C:\Users\GED\PycharmProjects\Aixelo_Project_DataLab_2025\data\odac\pristine_CO2\IYEHAX\IYEHAX_w_CO2_1_relaxed.cif,-0.3276239933335698
C:\Users\GED\PycharmProjects\Aixelo_Project_DataLab_2025\data\odac\pristine_CO2\IYEPUZ\IYEPUZ_w_CO2_1_relaxed.cif,-0.22545774666688578
C:\Users\GED\PycharmProjects\Aixelo_Project_DataLab_2025\data\odac\pristine_CO2\IYOBAA\IYOBAA_w_CO2_1_relaxed.cif,0.01721527333317377
C:\Users\GED\PycharmProjects\Aixelo_Project_DataLab_2025\data\odac\pristine_CO2\IYOQAQ\IYOQAQ_w_CO2_1_relaxed.cif,-0.37425908124996
C:\Users\GED\PycharmProjects\Aixelo_Project_DataLab_2025\data\odac\pristine_CO2\IZEBAR\IZEBAR_w_CO2_1_relaxed.cif,-0.1565544766666941
C:\Users\GED\PycharmProjects\Aixelo_Project_DataLab_2025\data\odac\pristine_CO2\IZEBEV\IZEBEV_w_CO2_1_relaxed.cif,-0.33481725142852214
C:\Users\GED\PycharmProjects\Aixelo_Project_DataLab_2025\data\odac\pristine_CO2\IZEWAN\IZEWAN_w_CO2_1_relaxed.cif,-0.07161092833348444
C:\Users\GED\PycharmProjects\Aixelo_Project_DataLab_2025\data\odac\pristine_CO2\IZUMUM\IZUMUM_w_CO2_1_relaxed.cif,-0.22517691000011075
C:\Users\GED\PycharmProjects\Aixelo_Project_DataLab_2025\data\odac\pristine_CO2\JABMEF\JABMEF_w_CO2_1_relaxed.cif,-0.3420649785713944
C:\Users\GED\PycharmProjects\Aixelo_Project_DataLab_2025\data\odac\pristine_CO2\JADBEY\JADBEY_w_CO2_1_relaxed.cif,-0.30785223000024564
C:\Users\GED\PycharmProjects\Aixelo_Project_DataLab_2025\data\odac\pristine_CO2\JADBIC\JADBIC_w_CO2_1_relaxed.cif,-0.35031113857137697
C:\Users\GED\PycharmProjects\Aixelo_Project_DataLab_2025\data\odac\pristine_CO2\JADJOQ\JADJOQ_w_CO2_1_relaxed.cif,0.31442740875009173
C:\Users\GED\PycharmProjects\Aixelo_Project_DataLab_2025\data\odac\pristine_CO2\JAFPIQ\JAFPIQ_w_CO2_random_1_relaxed.cif,0.2072512700000857
C:\Users\GED\PycharmProjects\Aixelo_Project_DataLab_2025\data\odac\pristine_CO2\JAKBOP\JAKBOP_w_CO2_1_relaxed.cif,-0.05561253000000758
C:\Users\GED\PycharmProjects\Aixelo_Project_DataLab_2025\data\odac\pristine_CO2\JAKBOP01\JAKBOP01_w_CO2_1_relaxed.cif,-0.39676923166662914
C:\Users\GED\PycharmProjects\Aixelo_Project_DataLab_2025\data\odac\pristine_CO2\JAKBUV\JAKBUV_w_CO2_1_relaxed.cif,0.09965546399996578
C:\Users\GED\PycharmProjects\Aixelo_Project_DataLab_2025\data\odac\pristine_CO2\JALCAD\JALCAD_w_CO2_1_relaxed.cif,-0.206793931428105
C:\Users\GED\PycharmProjects\Aixelo_Project_DataLab_2025\data\odac\pristine_CO2\JALTUL\JALTUL_w_CO2_random_1_relaxed.cif,-1.5628139299999475
C:\Users\GED\PycharmProjects\Aixelo_Project_DataLab_2025\data\odac\pristine_CO2\JASNAT\JASNAT_w_CO2_1_relaxed.cif,-0.319421607142853
C:\Users\GED\PycharmProjects\Aixelo_Project_DataLab_2025\data\odac\pristine_CO2\JAVNIE\JAVNIE_w_CO2_1_relaxed.cif,-0.21620523599988242
C:\Users\GED\PycharmProjects\Aixelo_Project_DataLab_2025\data\odac\pristine_CO2\JAVSUV\JAVSUV_w_CO2_1_relaxed.cif,-0.31618916555556903
C:\Users\GED\PycharmProjects\Aixelo_Project_DataLab_2025\data\odac\pristine_CO2\JAVTEG\JAVTEG_w_CO2_1_relaxed.cif,-0.31499741666668035
C:\Users\GED\PycharmProjects\Aixelo_Project_DataLab_2025\data\odac\pristine_CO2\JEBCOJ\JEBCOJ_w_CO2_1_relaxed.cif,-0.31400581999996574
C:\Users\GED\PycharmProjects\Aixelo_Project_DataLab_2025\data\odac\pristine_CO2\JELPAS\JELPAS_w_CO2_1_relaxed.cif,-0.19577708333330668
C:\Users\GED\PycharmProjects\Aixelo_Project_DataLab_2025\data\odac\pristine_CO2\JETZAK\JETZAK_w_CO2_1_relaxed.cif,-0.21839080800004923
C:\Users\GED\PycharmProjects\Aixelo_Project_DataLab_2025\data\odac\pristine_CO2\JILWIL\JILWIL_w_CO2_1_relaxed.cif,-0.24705214888899713
C:\Users\GED\PycharmProjects\Aixelo_Project_DataLab_2025\data\odac\pristine_CO2\JILWOR\JILWOR_w_CO2_1_relaxed.cif,-0.33323497111081857
C:\Users\GED\PycharmProjects\Aixelo_Project_DataLab_2025\data\odac\pristine_CO2\JILXOS\JILXOS_w_CO2_1_relaxed.cif,-0.18355242428573804
C:\Users\GED\PycharmProjects\Aixelo_Project_DataLab_2025\data\odac\pristine_CO2\JISVAJ\JISVAJ_w_CO2_1_relaxed.cif,2.924008158000038
C:\Users\GED\PycharmProjects\Aixelo_Project_DataLab_2025\data\odac\pristine_CO2\JITPOS_SL\JITPOS_SL_w_CO2_1_relaxed.cif,0.11741198000011838
C:\Users\GED\PycharmProjects\Aixelo_Project_DataLab_2025\data\odac\pristine_CO2\JIVFUQ\JIVFUQ_w_CO2_1_relaxed.cif,-0.2936117183333237
C:\Users\GED\PycharmProjects\Aixelo_Project_DataLab_2025\data\odac\pristine_CO2\JIXWUJ\JIXWUJ_w_CO2_1_relaxed.cif,-0.06860592333320406
C:\Users\GED\PycharmProjects\Aixelo_Project_DataLab_2025\data\odac\pristine_CO2\JIXWUJ01\JIXWUJ01_w_CO2_1_relaxed.cif,-0.21386011000006036
C:\Users\GED\PycharmProjects\Aixelo_Project_DataLab_2025\data\odac\pristine_CO2\JIXWUJ02\JIXWUJ02_w_CO2_1_relaxed.cif,-0.3621537683332387
C:\Users\GED\PycharmProjects\Aixelo_Project_DataLab_2025\data\odac\pristine_CO2\JIZJAF\JIZJAF_w_CO2_1_relaxed.cif,-0.1897477819999949
C:\Users\GED\PycharmProjects\Aixelo_Project_DataLab_2025\data\odac\pristine_CO2\JIZJEJ\JIZJEJ_w_CO2_1_relaxed.cif,-0.2103220039998177
C:\Users\GED\PycharmProjects\Aixelo_Project_DataLab_2025\data\odac\pristine_CO2\JIZJUZ\JIZJUZ_w_CO2_1_relaxed.cif,-0.1404753900001651
C:\Users\GED\PycharmProjects\Aixelo_Project_DataLab_2025\data\odac\pristine_CO2\JIZWEW\JIZWEW_w_CO2_1_relaxed.cif,-0.19730324333340832
C:\Users\GED\PycharmProjects\Aixelo_Project_DataLab_2025\data\odac\pristine_CO2\JIZWIA\JIZWIA_w_CO2_1_relaxed.cif,-0.20294533833331718
C:\Users\GED\PycharmProjects\Aixelo_Project_DataLab_2025\data\odac\pristine_CO2\JIZWOG\JIZWOG_w_CO2_1_relaxed.cif,2.4214952083332455
C:\Users\GED\PycharmProjects\Aixelo_Project_DataLab_2025\data\odac\pristine_CO2\JOCWIJ\JOCWIJ_w_CO2_1_relaxed.cif,-0.7811120674995209
C:\Users\GED\PycharmProjects\Aixelo_Project_DataLab_2025\data\odac\pristine_CO2\JOFGOC\JOFGOC_w_CO2_1_relaxed.cif,-0.03831346714283814
C:\Users\GED\PycharmProjects\Aixelo_Project_DataLab_2025\data\odac\pristine_CO2\JOFKIA\JOFKIA_w_CO2_1_relaxed.cif,-0.2508179939999763
C:\Users\GED\PycharmProjects\Aixelo_Project_DataLab_2025\data\odac\pristine_CO2\JOFKIA01\JOFKIA01_w_CO2_1_relaxed.cif,-0.14716513999997
C:\Users\GED\PycharmProjects\Aixelo_Project_DataLab_2025\data\odac\pristine_CO2\JOGHEU\JOGHEU_w_CO2_1_relaxed.cif,-0.17395935333329737
C:\Users\GED\PycharmProjects\Aixelo_Project_DataLab_2025\data\odac\pristine_CO2\JOGHIY\JOGHIY_w_CO2_random_1_relaxed.cif,0.1022672500001249
C:\Users\GED\PycharmProjects\Aixelo_Project_DataLab_2025\data\odac\pristine_CO2\JOHFIW_manual\JOHFIW_manual_w_CO2_1_relaxed.cif,-0.18746787333329462
C:\Users\GED\PycharmProjects\Aixelo_Project_DataLab_2025\data\odac\pristine_CO2\JOHQUT\JOHQUT_w_CO2_1_relaxed.cif,-0.41334340714281226
C:\Users\GED\PycharmProjects\Aixelo_Project_DataLab_2025\data\odac\pristine_CO2\JOKXAI\JOKXAI_w_CO2_random_1_relaxed.cif,-0.0239461900000037
C:\Users\GED\PycharmProjects\Aixelo_Project_DataLab_2025\data\odac\pristine_CO2\JOKXAI10\JOKXAI10_w_CO2_random_1_relaxed.cif,0.3491518650000671
C:\Users\GED\PycharmProjects\Aixelo_Project_DataLab_2025\data\odac\pristine_CO2\JOKXEM\JOKXEM_w_CO2_1_relaxed.cif,-0.2534722133332631
C:\Users\GED\PycharmProjects\Aixelo_Project_DataLab_2025\data\odac\pristine_CO2\JOKXEM10\JOKXEM10_w_CO2_1_relaxed.cif,-0.49149808999986816
C:\Users\GED\PycharmProjects\Aixelo_Project_DataLab_2025\data\odac\pristine_CO2\JOKXOW\JOKXOW_w_CO2_random_1_relaxed.cif,-0.08491512999989931
C:\Users\GED\PycharmProjects\Aixelo_Project_DataLab_2025\data\odac\pristine_CO2\JOKXOW10\JOKXOW10_w_CO2_random_1_relaxed.cif,0.18564415500009085
C:\Users\GED\PycharmProjects\Aixelo_Project_DataLab_2025\data\odac\pristine_CO2\JOKXUC\JOKXUC_w_CO2_random_1_relaxed.cif,0.004854870000031056
C:\Users\GED\PycharmProjects\Aixelo_Project_DataLab_2025\data\odac\pristine_CO2\JOKXUC10\JOKXUC10_w_CO2_random_1_relaxed.cif,-0.015089340000031301
C:\Users\GED\PycharmProjects\Aixelo_Project_DataLab_2025\data\odac\pristine_CO2\JOKYAJ\JOKYAJ_w_CO2_1_relaxed.cif,-0.3595287159999543
C:\Users\GED\PycharmProjects\Aixelo_Project_DataLab_2025\data\odac\pristine_CO2\JOKYEN\JOKYEN_w_CO2_1_relaxed.cif,-0.34529195799998436
C:\Users\GED\PycharmProjects\Aixelo_Project_DataLab_2025\data\odac\pristine_CO2\JOKYIR\JOKYIR_w_CO2_1_relaxed.cif,0.12026482200008104
C:\Users\GED\PycharmProjects\Aixelo_Project_DataLab_2025\data\odac\pristine_CO2\JOKYIR10\JOKYIR10_w_CO2_1_relaxed.cif,-0.38058528599997316
C:\Users\GED\PycharmProjects\Aixelo_Project_DataLab_2025\data\odac\pristine_CO2\JOKYOX10\JOKYOX10_w_CO2_1_relaxed.cif,-0.2177271633333172
C:\Users\GED\PycharmProjects\Aixelo_Project_DataLab_2025\data\odac\pristine_CO2\JOQSOZ\JOQSOZ_w_CO2_1_relaxed.cif,-0.024700715000032347
C:\Users\GED\PycharmProjects\Aixelo_Project_DataLab_2025\data\odac\pristine_CO2\JOQZUM\JOQZUM_w_CO2_1_relaxed.cif,-0.3264110659999687
C:\Users\GED\PycharmProjects\Aixelo_Project_DataLab_2025\data\odac\pristine_CO2\JORBAV\JORBAV_w_CO2_1_relaxed.cif,-0.20349899199998162
C:\Users\GED\PycharmProjects\Aixelo_Project_DataLab_2025\data\odac\pristine_CO2\JORSEQ\JORSEQ_w_CO2_1_relaxed.cif,-0.1887503114287483
C:\Users\GED\PycharmProjects\Aixelo_Project_DataLab_2025\data\odac\pristine_CO2\JOSNAG\JOSNAG_w_CO2_1_relaxed.cif,-0.39241282857143134
C:\Users\GED\PycharmProjects\Aixelo_Project_DataLab_2025\data\odac\pristine_CO2\JOSNAG01\JOSNAG01_w_CO2_1_relaxed.cif,-0.4154092299999986
C:\Users\GED\PycharmProjects\Aixelo_Project_DataLab_2025\data\odac\pristine_CO2\JOVXEZ\JOVXEZ_w_CO2_random_1_relaxed.cif,0.32693421500005115
C:\Users\GED\PycharmProjects\Aixelo_Project_DataLab_2025\data\odac\pristine_CO2\JOVYAW\JOVYAW_w_CO2_1_relaxed.cif,-0.36155909571431266
C:\Users\GED\PycharmProjects\Aixelo_Project_DataLab_2025\data\odac\pristine_CO2\JOYKUF\JOYKUF_w_CO2_1_relaxed.cif,-0.2616394019998779
C:\Users\GED\PycharmProjects\Aixelo_Project_DataLab_2025\data\odac\pristine_CO2\JUCGUL\JUCGUL_w_CO2_1_relaxed.cif,-0.12322486666670328
C:\Users\GED\PycharmProjects\Aixelo_Project_DataLab_2025\data\odac\pristine_CO2\JUCXEK\JUCXEK_w_CO2_1_relaxed.cif,0.5069475228570874
C:\Users\GED\PycharmProjects\Aixelo_Project_DataLab_2025\data\odac\pristine_CO2\JUFREJ\JUFREJ_w_CO2_1_relaxed.cif,-0.4701567199999772
C:\Users\GED\PycharmProjects\Aixelo_Project_DataLab_2025\data\odac\pristine_CO2\JUGLAA\JUGLAA_w_CO2_1_relaxed.cif,-0.2538844200000312
C:\Users\GED\PycharmProjects\Aixelo_Project_DataLab_2025\data\odac\pristine_CO2\JUGQIN\JUGQIN_w_CO2_3_relaxed.cif,-0.14812122999997723
C:\Users\GED\PycharmProjects\Aixelo_Project_DataLab_2025\data\odac\pristine_CO2\JUGQOT\JUGQOT_w_CO2_1_relaxed.cif,-0.19753895000001193
C:\Users\GED\PycharmProjects\Aixelo_Project_DataLab_2025\data\odac\pristine_CO2\JUKKIL\JUKKIL_w_CO2_3_relaxed.cif,-0.4875995799999752
C:\Users\GED\PycharmProjects\Aixelo_Project_DataLab_2025\data\odac\pristine_CO2\JUMCOL\JUMCOL_w_CO2_1_relaxed.cif,-0.29675431200000724
C:\Users\GED\PycharmProjects\Aixelo_Project_DataLab_2025\data\odac\pristine_CO2\JUMCUR\JUMCUR_w_CO2_1_relaxed.cif,-0.5503936159999739
C:\Users\GED\PycharmProjects\Aixelo_Project_DataLab_2025\data\odac\pristine_CO2\JUMDAY\JUMDAY_w_CO2_1_relaxed.cif,-0.21707657599995395
C:\Users\GED\PycharmProjects\Aixelo_Project_DataLab_2025\data\odac\pristine_CO2\JUMDEC\JUMDEC_w_CO2_1_relaxed.cif,-0.32935195399991246
C:\Users\GED\PycharmProjects\Aixelo_Project_DataLab_2025\data\odac\pristine_CO2\JUNBOL\JUNBOL_w_CO2_1_relaxed.cif,-0.27758029000025475
C:\Users\GED\PycharmProjects\Aixelo_Project_DataLab_2025\data\odac\pristine_CO2\JUNBUR\JUNBUR_w_CO2_1_relaxed.cif,-0.07834014166659616
C:\Users\GED\PycharmProjects\Aixelo_Project_DataLab_2025\data\odac\pristine_CO2\JUQVAU\JUQVAU_w_CO2_1_relaxed.cif,-0.28399738500024796
C:\Users\GED\PycharmProjects\Aixelo_Project_DataLab_2025\data\odac\pristine_CO2\JUSBAC\JUSBAC_w_CO2_1_relaxed.cif,-0.1597141742853247
C:\Users\GED\PycharmProjects\Aixelo_Project_DataLab_2025\data\odac\pristine_CO2\JUSKAL\JUSKAL_w_CO2_1_relaxed.cif,0.014098603333195568
C:\Users\GED\PycharmProjects\Aixelo_Project_DataLab_2025\data\odac\pristine_CO2\JUTCUW_SL\JUTCUW_SL_w_CO2_1_relaxed.cif,-0.14918129000000133
C:\Users\GED\PycharmProjects\Aixelo_Project_DataLab_2025\data\odac\pristine_CO2\JUVROJ\JUVROJ_w_CO2_1_relaxed.cif,-0.28200537833331885
C:\Users\GED\PycharmProjects\Aixelo_Project_DataLab_2025\data\odac\pristine_CO2\JUXFOZ\JUXFOZ_w_CO2_1_relaxed.cif,0.16932249199990113
C:\Users\GED\PycharmProjects\Aixelo_Project_DataLab_2025\data\odac\pristine_CO2\JUYBEM\JUYBEM_w_CO2_1_relaxed.cif,-0.46998268000009247
C:\Users\GED\PycharmProjects\Aixelo_Project_DataLab_2025\data\odac\pristine_CO2\JUYJIY\JUYJIY_w_CO2_1_relaxed.cif,-0.3749378225002147
C:\Users\GED\PycharmProjects\Aixelo_Project_DataLab_2025\data\odac\pristine_CO2\JUYROM\JUYROM_w_CO2_1_relaxed.cif,-0.23772279166670762
C:\Users\GED\PycharmProjects\Aixelo_Project_DataLab_2025\data\odac\pristine_CO2\KABNIL\KABNIL_w_CO2_1_relaxed.cif,-0.20208622571435136
C:\Users\GED\PycharmProjects\Aixelo_Project_DataLab_2025\data\odac\pristine_CO2\KABXES\KABXES_w_CO2_random_1_relaxed.cif,-0.15263558499992763
C:\Users\GED\PycharmProjects\Aixelo_Project_DataLab_2025\data\odac\pristine_CO2\KABXOC\KABXOC_w_CO2_random_1_relaxed.cif,0.6914086399999633
C:\Users\GED\PycharmProjects\Aixelo_Project_DataLab_2025\data\odac\pristine_CO2\KAGCAY_charged\KAGCAY_charged_w_CO2_1_relaxed.cif,-0.024794749999955446
C:\Users\GED\PycharmProjects\Aixelo_Project_DataLab_2025\data\odac\pristine_CO2\KAHNOX\KAHNOX_w_CO2_1_relaxed.cif,-0.17069522333342016
C:\Users\GED\PycharmProjects\Aixelo_Project_DataLab_2025\data\odac\pristine_CO2\KAHPUE\KAHPUE_w_CO2_1_relaxed.cif,-0.2507349059999683
C:\Users\GED\PycharmProjects\Aixelo_Project_DataLab_2025\data\odac\pristine_CO2\KAHYEY\KAHYEY_w_CO2_1_relaxed.cif,-0.1043009974999833
C:\Users\GED\PycharmProjects\Aixelo_Project_DataLab_2025\data\odac\pristine_CO2\KAJZIH\KAJZIH_w_CO2_1_relaxed.cif,-0.3881623433335335
C:\Users\GED\PycharmProjects\Aixelo_Project_DataLab_2025\data\odac\pristine_CO2\KAKCEH01\KAKCEH01_w_CO2_1_relaxed.cif,-0.4623212585712671
C:\Users\GED\PycharmProjects\Aixelo_Project_DataLab_2025\data\odac\pristine_CO2\KAKCEH02\KAKCEH02_w_CO2_1_relaxed.cif,-0.5027220233334143
C:\Users\GED\PycharmProjects\Aixelo_Project_DataLab_2025\data\odac\pristine_CO2\KALGAH\KALGAH_w_CO2_1_relaxed.cif,-0.2033203299997694
C:\Users\GED\PycharmProjects\Aixelo_Project_DataLab_2025\data\odac\pristine_CO2\KALGEL\KALGEL_w_CO2_random_1_relaxed.cif,-0.1415195850003101
C:\Users\GED\PycharmProjects\Aixelo_Project_DataLab_2025\data\odac\pristine_CO2\KANDIO\KANDIO_w_CO2_1_relaxed.cif,-0.15576967874996223
C:\Users\GED\PycharmProjects\Aixelo_Project_DataLab_2025\data\odac\pristine_CO2\KANMIX\KANMIX_w_CO2_1_relaxed.cif,-0.2210723771428807
C:\Users\GED\PycharmProjects\Aixelo_Project_DataLab_2025\data\odac\pristine_CO2\KASRAZ\KASRAZ_w_CO2_1_relaxed.cif,-0.01979693166674675
C:\Users\GED\PycharmProjects\Aixelo_Project_DataLab_2025\data\odac\pristine_CO2\KATDAM\KATDAM_w_CO2_1_relaxed.cif,-0.3229976479999095
C:\Users\GED\PycharmProjects\Aixelo_Project_DataLab_2025\data\odac\pristine_CO2\KAVGAQ\KAVGAQ_w_CO2_1_relaxed.cif,-0.04617025875006674
C:\Users\GED\PycharmProjects\Aixelo_Project_DataLab_2025\data\odac\pristine_CO2\KAVTEI\KAVTEI_w_CO2_1_relaxed.cif,-0.4850917342856259
C:\Users\GED\PycharmProjects\Aixelo_Project_DataLab_2025\data\odac\pristine_CO2\KAVTUY\KAVTUY_w_CO2_1_relaxed.cif,-0.48560269999995853
C:\Users\GED\PycharmProjects\Aixelo_Project_DataLab_2025\data\odac\pristine_CO2\KAWBOB\KAWBOB_w_CO2_1_relaxed.cif,-0.28004172166671043
C:\Users\GED\PycharmProjects\Aixelo_Project_DataLab_2025\data\odac\pristine_CO2\KAXQIL\KAXQIL_w_CO2_1_relaxed.cif,-0.08161203857144168
C:\Users\GED\PycharmProjects\Aixelo_Project_DataLab_2025\data\odac\pristine_CO2\KAYBIX\KAYBIX_w_CO2_1_relaxed.cif,-0.2329037683333771
C:\Users\GED\PycharmProjects\Aixelo_Project_DataLab_2025\data\odac\pristine_CO2\KAYBUJ\KAYBUJ_w_CO2_1_relaxed.cif,-0.2326209600000292
C:\Users\GED\PycharmProjects\Aixelo_Project_DataLab_2025\data\odac\pristine_CO2\KAYCIY\KAYCIY_w_CO2_random_1_relaxed.cif,-0.3240542449999566
C:\Users\GED\PycharmProjects\Aixelo_Project_DataLab_2025\data\odac\pristine_CO2\KECRAL\KECRAL_w_CO2_1_relaxed.cif,-0.21108402000000595
C:\Users\GED\PycharmProjects\Aixelo_Project_DataLab_2025\data\odac\pristine_CO2\KECRAL10\KECRAL10_w_CO2_1_relaxed.cif,-0.14315384333332773
C:\Users\GED\PycharmProjects\Aixelo_Project_DataLab_2025\data\odac\pristine_CO2\KECRAL12\KECRAL12_w_CO2_1_relaxed.cif,-0.5908877033333132
C:\Users\GED\PycharmProjects\Aixelo_Project_DataLab_2025\data\odac\pristine_CO2\KEDJAG\KEDJAG_w_CO2_1_relaxed.cif,-0.20801844000000833
C:\Users\GED\PycharmProjects\Aixelo_Project_DataLab_2025\data\odac\pristine_CO2\KEDJAG01\KEDJAG01_w_CO2_1_relaxed.cif,-0.45627510199997234
C:\Users\GED\PycharmProjects\Aixelo_Project_DataLab_2025\data\odac\pristine_CO2\KEDJAG02\KEDJAG02_w_CO2_1_relaxed.cif,-0.36212749500000047
C:\Users\GED\PycharmProjects\Aixelo_Project_DataLab_2025\data\odac\pristine_CO2\KEDJAG03\KEDJAG03_w_CO2_1_relaxed.cif,-0.27298420249985605
C:\Users\GED\PycharmProjects\Aixelo_Project_DataLab_2025\data\odac\pristine_CO2\KEDJAG04\KEDJAG04_w_CO2_1_relaxed.cif,-0.23328789999999341
C:\Users\GED\PycharmProjects\Aixelo_Project_DataLab_2025\data\odac\pristine_CO2\KEDJAG06\KEDJAG06_w_CO2_1_relaxed.cif,0.0029648683333978972
C:\Users\GED\PycharmProjects\Aixelo_Project_DataLab_2025\data\odac\pristine_CO2\KEDJAG08\KEDJAG08_w_CO2_1_relaxed.cif,-0.2926558224999667
C:\Users\GED\PycharmProjects\Aixelo_Project_DataLab_2025\data\odac\pristine_CO2\KEDJAG10\KEDJAG10_w_CO2_1_relaxed.cif,-0.16062045749998785
C:\Users\GED\PycharmProjects\Aixelo_Project_DataLab_2025\data\odac\pristine_CO2\KEDJAG12\KEDJAG12_w_CO2_1_relaxed.cif,0.2939044850000035
C:\Users\GED\PycharmProjects\Aixelo_Project_DataLab_2025\data\odac\pristine_CO2\KEDJAG16\KEDJAG16_w_CO2_1_relaxed.cif,-0.36356095333326266
C:\Users\GED\PycharmProjects\Aixelo_Project_DataLab_2025\data\odac\pristine_CO2\KEDJAG18\KEDJAG18_w_CO2_1_relaxed.cif,0.34218283600012
C:\Users\GED\PycharmProjects\Aixelo_Project_DataLab_2025\data\odac\pristine_CO2\KEDJAG20\KEDJAG20_w_CO2_1_relaxed.cif,-0.21542098999987044
C:\Users\GED\PycharmProjects\Aixelo_Project_DataLab_2025\data\odac\pristine_CO2\KEDJAG22\KEDJAG22_w_CO2_1_relaxed.cif,-0.32657822999997277
C:\Users\GED\PycharmProjects\Aixelo_Project_DataLab_2025\data\odac\pristine_CO2\KEDJAG24\KEDJAG24_w_CO2_1_relaxed.cif,-0.3647893220001151
C:\Users\GED\PycharmProjects\Aixelo_Project_DataLab_2025\data\odac\pristine_CO2\KEDJAG26\KEDJAG26_w_CO2_1_relaxed.cif,-0.3374213374999613
C:\Users\GED\PycharmProjects\Aixelo_Project_DataLab_2025\data\odac\pristine_CO2\KEDJAG28\KEDJAG28_w_CO2_1_relaxed.cif,-0.21406152749989354
C:\Users\GED\PycharmProjects\Aixelo_Project_DataLab_2025\data\odac\pristine_CO2\KEDNOY\KEDNOY_w_CO2_1_relaxed.cif,-0.4395278900001683
C:\Users\GED\PycharmProjects\Aixelo_Project_DataLab_2025\data\odac\pristine_CO2\KEDQAN\KEDQAN_w_CO2_1_relaxed.cif,-0.29249476285700177
C:\Users\GED\PycharmProjects\Aixelo_Project_DataLab_2025\data\odac\pristine_CO2\KEFBEE\KEFBEE_w_CO2_1_relaxed.cif,-0.23181532666662477
C:\Users\GED\PycharmProjects\Aixelo_Project_DataLab_2025\data\odac\pristine_CO2\KEFBII\KEFBII_w_CO2_1_relaxed.cif,-0.3141168380000635
C:\Users\GED\PycharmProjects\Aixelo_Project_DataLab_2025\data\odac\pristine_CO2\KEFBOO\KEFBOO_w_CO2_1_relaxed.cif,-0.20510177999992715
C:\Users\GED\PycharmProjects\Aixelo_Project_DataLab_2025\data\odac\pristine_CO2\KEFWAV\KEFWAV_w_CO2_1_relaxed.cif,-0.12246939571436342
C:\Users\GED\PycharmProjects\Aixelo_Project_DataLab_2025\data\odac\pristine_CO2\KEFWEZ_charged\KEFWEZ_charged_w_CO2_1_relaxed.cif,-0.520866351428627
C:\Users\GED\PycharmProjects\Aixelo_Project_DataLab_2025\data\odac\pristine_CO2\KEGYAX\KEGYAX_w_CO2_1_relaxed.cif,-0.39055422499999765
C:\Users\GED\PycharmProjects\Aixelo_Project_DataLab_2025\data\odac\pristine_CO2\KEGZOL\KEGZOL_w_CO2_1_relaxed.cif,0.9053555966666522
C:\Users\GED\PycharmProjects\Aixelo_Project_DataLab_2025\data\odac\pristine_CO2\KEGZOL01\KEGZOL01_w_CO2_1_relaxed.cif,0.632305626666683
C:\Users\GED\PycharmProjects\Aixelo_Project_DataLab_2025\data\odac\pristine_CO2\KEGZOL02\KEGZOL02_w_CO2_1_relaxed.cif,0.3864152599999784
C:\Users\GED\PycharmProjects\Aixelo_Project_DataLab_2025\data\odac\pristine_CO2\KEGZOL03\KEGZOL03_w_CO2_1_relaxed.cif,0.6072191433333387
C:\Users\GED\PycharmProjects\Aixelo_Project_DataLab_2025\data\odac\pristine_CO2\KEHDOS\KEHDOS_w_CO2_1_relaxed.cif,-1.0697076450000367
C:\Users\GED\PycharmProjects\Aixelo_Project_DataLab_2025\data\odac\pristine_CO2\KEHGAH_charged\KEHGAH_charged_w_CO2_1_relaxed.cif,-0.9523939759999849
C:\Users\GED\PycharmProjects\Aixelo_Project_DataLab_2025\data\odac\pristine_CO2\KEHGIP\KEHGIP_w_CO2_1_relaxed.cif,-0.9605819016669178
C:\Users\GED\PycharmProjects\Aixelo_Project_DataLab_2025\data\odac\pristine_CO2\KEJBOQ_clean_h\KEJBOQ_clean_h_w_CO2_1_relaxed.cif,-0.2306009814286166
C:\Users\GED\PycharmProjects\Aixelo_Project_DataLab_2025\data\odac\pristine_CO2\KEJHIQ_clean_h\KEJHIQ_clean_h_w_CO2_1_relaxed.cif,-0.10213186857140497
C:\Users\GED\PycharmProjects\Aixelo_Project_DataLab_2025\data\odac\pristine_CO2\KEPPIF\KEPPIF_w_CO2_1_relaxed.cif,-0.3282567860002018
C:\Users\GED\PycharmProjects\Aixelo_Project_DataLab_2025\data\odac\pristine_CO2\KEQDER\KEQDER_w_CO2_1_relaxed.cif,-0.3581144979999863
C:\Users\GED\PycharmProjects\Aixelo_Project_DataLab_2025\data\odac\pristine_CO2\KESGAS\KESGAS_w_CO2_1_relaxed.cif,0.10969335714285726
C:\Users\GED\PycharmProjects\Aixelo_Project_DataLab_2025\data\odac\pristine_CO2\KETHEY\KETHEY_w_CO2_1_relaxed.cif,-0.41465584874998734
C:\Users\GED\PycharmProjects\Aixelo_Project_DataLab_2025\data\odac\pristine_CO2\KETHEY01\KETHEY01_w_CO2_1_relaxed.cif,-0.16111041374995236
C:\Users\GED\PycharmProjects\Aixelo_Project_DataLab_2025\data\odac\pristine_CO2\KETHEY02\KETHEY02_w_CO2_1_relaxed.cif,-0.4209160824999145
C:\Users\GED\PycharmProjects\Aixelo_Project_DataLab_2025\data\odac\pristine_CO2\KEVWUF\KEVWUF_w_CO2_1_relaxed.cif,-0.2984440728570722
C:\Users\GED\PycharmProjects\Aixelo_Project_DataLab_2025\data\odac\pristine_CO2\KEWZET\KEWZET_w_CO2_1_relaxed.cif,1.7077088649999723
C:\Users\GED\PycharmProjects\Aixelo_Project_DataLab_2025\data\odac\pristine_CO2\KEXFAU\KEXFAU_w_CO2_1_relaxed.cif,-0.24435593999991545
C:\Users\GED\PycharmProjects\Aixelo_Project_DataLab_2025\data\odac\pristine_CO2\KEXFIC\KEXFIC_w_CO2_1_relaxed.cif,0.07735685199995711
C:\Users\GED\PycharmProjects\Aixelo_Project_DataLab_2025\data\odac\pristine_CO2\KEYMUY\KEYMUY_w_CO2_1_relaxed.cif,-0.27433820166671313
C:\Users\GED\PycharmProjects\Aixelo_Project_DataLab_2025\data\odac\pristine_CO2\KEYROX\KEYROX_w_CO2_1_relaxed.cif,1.847713299999782
C:\Users\GED\PycharmProjects\Aixelo_Project_DataLab_2025\data\odac\pristine_CO2\KEYYET\KEYYET_w_CO2_1_relaxed.cif,-0.2992467533333259
C:\Users\GED\PycharmProjects\Aixelo_Project_DataLab_2025\data\odac\pristine_CO2\KIBDEF\KIBDEF_w_CO2_1_relaxed.cif,1.2474926183333157
C:\Users\GED\PycharmProjects\Aixelo_Project_DataLab_2025\data\odac\pristine_CO2\KIBDIJ\KIBDIJ_w_CO2_1_relaxed.cif,-0.405208031666632
C:\Users\GED\PycharmProjects\Aixelo_Project_DataLab_2025\data\odac\pristine_CO2\KIDDIM\KIDDIM_w_CO2_1_relaxed.cif,-0.46069213714297674
C:\Users\GED\PycharmProjects\Aixelo_Project_DataLab_2025\data\odac\pristine_CO2\KIDDOS\KIDDOS_w_CO2_1_relaxed.cif,0.5977662837499906
C:\Users\GED\PycharmProjects\Aixelo_Project_DataLab_2025\data\odac\pristine_CO2\KIDVIE\KIDVIE_w_CO2_1_relaxed.cif,-0.23137481833336435
C:\Users\GED\PycharmProjects\Aixelo_Project_DataLab_2025\data\odac\pristine_CO2\KIFDIM\KIFDIM_w_CO2_1_relaxed.cif,-0.204344064999835
C:\Users\GED\PycharmProjects\Aixelo_Project_DataLab_2025\data\odac\pristine_CO2\KIFKEQ\KIFKEQ_w_CO2_1_relaxed.cif,0.546669226249918
C:\Users\GED\PycharmProjects\Aixelo_Project_DataLab_2025\data\odac\pristine_CO2\KIGCEK\KIGCEK_w_CO2_1_relaxed.cif,0.018060219999881628
C:\Users\GED\PycharmProjects\Aixelo_Project_DataLab_2025\data\odac\pristine_CO2\KIJPUQ\KIJPUQ_w_CO2_1_relaxed.cif,-0.18094812571424818
C:\Users\GED\PycharmProjects\Aixelo_Project_DataLab_2025\data\odac\pristine_CO2\KIJRUS\KIJRUS_w_CO2_1_relaxed.cif,-0.10728085666672389
C:\Users\GED\PycharmProjects\Aixelo_Project_DataLab_2025\data\odac\pristine_CO2\KIKFIV\KIKFIV_w_CO2_1_relaxed.cif,-0.2761459316668227
C:\Users\GED\PycharmProjects\Aixelo_Project_DataLab_2025\data\odac\pristine_CO2\KINDIW\KINDIW_w_CO2_1_relaxed.cif,-0.3411207575000219
C:\Users\GED\PycharmProjects\Aixelo_Project_DataLab_2025\data\odac\pristine_CO2\KINFAQ\KINFAQ_w_CO2_2_relaxed.cif,-0.23327313199995384
C:\Users\GED\PycharmProjects\Aixelo_Project_DataLab_2025\data\odac\pristine_CO2\KINNIG\KINNIG_w_CO2_1_relaxed.cif,0.0771505000000323
C:\Users\GED\PycharmProjects\Aixelo_Project_DataLab_2025\data\odac\pristine_CO2\KINQAB\KINQAB_w_CO2_1_relaxed.cif,-0.02315367428566009
C:\Users\GED\PycharmProjects\Aixelo_Project_DataLab_2025\data\odac\pristine_CO2\KIPKEB\KIPKEB_w_CO2_1_relaxed.cif,-0.5281639683335015
C:\Users\GED\PycharmProjects\Aixelo_Project_DataLab_2025\data\odac\pristine_CO2\KIPZEQ\KIPZEQ_w_CO2_1_relaxed.cif,-0.43286648285702867
C:\Users\GED\PycharmProjects\Aixelo_Project_DataLab_2025\data\odac\pristine_CO2\KIRFIA\KIRFIA_w_CO2_1_relaxed.cif,-0.21300714399990278
C:\Users\GED\PycharmProjects\Aixelo_Project_DataLab_2025\data\odac\pristine_CO2\KIRTUC\KIRTUC_w_CO2_1_relaxed.cif,-0.4865102528571502
C:\Users\GED\PycharmProjects\Aixelo_Project_DataLab_2025\data\odac\pristine_CO2\KITVEQ\KITVEQ_w_CO2_1_relaxed.cif,-0.2497254416664418
C:\Users\GED\PycharmProjects\Aixelo_Project_DataLab_2025\data\odac\pristine_CO2\KIYMIQ\KIYMIQ_w_CO2_1_relaxed.cif,-0.21433695285713836
C:\Users\GED\PycharmProjects\Aixelo_Project_DataLab_2025\data\odac\pristine_CO2\KIYQEQ\KIYQEQ_w_CO2_1_relaxed.cif,-0.3191181849999604
C:\Users\GED\PycharmProjects\Aixelo_Project_DataLab_2025\data\odac\pristine_CO2\KIYQIU\KIYQIU_w_CO2_1_relaxed.cif,-0.2544902366666406
C:\Users\GED\PycharmProjects\Aixelo_Project_DataLab_2025\data\odac\pristine_CO2\KIYQOA\KIYQOA_w_CO2_1_relaxed.cif,-0.3980943942856844
C:\Users\GED\PycharmProjects\Aixelo_Project_DataLab_2025\data\odac\pristine_CO2\KOBFIR\KOBFIR_w_CO2_1_relaxed.cif,-0.15193732166676452
C:\Users\GED\PycharmProjects\Aixelo_Project_DataLab_2025\data\odac\pristine_CO2\KOCCUC\KOCCUC_w_CO2_1_relaxed.cif,-0.15962557666661797
C:\Users\GED\PycharmProjects\Aixelo_Project_DataLab_2025\data\odac\pristine_CO2\KOCWEF\KOCWEF_w_CO2_1_relaxed.cif,-0.20978063250004195
C:\Users\GED\PycharmProjects\Aixelo_Project_DataLab_2025\data\odac\pristine_CO2\KOFPEB\KOFPEB_w_CO2_1_relaxed.cif,-0.21194680666663615
C:\Users\GED\PycharmProjects\Aixelo_Project_DataLab_2025\data\odac\pristine_CO2\KOFPEB01\KOFPEB01_w_CO2_1_relaxed.cif,-0.27150249166660007
C:\Users\GED\PycharmProjects\Aixelo_Project_DataLab_2025\data\odac\pristine_CO2\KOFPEB02\KOFPEB02_w_CO2_1_relaxed.cif,-0.21978261000011415
C:\Users\GED\PycharmProjects\Aixelo_Project_DataLab_2025\data\odac\pristine_CO2\KOFPEB03\KOFPEB03_w_CO2_1_relaxed.cif,-0.2580375516668027
C:\Users\GED\PycharmProjects\Aixelo_Project_DataLab_2025\data\odac\pristine_CO2\KOFVOS\KOFVOS_w_CO2_1_relaxed.cif,-0.2889156442855665
C:\Users\GED\PycharmProjects\Aixelo_Project_DataLab_2025\data\odac\pristine_CO2\KOJTOU\KOJTOU_w_CO2_1_relaxed.cif,-0.2563827449994278
C:\Users\GED\PycharmProjects\Aixelo_Project_DataLab_2025\data\odac\pristine_CO2\KOJZEP_manual\KOJZEP_manual_w_CO2_1_relaxed.cif,-0.06759269000003768
C:\Users\GED\PycharmProjects\Aixelo_Project_DataLab_2025\data\odac\pristine_CO2\KOJZIT\KOJZIT_w_CO2_1_relaxed.cif,-0.40234980799991715
C:\Users\GED\PycharmProjects\Aixelo_Project_DataLab_2025\data\odac\pristine_CO2\KOJZUF\KOJZUF_w_CO2_1_relaxed.cif,-0.4177949750002199
C:\Users\GED\PycharmProjects\Aixelo_Project_DataLab_2025\data\odac\pristine_CO2\KOKKOL\KOKKOL_w_CO2_1_relaxed.cif,-0.23743147374999293
C:\Users\GED\PycharmProjects\Aixelo_Project_DataLab_2025\data\odac\pristine_CO2\KOMCOG\KOMCOG_w_CO2_1_relaxed.cif,-0.23409458999981322
C:\Users\GED\PycharmProjects\Aixelo_Project_DataLab_2025\data\odac\pristine_CO2\KOMGUP\KOMGUP_w_CO2_1_relaxed.cif,-0.4355765799999176
C:\Users\GED\PycharmProjects\Aixelo_Project_DataLab_2025\data\odac\pristine_CO2\KOMHUR\KOMHUR_w_CO2_1_relaxed.cif,-0.2488911125000754
C:\Users\GED\PycharmProjects\Aixelo_Project_DataLab_2025\data\odac\pristine_CO2\KONCIA\KONCIA_w_CO2_1_relaxed.cif,-0.6173301699999699
C:\Users\GED\PycharmProjects\Aixelo_Project_DataLab_2025\data\odac\pristine_CO2\KONFEA\KONFEA_w_CO2_1_relaxed.cif,-0.37303754444446385
C:\Users\GED\PycharmProjects\Aixelo_Project_DataLab_2025\data\odac\pristine_CO2\KONYOB\KONYOB_w_CO2_1_relaxed.cif,-0.25895070499998
C:\Users\GED\PycharmProjects\Aixelo_Project_DataLab_2025\data\odac\pristine_CO2\KOQLUZ\KOQLUZ_w_CO2_1_relaxed.cif,0.24704221333342957
C:\Users\GED\PycharmProjects\Aixelo_Project_DataLab_2025\data\odac\pristine_CO2\KORNAI\KORNAI_w_CO2_1_relaxed.cif,-0.26150482142864867
C:\Users\GED\PycharmProjects\Aixelo_Project_DataLab_2025\data\odac\pristine_CO2\KOSJAF\KOSJAF_w_CO2_1_relaxed.cif,-0.2858032099999946
C:\Users\GED\PycharmProjects\Aixelo_Project_DataLab_2025\data\odac\pristine_CO2\KOSJEJ\KOSJEJ_w_CO2_1_relaxed.cif,-0.24429611000001614
C:\Users\GED\PycharmProjects\Aixelo_Project_DataLab_2025\data\odac\pristine_CO2\KOSJIN\KOSJIN_w_CO2_1_relaxed.cif,-0.27892564200002423
C:\Users\GED\PycharmProjects\Aixelo_Project_DataLab_2025\data\odac\pristine_CO2\KOSJOT\KOSJOT_w_CO2_1_relaxed.cif,-0.25683684600003287
C:\Users\GED\PycharmProjects\Aixelo_Project_DataLab_2025\data\odac\pristine_CO2\KOSJUZ\KOSJUZ_w_CO2_1_relaxed.cif,-0.3225897700000587
C:\Users\GED\PycharmProjects\Aixelo_Project_DataLab_2025\data\odac\pristine_CO2\KOSKAG\KOSKAG_w_CO2_1_relaxed.cif,-0.2800290220000192
C:\Users\GED\PycharmProjects\Aixelo_Project_DataLab_2025\data\odac\pristine_CO2\KOSKEK\KOSKEK_w_CO2_1_relaxed.cif,-0.26296396800003097
C:\Users\GED\PycharmProjects\Aixelo_Project_DataLab_2025\data\odac\pristine_CO2\KOSKIO\KOSKIO_w_CO2_1_relaxed.cif,-0.27045137200000224
C:\Users\GED\PycharmProjects\Aixelo_Project_DataLab_2025\data\odac\pristine_CO2\KOSKIO01\KOSKIO01_w_CO2_1_relaxed.cif,-0.2857465819999788
C:\Users\GED\PycharmProjects\Aixelo_Project_DataLab_2025\data\odac\pristine_CO2\KOSKUA\KOSKUA_w_CO2_1_relaxed.cif,-0.25662400799999424
C:\Users\GED\PycharmProjects\Aixelo_Project_DataLab_2025\data\odac\pristine_CO2\KOSLAH\KOSLAH_w_CO2_1_relaxed.cif,-0.23411527400004384
C:\Users\GED\PycharmProjects\Aixelo_Project_DataLab_2025\data\odac\pristine_CO2\KOSLEL\KOSLEL_w_CO2_1_relaxed.cif,-0.3615581959999872
C:\Users\GED\PycharmProjects\Aixelo_Project_DataLab_2025\data\odac\pristine_CO2\KOSLIP\KOSLIP_w_CO2_1_relaxed.cif,-0.32318411600002717
C:\Users\GED\PycharmProjects\Aixelo_Project_DataLab_2025\data\odac\pristine_CO2\KOSLOV\KOSLOV_w_CO2_1_relaxed.cif,-0.3392081300000086
C:\Users\GED\PycharmProjects\Aixelo_Project_DataLab_2025\data\odac\pristine_CO2\KOSLUB\KOSLUB_w_CO2_1_relaxed.cif,-0.3510059100000376
C:\Users\GED\PycharmProjects\Aixelo_Project_DataLab_2025\data\odac\pristine_CO2\KOSMAI\KOSMAI_w_CO2_1_relaxed.cif,-0.14044362400002228
C:\Users\GED\PycharmProjects\Aixelo_Project_DataLab_2025\data\odac\pristine_CO2\KOTSIX\KOTSIX_w_CO2_1_relaxed.cif,-0.18265723833326317
C:\Users\GED\PycharmProjects\Aixelo_Project_DataLab_2025\data\odac\pristine_CO2\KOVJAI\KOVJAI_w_CO2_1_relaxed.cif,-0.271783498000002
C:\Users\GED\PycharmProjects\Aixelo_Project_DataLab_2025\data\odac\pristine_CO2\KOVJAI01\KOVJAI01_w_CO2_1_relaxed.cif,-0.29607946125005924
C:\Users\GED\PycharmProjects\Aixelo_Project_DataLab_2025\data\odac\pristine_CO2\KOXGIP\KOXGIP_w_CO2_1_relaxed.cif,-0.33462927999986886
C:\Users\GED\PycharmProjects\Aixelo_Project_DataLab_2025\data\odac\pristine_CO2\KOZNIY\KOZNIY_w_CO2_1_relaxed.cif,-0.5203934914285355
C:\Users\GED\PycharmProjects\Aixelo_Project_DataLab_2025\data\odac\pristine_CO2\KUCDOD\KUCDOD_w_CO2_1_relaxed.cif,-0.09067238249987493
C:\Users\GED\PycharmProjects\Aixelo_Project_DataLab_2025\data\odac\pristine_CO2\KUDLUR\KUDLUR_w_CO2_1_relaxed.cif,-0.2987824716666409
C:\Users\GED\PycharmProjects\Aixelo_Project_DataLab_2025\data\odac\pristine_CO2\KUFBEU\KUFBEU_w_CO2_1_relaxed.cif,-0.24395260333335497
C:\Users\GED\PycharmProjects\Aixelo_Project_DataLab_2025\data\odac\pristine_CO2\KUFTAI\KUFTAI_w_CO2_1_relaxed.cif,-0.29802333333297304
C:\Users\GED\PycharmProjects\Aixelo_Project_DataLab_2025\data\odac\pristine_CO2\KUFVAK\KUFVAK_w_CO2_1_relaxed.cif,-0.3598556250000229
C:\Users\GED\PycharmProjects\Aixelo_Project_DataLab_2025\data\odac\pristine_CO2\KUFVEO\KUFVEO_w_CO2_1_relaxed.cif,-0.432757400000052
C:\Users\GED\PycharmProjects\Aixelo_Project_DataLab_2025\data\odac\pristine_CO2\KUGCOF\KUGCOF_w_CO2_1_relaxed.cif,0.029978337142876756
C:\Users\GED\PycharmProjects\Aixelo_Project_DataLab_2025\data\odac\pristine_CO2\KUGFAU\KUGFAU_w_CO2_1_relaxed.cif,0.48218638999981067
C:\Users\GED\PycharmProjects\Aixelo_Project_DataLab_2025\data\odac\pristine_CO2\KUHNEI\KUHNEI_w_CO2_1_relaxed.cif,-0.35081904999992725
C:\Users\GED\PycharmProjects\Aixelo_Project_DataLab_2025\data\odac\pristine_CO2\KUJMEJ\KUJMEJ_w_CO2_1_relaxed.cif,-0.038615799999969794
C:\Users\GED\PycharmProjects\Aixelo_Project_DataLab_2025\data\odac\pristine_CO2\KUJMIN\KUJMIN_w_CO2_1_relaxed.cif,-0.24690472199986285
C:\Users\GED\PycharmProjects\Aixelo_Project_DataLab_2025\data\odac\pristine_CO2\KUJTUG\KUJTUG_w_CO2_1_relaxed.cif,-0.1998719449998134
C:\Users\GED\PycharmProjects\Aixelo_Project_DataLab_2025\data\odac\pristine_CO2\KUKPOX\KUKPOX_w_CO2_1_relaxed.cif,-0.337197580000098
C:\Users\GED\PycharmProjects\Aixelo_Project_DataLab_2025\data\odac\pristine_CO2\KUKPUD\KUKPUD_w_CO2_2_relaxed.cif,6.512232303999963
C:\Users\GED\PycharmProjects\Aixelo_Project_DataLab_2025\data\odac\pristine_CO2\KUMGOQ\KUMGOQ_w_CO2_1_relaxed.cif,-0.13719660999997813
C:\Users\GED\PycharmProjects\Aixelo_Project_DataLab_2025\data\odac\pristine_CO2\KUNLEL\KUNLEL_w_CO2_1_relaxed.cif,0.17739276000007462
C:\Users\GED\PycharmProjects\Aixelo_Project_DataLab_2025\data\odac\pristine_CO2\KUNMUD\KUNMUD_w_CO2_1_relaxed.cif,-0.25002433000014435
C:\Users\GED\PycharmProjects\Aixelo_Project_DataLab_2025\data\odac\pristine_CO2\KUNWEW\KUNWEW_w_CO2_1_relaxed.cif,-0.3512776099999731
C:\Users\GED\PycharmProjects\Aixelo_Project_DataLab_2025\data\odac\pristine_CO2\KUQWIE\KUQWIE_w_CO2_1_relaxed.cif,-0.40363631125006805
C:\Users\GED\PycharmProjects\Aixelo_Project_DataLab_2025\data\odac\pristine_CO2\KUQXIE\KUQXIE_w_CO2_1_relaxed.cif,-0.03602045600002836
C:\Users\GED\PycharmProjects\Aixelo_Project_DataLab_2025\data\odac\pristine_CO2\KUSZED\KUSZED_w_CO2_1_relaxed.cif,-0.12266533666672787
C:\Users\GED\PycharmProjects\Aixelo_Project_DataLab_2025\data\odac\pristine_CO2\KUVJIW\KUVJIW_w_CO2_random_1_relaxed.cif,0.9633273099999542
C:\Users\GED\PycharmProjects\Aixelo_Project_DataLab_2025\data\odac\pristine_CO2\KUVMUL\KUVMUL_w_CO2_1_relaxed.cif,-0.300003279999828
C:\Users\GED\PycharmProjects\Aixelo_Project_DataLab_2025\data\odac\pristine_CO2\KUVYAD\KUVYAD_w_CO2_1_relaxed.cif,-0.21775582285727066
C:\Users\GED\PycharmProjects\Aixelo_Project_DataLab_2025\data\odac\pristine_CO2\KUXLUL\KUXLUL_w_CO2_1_relaxed.cif,-0.34059177999999973
C:\Users\GED\PycharmProjects\Aixelo_Project_DataLab_2025\data\odac\pristine_CO2\KUXREC\KUXREC_w_CO2_1_relaxed.cif,0.17359447999999697
C:\Users\GED\PycharmProjects\Aixelo_Project_DataLab_2025\data\odac\pristine_CO2\KUYPIF\KUYPIF_w_CO2_1_relaxed.cif,15.226313062857264
C:\Users\GED\PycharmProjects\Aixelo_Project_DataLab_2025\data\odac\pristine_CO2\KUZZAI\KUZZAI_w_CO2_1_relaxed.cif,-0.3141006014283058
C:\Users\GED\PycharmProjects\Aixelo_Project_DataLab_2025\data\odac\pristine_CO2\LABJUV\LABJUV_w_CO2_1_relaxed.cif,-0.2740272116665778
C:\Users\GED\PycharmProjects\Aixelo_Project_DataLab_2025\data\odac\pristine_CO2\LACJAC\LACJAC_w_CO2_1_relaxed.cif,-0.26456383285710666
C:\Users\GED\PycharmProjects\Aixelo_Project_DataLab_2025\data\odac\pristine_CO2\LACQIS\LACQIS_w_CO2_1_relaxed.cif,-0.4597366760001023
C:\Users\GED\PycharmProjects\Aixelo_Project_DataLab_2025\data\odac\pristine_CO2\LADHEF\LADHEF_w_CO2_1_relaxed.cif,-0.6292761333332729
C:\Users\GED\PycharmProjects\Aixelo_Project_DataLab_2025\data\odac\pristine_CO2\LADHIJ\LADHIJ_w_CO2_1_relaxed.cif,-0.3031763866669432
C:\Users\GED\PycharmProjects\Aixelo_Project_DataLab_2025\data\odac\pristine_CO2\LADKEJ\LADKEJ_w_CO2_random_1_relaxed.cif,-0.023404739999989453
C:\Users\GED\PycharmProjects\Aixelo_Project_DataLab_2025\data\odac\pristine_CO2\LADQIT\LADQIT_w_CO2_1_relaxed.cif,-0.31112497571439235
C:\Users\GED\PycharmProjects\Aixelo_Project_DataLab_2025\data\odac\pristine_CO2\LAGBUS\LAGBUS_w_CO2_1_relaxed.cif,-0.24100961166671667
C:\Users\GED\PycharmProjects\Aixelo_Project_DataLab_2025\data\odac\pristine_CO2\LAGDII_ion_b\LAGDII_ion_b_w_CO2_1_relaxed.cif,-0.23075294000009308
C:\Users\GED\PycharmProjects\Aixelo_Project_DataLab_2025\data\odac\pristine_CO2\LAGHIL\LAGHIL_w_CO2_1_relaxed.cif,-0.14652125749995545
C:\Users\GED\PycharmProjects\Aixelo_Project_DataLab_2025\data\odac\pristine_CO2\LAGMUD\LAGMUD_w_CO2_1_relaxed.cif,-0.35709381571432786
C:\Users\GED\PycharmProjects\Aixelo_Project_DataLab_2025\data\odac\pristine_CO2\LAGNAK\LAGNAK_w_CO2_1_relaxed.cif,-0.08484148857147436
C:\Users\GED\PycharmProjects\Aixelo_Project_DataLab_2025\data\odac\pristine_CO2\LAGNEO\LAGNEO_w_CO2_1_relaxed.cif,-0.1705806983333389
C:\Users\GED\PycharmProjects\Aixelo_Project_DataLab_2025\data\odac\pristine_CO2\LAGNIS\LAGNIS_w_CO2_1_relaxed.cif,-0.152570548571459
C:\Users\GED\PycharmProjects\Aixelo_Project_DataLab_2025\data\odac\pristine_CO2\LAGNOY\LAGNOY_w_CO2_1_relaxed.cif,-0.24485562166658306
C:\Users\GED\PycharmProjects\Aixelo_Project_DataLab_2025\data\odac\pristine_CO2\LAGNUE\LAGNUE_w_CO2_1_relaxed.cif,-0.15704656428563007
C:\Users\GED\PycharmProjects\Aixelo_Project_DataLab_2025\data\odac\pristine_CO2\LAGPAM\LAGPAM_w_CO2_1_relaxed.cif,-0.317676478571473
C:\Users\GED\PycharmProjects\Aixelo_Project_DataLab_2025\data\odac\pristine_CO2\LAGQER\LAGQER_w_CO2_1_relaxed.cif,0.10600194571429711
C:\Users\GED\PycharmProjects\Aixelo_Project_DataLab_2025\data\odac\pristine_CO2\LAGQOB\LAGQOB_w_CO2_1_relaxed.cif,-0.29326795000004796
C:\Users\GED\PycharmProjects\Aixelo_Project_DataLab_2025\data\odac\pristine_CO2\LAGVEX\LAGVEX_w_CO2_3_relaxed.cif,-0.27660404833333513
C:\Users\GED\PycharmProjects\Aixelo_Project_DataLab_2025\data\odac\pristine_CO2\LAGVOG\LAGVOG_w_CO2_1_relaxed.cif,-0.22785867999998569
C:\Users\GED\PycharmProjects\Aixelo_Project_DataLab_2025\data\odac\pristine_CO2\LAGWEX_clean_h\LAGWEX_clean_h_w_CO2_1_relaxed.cif,-0.2565773049999696
C:\Users\GED\PycharmProjects\Aixelo_Project_DataLab_2025\data\odac\pristine_CO2\LAGWUN\LAGWUN_w_CO2_1_relaxed.cif,0.025507704999957557
C:\Users\GED\PycharmProjects\Aixelo_Project_DataLab_2025\data\odac\pristine_CO2\LAHTUM\LAHTUM_w_CO2_1_relaxed.cif,-0.12191024857163157
C:\Users\GED\PycharmProjects\Aixelo_Project_DataLab_2025\data\odac\pristine_CO2\LAHVAU\LAHVAU_w_CO2_1_relaxed.cif,-0.3253727657143242
C:\Users\GED\PycharmProjects\Aixelo_Project_DataLab_2025\data\odac\pristine_CO2\LAHYOL\LAHYOL_w_CO2_1_relaxed.cif,-0.2574330099999429
C:\Users\GED\PycharmProjects\Aixelo_Project_DataLab_2025\data\odac\pristine_CO2\LAJJAK\LAJJAK_w_CO2_1_relaxed.cif,-0.3163620683333571
C:\Users\GED\PycharmProjects\Aixelo_Project_DataLab_2025\data\odac\pristine_CO2\LAJTIC\LAJTIC_w_CO2_1_relaxed.cif,-0.3992589266666566
C:\Users\GED\PycharmProjects\Aixelo_Project_DataLab_2025\data\odac\pristine_CO2\LALFUB\LALFUB_w_CO2_1_relaxed.cif,1.9505740199999537
C:\Users\GED\PycharmProjects\Aixelo_Project_DataLab_2025\data\odac\pristine_CO2\LALPIZ\LALPIZ_w_CO2_1_relaxed.cif,-0.1595015966666248
C:\Users\GED\PycharmProjects\Aixelo_Project_DataLab_2025\data\odac\pristine_CO2\LALPOF\LALPOF_w_CO2_1_relaxed.cif,-0.4248195749999771
C:\Users\GED\PycharmProjects\Aixelo_Project_DataLab_2025\data\odac\pristine_CO2\LAMFEK\LAMFEK_w_CO2_1_relaxed.cif,-0.5341067149999882
C:\Users\GED\PycharmProjects\Aixelo_Project_DataLab_2025\data\odac\pristine_CO2\LAMFIO\LAMFIO_w_CO2_1_relaxed.cif,-0.26311044599999606
C:\Users\GED\PycharmProjects\Aixelo_Project_DataLab_2025\data\odac\pristine_CO2\LAQNID\LAQNID_w_CO2_1_relaxed.cif,-0.38164851399960753
C:\Users\GED\PycharmProjects\Aixelo_Project_DataLab_2025\data\odac\pristine_CO2\LARNEA\LARNEA_w_CO2_1_relaxed.cif,-0.3268921471428468
C:\Users\GED\PycharmProjects\Aixelo_Project_DataLab_2025\data\odac\pristine_CO2\LARNIE\LARNIE_w_CO2_1_relaxed.cif,-0.40588647833358965
C:\Users\GED\PycharmProjects\Aixelo_Project_DataLab_2025\data\odac\pristine_CO2\LARPEC\LARPEC_w_CO2_1_relaxed.cif,-0.13999294166645385
C:\Users\GED\PycharmProjects\Aixelo_Project_DataLab_2025\data\odac\pristine_CO2\LARPOL_charged\LARPOL_charged_w_CO2_1_relaxed.cif,-0.36720666833358934
C:\Users\GED\PycharmProjects\Aixelo_Project_DataLab_2025\data\odac\pristine_CO2\LASRAB\LASRAB_w_CO2_1_relaxed.cif,-0.21485332999992576
C:\Users\GED\PycharmProjects\Aixelo_Project_DataLab_2025\data\odac\pristine_CO2\LASREF\LASREF_w_CO2_1_relaxed.cif,0.004446029999996874
C:\Users\GED\PycharmProjects\Aixelo_Project_DataLab_2025\data\odac\pristine_CO2\LASWIN\LASWIN_w_CO2_1_relaxed.cif,-0.07578559714287234
C:\Users\GED\PycharmProjects\Aixelo_Project_DataLab_2025\data\odac\pristine_CO2\LASYOU\LASYOU_w_CO2_1_relaxed.cif,-0.36472943833338906
C:\Users\GED\PycharmProjects\Aixelo_Project_DataLab_2025\data\odac\pristine_CO2\LATPIG\LATPIG_w_CO2_1_relaxed.cif,-0.2525696680001601
C:\Users\GED\PycharmProjects\Aixelo_Project_DataLab_2025\data\odac\pristine_CO2\LATYOX\LATYOX_w_CO2_1_relaxed.cif,-0.09393820600002982
C:\Users\GED\PycharmProjects\Aixelo_Project_DataLab_2025\data\odac\pristine_CO2\LAVCUJ\LAVCUJ_w_CO2_1_relaxed.cif,-0.28204061000001274
C:\Users\GED\PycharmProjects\Aixelo_Project_DataLab_2025\data\odac\pristine_CO2\LAVSUY\LAVSUY_w_CO2_1_relaxed.cif,-0.19534509166658146
C:\Users\GED\PycharmProjects\Aixelo_Project_DataLab_2025\data\odac\pristine_CO2\LAVTAF\LAVTAF_w_CO2_1_relaxed.cif,-0.20139424333323552
C:\Users\GED\PycharmProjects\Aixelo_Project_DataLab_2025\data\odac\pristine_CO2\LAVTEJ\LAVTEJ_w_CO2_1_relaxed.cif,-0.21724755999991882
C:\Users\GED\PycharmProjects\Aixelo_Project_DataLab_2025\data\odac\pristine_CO2\LAWFOF\LAWFOF_w_CO2_1_relaxed.cif,-0.3004340699999375
C:\Users\GED\PycharmProjects\Aixelo_Project_DataLab_2025\data\odac\pristine_CO2\LAWFUL\LAWFUL_w_CO2_1_relaxed.cif,-0.38237936999973954
C:\Users\GED\PycharmProjects\Aixelo_Project_DataLab_2025\data\odac\pristine_CO2\LAWFUN\LAWFUN_w_CO2_1_relaxed.cif,-0.10216783374988833
C:\Users\GED\PycharmProjects\Aixelo_Project_DataLab_2025\data\odac\pristine_CO2\LAWGAS\LAWGAS_w_CO2_1_relaxed.cif,-0.34273233999988406
C:\Users\GED\PycharmProjects\Aixelo_Project_DataLab_2025\data\odac\pristine_CO2\LAWGEW\LAWGEW_w_CO2_1_relaxed.cif,-0.1894008674999554
C:\Users\GED\PycharmProjects\Aixelo_Project_DataLab_2025\data\odac\pristine_CO2\LAWGIA\LAWGIA_w_CO2_1_relaxed.cif,-0.19938124250001005
C:\Users\GED\PycharmProjects\Aixelo_Project_DataLab_2025\data\odac\pristine_CO2\LAWGOG\LAWGOG_w_CO2_1_relaxed.cif,-0.21682306749997332
C:\Users\GED\PycharmProjects\Aixelo_Project_DataLab_2025\data\odac\pristine_CO2\LAWGUM\LAWGUM_w_CO2_1_relaxed.cif,-0.19688474249994664
C:\Users\GED\PycharmProjects\Aixelo_Project_DataLab_2025\data\odac\pristine_CO2\LAWHOJ\LAWHOJ_w_CO2_1_relaxed.cif,-0.28587874499999083
C:\Users\GED\PycharmProjects\Aixelo_Project_DataLab_2025\data\odac\pristine_CO2\LAWHUP\LAWHUP_w_CO2_1_relaxed.cif,-0.2873399333330629
C:\Users\GED\PycharmProjects\Aixelo_Project_DataLab_2025\data\odac\pristine_CO2\LAXMIJ\LAXMIJ_w_CO2_1_relaxed.cif,-0.33584206666667643
C:\Users\GED\PycharmProjects\Aixelo_Project_DataLab_2025\data\odac\pristine_CO2\LAZJAZ_SL\LAZJAZ_SL_w_CO2_1_relaxed.cif,-0.17520502249995215
C:\Users\GED\PycharmProjects\Aixelo_Project_DataLab_2025\data\odac\pristine_CO2\LAZJIH\LAZJIH_w_CO2_1_relaxed.cif,-0.41480211599982797
C:\Users\GED\PycharmProjects\Aixelo_Project_DataLab_2025\data\odac\pristine_CO2\LAZKUU\LAZKUU_w_CO2_1_relaxed.cif,-0.14547090666671159
C:\Users\GED\PycharmProjects\Aixelo_Project_DataLab_2025\data\odac\pristine_CO2\LAZXOB\LAZXOB_w_CO2_1_relaxed.cif,-0.38587637999989965
C:\Users\GED\PycharmProjects\Aixelo_Project_DataLab_2025\data\odac\pristine_CO2\LECFAC\LECFAC_w_CO2_1_relaxed.cif,-0.1869976239999232
C:\Users\GED\PycharmProjects\Aixelo_Project_DataLab_2025\data\odac\pristine_CO2\LECFEG\LECFEG_w_CO2_1_relaxed.cif,-0.2559327039999516
C:\Users\GED\PycharmProjects\Aixelo_Project_DataLab_2025\data\odac\pristine_CO2\LECFUW_charged\LECFUW_charged_w_CO2_1_relaxed.cif,-0.2177996585711038
C:\Users\GED\PycharmProjects\Aixelo_Project_DataLab_2025\data\odac\pristine_CO2\LECGAD\LECGAD_w_CO2_1_relaxed.cif,-0.40880328625002704
C:\Users\GED\PycharmProjects\Aixelo_Project_DataLab_2025\data\odac\pristine_CO2\LECGEH\LECGEH_w_CO2_1_relaxed.cif,-0.36092600499996763
C:\Users\GED\PycharmProjects\Aixelo_Project_DataLab_2025\data\odac\pristine_CO2\LECGIL\LECGIL_w_CO2_1_relaxed.cif,-0.2664599879999969
C:\Users\GED\PycharmProjects\Aixelo_Project_DataLab_2025\data\odac\pristine_CO2\LEDHEJ\LEDHEJ_w_CO2_1_relaxed.cif,-0.22759733124993883
C:\Users\GED\PycharmProjects\Aixelo_Project_DataLab_2025\data\odac\pristine_CO2\LEDHIN\LEDHIN_w_CO2_2_relaxed.cif,-0.35840653857134647
C:\Users\GED\PycharmProjects\Aixelo_Project_DataLab_2025\data\odac\pristine_CO2\LEDLEN\LEDLEN_w_CO2_1_relaxed.cif,-0.11813188500013894
C:\Users\GED\PycharmProjects\Aixelo_Project_DataLab_2025\data\odac\pristine_CO2\LEGGEK\LEGGEK_w_CO2_1_relaxed.cif,-0.4754018288889357
C:\Users\GED\PycharmProjects\Aixelo_Project_DataLab_2025\data\odac\pristine_CO2\LEGGIO\LEGGIO_w_CO2_1_relaxed.cif,-0.41828745166666675
C:\Users\GED\PycharmProjects\Aixelo_Project_DataLab_2025\data\odac\pristine_CO2\LEJRIC\LEJRIC_w_CO2_1_relaxed.cif,-0.19621343600000496
C:\Users\GED\PycharmProjects\Aixelo_Project_DataLab_2025\data\odac\pristine_CO2\LELMIA\LELMIA_w_CO2_1_relaxed.cif,-0.3204801257143361
C:\Users\GED\PycharmProjects\Aixelo_Project_DataLab_2025\data\odac\pristine_CO2\LELMIA01\LELMIA01_w_CO2_1_relaxed.cif,-0.37305662285717744
C:\Users\GED\PycharmProjects\Aixelo_Project_DataLab_2025\data\odac\pristine_CO2\LELROL\LELROL_w_CO2_1_relaxed.cif,-0.19112319833311628
C:\Users\GED\PycharmProjects\Aixelo_Project_DataLab_2025\data\odac\pristine_CO2\LELRUR\LELRUR_w_CO2_1_relaxed.cif,-0.5138161316663931
C:\Users\GED\PycharmProjects\Aixelo_Project_DataLab_2025\data\odac\pristine_CO2\LEMHAM\LEMHAM_w_CO2_1_relaxed.cif,0.22253380749987167
C:\Users\GED\PycharmProjects\Aixelo_Project_DataLab_2025\data\odac\pristine_CO2\LEQQAA\LEQQAA_w_CO2_1_relaxed.cif,-0.11529800000012069
C:\Users\GED\PycharmProjects\Aixelo_Project_DataLab_2025\data\odac\pristine_CO2\LESWAI\LESWAI_w_CO2_1_relaxed.cif,-0.09453118142856251
C:\Users\GED\PycharmProjects\Aixelo_Project_DataLab_2025\data\odac\pristine_CO2\LETDEU\LETDEU_w_CO2_1_relaxed.cif,1.1099231474999556
C:\Users\GED\PycharmProjects\Aixelo_Project_DataLab_2025\data\odac\pristine_CO2\LETDUK\LETDUK_w_CO2_1_relaxed.cif,0.8076046049999661
C:\Users\GED\PycharmProjects\Aixelo_Project_DataLab_2025\data\odac\pristine_CO2\LEVDIB\LEVDIB_w_CO2_1_relaxed.cif,-0.048621957142716256
C:\Users\GED\PycharmProjects\Aixelo_Project_DataLab_2025\data\odac\pristine_CO2\LEVNOQ\LEVNOQ_w_CO2_1_relaxed.cif,-0.3112038449999659
C:\Users\GED\PycharmProjects\Aixelo_Project_DataLab_2025\data\odac\pristine_CO2\LEVNOQ01\LEVNOQ01_w_CO2_1_relaxed.cif,-0.3537840414285743
C:\Users\GED\PycharmProjects\Aixelo_Project_DataLab_2025\data\odac\pristine_CO2\LEVYOC\LEVYOC_w_CO2_1_relaxed.cif,-0.33778795374999504
C:\Users\GED\PycharmProjects\Aixelo_Project_DataLab_2025\data\odac\pristine_CO2\LEWMUX\LEWMUX_w_CO2_1_relaxed.cif,-0.2572704985715128
C:\Users\GED\PycharmProjects\Aixelo_Project_DataLab_2025\data\odac\pristine_CO2\LEWZET\LEWZET_w_CO2_1_relaxed.cif,8.051114611250156
C:\Users\GED\PycharmProjects\Aixelo_Project_DataLab_2025\data\odac\pristine_CO2\LEZJOQ\LEZJOQ_w_CO2_1_relaxed.cif,-0.45052718000022196
C:\Users\GED\PycharmProjects\Aixelo_Project_DataLab_2025\data\odac\pristine_CO2\LEZLAF\LEZLAF_w_CO2_1_relaxed.cif,-0.14259688000004186
C:\Users\GED\PycharmProjects\Aixelo_Project_DataLab_2025\data\odac\pristine_CO2\LEZMIN\LEZMIN_w_CO2_1_relaxed.cif,-0.24973335142863104
C:\Users\GED\PycharmProjects\Aixelo_Project_DataLab_2025\data\odac\pristine_CO2\LIBZIG\LIBZIG_w_CO2_1_relaxed.cif,-0.1551455674999715
C:\Users\GED\PycharmProjects\Aixelo_Project_DataLab_2025\data\odac\pristine_CO2\LICKAL\LICKAL_w_CO2_1_relaxed.cif,-0.2536321600000194
C:\Users\GED\PycharmProjects\Aixelo_Project_DataLab_2025\data\odac\pristine_CO2\LIDSEY\LIDSEY_w_CO2_1_relaxed.cif,-0.26337203166663886
C:\Users\GED\PycharmProjects\Aixelo_Project_DataLab_2025\data\odac\pristine_CO2\LIDZOP\LIDZOP_w_CO2_1_relaxed.cif,-0.37406958777775245
C:\Users\GED\PycharmProjects\Aixelo_Project_DataLab_2025\data\odac\pristine_CO2\LIDZUV\LIDZUV_w_CO2_1_relaxed.cif,-0.062095991666675794
C:\Users\GED\PycharmProjects\Aixelo_Project_DataLab_2025\data\odac\pristine_CO2\LIFSAW\LIFSAW_w_CO2_1_relaxed.cif,-0.5094418799994097
C:\Users\GED\PycharmProjects\Aixelo_Project_DataLab_2025\data\odac\pristine_CO2\LIFSEA\LIFSEA_w_CO2_1_relaxed.cif,-0.4610274816666333
C:\Users\GED\PycharmProjects\Aixelo_Project_DataLab_2025\data\odac\pristine_CO2\LIFWEE\LIFWEE_w_CO2_1_relaxed.cif,-0.279647026250359
C:\Users\GED\PycharmProjects\Aixelo_Project_DataLab_2025\data\odac\pristine_CO2\LIFWOO\LIFWOO_w_CO2_1_relaxed.cif,-0.25916334714267053
C:\Users\GED\PycharmProjects\Aixelo_Project_DataLab_2025\data\odac\pristine_CO2\LIGHAM\LIGHAM_w_CO2_2_relaxed.cif,0.20608215400002333
C:\Users\GED\PycharmProjects\Aixelo_Project_DataLab_2025\data\odac\pristine_CO2\LIJNOJ\LIJNOJ_w_CO2_1_relaxed.cif,-0.4277228471426367
C:\Users\GED\PycharmProjects\Aixelo_Project_DataLab_2025\data\odac\pristine_CO2\LIJNOJ01\LIJNOJ01_w_CO2_1_relaxed.cif,-0.44353917624988526
C:\Users\GED\PycharmProjects\Aixelo_Project_DataLab_2025\data\odac\pristine_CO2\LIKCOY_charged\LIKCOY_charged_w_CO2_1_relaxed.cif,0.3056296760000351
C:\Users\GED\PycharmProjects\Aixelo_Project_DataLab_2025\data\odac\pristine_CO2\LIKFOB\LIKFOB_w_CO2_1_relaxed.cif,-0.35291161874998167
C:\Users\GED\PycharmProjects\Aixelo_Project_DataLab_2025\data\odac\pristine_CO2\LIQDAS\LIQDAS_w_CO2_1_relaxed.cif,-0.44452979799989406
C:\Users\GED\PycharmProjects\Aixelo_Project_DataLab_2025\data\odac\pristine_CO2\LIQFEY\LIQFEY_w_CO2_1_relaxed.cif,-0.30770422999997243
C:\Users\GED\PycharmProjects\Aixelo_Project_DataLab_2025\data\odac\pristine_CO2\LIQJEC\LIQJEC_w_CO2_1_relaxed.cif,-0.1850136800003383
C:\Users\GED\PycharmProjects\Aixelo_Project_DataLab_2025\data\odac\pristine_CO2\LIRFIB\LIRFIB_w_CO2_1_relaxed.cif,0.005628883333353503
C:\Users\GED\PycharmProjects\Aixelo_Project_DataLab_2025\data\odac\pristine_CO2\LIRTUC\LIRTUC_w_CO2_1_relaxed.cif,-0.08100372000020188
C:\Users\GED\PycharmProjects\Aixelo_Project_DataLab_2025\data\odac\pristine_CO2\LIRVAK_charged\LIRVAK_charged_w_CO2_1_relaxed.cif,-0.385221310000361
C:\Users\GED\PycharmProjects\Aixelo_Project_DataLab_2025\data\odac\pristine_CO2\LITCIC\LITCIC_w_CO2_3_relaxed.cif,-0.2765187225001
C:\Users\GED\PycharmProjects\Aixelo_Project_DataLab_2025\data\odac\pristine_CO2\LITCOI\LITCOI_w_CO2_1_relaxed.cif,0.12145245428577511
C:\Users\GED\PycharmProjects\Aixelo_Project_DataLab_2025\data\odac\pristine_CO2\LITDAV\LITDAV_w_CO2_1_relaxed.cif,-0.31656069666682163
C:\Users\GED\PycharmProjects\Aixelo_Project_DataLab_2025\data\odac\pristine_CO2\LITHUR\LITHUR_w_CO2_1_relaxed.cif,-0.1467479099999688
C:\Users\GED\PycharmProjects\Aixelo_Project_DataLab_2025\data\odac\pristine_CO2\LIVLUZ\LIVLUZ_w_CO2_1_relaxed.cif,-0.3437520549999438
C:\Users\GED\PycharmProjects\Aixelo_Project_DataLab_2025\data\odac\pristine_CO2\LIVTEP_charged\LIVTEP_charged_w_CO2_1_relaxed.cif,-0.22887736000002212
C:\Users\GED\PycharmProjects\Aixelo_Project_DataLab_2025\data\odac\pristine_CO2\LIVTIT\LIVTIT_w_CO2_random_1_relaxed.cif,-0.17805411000000498
C:\Users\GED\PycharmProjects\Aixelo_Project_DataLab_2025\data\odac\pristine_CO2\LIVWAQ\LIVWAQ_w_CO2_1_relaxed.cif,-0.3222451166667497
C:\Users\GED\PycharmProjects\Aixelo_Project_DataLab_2025\data\odac\pristine_CO2\LIWXIZ\LIWXIZ_w_CO2_1_relaxed.cif,-0.2134609487499972
C:\Users\GED\PycharmProjects\Aixelo_Project_DataLab_2025\data\odac\pristine_CO2\LIWXOG\LIWXOG_w_CO2_random_1_relaxed.cif,-0.059745299999917706
C:\Users\GED\PycharmProjects\Aixelo_Project_DataLab_2025\data\odac\pristine_CO2\LIXWAR\LIXWAR_w_CO2_1_relaxed.cif,0.47625465874983774
C:\Users\GED\PycharmProjects\Aixelo_Project_DataLab_2025\data\odac\pristine_CO2\LIXWAR01\LIXWAR01_w_CO2_1_relaxed.cif,-0.2030278222223387
C:\Users\GED\PycharmProjects\Aixelo_Project_DataLab_2025\data\odac\pristine_CO2\LIXXAS\LIXXAS_w_CO2_1_relaxed.cif,-0.4029806750000446
C:\Users\GED\PycharmProjects\Aixelo_Project_DataLab_2025\data\odac\pristine_CO2\LOBHAM\LOBHAM_w_CO2_1_relaxed.cif,-0.12801966333351322
C:\Users\GED\PycharmProjects\Aixelo_Project_DataLab_2025\data\odac\pristine_CO2\LOCZIO\LOCZIO_w_CO2_1_relaxed.cif,0.019309389999989462
C:\Users\GED\PycharmProjects\Aixelo_Project_DataLab_2025\data\odac\pristine_CO2\LODKIA\LODKIA_w_CO2_1_relaxed.cif,0.1375920728569976
C:\Users\GED\PycharmProjects\Aixelo_Project_DataLab_2025\data\odac\pristine_CO2\LOFZUB\LOFZUB_w_CO2_1_relaxed.cif,-0.24934774444442256
C:\Users\GED\PycharmProjects\Aixelo_Project_DataLab_2025\data\odac\pristine_CO2\LOGBAK\LOGBAK_w_CO2_1_relaxed.cif,-0.3349454337500219
C:\Users\GED\PycharmProjects\Aixelo_Project_DataLab_2025\data\odac\pristine_CO2\LOGBEO\LOGBEO_w_CO2_1_relaxed.cif,-0.3450291011111454
C:\Users\GED\PycharmProjects\Aixelo_Project_DataLab_2025\data\odac\pristine_CO2\LOJFUL\LOJFUL_w_CO2_1_relaxed.cif,-0.10145060124995098
C:\Users\GED\PycharmProjects\Aixelo_Project_DataLab_2025\data\odac\pristine_CO2\LOJLAZ\LOJLAZ_w_CO2_1_relaxed.cif,-0.20104012400001917
C:\Users\GED\PycharmProjects\Aixelo_Project_DataLab_2025\data\odac\pristine_CO2\LOJLAZ01\LOJLAZ01_w_CO2_1_relaxed.cif,-0.20468443399981875
C:\Users\GED\PycharmProjects\Aixelo_Project_DataLab_2025\data\odac\pristine_CO2\LOMLOQ\LOMLOQ_w_CO2_1_relaxed.cif,0.032983095714225114
C:\Users\GED\PycharmProjects\Aixelo_Project_DataLab_2025\data\odac\pristine_CO2\LOMLUW\LOMLUW_w_CO2_1_relaxed.cif,-0.04904219857140946
C:\Users\GED\PycharmProjects\Aixelo_Project_DataLab_2025\data\odac\pristine_CO2\LONVAN\LONVAN_w_CO2_1_relaxed.cif,-0.27570995199994286
C:\Users\GED\PycharmProjects\Aixelo_Project_DataLab_2025\data\odac\pristine_CO2\LONVIV\LONVIV_w_CO2_1_relaxed.cif,-0.3856554780000806
C:\Users\GED\PycharmProjects\Aixelo_Project_DataLab_2025\data\odac\pristine_CO2\LONWIW\LONWIW_w_CO2_1_relaxed.cif,-0.322506145714442
C:\Users\GED\PycharmProjects\Aixelo_Project_DataLab_2025\data\odac\pristine_CO2\LOQLIN_SL\LOQLIN_SL_w_CO2_1_relaxed.cif,0.12443200857140775
C:\Users\GED\PycharmProjects\Aixelo_Project_DataLab_2025\data\odac\pristine_CO2\LORMOW\LORMOW_w_CO2_1_relaxed.cif,-0.21393974428563717
C:\Users\GED\PycharmProjects\Aixelo_Project_DataLab_2025\data\odac\pristine_CO2\LORNEL\LORNEL_w_CO2_1_relaxed.cif,-0.2735990219999678
C:\Users\GED\PycharmProjects\Aixelo_Project_DataLab_2025\data\odac\pristine_CO2\LOSBOM\LOSBOM_w_CO2_1_relaxed.cif,-0.08906889285711776
C:\Users\GED\PycharmProjects\Aixelo_Project_DataLab_2025\data\odac\pristine_CO2\LOXWAY\LOXWAY_w_CO2_1_relaxed.cif,-0.37004513666664707
C:\Users\GED\PycharmProjects\Aixelo_Project_DataLab_2025\data\odac\pristine_CO2\LOXWEC\LOXWEC_w_CO2_1_relaxed.cif,-0.2586041559999785
C:\Users\GED\PycharmProjects\Aixelo_Project_DataLab_2025\data\odac\pristine_CO2\LUBNAZ\LUBNAZ_w_CO2_1_relaxed.cif,-0.1953830419999576
C:\Users\GED\PycharmProjects\Aixelo_Project_DataLab_2025\data\odac\pristine_CO2\LUCDAO\LUCDAO_w_CO2_1_relaxed.cif,3.3545643266666993
C:\Users\GED\PycharmProjects\Aixelo_Project_DataLab_2025\data\odac\pristine_CO2\LUCDES\LUCDES_w_CO2_1_relaxed.cif,-0.21750458333313338
C:\Users\GED\PycharmProjects\Aixelo_Project_DataLab_2025\data\odac\pristine_CO2\LUCDIW\LUCDIW_w_CO2_1_relaxed.cif,-0.20593176999993068
C:\Users\GED\PycharmProjects\Aixelo_Project_DataLab_2025\data\odac\pristine_CO2\LUDCUK\LUDCUK_w_CO2_1_relaxed.cif,-0.18346749166683665
C:\Users\GED\PycharmProjects\Aixelo_Project_DataLab_2025\data\odac\pristine_CO2\LUDKOM\LUDKOM_w_CO2_1_relaxed.cif,-0.15110097428584726
C:\Users\GED\PycharmProjects\Aixelo_Project_DataLab_2025\data\odac\pristine_CO2\LUDKUS\LUDKUS_w_CO2_1_relaxed.cif,-0.23363931000007399
C:\Users\GED\PycharmProjects\Aixelo_Project_DataLab_2025\data\odac\pristine_CO2\LUDLAZ\LUDLAZ_w_CO2_1_relaxed.cif,1.5955340755551535
C:\Users\GED\PycharmProjects\Aixelo_Project_DataLab_2025\data\odac\pristine_CO2\LUDVIP\LUDVIP_w_CO2_1_relaxed.cif,-0.3091073899996185
C:\Users\GED\PycharmProjects\Aixelo_Project_DataLab_2025\data\odac\pristine_CO2\LUFBUL\LUFBUL_w_CO2_1_relaxed.cif,-0.2855528657144727
C:\Users\GED\PycharmProjects\Aixelo_Project_DataLab_2025\data\odac\pristine_CO2\LUFCAS\LUFCAS_w_CO2_1_relaxed.cif,-0.224621191428631
C:\Users\GED\PycharmProjects\Aixelo_Project_DataLab_2025\data\odac\pristine_CO2\LUFNAC\LUFNAC_w_CO2_1_relaxed.cif,-0.12140543666665354
C:\Users\GED\PycharmProjects\Aixelo_Project_DataLab_2025\data\odac\pristine_CO2\LUFNAC01\LUFNAC01_w_CO2_1_relaxed.cif,-0.12885316999989976
C:\Users\GED\PycharmProjects\Aixelo_Project_DataLab_2025\data\odac\pristine_CO2\LUFNAC02\LUFNAC02_w_CO2_1_relaxed.cif,-0.2454870649998497
C:\Users\GED\PycharmProjects\Aixelo_Project_DataLab_2025\data\odac\pristine_CO2\LUFNAC03\LUFNAC03_w_CO2_1_relaxed.cif,-0.14334610999996278
C:\Users\GED\PycharmProjects\Aixelo_Project_DataLab_2025\data\odac\pristine_CO2\LUFNAC04\LUFNAC04_w_CO2_1_relaxed.cif,-0.06734097666657131
C:\Users\GED\PycharmProjects\Aixelo_Project_DataLab_2025\data\odac\pristine_CO2\LUFNAC05\LUFNAC05_w_CO2_1_relaxed.cif,-0.25262461333329606
C:\Users\GED\PycharmProjects\Aixelo_Project_DataLab_2025\data\odac\pristine_CO2\LUFNEG\LUFNEG_w_CO2_1_relaxed.cif,-0.36906787874997343
C:\Users\GED\PycharmProjects\Aixelo_Project_DataLab_2025\data\odac\pristine_CO2\LUFQUZ\LUFQUZ_w_CO2_1_relaxed.cif,-0.3865246499999983
C:\Users\GED\PycharmProjects\Aixelo_Project_DataLab_2025\data\odac\pristine_CO2\LUFQUZ01\LUFQUZ01_w_CO2_1_relaxed.cif,-0.3849233012500121
C:\Users\GED\PycharmProjects\Aixelo_Project_DataLab_2025\data\odac\pristine_CO2\LUFQUZ02\LUFQUZ02_w_CO2_1_relaxed.cif,-0.33759068875000153
C:\Users\GED\PycharmProjects\Aixelo_Project_DataLab_2025\data\odac\pristine_CO2\LUJPUC\LUJPUC_w_CO2_1_relaxed.cif,-0.39597835833329026
C:\Users\GED\PycharmProjects\Aixelo_Project_DataLab_2025\data\odac\pristine_CO2\LUJSOA\LUJSOA_w_CO2_random_1_relaxed.cif,0.13837404000003056
C:\Users\GED\PycharmProjects\Aixelo_Project_DataLab_2025\data\odac\pristine_CO2\LUKLIN\LUKLIN_w_CO2_1_relaxed.cif,-0.20018857199947884
C:\Users\GED\PycharmProjects\Aixelo_Project_DataLab_2025\data\odac\pristine_CO2\LUMDEC\LUMDEC_w_CO2_1_relaxed.cif,-0.3102873960001034
C:\Users\GED\PycharmProjects\Aixelo_Project_DataLab_2025\data\odac\pristine_CO2\LUMLIQ\LUMLIQ_w_CO2_1_relaxed.cif,-0.4888611328570797
C:\Users\GED\PycharmProjects\Aixelo_Project_DataLab_2025\data\odac\pristine_CO2\LUMYEZ\LUMYEZ_w_CO2_1_relaxed.cif,-0.14521034833330757
C:\Users\GED\PycharmProjects\Aixelo_Project_DataLab_2025\data\odac\pristine_CO2\LUMYID\LUMYID_w_CO2_1_relaxed.cif,-0.1599800666666624
C:\Users\GED\PycharmProjects\Aixelo_Project_DataLab_2025\data\odac\pristine_CO2\LUMYOJ\LUMYOJ_w_CO2_1_relaxed.cif,-0.19280549499994015
C:\Users\GED\PycharmProjects\Aixelo_Project_DataLab_2025\data\odac\pristine_CO2\LUMYUP\LUMYUP_w_CO2_1_relaxed.cif,-0.14253498333323475
C:\Users\GED\PycharmProjects\Aixelo_Project_DataLab_2025\data\odac\pristine_CO2\LUMZAW\LUMZAW_w_CO2_1_relaxed.cif,-0.2809052250000453
C:\Users\GED\PycharmProjects\Aixelo_Project_DataLab_2025\data\odac\pristine_CO2\LUNBAX\LUNBAX_w_CO2_1_relaxed.cif,1.205600257499981
C:\Users\GED\PycharmProjects\Aixelo_Project_DataLab_2025\data\odac\pristine_CO2\LUNBIF\LUNBIF_w_CO2_1_relaxed.cif,-0.17402040250001954
C:\Users\GED\PycharmProjects\Aixelo_Project_DataLab_2025\data\odac\pristine_CO2\LUPYAX\LUPYAX_w_CO2_1_relaxed.cif,-0.24713179666681143
C:\Users\GED\PycharmProjects\Aixelo_Project_DataLab_2025\data\odac\pristine_CO2\LURLOB\LURLOB_w_CO2_1_relaxed.cif,0.5657078600001114
C:\Users\GED\PycharmProjects\Aixelo_Project_DataLab_2025\data\odac\pristine_CO2\LUSHIR\LUSHIR_w_CO2_1_relaxed.cif,-0.29396161399997706
C:\Users\GED\PycharmProjects\Aixelo_Project_DataLab_2025\data\odac\pristine_CO2\LUSHOX01\LUSHOX01_w_CO2_1_relaxed.cif,-0.21052422333324705
C:\Users\GED\PycharmProjects\Aixelo_Project_DataLab_2025\data\odac\pristine_CO2\LUSHOX02\LUSHOX02_w_CO2_1_relaxed.cif,-0.25459665333338916
C:\Users\GED\PycharmProjects\Aixelo_Project_DataLab_2025\data\odac\pristine_CO2\LUSHOX03\LUSHOX03_w_CO2_1_relaxed.cif,-0.4114552783334678
C:\Users\GED\PycharmProjects\Aixelo_Project_DataLab_2025\data\odac\pristine_CO2\LUSHOX04\LUSHOX04_w_CO2_1_relaxed.cif,0.09624454500010411
C:\Users\GED\PycharmProjects\Aixelo_Project_DataLab_2025\data\odac\pristine_CO2\LUSHUD\LUSHUD_w_CO2_1_relaxed.cif,0.2358719500001111
C:\Users\GED\PycharmProjects\Aixelo_Project_DataLab_2025\data\odac\pristine_CO2\LUSJEP\LUSJEP_w_CO2_1_relaxed.cif,0.07675929000009776
C:\Users\GED\PycharmProjects\Aixelo_Project_DataLab_2025\data\odac\pristine_CO2\LUSJIT\LUSJIT_w_CO2_1_relaxed.cif,-0.4444948860000295
C:\Users\GED\PycharmProjects\Aixelo_Project_DataLab_2025\data\odac\pristine_CO2\LUSJOZ\LUSJOZ_w_CO2_1_relaxed.cif,-0.38364912400004414
C:\Users\GED\PycharmProjects\Aixelo_Project_DataLab_2025\data\odac\pristine_CO2\LUSYEF\LUSYEF_w_CO2_1_relaxed.cif,-0.39035232250012086
C:\Users\GED\PycharmProjects\Aixelo_Project_DataLab_2025\data\odac\pristine_CO2\LUTSEA\LUTSEA_w_CO2_1_relaxed.cif,-0.3166985879998947
C:\Users\GED\PycharmProjects\Aixelo_Project_DataLab_2025\data\odac\pristine_CO2\LUWMEX\LUWMEX_w_CO2_1_relaxed.cif,0.05019630571418276
C:\Users\GED\PycharmProjects\Aixelo_Project_DataLab_2025\data\odac\pristine_CO2\LUWMIB\LUWMIB_w_CO2_1_relaxed.cif,-0.26616944000011244
C:\Users\GED\PycharmProjects\Aixelo_Project_DataLab_2025\data\odac\pristine_CO2\LUYHAP\LUYHAP_w_CO2_1_relaxed.cif,-0.03166971666663203
C:\Users\GED\PycharmProjects\Aixelo_Project_DataLab_2025\data\odac\pristine_CO2\LUYSOP\LUYSOP_w_CO2_random_1_relaxed.cif,4.692191744999833
C:\Users\GED\PycharmProjects\Aixelo_Project_DataLab_2025\data\odac\pristine_CO2\LUZBOY\LUZBOY_w_CO2_2_relaxed.cif,-0.0150098349998302
C:\Users\GED\PycharmProjects\Aixelo_Project_DataLab_2025\data\odac\pristine_CO2\MABCUQ\MABCUQ_w_CO2_1_relaxed.cif,-0.31346720800003136
C:\Users\GED\PycharmProjects\Aixelo_Project_DataLab_2025\data\odac\pristine_CO2\MABJUV\MABJUV_w_CO2_1_relaxed.cif,-0.3099711285715005
C:\Users\GED\PycharmProjects\Aixelo_Project_DataLab_2025\data\odac\pristine_CO2\MABKEG\MABKEG_w_CO2_1_relaxed.cif,-0.4968988450000514
C:\Users\GED\PycharmProjects\Aixelo_Project_DataLab_2025\data\odac\pristine_CO2\MABKIK\MABKIK_w_CO2_1_relaxed.cif,-0.30623055000004173
C:\Users\GED\PycharmProjects\Aixelo_Project_DataLab_2025\data\odac\pristine_CO2\MABKIK01\MABKIK01_w_CO2_1_relaxed.cif,-0.14636858833326485
C:\Users\GED\PycharmProjects\Aixelo_Project_DataLab_2025\data\odac\pristine_CO2\MABLAD\MABLAD_w_CO2_2_relaxed.cif,-0.33475672000001094
C:\Users\GED\PycharmProjects\Aixelo_Project_DataLab_2025\data\odac\pristine_CO2\MACKAE\MACKAE_w_CO2_1_relaxed.cif,-0.3989315759999044
C:\Users\GED\PycharmProjects\Aixelo_Project_DataLab_2025\data\odac\pristine_CO2\MADWAQ\MADWAQ_w_CO2_1_relaxed.cif,-0.35680693166659694
C:\Users\GED\PycharmProjects\Aixelo_Project_DataLab_2025\data\odac\pristine_CO2\MAFJIO\MAFJIO_w_CO2_2_relaxed.cif,-0.16484347499999782
C:\Users\GED\PycharmProjects\Aixelo_Project_DataLab_2025\data\odac\pristine_CO2\MAFLUD\MAFLUD_w_CO2_1_relaxed.cif,-0.14392447285715496
C:\Users\GED\PycharmProjects\Aixelo_Project_DataLab_2025\data\odac\pristine_CO2\MAFMAK01\MAFMAK01_w_CO2_1_relaxed.cif,-0.07121841857143145
C:\Users\GED\PycharmProjects\Aixelo_Project_DataLab_2025\data\odac\pristine_CO2\MAGBAZ\MAGBAZ_w_CO2_1_relaxed.cif,-0.2502670499999908
C:\Users\GED\PycharmProjects\Aixelo_Project_DataLab_2025\data\odac\pristine_CO2\MAGBON\MAGBON_w_CO2_1_relaxed.cif,-0.3541105719995358
C:\Users\GED\PycharmProjects\Aixelo_Project_DataLab_2025\data\odac\pristine_CO2\MAGNEQ\MAGNEQ_w_CO2_random_1_relaxed.cif,-0.1844251449999916
C:\Users\GED\PycharmProjects\Aixelo_Project_DataLab_2025\data\odac\pristine_CO2\MAGNEQ01\MAGNEQ01_w_CO2_random_1_relaxed.cif,0.3202391850000197
C:\Users\GED\PycharmProjects\Aixelo_Project_DataLab_2025\data\odac\pristine_CO2\MAHTAR\MAHTAR_w_CO2_1_relaxed.cif,0.0789170857142543
C:\Users\GED\PycharmProjects\Aixelo_Project_DataLab_2025\data\odac\pristine_CO2\MAHTAR01\MAHTAR01_w_CO2_1_relaxed.cif,-0.3954347757142744
C:\Users\GED\PycharmProjects\Aixelo_Project_DataLab_2025\data\odac\pristine_CO2\MAJHUC\MAJHUC_w_CO2_1_relaxed.cif,0.26984098428569525
C:\Users\GED\PycharmProjects\Aixelo_Project_DataLab_2025\data\odac\pristine_CO2\MAJJUF\MAJJUF_w_CO2_1_relaxed.cif,-0.16076668499954389
C:\Users\GED\PycharmProjects\Aixelo_Project_DataLab_2025\data\odac\pristine_CO2\MAKFOW\MAKFOW_w_CO2_1_relaxed.cif,-0.2796691399999872
C:\Users\GED\PycharmProjects\Aixelo_Project_DataLab_2025\data\odac\pristine_CO2\MAKHAJ\MAKHAJ_w_CO2_1_relaxed.cif,-0.02262601800000534
C:\Users\GED\PycharmProjects\Aixelo_Project_DataLab_2025\data\odac\pristine_CO2\MAKXAZ\MAKXAZ_w_CO2_1_relaxed.cif,-0.4725199342858559
C:\Users\GED\PycharmProjects\Aixelo_Project_DataLab_2025\data\odac\pristine_CO2\MALFUD\MALFUD_w_CO2_1_relaxed.cif,-0.28084884199997756
C:\Users\GED\PycharmProjects\Aixelo_Project_DataLab_2025\data\odac\pristine_CO2\MALRUM\MALRUM_w_CO2_1_relaxed.cif,-0.822991530000013
C:\Users\GED\PycharmProjects\Aixelo_Project_DataLab_2025\data\odac\pristine_CO2\MALRUP\MALRUP_w_CO2_1_relaxed.cif,-0.13856166999987635
C:\Users\GED\PycharmProjects\Aixelo_Project_DataLab_2025\data\odac\pristine_CO2\MALSAW\MALSAW_w_CO2_1_relaxed.cif,-0.44568779200001246
C:\Users\GED\PycharmProjects\Aixelo_Project_DataLab_2025\data\odac\pristine_CO2\MALSEA\MALSEA_w_CO2_1_relaxed.cif,-0.1951521399999819
C:\Users\GED\PycharmProjects\Aixelo_Project_DataLab_2025\data\odac\pristine_CO2\MALSIE\MALSIE_w_CO2_1_relaxed.cif,-0.2117616840000664
C:\Users\GED\PycharmProjects\Aixelo_Project_DataLab_2025\data\odac\pristine_CO2\MALSOK\MALSOK_w_CO2_1_relaxed.cif,-0.2266775920000555
C:\Users\GED\PycharmProjects\Aixelo_Project_DataLab_2025\data\odac\pristine_CO2\MANLAP_ion_b\MANLAP_ion_b_w_CO2_1_relaxed.cif,-0.31241381166671545
C:\Users\GED\PycharmProjects\Aixelo_Project_DataLab_2025\data\odac\pristine_CO2\MAPCIP\MAPCIP_w_CO2_1_relaxed.cif,-0.03794677666682367
C:\Users\GED\PycharmProjects\Aixelo_Project_DataLab_2025\data\odac\pristine_CO2\MAPFOY\MAPFOY_w_CO2_1_relaxed.cif,-0.3492658440000014
C:\Users\GED\PycharmProjects\Aixelo_Project_DataLab_2025\data\odac\pristine_CO2\MAQBEO\MAQBEO_w_CO2_1_relaxed.cif,-0.27340914142866624
C:\Users\GED\PycharmProjects\Aixelo_Project_DataLab_2025\data\odac\pristine_CO2\MAQRAA\MAQRAA_w_CO2_1_relaxed.cif,-0.2949444028571812
C:\Users\GED\PycharmProjects\Aixelo_Project_DataLab_2025\data\odac\pristine_CO2\MARJAQ\MARJAQ_w_CO2_10_relaxed.cif,-0.5660984358332257
C:\Users\GED\PycharmProjects\Aixelo_Project_DataLab_2025\data\odac\pristine_CO2\MARNOL\MARNOL_w_CO2_1_relaxed.cif,-0.4234955800003003
C:\Users\GED\PycharmProjects\Aixelo_Project_DataLab_2025\data\odac\pristine_CO2\MARNUR\MARNUR_w_CO2_1_relaxed.cif,-0.4169314249997455
C:\Users\GED\PycharmProjects\Aixelo_Project_DataLab_2025\data\odac\pristine_CO2\MARXEK\MARXEK_w_CO2_1_relaxed.cif,-0.1955870666665949
C:\Users\GED\PycharmProjects\Aixelo_Project_DataLab_2025\data\odac\pristine_CO2\MASMIC\MASMIC_w_CO2_1_relaxed.cif,-0.024224882000032755
C:\Users\GED\PycharmProjects\Aixelo_Project_DataLab_2025\data\odac\pristine_CO2\MASZOX\MASZOX_w_CO2_1_relaxed.cif,-0.17176669142853432
C:\Users\GED\PycharmProjects\Aixelo_Project_DataLab_2025\data\odac\pristine_CO2\MASZUD\MASZUD_w_CO2_1_relaxed.cif,-0.28989789428578655
C:\Users\GED\PycharmProjects\Aixelo_Project_DataLab_2025\data\odac\pristine_CO2\MATBAM\MATBAM_w_CO2_1_relaxed.cif,-0.31010272333336764
C:\Users\GED\PycharmProjects\Aixelo_Project_DataLab_2025\data\odac\pristine_CO2\MATFIY\MATFIY_w_CO2_1_relaxed.cif,-0.4264717616666
C:\Users\GED\PycharmProjects\Aixelo_Project_DataLab_2025\data\odac\pristine_CO2\MATTOR\MATTOR_w_CO2_1_relaxed.cif,-0.15586176125000858
C:\Users\GED\PycharmProjects\Aixelo_Project_DataLab_2025\data\odac\pristine_CO2\MATTUX\MATTUX_w_CO2_1_relaxed.cif,-0.2809778957142401
C:\Users\GED\PycharmProjects\Aixelo_Project_DataLab_2025\data\odac\pristine_CO2\MATWUC\MATWUC_w_CO2_1_relaxed.cif,-0.26370085142873123
C:\Users\GED\PycharmProjects\Aixelo_Project_DataLab_2025\data\odac\pristine_CO2\MAVFEV01\MAVFEV01_w_CO2_random_1_relaxed.cif,-0.19354446500000222
C:\Users\GED\PycharmProjects\Aixelo_Project_DataLab_2025\data\odac\pristine_CO2\MAVNUU_manual\MAVNUU_manual_w_CO2_1_relaxed.cif,-0.2861510416663198
C:\Users\GED\PycharmProjects\Aixelo_Project_DataLab_2025\data\odac\pristine_CO2\MAWTUC\MAWTUC_w_CO2_1_relaxed.cif,-0.2811454039999034
C:\Users\GED\PycharmProjects\Aixelo_Project_DataLab_2025\data\odac\pristine_CO2\MAWVAK\MAWVAK_w_CO2_1_relaxed.cif,-0.2900665559999879
C:\Users\GED\PycharmProjects\Aixelo_Project_DataLab_2025\data\odac\pristine_CO2\MAXFIA_charged\MAXFIA_charged_w_CO2_1_relaxed.cif,-0.5205230916666702
C:\Users\GED\PycharmProjects\Aixelo_Project_DataLab_2025\data\odac\pristine_CO2\MAZSUD\MAZSUD_w_CO2_1_relaxed.cif,-0.32802643285715966
C:\Users\GED\PycharmProjects\Aixelo_Project_DataLab_2025\data\odac\pristine_CO2\MEFJOY\MEFJOY_w_CO2_1_relaxed.cif,-0.25791666400009483
C:\Users\GED\PycharmProjects\Aixelo_Project_DataLab_2025\data\odac\pristine_CO2\MEFJUE\MEFJUE_w_CO2_1_relaxed.cif,-0.24238298200020836
C:\Users\GED\PycharmProjects\Aixelo_Project_DataLab_2025\data\odac\pristine_CO2\MEFYUT\MEFYUT_w_CO2_1_relaxed.cif,-0.3379409439999562
C:\Users\GED\PycharmProjects\Aixelo_Project_DataLab_2025\data\odac\pristine_CO2\MEGBAD\MEGBAD_w_CO2_1_relaxed.cif,0.2932449574998941
C:\Users\GED\PycharmProjects\Aixelo_Project_DataLab_2025\data\odac\pristine_CO2\MEGBEH_manual\MEGBEH_manual_w_CO2_1_relaxed.cif,0.1014986266669287
C:\Users\GED\PycharmProjects\Aixelo_Project_DataLab_2025\data\odac\pristine_CO2\MEJMOE\MEJMOE_w_CO2_1_relaxed.cif,-0.4186396149996199
C:\Users\GED\PycharmProjects\Aixelo_Project_DataLab_2025\data\odac\pristine_CO2\MEJQEZ\MEJQEZ_w_CO2_1_relaxed.cif,-0.31378287571422847
C:\Users\GED\PycharmProjects\Aixelo_Project_DataLab_2025\data\odac\pristine_CO2\MEJQID\MEJQID_w_CO2_1_relaxed.cif,-0.24892963000000426
C:\Users\GED\PycharmProjects\Aixelo_Project_DataLab_2025\data\odac\pristine_CO2\MEJQOJ\MEJQOJ_w_CO2_1_relaxed.cif,-0.20704784999996456
C:\Users\GED\PycharmProjects\Aixelo_Project_DataLab_2025\data\odac\pristine_CO2\MEJZEI\MEJZEI_w_CO2_1_relaxed.cif,-0.3459834171427961
C:\Users\GED\PycharmProjects\Aixelo_Project_DataLab_2025\data\odac\pristine_CO2\MEJZIM\MEJZIM_w_CO2_1_relaxed.cif,-0.310825861428579
C:\Users\GED\PycharmProjects\Aixelo_Project_DataLab_2025\data\odac\pristine_CO2\MEJZOS\MEJZOS_w_CO2_1_relaxed.cif,-0.12284588428587992
C:\Users\GED\PycharmProjects\Aixelo_Project_DataLab_2025\data\odac\pristine_CO2\MEMGAN\MEMGAN_w_CO2_1_relaxed.cif,0.10550861250003149
C:\Users\GED\PycharmProjects\Aixelo_Project_DataLab_2025\data\odac\pristine_CO2\METYIU\METYIU_w_CO2_1_relaxed.cif,-0.27940676400012304
C:\Users\GED\PycharmProjects\Aixelo_Project_DataLab_2025\data\odac\pristine_CO2\MEWNEH\MEWNEH_w_CO2_1_relaxed.cif,-0.9157618799999908
C:\Users\GED\PycharmProjects\Aixelo_Project_DataLab_2025\data\odac\pristine_CO2\MIBQAR16\MIBQAR16_w_CO2_1_relaxed.cif,-0.23767210249994264
C:\Users\GED\PycharmProjects\Aixelo_Project_DataLab_2025\data\odac\pristine_CO2\MICDEJ\MICDEJ_w_CO2_1_relaxed.cif,-0.31230870000019545
C:\Users\GED\PycharmProjects\Aixelo_Project_DataLab_2025\data\odac\pristine_CO2\MIDCAF\MIDCAF_w_CO2_1_relaxed.cif,-0.37265147599991905
C:\Users\GED\PycharmProjects\Aixelo_Project_DataLab_2025\data\odac\pristine_CO2\MIDRAT\MIDRAT_w_CO2_1_relaxed.cif,-0.292305091428651
C:\Users\GED\PycharmProjects\Aixelo_Project_DataLab_2025\data\odac\pristine_CO2\MIDSUP\MIDSUP_w_CO2_1_relaxed.cif,-0.26505524599997443
C:\Users\GED\PycharmProjects\Aixelo_Project_DataLab_2025\data\odac\pristine_CO2\MIDSUP01\MIDSUP01_w_CO2_1_relaxed.cif,-0.08086070399995146
C:\Users\GED\PycharmProjects\Aixelo_Project_DataLab_2025\data\odac\pristine_CO2\MIFGEP\MIFGEP_w_CO2_1_relaxed.cif,-0.2978338483333876
C:\Users\GED\PycharmProjects\Aixelo_Project_DataLab_2025\data\odac\pristine_CO2\MIFGEP01\MIFGEP01_w_CO2_1_relaxed.cif,-0.0927928966668408
C:\Users\GED\PycharmProjects\Aixelo_Project_DataLab_2025\data\odac\pristine_CO2\MIFKUJ\MIFKUJ_w_CO2_1_relaxed.cif,-0.286028148571404
C:\Users\GED\PycharmProjects\Aixelo_Project_DataLab_2025\data\odac\pristine_CO2\MIFLIY\MIFLIY_w_CO2_1_relaxed.cif,-0.004529176666627203
C:\Users\GED\PycharmProjects\Aixelo_Project_DataLab_2025\data\odac\pristine_CO2\MIFPUO\MIFPUO_w_CO2_2_relaxed.cif,-0.40490749999995995
C:\Users\GED\PycharmProjects\Aixelo_Project_DataLab_2025\data\odac\pristine_CO2\MIFQOJ\MIFQOJ_w_CO2_1_relaxed.cif,-0.3188642871429498
C:\Users\GED\PycharmProjects\Aixelo_Project_DataLab_2025\data\odac\pristine_CO2\MIHLEV\MIHLEV_w_CO2_1_relaxed.cif,-0.3663368371429182
C:\Users\GED\PycharmProjects\Aixelo_Project_DataLab_2025\data\odac\pristine_CO2\MIHLIZ\MIHLIZ_w_CO2_1_relaxed.cif,-0.5043694785714966
C:\Users\GED\PycharmProjects\Aixelo_Project_DataLab_2025\data\odac\pristine_CO2\MIJHOD\MIJHOD_w_CO2_random_1_relaxed.cif,0.5504759599997442
C:\Users\GED\PycharmProjects\Aixelo_Project_DataLab_2025\data\odac\pristine_CO2\MIJMAU\MIJMAU_w_CO2_1_relaxed.cif,-0.08119933600005422
C:\Users\GED\PycharmProjects\Aixelo_Project_DataLab_2025\data\odac\pristine_CO2\MIKDUH\MIKDUH_w_CO2_random_1_relaxed.cif,-0.26954978000003393
C:\Users\GED\PycharmProjects\Aixelo_Project_DataLab_2025\data\odac\pristine_CO2\MIKJAR\MIKJAR_w_CO2_1_relaxed.cif,-0.1700895300000411
C:\Users\GED\PycharmProjects\Aixelo_Project_DataLab_2025\data\odac\pristine_CO2\MILQIJ\MILQIJ_w_CO2_random_1_relaxed.cif,-1.4917946399999664
C:\Users\GED\PycharmProjects\Aixelo_Project_DataLab_2025\data\odac\pristine_CO2\MIMVEJ\MIMVEJ_w_CO2_1_relaxed.cif,-0.3695205385714644
C:\Users\GED\PycharmProjects\Aixelo_Project_DataLab_2025\data\odac\pristine_CO2\MINCIX\MINCIX_w_CO2_1_relaxed.cif,-0.22440336600011507
C:\Users\GED\PycharmProjects\Aixelo_Project_DataLab_2025\data\odac\pristine_CO2\MINCUJ\MINCUJ_w_CO2_1_relaxed.cif,0.07905062400013771
C:\Users\GED\PycharmProjects\Aixelo_Project_DataLab_2025\data\odac\pristine_CO2\MINVOU\MINVOU_w_CO2_1_relaxed.cif,-0.2018715800000336
C:\Users\GED\PycharmProjects\Aixelo_Project_DataLab_2025\data\odac\pristine_CO2\MINVOU01\MINVOU01_w_CO2_1_relaxed.cif,0.05094196800000643
C:\Users\GED\PycharmProjects\Aixelo_Project_DataLab_2025\data\odac\pristine_CO2\MINVUA01_SL\MINVUA01_SL_w_CO2_1_relaxed.cif,0.3736205340000197
C:\Users\GED\PycharmProjects\Aixelo_Project_DataLab_2025\data\odac\pristine_CO2\MINVUA_SL\MINVUA_SL_w_CO2_1_relaxed.cif,0.1653769060001423
C:\Users\GED\PycharmProjects\Aixelo_Project_DataLab_2025\data\odac\pristine_CO2\MIQLII\MIQLII_w_CO2_1_relaxed.cif,-0.2241365466666707
C:\Users\GED\PycharmProjects\Aixelo_Project_DataLab_2025\data\odac\pristine_CO2\MISQIQ\MISQIQ_w_CO2_1_relaxed.cif,-0.3610007412500096
C:\Users\GED\PycharmProjects\Aixelo_Project_DataLab_2025\data\odac\pristine_CO2\MISQIQ01\MISQIQ01_w_CO2_1_relaxed.cif,-0.35615308750004
C:\Users\GED\PycharmProjects\Aixelo_Project_DataLab_2025\data\odac\pristine_CO2\MISQIQ02\MISQIQ02_w_CO2_1_relaxed.cif,-0.3632248844444032
C:\Users\GED\PycharmProjects\Aixelo_Project_DataLab_2025\data\odac\pristine_CO2\MISQIQ03\MISQIQ03_w_CO2_1_relaxed.cif,-0.34732190555556974
C:\Users\GED\PycharmProjects\Aixelo_Project_DataLab_2025\data\odac\pristine_CO2\MISQIQ04\MISQIQ04_w_CO2_1_relaxed.cif,-0.36117629624999376
C:\Users\GED\PycharmProjects\Aixelo_Project_DataLab_2025\data\odac\pristine_CO2\MISQIQ05\MISQIQ05_w_CO2_1_relaxed.cif,-0.36105821555558903
C:\Users\GED\PycharmProjects\Aixelo_Project_DataLab_2025\data\odac\pristine_CO2\MISQIQ06\MISQIQ06_w_CO2_1_relaxed.cif,-0.3562235679999787
C:\Users\GED\PycharmProjects\Aixelo_Project_DataLab_2025\data\odac\pristine_CO2\MISQIQ07\MISQIQ07_w_CO2_1_relaxed.cif,-0.36172826375002387
C:\Users\GED\PycharmProjects\Aixelo_Project_DataLab_2025\data\odac\pristine_CO2\MITGOL\MITGOL_w_CO2_random_1_relaxed.cif,0.6713083200000938
C:\Users\GED\PycharmProjects\Aixelo_Project_DataLab_2025\data\odac\pristine_CO2\MITSAK\MITSAK_w_CO2_1_relaxed.cif,0.018215745000020434
C:\Users\GED\PycharmProjects\Aixelo_Project_DataLab_2025\data\odac\pristine_CO2\MITSIS_charged\MITSIS_charged_w_CO2_1_relaxed.cif,-0.2878934849997373
C:\Users\GED\PycharmProjects\Aixelo_Project_DataLab_2025\data\odac\pristine_CO2\MITSUE\MITSUE_w_CO2_1_relaxed.cif,-0.19789106199996234
C:\Users\GED\PycharmProjects\Aixelo_Project_DataLab_2025\data\odac\pristine_CO2\MITTAL_charged\MITTAL_charged_w_CO2_1_relaxed.cif,-0.07888752285725784
C:\Users\GED\PycharmProjects\Aixelo_Project_DataLab_2025\data\odac\pristine_CO2\MIXBAY\MIXBAY_w_CO2_1_relaxed.cif,-0.04898490800001126
C:\Users\GED\PycharmProjects\Aixelo_Project_DataLab_2025\data\odac\pristine_CO2\MIXBIG_auto\MIXBIG_auto_w_CO2_1_relaxed.cif,-0.3360900083334097
C:\Users\GED\PycharmProjects\Aixelo_Project_DataLab_2025\data\odac\pristine_CO2\MIXYID\MIXYID_w_CO2_1_relaxed.cif,-0.3593147662501508
C:\Users\GED\PycharmProjects\Aixelo_Project_DataLab_2025\data\odac\pristine_CO2\MIZKOW\MIZKOW_w_CO2_1_relaxed.cif,-0.3609430142857296
C:\Users\GED\PycharmProjects\Aixelo_Project_DataLab_2025\data\odac\pristine_CO2\MIZPUI\MIZPUI_w_CO2_1_relaxed.cif,-0.14936628857149767
C:\Users\GED\PycharmProjects\Aixelo_Project_DataLab_2025\data\odac\pristine_CO2\MOBBIO\MOBBIO_w_CO2_1_relaxed.cif,-0.23455636200003482
C:\Users\GED\PycharmProjects\Aixelo_Project_DataLab_2025\data\odac\pristine_CO2\MOCKEV\MOCKEV_w_CO2_1_relaxed.cif,-0.235729263333288
C:\Users\GED\PycharmProjects\Aixelo_Project_DataLab_2025\data\odac\pristine_CO2\MODJOG\MODJOG_w_CO2_1_relaxed.cif,-0.3907188349999349
C:\Users\GED\PycharmProjects\Aixelo_Project_DataLab_2025\data\odac\pristine_CO2\MODMIB\MODMIB_w_CO2_1_relaxed.cif,16.668477279999934
C:\Users\GED\PycharmProjects\Aixelo_Project_DataLab_2025\data\odac\pristine_CO2\MODNAU_charged\MODNAU_charged_w_CO2_1_relaxed.cif,-0.38458195600010187
C:\Users\GED\PycharmProjects\Aixelo_Project_DataLab_2025\data\odac\pristine_CO2\MODNIC\MODNIC_w_CO2_1_relaxed.cif,-0.2824531924999292
C:\Users\GED\PycharmProjects\Aixelo_Project_DataLab_2025\data\odac\pristine_CO2\MODNOI_ion_b\MODNOI_ion_b_w_CO2_1_relaxed.cif,-0.27445449999995614
C:\Users\GED\PycharmProjects\Aixelo_Project_DataLab_2025\data\odac\pristine_CO2\MODNUO_ion_b\MODNUO_ion_b_w_CO2_1_relaxed.cif,-0.36201596000009884
C:\Users\GED\PycharmProjects\Aixelo_Project_DataLab_2025\data\odac\pristine_CO2\MOFBIU\MOFBIU_w_CO2_1_relaxed.cif,-0.2293347342858851
C:\Users\GED\PycharmProjects\Aixelo_Project_DataLab_2025\data\odac\pristine_CO2\MOFKUO\MOFKUO_w_CO2_1_relaxed.cif,-0.761021361666773
C:\Users\GED\PycharmProjects\Aixelo_Project_DataLab_2025\data\odac\pristine_CO2\MOGNAY\MOGNAY_w_CO2_1_relaxed.cif,-0.19560467999994555
C:\Users\GED\PycharmProjects\Aixelo_Project_DataLab_2025\data\odac\pristine_CO2\MOGXUB\MOGXUB_w_CO2_1_relaxed.cif,-0.40748549666655737
C:\Users\GED\PycharmProjects\Aixelo_Project_DataLab_2025\data\odac\pristine_CO2\MOJNAC\MOJNAC_w_CO2_1_relaxed.cif,-0.4705890485713553
C:\Users\GED\PycharmProjects\Aixelo_Project_DataLab_2025\data\odac\pristine_CO2\MOLKAB\MOLKAB_w_CO2_1_relaxed.cif,0.17645579999994723
C:\Users\GED\PycharmProjects\Aixelo_Project_DataLab_2025\data\odac\pristine_CO2\MOLQEL\MOLQEL_w_CO2_1_relaxed.cif,-0.22822293333325658
C:\Users\GED\PycharmProjects\Aixelo_Project_DataLab_2025\data\odac\pristine_CO2\MOPQIT\MOPQIT_w_CO2_1_relaxed.cif,-0.22772806499997003
C:\Users\GED\PycharmProjects\Aixelo_Project_DataLab_2025\data\odac\pristine_CO2\MOQNUB\MOQNUB_w_CO2_1_relaxed.cif,-0.3061449799998854
C:\Users\GED\PycharmProjects\Aixelo_Project_DataLab_2025\data\odac\pristine_CO2\MORZID\MORZID_w_CO2_1_relaxed.cif,-0.37347031874992354
C:\Users\GED\PycharmProjects\Aixelo_Project_DataLab_2025\data\odac\pristine_CO2\MOSDUT\MOSDUT_w_CO2_1_relaxed.cif,-0.4438313437501904
C:\Users\GED\PycharmProjects\Aixelo_Project_DataLab_2025\data\odac\pristine_CO2\MOTMAK\MOTMAK_w_CO2_1_relaxed.cif,-0.4266631728571123
C:\Users\GED\PycharmProjects\Aixelo_Project_DataLab_2025\data\odac\pristine_CO2\MOXBOS\MOXBOS_w_CO2_1_relaxed.cif,-0.061471744999892025
C:\Users\GED\PycharmProjects\Aixelo_Project_DataLab_2025\data\odac\pristine_CO2\MOXNIY\MOXNIY_w_CO2_1_relaxed.cif,-0.413807561666772
C:\Users\GED\PycharmProjects\Aixelo_Project_DataLab_2025\data\odac\pristine_CO2\MOXNUJ\MOXNUJ_w_CO2_1_relaxed.cif,-0.42930228428554074
C:\Users\GED\PycharmProjects\Aixelo_Project_DataLab_2025\data\odac\pristine_CO2\MOXNUK\MOXNUK_w_CO2_1_relaxed.cif,0.34299552428553526
C:\Users\GED\PycharmProjects\Aixelo_Project_DataLab_2025\data\odac\pristine_CO2\MOXPEV_charged\MOXPEV_charged_w_CO2_1_relaxed.cif,-0.32726847000003545
C:\Users\GED\PycharmProjects\Aixelo_Project_DataLab_2025\data\odac\pristine_CO2\MOXPUL\MOXPUL_w_CO2_1_relaxed.cif,-0.37184199999974227
C:\Users\GED\PycharmProjects\Aixelo_Project_DataLab_2025\data\odac\pristine_CO2\MOYMET\MOYMET_w_CO2_1_relaxed.cif,-0.1786408249998127
C:\Users\GED\PycharmProjects\Aixelo_Project_DataLab_2025\data\odac\pristine_CO2\MOYNIY\MOYNIY_w_CO2_1_relaxed.cif,-0.3121580242855089
C:\Users\GED\PycharmProjects\Aixelo_Project_DataLab_2025\data\odac\pristine_CO2\MOYYEF\MOYYEF_w_CO2_1_relaxed.cif,-0.16135249333329207
C:\Users\GED\PycharmProjects\Aixelo_Project_DataLab_2025\data\odac\pristine_CO2\MOYYIJ\MOYYIJ_w_CO2_1_relaxed.cif,-0.20484939833363566
C:\Users\GED\PycharmProjects\Aixelo_Project_DataLab_2025\data\odac\pristine_CO2\MUBZOA_auto\MUBZOA_auto_w_CO2_1_relaxed.cif,-0.23544647400021854
C:\Users\GED\PycharmProjects\Aixelo_Project_DataLab_2025\data\odac\pristine_CO2\MUBZUG_auto\MUBZUG_auto_w_CO2_1_relaxed.cif,-0.31747669600017614
C:\Users\GED\PycharmProjects\Aixelo_Project_DataLab_2025\data\odac\pristine_CO2\MUDLON\MUDLON_w_CO2_1_relaxed.cif,-0.08827274666653766
C:\Users\GED\PycharmProjects\Aixelo_Project_DataLab_2025\data\odac\pristine_CO2\MUFXUI\MUFXUI_w_CO2_1_relaxed.cif,-0.355900225000056
C:\Users\GED\PycharmProjects\Aixelo_Project_DataLab_2025\data\odac\pristine_CO2\MUFYAP\MUFYAP_w_CO2_1_relaxed.cif,0.5103928099999848
C:\Users\GED\PycharmProjects\Aixelo_Project_DataLab_2025\data\odac\pristine_CO2\MUGHED\MUGHED_w_CO2_1_relaxed.cif,-0.20564660333339665
C:\Users\GED\PycharmProjects\Aixelo_Project_DataLab_2025\data\odac\pristine_CO2\MUGQAI\MUGQAI_w_CO2_1_relaxed.cif,-0.30852584111125403
C:\Users\GED\PycharmProjects\Aixelo_Project_DataLab_2025\data\odac\pristine_CO2\MUHNAG\MUHNAG_w_CO2_1_relaxed.cif,-0.3248130257143446
C:\Users\GED\PycharmProjects\Aixelo_Project_DataLab_2025\data\odac\pristine_CO2\MUHPAI\MUHPAI_w_CO2_1_relaxed.cif,-0.13026366571443757
C:\Users\GED\PycharmProjects\Aixelo_Project_DataLab_2025\data\odac\pristine_CO2\MUJRIT\MUJRIT_w_CO2_1_relaxed.cif,0.24766101000030474
C:\Users\GED\PycharmProjects\Aixelo_Project_DataLab_2025\data\odac\pristine_CO2\MULQOA\MULQOA_w_CO2_random_1_relaxed.cif,-0.2285008099999572
C:\Users\GED\PycharmProjects\Aixelo_Project_DataLab_2025\data\odac\pristine_CO2\MULXOH\MULXOH_w_CO2_1_relaxed.cif,-0.3576944050000179
C:\Users\GED\PycharmProjects\Aixelo_Project_DataLab_2025\data\odac\pristine_CO2\MUNDAC\MUNDAC_w_CO2_1_relaxed.cif,-0.30618674714277666
C:\Users\GED\PycharmProjects\Aixelo_Project_DataLab_2025\data\odac\pristine_CO2\MUNLUE\MUNLUE_w_CO2_1_relaxed.cif,-0.232400274000156
C:\Users\GED\PycharmProjects\Aixelo_Project_DataLab_2025\data\odac\pristine_CO2\MUNNUF\MUNNUF_w_CO2_1_relaxed.cif,-0.2212740214286311
C:\Users\GED\PycharmProjects\Aixelo_Project_DataLab_2025\data\odac\pristine_CO2\MUNPAN\MUNPAN_w_CO2_1_relaxed.cif,-0.28546320666646346
C:\Users\GED\PycharmProjects\Aixelo_Project_DataLab_2025\data\odac\pristine_CO2\MUNPER\MUNPER_w_CO2_1_relaxed.cif,-0.3261497499998237
C:\Users\GED\PycharmProjects\Aixelo_Project_DataLab_2025\data\odac\pristine_CO2\MUPTAU\MUPTAU_w_CO2_1_relaxed.cif,-0.3644382228570911
C:\Users\GED\PycharmProjects\Aixelo_Project_DataLab_2025\data\odac\pristine_CO2\MUQSAU\MUQSAU_w_CO2_1_relaxed.cif,-0.21538379166668162
C:\Users\GED\PycharmProjects\Aixelo_Project_DataLab_2025\data\odac\pristine_CO2\MURCAD\MURCAD_w_CO2_random_1_relaxed.cif,-0.0758802199999877
C:\Users\GED\PycharmProjects\Aixelo_Project_DataLab_2025\data\odac\pristine_CO2\MURCIL\MURCIL_w_CO2_1_relaxed.cif,-0.1830212275002054
C:\Users\GED\PycharmProjects\Aixelo_Project_DataLab_2025\data\odac\pristine_CO2\MUSCAG\MUSCAG_w_CO2_1_relaxed.cif,-0.33317211999947177
C:\Users\GED\PycharmProjects\Aixelo_Project_DataLab_2025\data\odac\pristine_CO2\MUSCIN\MUSCIN_w_CO2_2_relaxed.cif,-0.279540960000304
C:\Users\GED\PycharmProjects\Aixelo_Project_DataLab_2025\data\odac\pristine_CO2\MUSSIE\MUSSIE_w_CO2_1_relaxed.cif,-0.35129969000010414
C:\Users\GED\PycharmProjects\Aixelo_Project_DataLab_2025\data\odac\pristine_CO2\MUTDIQ\MUTDIQ_w_CO2_1_relaxed.cif,-0.2643051983331285
C:\Users\GED\PycharmProjects\Aixelo_Project_DataLab_2025\data\odac\pristine_CO2\MUTVUT\MUTVUT_w_CO2_1_relaxed.cif,-0.210853520000033
C:\Users\GED\PycharmProjects\Aixelo_Project_DataLab_2025\data\odac\pristine_CO2\MUVGOA\MUVGOA_w_CO2_1_relaxed.cif,-0.08100264375025285
C:\Users\GED\PycharmProjects\Aixelo_Project_DataLab_2025\data\odac\pristine_CO2\MUVGUG\MUVGUG_w_CO2_1_relaxed.cif,-0.31140868624991924
C:\Users\GED\PycharmProjects\Aixelo_Project_DataLab_2025\data\odac\pristine_CO2\MUVHAN\MUVHAN_w_CO2_1_relaxed.cif,-0.29806123499992054
C:\Users\GED\PycharmProjects\Aixelo_Project_DataLab_2025\data\odac\pristine_CO2\MUVHER\MUVHER_w_CO2_1_relaxed.cif,-0.2378982637500115
C:\Users\GED\PycharmProjects\Aixelo_Project_DataLab_2025\data\odac\pristine_CO2\MUVJIX\MUVJIX_w_CO2_1_relaxed.cif,-0.41241841333328466
C:\Users\GED\PycharmProjects\Aixelo_Project_DataLab_2025\data\odac\pristine_CO2\MUVMOG\MUVMOG_w_CO2_1_relaxed.cif,-0.44100239285710685
C:\Users\GED\PycharmProjects\Aixelo_Project_DataLab_2025\data\odac\pristine_CO2\MUWQEB\MUWQEB_w_CO2_1_relaxed.cif,0.2609306983333302
C:\Users\GED\PycharmProjects\Aixelo_Project_DataLab_2025\data\odac\pristine_CO2\MUZHUL_charged\MUZHUL_charged_w_CO2_1_relaxed.cif,-0.143869654285798
C:\Users\GED\PycharmProjects\Aixelo_Project_DataLab_2025\data\odac\pristine_CO2\MUZVUA\MUZVUA_w_CO2_1_relaxed.cif,-0.04516243666663892
C:\Users\GED\PycharmProjects\Aixelo_Project_DataLab_2025\data\odac\pristine_CO2\NABMUA\NABMUA_w_CO2_1_relaxed.cif,-0.25561848857135566
C:\Users\GED\PycharmProjects\Aixelo_Project_DataLab_2025\data\odac\pristine_CO2\NABMUA01\NABMUA01_w_CO2_1_relaxed.cif,-0.2614150671428693
C:\Users\GED\PycharmProjects\Aixelo_Project_DataLab_2025\data\odac\pristine_CO2\NACVUI\NACVUI_w_CO2_1_relaxed.cif,-0.3957879533332971
C:\Users\GED\PycharmProjects\Aixelo_Project_DataLab_2025\data\odac\pristine_CO2\NACYOG\NACYOG_w_CO2_1_relaxed.cif,-0.2758302757144974
C:\Users\GED\PycharmProjects\Aixelo_Project_DataLab_2025\data\odac\pristine_CO2\NACYUM\NACYUM_w_CO2_1_relaxed.cif,-0.08523203285696061
C:\Users\GED\PycharmProjects\Aixelo_Project_DataLab_2025\data\odac\pristine_CO2\NADKEK\NADKEK_w_CO2_1_relaxed.cif,-0.26059275285706457
C:\Users\GED\PycharmProjects\Aixelo_Project_DataLab_2025\data\odac\pristine_CO2\NADNEM\NADNEM_w_CO2_1_relaxed.cif,-0.3182993457141947
C:\Users\GED\PycharmProjects\Aixelo_Project_DataLab_2025\data\odac\pristine_CO2\NADZEZ\NADZEZ_w_CO2_1_relaxed.cif,0.09249615333321033
C:\Users\GED\PycharmProjects\Aixelo_Project_DataLab_2025\data\odac\pristine_CO2\NADZID\NADZID_w_CO2_1_relaxed.cif,-0.2430759174999366
C:\Users\GED\PycharmProjects\Aixelo_Project_DataLab_2025\data\odac\pristine_CO2\NAFSOF\NAFSOF_w_CO2_1_relaxed.cif,-0.0393161124999324
C:\Users\GED\PycharmProjects\Aixelo_Project_DataLab_2025\data\odac\pristine_CO2\NAGBUU\NAGBUU_w_CO2_1_relaxed.cif,-0.017591268333186815
C:\Users\GED\PycharmProjects\Aixelo_Project_DataLab_2025\data\odac\pristine_CO2\NAGQET\NAGQET_w_CO2_6_relaxed.cif,-0.0842125500003021
C:\Users\GED\PycharmProjects\Aixelo_Project_DataLab_2025\data\odac\pristine_CO2\NAHHAI\NAHHAI_w_CO2_1_relaxed.cif,-0.2311465414286106
C:\Users\GED\PycharmProjects\Aixelo_Project_DataLab_2025\data\odac\pristine_CO2\NAJQUN\NAJQUN_w_CO2_1_relaxed.cif,-0.35484660000016294
C:\Users\GED\PycharmProjects\Aixelo_Project_DataLab_2025\data\odac\pristine_CO2\NAKLIW\NAKLIW_w_CO2_1_relaxed.cif,0.03308723499988745
C:\Users\GED\PycharmProjects\Aixelo_Project_DataLab_2025\data\odac\pristine_CO2\NALWOO\NALWOO_w_CO2_1_relaxed.cif,-0.26030442714302027
C:\Users\GED\PycharmProjects\Aixelo_Project_DataLab_2025\data\odac\pristine_CO2\NALYEG\NALYEG_w_CO2_1_relaxed.cif,-0.2703526059999831
C:\Users\GED\PycharmProjects\Aixelo_Project_DataLab_2025\data\odac\pristine_CO2\NAMZIL\NAMZIL_w_CO2_2_relaxed.cif,1.087380447499939
C:\Users\GED\PycharmProjects\Aixelo_Project_DataLab_2025\data\odac\pristine_CO2\NANMEW\NANMEW_w_CO2_1_relaxed.cif,0.23181924000001736
C:\Users\GED\PycharmProjects\Aixelo_Project_DataLab_2025\data\odac\pristine_CO2\NANYUX03\NANYUX03_w_CO2_1_relaxed.cif,-0.08306223666672467
C:\Users\GED\PycharmProjects\Aixelo_Project_DataLab_2025\data\odac\pristine_CO2\NANYUX_charged\NANYUX_charged_w_CO2_random_1_relaxed.cif,0.46111248500005786
C:\Users\GED\PycharmProjects\Aixelo_Project_DataLab_2025\data\odac\pristine_CO2\NAPZOV\NAPZOV_w_CO2_1_relaxed.cif,-0.28333588166663043
C:\Users\GED\PycharmProjects\Aixelo_Project_DataLab_2025\data\odac\pristine_CO2\NAQLAT\NAQLAT_w_CO2_1_relaxed.cif,-0.3817857300000469
C:\Users\GED\PycharmProjects\Aixelo_Project_DataLab_2025\data\odac\pristine_CO2\NAQQIH\NAQQIH_w_CO2_1_relaxed.cif,1.5894937839999783
C:\Users\GED\PycharmProjects\Aixelo_Project_DataLab_2025\data\odac\pristine_CO2\NARPEE\NARPEE_w_CO2_1_relaxed.cif,-0.19763764333356448
C:\Users\GED\PycharmProjects\Aixelo_Project_DataLab_2025\data\odac\pristine_CO2\NARPOO\NARPOO_w_CO2_1_relaxed.cif,-0.27619981571430274
C:\Users\GED\PycharmProjects\Aixelo_Project_DataLab_2025\data\odac\pristine_CO2\NARPUU\NARPUU_w_CO2_1_relaxed.cif,0.048552011428520406
C:\Users\GED\PycharmProjects\Aixelo_Project_DataLab_2025\data\odac\pristine_CO2\NASREH\NASREH_w_CO2_1_relaxed.cif,-0.4216631883332411
C:\Users\GED\PycharmProjects\Aixelo_Project_DataLab_2025\data\odac\pristine_CO2\NASRIL\NASRIL_w_CO2_1_relaxed.cif,-0.20884407800012922
C:\Users\GED\PycharmProjects\Aixelo_Project_DataLab_2025\data\odac\pristine_CO2\NASROR\NASROR_w_CO2_1_relaxed.cif,-0.35885426428538786
C:\Users\GED\PycharmProjects\Aixelo_Project_DataLab_2025\data\odac\pristine_CO2\NATFAS\NATFAS_w_CO2_1_relaxed.cif,-0.5259898442856346
C:\Users\GED\PycharmProjects\Aixelo_Project_DataLab_2025\data\odac\pristine_CO2\NATHUO\NATHUO_w_CO2_1_relaxed.cif,-0.4023374742856244
C:\Users\GED\PycharmProjects\Aixelo_Project_DataLab_2025\data\odac\pristine_CO2\NAVJAW\NAVJAW_w_CO2_1_relaxed.cif,-0.28321021800004476
C:\Users\GED\PycharmProjects\Aixelo_Project_DataLab_2025\data\odac\pristine_CO2\NAVJAW01\NAVJAW01_w_CO2_1_relaxed.cif,-0.2507826260000456
C:\Users\GED\PycharmProjects\Aixelo_Project_DataLab_2025\data\odac\pristine_CO2\NAVLIG\NAVLIG_w_CO2_1_relaxed.cif,-0.38147709166681426
C:\Users\GED\PycharmProjects\Aixelo_Project_DataLab_2025\data\odac\pristine_CO2\NAWKII\NAWKII_w_CO2_1_relaxed.cif,-0.27107410125015
C:\Users\GED\PycharmProjects\Aixelo_Project_DataLab_2025\data\odac\pristine_CO2\NAWXER\NAWXER_w_CO2_1_relaxed.cif,-0.1321501660002013
C:\Users\GED\PycharmProjects\Aixelo_Project_DataLab_2025\data\odac\pristine_CO2\NAXKOO\NAXKOO_w_CO2_1_relaxed.cif,0.38150025857138253
C:\Users\GED\PycharmProjects\Aixelo_Project_DataLab_2025\data\odac\pristine_CO2\NAXLII\NAXLII_w_CO2_random_1_relaxed.cif,0.1537269000000378
C:\Users\GED\PycharmProjects\Aixelo_Project_DataLab_2025\data\odac\pristine_CO2\NAYGUR\NAYGUR_w_CO2_1_relaxed.cif,-0.20760634399998706
C:\Users\GED\PycharmProjects\Aixelo_Project_DataLab_2025\data\odac\pristine_CO2\NAYHAY\NAYHAY_w_CO2_1_relaxed.cif,-0.7540720266663357
C:\Users\GED\PycharmProjects\Aixelo_Project_DataLab_2025\data\odac\pristine_CO2\NAYPIM\NAYPIM_w_CO2_1_relaxed.cif,-0.31027328000007826
C:\Users\GED\PycharmProjects\Aixelo_Project_DataLab_2025\data\odac\pristine_CO2\NAYZOE\NAYZOE_w_CO2_1_relaxed.cif,-0.43889217000003095
C:\Users\GED\PycharmProjects\Aixelo_Project_DataLab_2025\data\odac\pristine_CO2\NEBNOZ\NEBNOZ_w_CO2_1_relaxed.cif,-0.317314210000139
C:\Users\GED\PycharmProjects\Aixelo_Project_DataLab_2025\data\odac\pristine_CO2\NEDVOJ_charged\NEDVOJ_charged_w_CO2_1_relaxed.cif,-0.23538633500015746
C:\Users\GED\PycharmProjects\Aixelo_Project_DataLab_2025\data\odac\pristine_CO2\NEDVUP\NEDVUP_w_CO2_1_relaxed.cif,0.04952174499999271
C:\Users\GED\PycharmProjects\Aixelo_Project_DataLab_2025\data\odac\pristine_CO2\NEDWAW\NEDWAW_w_CO2_1_relaxed.cif,-0.28280518999997634
C:\Users\GED\PycharmProjects\Aixelo_Project_DataLab_2025\data\odac\pristine_CO2\NEDWEA\NEDWEA_w_CO2_1_relaxed.cif,-0.006120317499977546
C:\Users\GED\PycharmProjects\Aixelo_Project_DataLab_2025\data\odac\pristine_CO2\NEDXOL\NEDXOL_w_CO2_1_relaxed.cif,-0.35981117857172
C:\Users\GED\PycharmProjects\Aixelo_Project_DataLab_2025\data\odac\pristine_CO2\NEFZOO\NEFZOO_w_CO2_1_relaxed.cif,-0.3021540799999554
C:\Users\GED\PycharmProjects\Aixelo_Project_DataLab_2025\data\odac\pristine_CO2\NEHMET\NEHMET_w_CO2_1_relaxed.cif,-0.3391992133333967
C:\Users\GED\PycharmProjects\Aixelo_Project_DataLab_2025\data\odac\pristine_CO2\NEHZIK\NEHZIK_w_CO2_1_relaxed.cif,-0.32552557200010596
C:\Users\GED\PycharmProjects\Aixelo_Project_DataLab_2025\data\odac\pristine_CO2\NEJRUR\NEJRUR_w_CO2_1_relaxed.cif,-0.20870789999995454
C:\Users\GED\PycharmProjects\Aixelo_Project_DataLab_2025\data\odac\pristine_CO2\NEJSAY\NEJSAY_w_CO2_1_relaxed.cif,-0.20555389375022054
C:\Users\GED\PycharmProjects\Aixelo_Project_DataLab_2025\data\odac\pristine_CO2\NEJSEC\NEJSEC_w_CO2_1_relaxed.cif,-0.37122032999997956
C:\Users\GED\PycharmProjects\Aixelo_Project_DataLab_2025\data\odac\pristine_CO2\NEJSOM\NEJSOM_w_CO2_1_relaxed.cif,-0.3652180614284199
C:\Users\GED\PycharmProjects\Aixelo_Project_DataLab_2025\data\odac\pristine_CO2\NEKBEL\NEKBEL_w_CO2_1_relaxed.cif,-0.3370252366667235
C:\Users\GED\PycharmProjects\Aixelo_Project_DataLab_2025\data\odac\pristine_CO2\NEKREB\NEKREB_w_CO2_1_relaxed.cif,-0.3660412342857334
C:\Users\GED\PycharmProjects\Aixelo_Project_DataLab_2025\data\odac\pristine_CO2\NELVAC\NELVAC_w_CO2_1_relaxed.cif,-0.3571624142856373
C:\Users\GED\PycharmProjects\Aixelo_Project_DataLab_2025\data\odac\pristine_CO2\NELVEG\NELVEG_w_CO2_1_relaxed.cif,-0.3658454642858097
C:\Users\GED\PycharmProjects\Aixelo_Project_DataLab_2025\data\odac\pristine_CO2\NENFAN\NENFAN_w_CO2_1_relaxed.cif,-0.5291290481817131
C:\Users\GED\PycharmProjects\Aixelo_Project_DataLab_2025\data\odac\pristine_CO2\NENHAQ\NENHAQ_w_CO2_1_relaxed.cif,0.2158731474999058
C:\Users\GED\PycharmProjects\Aixelo_Project_DataLab_2025\data\odac\pristine_CO2\NEPWIQ\NEPWIQ_w_CO2_1_relaxed.cif,-0.40783644000001684
C:\Users\GED\PycharmProjects\Aixelo_Project_DataLab_2025\data\odac\pristine_CO2\NERTAH\NERTAH_w_CO2_random_1_relaxed.cif,0.2610655600005884
C:\Users\GED\PycharmProjects\Aixelo_Project_DataLab_2025\data\odac\pristine_CO2\NESVAK_charged\NESVAK_charged_w_CO2_1_relaxed.cif,-0.24937139428577984
C:\Users\GED\PycharmProjects\Aixelo_Project_DataLab_2025\data\odac\pristine_CO2\NESVEO_charged\NESVEO_charged_w_CO2_1_relaxed.cif,-0.26499661000020747
C:\Users\GED\PycharmProjects\Aixelo_Project_DataLab_2025\data\odac\pristine_CO2\NETHOJ_clean_h\NETHOJ_clean_h_w_CO2_1_relaxed.cif,-0.35853176199998416
C:\Users\GED\PycharmProjects\Aixelo_Project_DataLab_2025\data\odac\pristine_CO2\NETYIV\NETYIV_w_CO2_1_relaxed.cif,-0.6073112400004751
C:\Users\GED\PycharmProjects\Aixelo_Project_DataLab_2025\data\odac\pristine_CO2\NETYIV01\NETYIV01_w_CO2_1_relaxed.cif,-0.35592471500012834
C:\Users\GED\PycharmProjects\Aixelo_Project_DataLab_2025\data\odac\pristine_CO2\NEVJEF\NEVJEF_w_CO2_1_relaxed.cif,0.17662886428563848
C:\Users\GED\PycharmProjects\Aixelo_Project_DataLab_2025\data\odac\pristine_CO2\NEVPOU\NEVPOU_w_CO2_1_relaxed.cif,3.190746824999792
C:\Users\GED\PycharmProjects\Aixelo_Project_DataLab_2025\data\odac\pristine_CO2\NEVPUA_charged\NEVPUA_charged_w_CO2_1_relaxed.cif,-0.4352347466667273
C:\Users\GED\PycharmProjects\Aixelo_Project_DataLab_2025\data\odac\pristine_CO2\NEVQAH_charged\NEVQAH_charged_w_CO2_1_relaxed.cif,-0.3772121633332972
C:\Users\GED\PycharmProjects\Aixelo_Project_DataLab_2025\data\odac\pristine_CO2\NEVVAM\NEVVAM_w_CO2_1_relaxed.cif,-0.12695514333324806
C:\Users\GED\PycharmProjects\Aixelo_Project_DataLab_2025\data\odac\pristine_CO2\NEVVAM01\NEVVAM01_w_CO2_1_relaxed.cif,-0.11455456999999569
C:\Users\GED\PycharmProjects\Aixelo_Project_DataLab_2025\data\odac\pristine_CO2\NEVVAM02\NEVVAM02_w_CO2_1_relaxed.cif,-0.18528390166665074
C:\Users\GED\PycharmProjects\Aixelo_Project_DataLab_2025\data\odac\pristine_CO2\NEVVEQ\NEVVEQ_w_CO2_1_relaxed.cif,-0.3830982224999886
C:\Users\GED\PycharmProjects\Aixelo_Project_DataLab_2025\data\odac\pristine_CO2\NEXXEV\NEXXEV_w_CO2_1_relaxed.cif,0.12634242999998993
C:\Users\GED\PycharmProjects\Aixelo_Project_DataLab_2025\data\odac\pristine_CO2\NEXXIZ\NEXXIZ_w_CO2_1_relaxed.cif,0.12331517714285059
C:\Users\GED\PycharmProjects\Aixelo_Project_DataLab_2025\data\odac\pristine_CO2\NEYYUN\NEYYUN_w_CO2_1_relaxed.cif,-0.1598497442856471
C:\Users\GED\PycharmProjects\Aixelo_Project_DataLab_2025\data\odac\pristine_CO2\NEYZAU\NEYZAU_w_CO2_1_relaxed.cif,-0.06930386142851479
C:\Users\GED\PycharmProjects\Aixelo_Project_DataLab_2025\data\odac\pristine_CO2\NEZWOG\NEZWOG_w_CO2_1_relaxed.cif,0.2916882500000611
C:\Users\GED\PycharmProjects\Aixelo_Project_DataLab_2025\data\odac\pristine_CO2\NEZWOG01\NEZWOG01_w_CO2_1_relaxed.cif,-0.11537975799988084
C:\Users\GED\PycharmProjects\Aixelo_Project_DataLab_2025\data\odac\pristine_CO2\NIFTIH\NIFTIH_w_CO2_1_relaxed.cif,-0.034506872857166686
C:\Users\GED\PycharmProjects\Aixelo_Project_DataLab_2025\data\odac\pristine_CO2\NIGBOW\NIGBOW_w_CO2_1_relaxed.cif,0.33226713399999425
C:\Users\GED\PycharmProjects\Aixelo_Project_DataLab_2025\data\odac\pristine_CO2\NIGDEO\NIGDEO_w_CO2_1_relaxed.cif,0.09790290333323053
C:\Users\GED\PycharmProjects\Aixelo_Project_DataLab_2025\data\odac\pristine_CO2\NIGDIS\NIGDIS_w_CO2_1_relaxed.cif,-0.2665478800001892
C:\Users\GED\PycharmProjects\Aixelo_Project_DataLab_2025\data\odac\pristine_CO2\NIGFOZ\NIGFOZ_w_CO2_2_relaxed.cif,-0.09524965999992213
C:\Users\GED\PycharmProjects\Aixelo_Project_DataLab_2025\data\odac\pristine_CO2\NIGFUF\NIGFUF_w_CO2_1_relaxed.cif,-0.0646744500000295
C:\Users\GED\PycharmProjects\Aixelo_Project_DataLab_2025\data\odac\pristine_CO2\NIGGAM\NIGGAM_w_CO2_1_relaxed.cif,-0.21356130400010892
C:\Users\GED\PycharmProjects\Aixelo_Project_DataLab_2025\data\odac\pristine_CO2\NIGGEQ\NIGGEQ_w_CO2_1_relaxed.cif,-0.2470552649999433
C:\Users\GED\PycharmProjects\Aixelo_Project_DataLab_2025\data\odac\pristine_CO2\NIHBAI\NIHBAI_w_CO2_1_relaxed.cif,-0.2556424833333229
C:\Users\GED\PycharmProjects\Aixelo_Project_DataLab_2025\data\odac\pristine_CO2\NIHBAI01\NIHBAI01_w_CO2_1_relaxed.cif,-0.17234404499991265
C:\Users\GED\PycharmProjects\Aixelo_Project_DataLab_2025\data\odac\pristine_CO2\NIHBAI02\NIHBAI02_w_CO2_1_relaxed.cif,-0.16020037499991227
C:\Users\GED\PycharmProjects\Aixelo_Project_DataLab_2025\data\odac\pristine_CO2\NIHBEM\NIHBEM_w_CO2_1_relaxed.cif,-0.18425224833328002
C:\Users\GED\PycharmProjects\Aixelo_Project_DataLab_2025\data\odac\pristine_CO2\NIHBEM01\NIHBEM01_w_CO2_1_relaxed.cif,-0.6053315466665481
C:\Users\GED\PycharmProjects\Aixelo_Project_DataLab_2025\data\odac\pristine_CO2\NIHBEM02\NIHBEM02_w_CO2_1_relaxed.cif,-0.16857104333339143
C:\Users\GED\PycharmProjects\Aixelo_Project_DataLab_2025\data\odac\pristine_CO2\NIHBIQ\NIHBIQ_w_CO2_1_relaxed.cif,-0.020013701666698566
C:\Users\GED\PycharmProjects\Aixelo_Project_DataLab_2025\data\odac\pristine_CO2\NIHBIQ01\NIHBIQ01_w_CO2_1_relaxed.cif,0.15472873666667886
C:\Users\GED\PycharmProjects\Aixelo_Project_DataLab_2025\data\odac\pristine_CO2\NIHBIQ02\NIHBIQ02_w_CO2_1_relaxed.cif,0.050878660000080296
C:\Users\GED\PycharmProjects\Aixelo_Project_DataLab_2025\data\odac\pristine_CO2\NIJSAC\NIJSAC_w_CO2_1_relaxed.cif,-0.5264117212501276
C:\Users\GED\PycharmProjects\Aixelo_Project_DataLab_2025\data\odac\pristine_CO2\NIJZIP01\NIJZIP01_w_CO2_1_relaxed.cif,0.3470840766666849
C:\Users\GED\PycharmProjects\Aixelo_Project_DataLab_2025\data\odac\pristine_CO2\NIKDAM\NIKDAM_w_CO2_1_relaxed.cif,0.24793702833331585
C:\Users\GED\PycharmProjects\Aixelo_Project_DataLab_2025\data\odac\pristine_CO2\NIKYOW\NIKYOW_w_CO2_1_relaxed.cif,-0.09229035333337758
C:\Users\GED\PycharmProjects\Aixelo_Project_DataLab_2025\data\odac\pristine_CO2\NIKYOW01\NIKYOW01_w_CO2_1_relaxed.cif,0.04308322333330731
C:\Users\GED\PycharmProjects\Aixelo_Project_DataLab_2025\data\odac\pristine_CO2\NIKYOW02\NIKYOW02_w_CO2_1_relaxed.cif,-0.162390338333239
C:\Users\GED\PycharmProjects\Aixelo_Project_DataLab_2025\data\odac\pristine_CO2\NIKYUC\NIKYUC_w_CO2_1_relaxed.cif,0.09257106666664565
C:\Users\GED\PycharmProjects\Aixelo_Project_DataLab_2025\data\odac\pristine_CO2\NIKYUC01\NIKYUC01_w_CO2_1_relaxed.cif,0.027695405000107087
C:\Users\GED\PycharmProjects\Aixelo_Project_DataLab_2025\data\odac\pristine_CO2\NIKYUC02\NIKYUC02_w_CO2_1_relaxed.cif,-0.2231540666665713
C:\Users\GED\PycharmProjects\Aixelo_Project_DataLab_2025\data\odac\pristine_CO2\NIKZAJ\NIKZAJ_w_CO2_1_relaxed.cif,-0.2167057466665483
C:\Users\GED\PycharmProjects\Aixelo_Project_DataLab_2025\data\odac\pristine_CO2\NIKZAJ01\NIKZAJ01_w_CO2_1_relaxed.cif,-0.17650488166661185
C:\Users\GED\PycharmProjects\Aixelo_Project_DataLab_2025\data\odac\pristine_CO2\NIKZAJ02\NIKZAJ02_w_CO2_1_relaxed.cif,-0.13571398666662537
C:\Users\GED\PycharmProjects\Aixelo_Project_DataLab_2025\data\odac\pristine_CO2\NIKZEN\NIKZEN_w_CO2_1_relaxed.cif,-0.2070353333333704
C:\Users\GED\PycharmProjects\Aixelo_Project_DataLab_2025\data\odac\pristine_CO2\NIKZEN01\NIKZEN01_w_CO2_1_relaxed.cif,0.18705233000002866
C:\Users\GED\PycharmProjects\Aixelo_Project_DataLab_2025\data\odac\pristine_CO2\NIKZEN02\NIKZEN02_w_CO2_1_relaxed.cif,-0.06328210000001872
C:\Users\GED\PycharmProjects\Aixelo_Project_DataLab_2025\data\odac\pristine_CO2\NIMPEG\NIMPEG_w_CO2_1_relaxed.cif,-0.29183042000006154
C:\Users\GED\PycharmProjects\Aixelo_Project_DataLab_2025\data\odac\pristine_CO2\NIMPEG01\NIMPEG01_w_CO2_1_relaxed.cif,-0.34387599500000005
C:\Users\GED\PycharmProjects\Aixelo_Project_DataLab_2025\data\odac\pristine_CO2\NIMXIS\NIMXIS_w_CO2_1_relaxed.cif,-0.11698750400000786
C:\Users\GED\PycharmProjects\Aixelo_Project_DataLab_2025\data\odac\pristine_CO2\NINHOH\NINHOH_w_CO2_1_relaxed.cif,-0.20234951666664827
C:\Users\GED\PycharmProjects\Aixelo_Project_DataLab_2025\data\odac\pristine_CO2\NINVAI\NINVAI_w_CO2_1_relaxed.cif,-0.055673865000358064
C:\Users\GED\PycharmProjects\Aixelo_Project_DataLab_2025\data\odac\pristine_CO2\NIRGAY\NIRGAY_w_CO2_1_relaxed.cif,-0.30432904666683197
C:\Users\GED\PycharmProjects\Aixelo_Project_DataLab_2025\data\odac\pristine_CO2\NIRKAB\NIRKAB_w_CO2_1_relaxed.cif,-0.45828718749993413
C:\Users\GED\PycharmProjects\Aixelo_Project_DataLab_2025\data\odac\pristine_CO2\NISBEX\NISBEX_w_CO2_1_relaxed.cif,-0.3100296114285551
C:\Users\GED\PycharmProjects\Aixelo_Project_DataLab_2025\data\odac\pristine_CO2\NISPEL_charged\NISPEL_charged_w_CO2_1_relaxed.cif,-0.3401289087499322
C:\Users\GED\PycharmProjects\Aixelo_Project_DataLab_2025\data\odac\pristine_CO2\NIYZIG\NIYZIG_w_CO2_1_relaxed.cif,-0.264490030000123
C:\Users\GED\PycharmProjects\Aixelo_Project_DataLab_2025\data\odac\pristine_CO2\NOBVOR\NOBVOR_w_CO2_1_relaxed.cif,-0.3456619037499422
C:\Users\GED\PycharmProjects\Aixelo_Project_DataLab_2025\data\odac\pristine_CO2\NOCKOG\NOCKOG_w_CO2_1_relaxed.cif,-0.21943024166663838
C:\Users\GED\PycharmProjects\Aixelo_Project_DataLab_2025\data\odac\pristine_CO2\NOCKUM\NOCKUM_w_CO2_1_relaxed.cif,-0.3036895799999494
C:\Users\GED\PycharmProjects\Aixelo_Project_DataLab_2025\data\odac\pristine_CO2\NOCLOH\NOCLOH_w_CO2_1_relaxed.cif,-0.35918599166670145
C:\Users\GED\PycharmProjects\Aixelo_Project_DataLab_2025\data\odac\pristine_CO2\NOCLOH01\NOCLOH01_w_CO2_1_relaxed.cif,-0.35167647000000096
C:\Users\GED\PycharmProjects\Aixelo_Project_DataLab_2025\data\odac\pristine_CO2\NOCLOH02\NOCLOH02_w_CO2_1_relaxed.cif,-0.3427281800000419
C:\Users\GED\PycharmProjects\Aixelo_Project_DataLab_2025\data\odac\pristine_CO2\NOCLOH03\NOCLOH03_w_CO2_1_relaxed.cif,-0.3954198250000142
C:\Users\GED\PycharmProjects\Aixelo_Project_DataLab_2025\data\odac\pristine_CO2\NOCLUN\NOCLUN_w_CO2_1_relaxed.cif,0.9490692057142951
C:\Users\GED\PycharmProjects\Aixelo_Project_DataLab_2025\data\odac\pristine_CO2\NOCYUB\NOCYUB_w_CO2_1_relaxed.cif,-0.7959529785713519
C:\Users\GED\PycharmProjects\Aixelo_Project_DataLab_2025\data\odac\pristine_CO2\NOCZAI\NOCZAI_w_CO2_3_relaxed.cif,-0.6689945999999907
C:\Users\GED\PycharmProjects\Aixelo_Project_DataLab_2025\data\odac\pristine_CO2\NOFDUI\NOFDUI_w_CO2_1_relaxed.cif,-0.5142142928570722
C:\Users\GED\PycharmProjects\Aixelo_Project_DataLab_2025\data\odac\pristine_CO2\NOFQIK\NOFQIK_w_CO2_1_relaxed.cif,-0.35359906857136786
C:\Users\GED\PycharmProjects\Aixelo_Project_DataLab_2025\data\odac\pristine_CO2\NOFQOQ\NOFQOQ_w_CO2_1_relaxed.cif,-0.049330722857153585
C:\Users\GED\PycharmProjects\Aixelo_Project_DataLab_2025\data\odac\pristine_CO2\NOGDAP\NOGDAP_w_CO2_1_relaxed.cif,-0.1734762744444348
C:\Users\GED\PycharmProjects\Aixelo_Project_DataLab_2025\data\odac\pristine_CO2\NOHLAZ\NOHLAZ_w_CO2_1_relaxed.cif,-0.451553631666646
C:\Users\GED\PycharmProjects\Aixelo_Project_DataLab_2025\data\odac\pristine_CO2\NOHSIM\NOHSIM_w_CO2_random_1_relaxed.cif,0.5488779750000106
C:\Users\GED\PycharmProjects\Aixelo_Project_DataLab_2025\data\odac\pristine_CO2\NOHSIM01\NOHSIM01_w_CO2_1_relaxed.cif,-0.3075578771428858
C:\Users\GED\PycharmProjects\Aixelo_Project_DataLab_2025\data\odac\pristine_CO2\NOKJON\NOKJON_w_CO2_1_relaxed.cif,-0.13638861833338936
C:\Users\GED\PycharmProjects\Aixelo_Project_DataLab_2025\data\odac\pristine_CO2\NOKLIJ\NOKLIJ_w_CO2_1_relaxed.cif,-0.21386983400003595
C:\Users\GED\PycharmProjects\Aixelo_Project_DataLab_2025\data\odac\pristine_CO2\NOKPEJ\NOKPEJ_w_CO2_1_relaxed.cif,-0.16333152000002352
C:\Users\GED\PycharmProjects\Aixelo_Project_DataLab_2025\data\odac\pristine_CO2\NOMQAJ01\NOMQAJ01_w_CO2_1_relaxed.cif,-0.10826068666655268
C:\Users\GED\PycharmProjects\Aixelo_Project_DataLab_2025\data\odac\pristine_CO2\NOPJOT\NOPJOT_w_CO2_1_relaxed.cif,-0.184679123333808
C:\Users\GED\PycharmProjects\Aixelo_Project_DataLab_2025\data\odac\pristine_CO2\NORJEL\NORJEL_w_CO2_1_relaxed.cif,-0.4353721162501642
C:\Users\GED\PycharmProjects\Aixelo_Project_DataLab_2025\data\odac\pristine_CO2\NOSHEK\NOSHEK_w_CO2_1_relaxed.cif,-0.386828347142877
C:\Users\GED\PycharmProjects\Aixelo_Project_DataLab_2025\data\odac\pristine_CO2\NOSTUM\NOSTUM_w_CO2_1_relaxed.cif,-0.17516579499996013
C:\Users\GED\PycharmProjects\Aixelo_Project_DataLab_2025\data\odac\pristine_CO2\NOSTUM01\NOSTUM01_w_CO2_1_relaxed.cif,-0.20118382499994894
C:\Users\GED\PycharmProjects\Aixelo_Project_DataLab_2025\data\odac\pristine_CO2\NOWGIR\NOWGIR_w_CO2_1_relaxed.cif,-0.27803305800000544
C:\Users\GED\PycharmProjects\Aixelo_Project_DataLab_2025\data\odac\pristine_CO2\NUBBAP\NUBBAP_w_CO2_1_relaxed.cif,-0.5371772325001416
C:\Users\GED\PycharmProjects\Aixelo_Project_DataLab_2025\data\odac\pristine_CO2\NUBPIL\NUBPIL_w_CO2_1_relaxed.cif,-0.1386456720000296
C:\Users\GED\PycharmProjects\Aixelo_Project_DataLab_2025\data\odac\pristine_CO2\NUCCEV\NUCCEV_w_CO2_1_relaxed.cif,0.08964338166712571
C:\Users\GED\PycharmProjects\Aixelo_Project_DataLab_2025\data\odac\pristine_CO2\NUCREJ\NUCREJ_w_CO2_random_1_relaxed.cif,1.314338389999989
C:\Users\GED\PycharmProjects\Aixelo_Project_DataLab_2025\data\odac\pristine_CO2\NUCYAN\NUCYAN_w_CO2_2_relaxed.cif,0.24487742800010892
C:\Users\GED\PycharmProjects\Aixelo_Project_DataLab_2025\data\odac\pristine_CO2\NUCYER\NUCYER_w_CO2_1_relaxed.cif,-0.2869447166666153
C:\Users\GED\PycharmProjects\Aixelo_Project_DataLab_2025\data\odac\pristine_CO2\NUDLAA\NUDLAA_w_CO2_1_relaxed.cif,-0.41560002571460636
C:\Users\GED\PycharmProjects\Aixelo_Project_DataLab_2025\data\odac\pristine_CO2\NUDLIJ\NUDLIJ_w_CO2_1_relaxed.cif,-0.16890082333331213
C:\Users\GED\PycharmProjects\Aixelo_Project_DataLab_2025\data\odac\pristine_CO2\NUDMAC\NUDMAC_w_CO2_1_relaxed.cif,-0.36450000166674573
C:\Users\GED\PycharmProjects\Aixelo_Project_DataLab_2025\data\odac\pristine_CO2\NUDMEG\NUDMEG_w_CO2_1_relaxed.cif,-0.37587589333334864
C:\Users\GED\PycharmProjects\Aixelo_Project_DataLab_2025\data\odac\pristine_CO2\NUDMOQ\NUDMOQ_w_CO2_1_relaxed.cif,-0.20282896833343023
C:\Users\GED\PycharmProjects\Aixelo_Project_DataLab_2025\data\odac\pristine_CO2\NUDMUW\NUDMUW_w_CO2_1_relaxed.cif,-0.3530625199999804
C:\Users\GED\PycharmProjects\Aixelo_Project_DataLab_2025\data\odac\pristine_CO2\NUDNEH\NUDNEH_w_CO2_1_relaxed.cif,-0.3839751333332894
C:\Users\GED\PycharmProjects\Aixelo_Project_DataLab_2025\data\odac\pristine_CO2\NUFBEX\NUFBEX_w_CO2_1_relaxed.cif,-0.4515254999998563
C:\Users\GED\PycharmProjects\Aixelo_Project_DataLab_2025\data\odac\pristine_CO2\NUFBOH\NUFBOH_w_CO2_1_relaxed.cif,-0.10219817000003263
C:\Users\GED\PycharmProjects\Aixelo_Project_DataLab_2025\data\odac\pristine_CO2\NUFBUN\NUFBUN_w_CO2_1_relaxed.cif,-0.21671071799999023
C:\Users\GED\PycharmProjects\Aixelo_Project_DataLab_2025\data\odac\pristine_CO2\NUFCAU\NUFCAU_w_CO2_1_relaxed.cif,-0.3191684050000844
C:\Users\GED\PycharmProjects\Aixelo_Project_DataLab_2025\data\odac\pristine_CO2\NUHPAI\NUHPAI_w_CO2_random_1_relaxed.cif,0.49607212000000794
C:\Users\GED\PycharmProjects\Aixelo_Project_DataLab_2025\data\odac\pristine_CO2\NUHQAK\NUHQAK_w_CO2_2_relaxed.cif,-0.23263724500020538
C:\Users\GED\PycharmProjects\Aixelo_Project_DataLab_2025\data\odac\pristine_CO2\NUHZAS\NUHZAS_w_CO2_1_relaxed.cif,0.09638370111128497
C:\Users\GED\PycharmProjects\Aixelo_Project_DataLab_2025\data\odac\pristine_CO2\NUJCEA\NUJCEA_w_CO2_1_relaxed.cif,-0.7067332066666646
C:\Users\GED\PycharmProjects\Aixelo_Project_DataLab_2025\data\odac\pristine_CO2\NUJCIE\NUJCIE_w_CO2_1_relaxed.cif,-0.16367342333330717
C:\Users\GED\PycharmProjects\Aixelo_Project_DataLab_2025\data\odac\pristine_CO2\NULMAJ\NULMAJ_w_CO2_1_relaxed.cif,0.03326959400023952
C:\Users\GED\PycharmProjects\Aixelo_Project_DataLab_2025\data\odac\pristine_CO2\NUNCEG\NUNCEG_w_CO2_1_relaxed.cif,-0.31815138999991177
C:\Users\GED\PycharmProjects\Aixelo_Project_DataLab_2025\data\odac\pristine_CO2\NURMUJ\NURMUJ_w_CO2_1_relaxed.cif,0.03885594125000578
C:\Users\GED\PycharmProjects\Aixelo_Project_DataLab_2025\data\odac\pristine_CO2\NUTQAV\NUTQAV_w_CO2_1_relaxed.cif,0.07020874166679882
C:\Users\GED\PycharmProjects\Aixelo_Project_DataLab_2025\data\odac\pristine_CO2\NUTQEZ\NUTQEZ_w_CO2_1_relaxed.cif,-0.15486532799995983
C:\Users\GED\PycharmProjects\Aixelo_Project_DataLab_2025\data\odac\pristine_CO2\NUVWEH\NUVWEH_w_CO2_1_relaxed.cif,-0.22171674333333158
C:\Users\GED\PycharmProjects\Aixelo_Project_DataLab_2025\data\odac\pristine_CO2\NUVWIL\NUVWIL_w_CO2_1_relaxed.cif,0.010021103999906699
C:\Users\GED\PycharmProjects\Aixelo_Project_DataLab_2025\data\odac\pristine_CO2\NUVXOT\NUVXOT_w_CO2_1_relaxed.cif,-0.14515547999999395
C:\Users\GED\PycharmProjects\Aixelo_Project_DataLab_2025\data\odac\pristine_CO2\NUVYIN\NUVYIN_w_CO2_3_relaxed.cif,0.2436646699997406
C:\Users\GED\PycharmProjects\Aixelo_Project_DataLab_2025\data\odac\pristine_CO2\NUWPOM\NUWPOM_w_CO2_1_relaxed.cif,0.2770646050000778
C:\Users\GED\PycharmProjects\Aixelo_Project_DataLab_2025\data\odac\pristine_CO2\NUYNEC\NUYNEC_w_CO2_1_relaxed.cif,-0.23350213000007897
C:\Users\GED\PycharmProjects\Aixelo_Project_DataLab_2025\data\odac\pristine_CO2\NUYQUU\NUYQUU_w_CO2_1_relaxed.cif,-0.3798463322222637
C:\Users\GED\PycharmProjects\Aixelo_Project_DataLab_2025\data\odac\pristine_CO2\OBEDAA_charged\OBEDAA_charged_w_CO2_1_relaxed.cif,-0.13272965285727875
C:\Users\GED\PycharmProjects\Aixelo_Project_DataLab_2025\data\odac\pristine_CO2\OBEDEE\OBEDEE_w_CO2_1_relaxed.cif,0.5298396049998928
C:\Users\GED\PycharmProjects\Aixelo_Project_DataLab_2025\data\odac\pristine_CO2\OBIBEJ\OBIBEJ_w_CO2_1_relaxed.cif,0.020359831666572348
C:\Users\GED\PycharmProjects\Aixelo_Project_DataLab_2025\data\odac\pristine_CO2\OBODEQ\OBODEQ_w_CO2_1_relaxed.cif,0.36856440400003976
C:\Users\GED\PycharmProjects\Aixelo_Project_DataLab_2025\data\odac\pristine_CO2\OBOGUK\OBOGUK_w_CO2_1_relaxed.cif,-0.3766738339999847
C:\Users\GED\PycharmProjects\Aixelo_Project_DataLab_2025\data\odac\pristine_CO2\OBUBOC_manual\OBUBOC_manual_w_CO2_1_relaxed.cif,-0.39939981600009555
C:\Users\GED\PycharmProjects\Aixelo_Project_DataLab_2025\data\odac\pristine_CO2\OBUFIB_SL\OBUFIB_SL_w_CO2_1_relaxed.cif,-0.3808991485716433
C:\Users\GED\PycharmProjects\Aixelo_Project_DataLab_2025\data\odac\pristine_CO2\OCACUR\OCACUR_w_CO2_1_relaxed.cif,-0.14475659666666726
C:\Users\GED\PycharmProjects\Aixelo_Project_DataLab_2025\data\odac\pristine_CO2\OCAQOY\OCAQOY_w_CO2_1_relaxed.cif,0.19437145833326966
C:\Users\GED\PycharmProjects\Aixelo_Project_DataLab_2025\data\odac\pristine_CO2\OCAWAT\OCAWAT_w_CO2_1_relaxed.cif,0.3636168114283659
C:\Users\GED\PycharmProjects\Aixelo_Project_DataLab_2025\data\odac\pristine_CO2\OCINIA\OCINIA_w_CO2_1_relaxed.cif,-0.23130136833337167
C:\Users\GED\PycharmProjects\Aixelo_Project_DataLab_2025\data\odac\pristine_CO2\OCIZAD\OCIZAD_w_CO2_1_relaxed.cif,-0.3684447850001031
C:\Users\GED\PycharmProjects\Aixelo_Project_DataLab_2025\data\odac\pristine_CO2\OCUGEZ01\OCUGEZ01_w_CO2_1_relaxed.cif,-0.12865006750000418
C:\Users\GED\PycharmProjects\Aixelo_Project_DataLab_2025\data\odac\pristine_CO2\OCUNAE\OCUNAE_w_CO2_1_relaxed.cif,-0.3987606657143
C:\Users\GED\PycharmProjects\Aixelo_Project_DataLab_2025\data\odac\pristine_CO2\OCUPOS\OCUPOS_w_CO2_1_relaxed.cif,-0.7881435799999963
C:\Users\GED\PycharmProjects\Aixelo_Project_DataLab_2025\data\odac\pristine_CO2\OCUPUY\OCUPUY_w_CO2_1_relaxed.cif,-0.2573337300000357
C:\Users\GED\PycharmProjects\Aixelo_Project_DataLab_2025\data\odac\pristine_CO2\OCUQOT\OCUQOT_w_CO2_1_relaxed.cif,-0.3337470083334135
C:\Users\GED\PycharmProjects\Aixelo_Project_DataLab_2025\data\odac\pristine_CO2\OCURAG\OCURAG_w_CO2_1_relaxed.cif,-0.319300950000373
C:\Users\GED\PycharmProjects\Aixelo_Project_DataLab_2025\data\odac\pristine_CO2\OCUSIP\OCUSIP_w_CO2_1_relaxed.cif,-0.3463816799998897
C:\Users\GED\PycharmProjects\Aixelo_Project_DataLab_2025\data\odac\pristine_CO2\OCUSUB\OCUSUB_w_CO2_1_relaxed.cif,-0.13863431000004314
C:\Users\GED\PycharmProjects\Aixelo_Project_DataLab_2025\data\odac\pristine_CO2\ODAHIK_charged\ODAHIK_charged_w_CO2_1_relaxed.cif,-0.6646057866667737
C:\Users\GED\PycharmProjects\Aixelo_Project_DataLab_2025\data\odac\pristine_CO2\ODERIZ\ODERIZ_w_CO2_1_relaxed.cif,-0.3799260557143498
C:\Users\GED\PycharmProjects\Aixelo_Project_DataLab_2025\data\odac\pristine_CO2\ODIMAQ\ODIMAQ_w_CO2_1_relaxed.cif,-0.22528733400013148
C:\Users\GED\PycharmProjects\Aixelo_Project_DataLab_2025\data\odac\pristine_CO2\ODIVUU\ODIVUU_w_CO2_1_relaxed.cif,0.09891309499982975
C:\Users\GED\PycharmProjects\Aixelo_Project_DataLab_2025\data\odac\pristine_CO2\ODIXEG\ODIXEG_w_CO2_1_relaxed.cif,-0.4001563979999446
C:\Users\GED\PycharmProjects\Aixelo_Project_DataLab_2025\data\odac\pristine_CO2\ODODES\ODODES_w_CO2_1_relaxed.cif,-0.37568940333346745
C:\Users\GED\PycharmProjects\Aixelo_Project_DataLab_2025\data\odac\pristine_CO2\ODODIW\ODODIW_w_CO2_1_relaxed.cif,-0.2737731057142939
C:\Users\GED\PycharmProjects\Aixelo_Project_DataLab_2025\data\odac\pristine_CO2\ODODOC\ODODOC_w_CO2_1_relaxed.cif,-0.3318747066666105
C:\Users\GED\PycharmProjects\Aixelo_Project_DataLab_2025\data\odac\pristine_CO2\ODOMIF\ODOMIF_w_CO2_1_relaxed.cif,-0.2996667299999964
C:\Users\GED\PycharmProjects\Aixelo_Project_DataLab_2025\data\odac\pristine_CO2\ODOXEK\ODOXEK_w_CO2_1_relaxed.cif,-0.32022139142856887
C:\Users\GED\PycharmProjects\Aixelo_Project_DataLab_2025\data\odac\pristine_CO2\ODUNEH\ODUNEH_w_CO2_1_relaxed.cif,0.14053841833299424
C:\Users\GED\PycharmProjects\Aixelo_Project_DataLab_2025\data\odac\pristine_CO2\OFAWAV\OFAWAV_w_CO2_1_relaxed.cif,-0.17194242250002384
C:\Users\GED\PycharmProjects\Aixelo_Project_DataLab_2025\data\odac\pristine_CO2\OFAWEZ\OFAWEZ_w_CO2_1_relaxed.cif,-0.14747131999990865
C:\Users\GED\PycharmProjects\Aixelo_Project_DataLab_2025\data\odac\pristine_CO2\OFEHAK\OFEHAK_w_CO2_1_relaxed.cif,-0.14632840500011446
C:\Users\GED\PycharmProjects\Aixelo_Project_DataLab_2025\data\odac\pristine_CO2\OFEREX\OFEREX_w_CO2_1_relaxed.cif,3.030587763333434
C:\Users\GED\PycharmProjects\Aixelo_Project_DataLab_2025\data\odac\pristine_CO2\OFERUN\OFERUN_w_CO2_1_relaxed.cif,-0.14884777500003563
C:\Users\GED\PycharmProjects\Aixelo_Project_DataLab_2025\data\odac\pristine_CO2\OFERUN06\OFERUN06_w_CO2_1_relaxed.cif,-0.1025006374999009
C:\Users\GED\PycharmProjects\Aixelo_Project_DataLab_2025\data\odac\pristine_CO2\OFESAU\OFESAU_w_CO2_1_relaxed.cif,-0.2407325249999985
C:\Users\GED\PycharmProjects\Aixelo_Project_DataLab_2025\data\odac\pristine_CO2\OFESEY\OFESEY_w_CO2_1_relaxed.cif,-0.2675687650000782
C:\Users\GED\PycharmProjects\Aixelo_Project_DataLab_2025\data\odac\pristine_CO2\OFODAP\OFODAP_w_CO2_1_relaxed.cif,-0.30976119000001745
C:\Users\GED\PycharmProjects\Aixelo_Project_DataLab_2025\data\odac\pristine_CO2\OFODET\OFODET_w_CO2_1_relaxed.cif,0.024209052857031572
C:\Users\GED\PycharmProjects\Aixelo_Project_DataLab_2025\data\odac\pristine_CO2\OFORUX\OFORUX_w_CO2_1_relaxed.cif,-0.30495713500001403
C:\Users\GED\PycharmProjects\Aixelo_Project_DataLab_2025\data\odac\pristine_CO2\OFUCAV\OFUCAV_w_CO2_1_relaxed.cif,-0.2939754957143431
C:\Users\GED\PycharmProjects\Aixelo_Project_DataLab_2025\data\odac\pristine_CO2\OFUCEZ\OFUCEZ_w_CO2_1_relaxed.cif,-0.28500699200001234
C:\Users\GED\PycharmProjects\Aixelo_Project_DataLab_2025\data\odac\pristine_CO2\OFUYUL_SL\OFUYUL_SL_w_CO2_1_relaxed.cif,-0.3458738133332986
C:\Users\GED\PycharmProjects\Aixelo_Project_DataLab_2025\data\odac\pristine_CO2\OGAGAF\OGAGAF_w_CO2_1_relaxed.cif,-0.23373966333349463
C:\Users\GED\PycharmProjects\Aixelo_Project_DataLab_2025\data\odac\pristine_CO2\OGAGEJ\OGAGEJ_w_CO2_1_relaxed.cif,-0.30658418142866134
C:\Users\GED\PycharmProjects\Aixelo_Project_DataLab_2025\data\odac\pristine_CO2\OGAGIN\OGAGIN_w_CO2_1_relaxed.cif,-0.09072636500007997
C:\Users\GED\PycharmProjects\Aixelo_Project_DataLab_2025\data\odac\pristine_CO2\OGAXUR\OGAXUR_w_CO2_1_relaxed.cif,-0.3500544566666501
C:\Users\GED\PycharmProjects\Aixelo_Project_DataLab_2025\data\odac\pristine_CO2\OGEBAF01\OGEBAF01_w_CO2_1_relaxed.cif,-0.7296898099994754
C:\Users\GED\PycharmProjects\Aixelo_Project_DataLab_2025\data\odac\pristine_CO2\OGECOU\OGECOU_w_CO2_1_relaxed.cif,-0.17492032333336735
C:\Users\GED\PycharmProjects\Aixelo_Project_DataLab_2025\data\odac\pristine_CO2\OGESOJ\OGESOJ_w_CO2_1_relaxed.cif,0.1570539599999468
C:\Users\GED\PycharmProjects\Aixelo_Project_DataLab_2025\data\odac\pristine_CO2\OGIBOV\OGIBOV_w_CO2_1_relaxed.cif,-0.48496317875009254
C:\Users\GED\PycharmProjects\Aixelo_Project_DataLab_2025\data\odac\pristine_CO2\OGIBUD\OGIBUD_w_CO2_1_relaxed.cif,-0.2930157050000541
C:\Users\GED\PycharmProjects\Aixelo_Project_DataLab_2025\data\odac\pristine_CO2\OGOWAJ\OGOWAJ_w_CO2_1_relaxed.cif,-0.38436627999979983
C:\Users\GED\PycharmProjects\Aixelo_Project_DataLab_2025\data\odac\pristine_CO2\OGUJIL\OGUJIL_w_CO2_1_relaxed.cif,-0.5130181799999848
C:\Users\GED\PycharmProjects\Aixelo_Project_DataLab_2025\data\odac\pristine_CO2\OGURAK_charged\OGURAK_charged_w_CO2_1_relaxed.cif,-0.11873723749991427
C:\Users\GED\PycharmProjects\Aixelo_Project_DataLab_2025\data\odac\pristine_CO2\OHAKEO\OHAKEO_w_CO2_1_relaxed.cif,-0.22876352500016614
C:\Users\GED\PycharmProjects\Aixelo_Project_DataLab_2025\data\odac\pristine_CO2\OHAKIS\OHAKIS_w_CO2_1_relaxed.cif,-0.25215428999984263
C:\Users\GED\PycharmProjects\Aixelo_Project_DataLab_2025\data\odac\pristine_CO2\OHAQEU\OHAQEU_w_CO2_1_relaxed.cif,-0.30200221800000693
C:\Users\GED\PycharmProjects\Aixelo_Project_DataLab_2025\data\odac\pristine_CO2\OHEMIX\OHEMIX_w_CO2_random_1_relaxed.cif,-0.44145053500000125
C:\Users\GED\PycharmProjects\Aixelo_Project_DataLab_2025\data\odac\pristine_CO2\OHIHET\OHIHET_w_CO2_1_relaxed.cif,-0.3573017966666801
C:\Users\GED\PycharmProjects\Aixelo_Project_DataLab_2025\data\odac\pristine_CO2\OHOLIH\OHOLIH_w_CO2_1_relaxed.cif,-0.059256471428560456
C:\Users\GED\PycharmProjects\Aixelo_Project_DataLab_2025\data\odac\pristine_CO2\OHOMIH\OHOMIH_w_CO2_1_relaxed.cif,-0.8078420312500185
C:\Users\GED\PycharmProjects\Aixelo_Project_DataLab_2025\data\odac\pristine_CO2\OJAKOA\OJAKOA_w_CO2_1_relaxed.cif,-0.20372234285722304
C:\Users\GED\PycharmProjects\Aixelo_Project_DataLab_2025\data\odac\pristine_CO2\OJICUG\OJICUG_w_CO2_1_relaxed.cif,-0.2160376620000306
C:\Users\GED\PycharmProjects\Aixelo_Project_DataLab_2025\data\odac\pristine_CO2\OJIWAG\OJIWAG_w_CO2_1_relaxed.cif,-0.4570854187504096
C:\Users\GED\PycharmProjects\Aixelo_Project_DataLab_2025\data\odac\pristine_CO2\OJIWIO\OJIWIO_w_CO2_1_relaxed.cif,-0.21711280571441546
C:\Users\GED\PycharmProjects\Aixelo_Project_DataLab_2025\data\odac\pristine_CO2\OJONOQ\OJONOQ_w_CO2_1_relaxed.cif,0.12237008000001497
C:\Users\GED\PycharmProjects\Aixelo_Project_DataLab_2025\data\odac\pristine_CO2\OJORUC\OJORUC_w_CO2_1_relaxed.cif,-0.22700114499995527
C:\Users\GED\PycharmProjects\Aixelo_Project_DataLab_2025\data\odac\pristine_CO2\OKABEI\OKABEI_w_CO2_random_1_relaxed.cif,-0.0259195499997986
C:\Users\GED\PycharmProjects\Aixelo_Project_DataLab_2025\data\odac\pristine_CO2\OKAYAC\OKAYAC_w_CO2_1_relaxed.cif,-0.0788467771427901
C:\Users\GED\PycharmProjects\Aixelo_Project_DataLab_2025\data\odac\pristine_CO2\OKAYEG\OKAYEG_w_CO2_1_relaxed.cif,-0.09875811285706142
C:\Users\GED\PycharmProjects\Aixelo_Project_DataLab_2025\data\odac\pristine_CO2\OKAYIK\OKAYIK_w_CO2_1_relaxed.cif,-0.10130627428569428
C:\Users\GED\PycharmProjects\Aixelo_Project_DataLab_2025\data\odac\pristine_CO2\OKAYOQ\OKAYOQ_w_CO2_1_relaxed.cif,-0.25588508000002874
C:\Users\GED\PycharmProjects\Aixelo_Project_DataLab_2025\data\odac\pristine_CO2\OKAYUW\OKAYUW_w_CO2_1_relaxed.cif,-0.23129715888892907
C:\Users\GED\PycharmProjects\Aixelo_Project_DataLab_2025\data\odac\pristine_CO2\OKAZAD\OKAZAD_w_CO2_1_relaxed.cif,-0.4215480422222729
C:\Users\GED\PycharmProjects\Aixelo_Project_DataLab_2025\data\odac\pristine_CO2\OKELOH\OKELOH_w_CO2_random_1_relaxed.cif,-0.17001180500039936
C:\Users\GED\PycharmProjects\Aixelo_Project_DataLab_2025\data\odac\pristine_CO2\OKIJUO_charged\OKIJUO_charged_w_CO2_1_relaxed.cif,-0.3685190800000718
C:\Users\GED\PycharmProjects\Aixelo_Project_DataLab_2025\data\odac\pristine_CO2\OKIKAV_charged\OKIKAV_charged_w_CO2_1_relaxed.cif,-0.37257035142855394
C:\Users\GED\PycharmProjects\Aixelo_Project_DataLab_2025\data\odac\pristine_CO2\OKIKEZ_charged\OKIKEZ_charged_w_CO2_1_relaxed.cif,-0.19925304428582938
C:\Users\GED\PycharmProjects\Aixelo_Project_DataLab_2025\data\odac\pristine_CO2\OKILEA\OKILEA_w_CO2_1_relaxed.cif,-0.40662439375023496
C:\Users\GED\PycharmProjects\Aixelo_Project_DataLab_2025\data\odac\pristine_CO2\OKITIM02_charged\OKITIM02_charged_w_CO2_1_relaxed.cif,-0.08668684857151931
C:\Users\GED\PycharmProjects\Aixelo_Project_DataLab_2025\data\odac\pristine_CO2\OKITIM_charged\OKITIM_charged_w_CO2_1_relaxed.cif,-0.3854067785709958
C:\Users\GED\PycharmProjects\Aixelo_Project_DataLab_2025\data\odac\pristine_CO2\OKIVAG_charged\OKIVAG_charged_w_CO2_1_relaxed.cif,-0.07280014428553318
C:\Users\GED\PycharmProjects\Aixelo_Project_DataLab_2025\data\odac\pristine_CO2\OKIVIO01_charged\OKIVIO01_charged_w_CO2_1_relaxed.cif,-0.3090320428571301
C:\Users\GED\PycharmProjects\Aixelo_Project_DataLab_2025\data\odac\pristine_CO2\OKIVIO_charged\OKIVIO_charged_w_CO2_1_relaxed.cif,-0.1556546814283917
C:\Users\GED\PycharmProjects\Aixelo_Project_DataLab_2025\data\odac\pristine_CO2\OKIVUA\OKIVUA_w_CO2_1_relaxed.cif,-0.38535013428561016
C:\Users\GED\PycharmProjects\Aixelo_Project_DataLab_2025\data\odac\pristine_CO2\OKIWEL02_charged\OKIWEL02_charged_w_CO2_1_relaxed.cif,-0.3677772242854839
C:\Users\GED\PycharmProjects\Aixelo_Project_DataLab_2025\data\odac\pristine_CO2\OKIWEL_charged\OKIWEL_charged_w_CO2_1_relaxed.cif,-0.16658531857144357
C:\Users\GED\PycharmProjects\Aixelo_Project_DataLab_2025\data\odac\pristine_CO2\OKIWUB01_charged\OKIWUB01_charged_w_CO2_1_relaxed.cif,-0.23304101714328287
C:\Users\GED\PycharmProjects\Aixelo_Project_DataLab_2025\data\odac\pristine_CO2\OKIWUB02\OKIWUB02_w_CO2_1_relaxed.cif,-0.24369377142797277
C:\Users\GED\PycharmProjects\Aixelo_Project_DataLab_2025\data\odac\pristine_CO2\OKIWUB_charged\OKIWUB_charged_w_CO2_1_relaxed.cif,-0.301216904285671
C:\Users\GED\PycharmProjects\Aixelo_Project_DataLab_2025\data\odac\pristine_CO2\OKIXIQ01_charged\OKIXIQ01_charged_w_CO2_1_relaxed.cif,-0.2774246771430496
C:\Users\GED\PycharmProjects\Aixelo_Project_DataLab_2025\data\odac\pristine_CO2\OKIXIQ02_charged\OKIXIQ02_charged_w_CO2_1_relaxed.cif,-0.27516907285676745
C:\Users\GED\PycharmProjects\Aixelo_Project_DataLab_2025\data\odac\pristine_CO2\OKIXIQ_charged\OKIXIQ_charged_w_CO2_1_relaxed.cif,-0.2665330914287551
C:\Users\GED\PycharmProjects\Aixelo_Project_DataLab_2025\data\odac\pristine_CO2\OKIYAJ01\OKIYAJ01_w_CO2_1_relaxed.cif,-0.3580024614283762
C:\Users\GED\PycharmProjects\Aixelo_Project_DataLab_2025\data\odac\pristine_CO2\OKIYAJ_charged\OKIYAJ_charged_w_CO2_1_relaxed.cif,-0.3674471385713462
C:\Users\GED\PycharmProjects\Aixelo_Project_DataLab_2025\data\odac\pristine_CO2\OKIYIR01_charged\OKIYIR01_charged_w_CO2_1_relaxed.cif,-0.25573040714282663
C:\Users\GED\PycharmProjects\Aixelo_Project_DataLab_2025\data\odac\pristine_CO2\OKIYIR02_charged\OKIYIR02_charged_w_CO2_1_relaxed.cif,-0.2468294657140047
C:\Users\GED\PycharmProjects\Aixelo_Project_DataLab_2025\data\odac\pristine_CO2\OKIYIR03_charged\OKIYIR03_charged_w_CO2_1_relaxed.cif,-0.24292071857137537
C:\Users\GED\PycharmProjects\Aixelo_Project_DataLab_2025\data\odac\pristine_CO2\OKIYIR_charged\OKIYIR_charged_w_CO2_1_relaxed.cif,-0.22728255999969144
C:\Users\GED\PycharmProjects\Aixelo_Project_DataLab_2025\data\odac\pristine_CO2\OLAGIR\OLAGIR_w_CO2_1_relaxed.cif,-0.2794201428571666
C:\Users\GED\PycharmProjects\Aixelo_Project_DataLab_2025\data\odac\pristine_CO2\OLEKUL\OLEKUL_w_CO2_1_relaxed.cif,-0.18829873499987565
C:\Users\GED\PycharmProjects\Aixelo_Project_DataLab_2025\data\odac\pristine_CO2\OLELAS\OLELAS_w_CO2_1_relaxed.cif,-0.13141156375007762
C:\Users\GED\PycharmProjects\Aixelo_Project_DataLab_2025\data\odac\pristine_CO2\OLOKEF\OLOKEF_w_CO2_1_relaxed.cif,-0.2872989637499934
C:\Users\GED\PycharmProjects\Aixelo_Project_DataLab_2025\data\odac\pristine_CO2\OLOPEM\OLOPEM_w_CO2_1_relaxed.cif,-0.5595938724995904
C:\Users\GED\PycharmProjects\Aixelo_Project_DataLab_2025\data\odac\pristine_CO2\OLUCAZ\OLUCAZ_w_CO2_1_relaxed.cif,-0.21151850599985664
C:\Users\GED\PycharmProjects\Aixelo_Project_DataLab_2025\data\odac\pristine_CO2\OMIPAD\OMIPAD_w_CO2_1_relaxed.cif,-0.17759209874992618
C:\Users\GED\PycharmProjects\Aixelo_Project_DataLab_2025\data\odac\pristine_CO2\OMOVET\OMOVET_w_CO2_1_relaxed.cif,0.3037386514284727
C:\Users\GED\PycharmProjects\Aixelo_Project_DataLab_2025\data\odac\pristine_CO2\ONIXOZ\ONIXOZ_w_CO2_1_relaxed.cif,0.013303784285718804
C:\Users\GED\PycharmProjects\Aixelo_Project_DataLab_2025\data\odac\pristine_CO2\ONUJUE\ONUJUE_w_CO2_3_relaxed.cif,6.61805516000004
C:\Users\GED\PycharmProjects\Aixelo_Project_DataLab_2025\data\odac\pristine_CO2\ONUKAL\ONUKAL_w_CO2_1_relaxed.cif,-0.4218668744444661
C:\Users\GED\PycharmProjects\Aixelo_Project_DataLab_2025\data\odac\pristine_CO2\ONUQOE\ONUQOE_w_CO2_1_relaxed.cif,0.25385282499988193
C:\Users\GED\PycharmProjects\Aixelo_Project_DataLab_2025\data\odac\pristine_CO2\OPAGIX\OPAGIX_w_CO2_1_relaxed.cif,-0.3530114740000954
C:\Users\GED\PycharmProjects\Aixelo_Project_DataLab_2025\data\odac\pristine_CO2\OPAMOI\OPAMOI_w_CO2_1_relaxed.cif,-0.2186428433333323
C:\Users\GED\PycharmProjects\Aixelo_Project_DataLab_2025\data\odac\pristine_CO2\OPAPEB\OPAPEB_w_CO2_1_relaxed.cif,-0.01208160799999404
C:\Users\GED\PycharmProjects\Aixelo_Project_DataLab_2025\data\odac\pristine_CO2\OPENON\OPENON_w_CO2_1_relaxed.cif,-0.29764434124999184
C:\Users\GED\PycharmProjects\Aixelo_Project_DataLab_2025\data\odac\pristine_CO2\OPIPUZ\OPIPUZ_w_CO2_1_relaxed.cif,-0.17824613714284557
C:\Users\GED\PycharmProjects\Aixelo_Project_DataLab_2025\data\odac\pristine_CO2\OPIWEQ\OPIWEQ_w_CO2_1_relaxed.cif,-0.2460370699999714
C:\Users\GED\PycharmProjects\Aixelo_Project_DataLab_2025\data\odac\pristine_CO2\OPIYAP\OPIYAP_w_CO2_1_relaxed.cif,-0.3069165614285469
C:\Users\GED\PycharmProjects\Aixelo_Project_DataLab_2025\data\odac\pristine_CO2\OPOBIF\OPOBIF_w_CO2_1_relaxed.cif,-0.212600595000102
C:\Users\GED\PycharmProjects\Aixelo_Project_DataLab_2025\data\odac\pristine_CO2\OPOZEZ\OPOZEZ_w_CO2_1_relaxed.cif,-0.26965677833338
C:\Users\GED\PycharmProjects\Aixelo_Project_DataLab_2025\data\odac\pristine_CO2\OQANIE\OQANIE_w_CO2_1_relaxed.cif,-0.153416547500143
C:\Users\GED\PycharmProjects\Aixelo_Project_DataLab_2025\data\odac\pristine_CO2\OQEPUW\OQEPUW_w_CO2_1_relaxed.cif,-0.2882769328573106
C:\Users\GED\PycharmProjects\Aixelo_Project_DataLab_2025\data\odac\pristine_CO2\OQEROS\OQEROS_w_CO2_1_relaxed.cif,-0.2744024571428391
C:\Users\GED\PycharmProjects\Aixelo_Project_DataLab_2025\data\odac\pristine_CO2\OQERUY\OQERUY_w_CO2_1_relaxed.cif,-0.29026540857116084
C:\Users\GED\PycharmProjects\Aixelo_Project_DataLab_2025\data\odac\pristine_CO2\OQESAF\OQESAF_w_CO2_1_relaxed.cif,-0.34525172428584483
C:\Users\GED\PycharmProjects\Aixelo_Project_DataLab_2025\data\odac\pristine_CO2\OQESEJ\OQESEJ_w_CO2_1_relaxed.cif,-0.2928236357142201
C:\Users\GED\PycharmProjects\Aixelo_Project_DataLab_2025\data\odac\pristine_CO2\OQIQOW\OQIQOW_w_CO2_1_relaxed.cif,-0.47000236875015844
C:\Users\GED\PycharmProjects\Aixelo_Project_DataLab_2025\data\odac\pristine_CO2\OQIQUB_charged\OQIQUB_charged_w_CO2_1_relaxed.cif,1.016989743333473
C:\Users\GED\PycharmProjects\Aixelo_Project_DataLab_2025\data\odac\pristine_CO2\OQOJUB\OQOJUB_w_CO2_1_relaxed.cif,-0.0540437285714168
C:\Users\GED\PycharmProjects\Aixelo_Project_DataLab_2025\data\odac\pristine_CO2\OREZES\OREZES_w_CO2_1_relaxed.cif,-0.2882244480001645
C:\Users\GED\PycharmProjects\Aixelo_Project_DataLab_2025\data\odac\pristine_CO2\ORIBAU\ORIBAU_w_CO2_1_relaxed.cif,0.045891373333233766
C:\Users\GED\PycharmProjects\Aixelo_Project_DataLab_2025\data\odac\pristine_CO2\ORIVOC\ORIVOC_w_CO2_1_relaxed.cif,-0.4059895120001329
C:\Users\GED\PycharmProjects\Aixelo_Project_DataLab_2025\data\odac\pristine_CO2\ORIVUI\ORIVUI_w_CO2_1_relaxed.cif,-0.24925769000024042
C:\Users\GED\PycharmProjects\Aixelo_Project_DataLab_2025\data\odac\pristine_CO2\ORIWAP\ORIWAP_w_CO2_1_relaxed.cif,-0.33042473599989536
C:\Users\GED\PycharmProjects\Aixelo_Project_DataLab_2025\data\odac\pristine_CO2\ORIWET\ORIWET_w_CO2_1_relaxed.cif,-0.326458693999848
C:\Users\GED\PycharmProjects\Aixelo_Project_DataLab_2025\data\odac\pristine_CO2\OROKEN\OROKEN_w_CO2_1_relaxed.cif,-0.18491038666665338
C:\Users\GED\PycharmProjects\Aixelo_Project_DataLab_2025\data\odac\pristine_CO2\OROLUD\OROLUD_w_CO2_1_relaxed.cif,-0.006807575714268343
C:\Users\GED\PycharmProjects\Aixelo_Project_DataLab_2025\data\odac\pristine_CO2\OROMAK\OROMAK_w_CO2_1_relaxed.cif,3.1344850814285468
C:\Users\GED\PycharmProjects\Aixelo_Project_DataLab_2025\data\odac\pristine_CO2\ORUKET\ORUKET_w_CO2_1_relaxed.cif,0.10942317500007444
C:\Users\GED\PycharmProjects\Aixelo_Project_DataLab_2025\data\odac\pristine_CO2\ORUKOD\ORUKOD_w_CO2_1_relaxed.cif,-0.31932712874959174
C:\Users\GED\PycharmProjects\Aixelo_Project_DataLab_2025\data\odac\pristine_CO2\ORULEU\ORULEU_w_CO2_1_relaxed.cif,-0.4009239237501845
C:\Users\GED\PycharmProjects\Aixelo_Project_DataLab_2025\data\odac\pristine_CO2\OSAVEK\OSAVEK_w_CO2_1_relaxed.cif,0.8812757316667046
C:\Users\GED\PycharmProjects\Aixelo_Project_DataLab_2025\data\odac\pristine_CO2\OSAVUA\OSAVUA_w_CO2_1_relaxed.cif,-0.04163809571430678
C:\Users\GED\PycharmProjects\Aixelo_Project_DataLab_2025\data\odac\pristine_CO2\OSAWEL\OSAWEL_w_CO2_1_relaxed.cif,-0.2976366322222298
C:\Users\GED\PycharmProjects\Aixelo_Project_DataLab_2025\data\odac\pristine_CO2\OSAXAI\OSAXAI_w_CO2_1_relaxed.cif,-0.1705235050001192
C:\Users\GED\PycharmProjects\Aixelo_Project_DataLab_2025\data\odac\pristine_CO2\OSILOS_charged\OSILOS_charged_w_CO2_1_relaxed.cif,-0.18592612142853274
C:\Users\GED\PycharmProjects\Aixelo_Project_DataLab_2025\data\odac\pristine_CO2\OSIWUJ\OSIWUJ_w_CO2_1_relaxed.cif,-0.335138867142827
C:\Users\GED\PycharmProjects\Aixelo_Project_DataLab_2025\data\odac\pristine_CO2\OSIXEU\OSIXEU_w_CO2_1_relaxed.cif,-0.34868974571424716
C:\Users\GED\PycharmProjects\Aixelo_Project_DataLab_2025\data\odac\pristine_CO2\OSIXIY\OSIXIY_w_CO2_1_relaxed.cif,-0.42570774714301607
C:\Users\GED\PycharmProjects\Aixelo_Project_DataLab_2025\data\odac\pristine_CO2\OSUGUG\OSUGUG_w_CO2_1_relaxed.cif,-0.3770153571428442
C:\Users\GED\PycharmProjects\Aixelo_Project_DataLab_2025\data\odac\pristine_CO2\OSUVIJ\OSUVIJ_w_CO2_1_relaxed.cif,-0.09842068571414785
C:\Users\GED\PycharmProjects\Aixelo_Project_DataLab_2025\data\odac\pristine_CO2\OSUWEF\OSUWEF_w_CO2_1_relaxed.cif,-0.45547454750024485
C:\Users\GED\PycharmProjects\Aixelo_Project_DataLab_2025\data\odac\pristine_CO2\OTAQAD\OTAQAD_w_CO2_1_relaxed.cif,-0.24364668499993059
C:\Users\GED\PycharmProjects\Aixelo_Project_DataLab_2025\data\odac\pristine_CO2\OTATOT\OTATOT_w_CO2_3_relaxed.cif,-0.32702267666672924
C:\Users\GED\PycharmProjects\Aixelo_Project_DataLab_2025\data\odac\pristine_CO2\OTAVAH\OTAVAH_w_CO2_1_relaxed.cif,0.4243271666665578
C:\Users\GED\PycharmProjects\Aixelo_Project_DataLab_2025\data\odac\pristine_CO2\OTAVOV\OTAVOV_w_CO2_1_relaxed.cif,0.7959584999998697
C:\Users\GED\PycharmProjects\Aixelo_Project_DataLab_2025\data\odac\pristine_CO2\OTAVUB\OTAVUB_w_CO2_1_relaxed.cif,-0.22797977750008155
C:\Users\GED\PycharmProjects\Aixelo_Project_DataLab_2025\data\odac\pristine_CO2\OTAWIR\OTAWIR_w_CO2_1_relaxed.cif,-0.37677099499978794
C:\Users\GED\PycharmProjects\Aixelo_Project_DataLab_2025\data\odac\pristine_CO2\OTIPAK\OTIPAK_w_CO2_1_relaxed.cif,-0.2994801116666394
C:\Users\GED\PycharmProjects\Aixelo_Project_DataLab_2025\data\odac\pristine_CO2\OTIPEO\OTIPEO_w_CO2_1_relaxed.cif,-0.5033673971430029
C:\Users\GED\PycharmProjects\Aixelo_Project_DataLab_2025\data\odac\pristine_CO2\OTIPUE\OTIPUE_w_CO2_1_relaxed.cif,-0.09053016374997465
C:\Users\GED\PycharmProjects\Aixelo_Project_DataLab_2025\data\odac\pristine_CO2\OTIQAL\OTIQAL_w_CO2_1_relaxed.cif,-0.1339868828571947
C:\Users\GED\PycharmProjects\Aixelo_Project_DataLab_2025\data\odac\pristine_CO2\OTODEI\OTODEI_w_CO2_1_relaxed.cif,0.573018346666648
C:\Users\GED\PycharmProjects\Aixelo_Project_DataLab_2025\data\odac\pristine_CO2\OTODOS\OTODOS_w_CO2_1_relaxed.cif,-0.025087104285733297
C:\Users\GED\PycharmProjects\Aixelo_Project_DataLab_2025\data\odac\pristine_CO2\OTOVAW\OTOVAW_w_CO2_1_relaxed.cif,-0.06878329333353068
C:\Users\GED\PycharmProjects\Aixelo_Project_DataLab_2025\data\odac\pristine_CO2\OTUXUX\OTUXUX_w_CO2_1_relaxed.cif,-0.12445081500021611
C:\Users\GED\PycharmProjects\Aixelo_Project_DataLab_2025\data\odac\pristine_CO2\OTUYEJ\OTUYEJ_w_CO2_1_relaxed.cif,-0.17159244833339923
C:\Users\GED\PycharmProjects\Aixelo_Project_DataLab_2025\data\odac\pristine_CO2\OVADAR\OVADAR_w_CO2_1_relaxed.cif,-0.4210386649998412
C:\Users\GED\PycharmProjects\Aixelo_Project_DataLab_2025\data\odac\pristine_CO2\OVEHUT\OVEHUT_w_CO2_1_relaxed.cif,-0.580960442857044
C:\Users\GED\PycharmProjects\Aixelo_Project_DataLab_2025\data\odac\pristine_CO2\OVEJIJ\OVEJIJ_w_CO2_1_relaxed.cif,-0.36981638571424874
C:\Users\GED\PycharmProjects\Aixelo_Project_DataLab_2025\data\odac\pristine_CO2\OVICUS\OVICUS_w_CO2_1_relaxed.cif,-0.2503133285713537
C:\Users\GED\PycharmProjects\Aixelo_Project_DataLab_2025\data\odac\pristine_CO2\OVIZID\OVIZID_w_CO2_1_relaxed.cif,-0.21212516333328799
C:\Users\GED\PycharmProjects\Aixelo_Project_DataLab_2025\data\odac\pristine_CO2\OVUDAL\OVUDAL_w_CO2_1_relaxed.cif,-0.3825140266666646
C:\Users\GED\PycharmProjects\Aixelo_Project_DataLab_2025\data\odac\pristine_CO2\OVUVIL\OVUVIL_w_CO2_2_relaxed.cif,9.450780853999913
C:\Users\GED\PycharmProjects\Aixelo_Project_DataLab_2025\data\odac\pristine_CO2\OWAVOY\OWAVOY_w_CO2_1_relaxed.cif,-0.4209308500001368
C:\Users\GED\PycharmProjects\Aixelo_Project_DataLab_2025\data\odac\pristine_CO2\OWILAJ\OWILAJ_w_CO2_1_relaxed.cif,-0.36457500500008183
C:\Users\GED\PycharmProjects\Aixelo_Project_DataLab_2025\data\odac\pristine_CO2\OWUWOU\OWUWOU_w_CO2_1_relaxed.cif,0.0994483699998151
C:\Users\GED\PycharmProjects\Aixelo_Project_DataLab_2025\data\odac\pristine_CO2\OXALEF\OXALEF_w_CO2_1_relaxed.cif,-0.21951616999986825
C:\Users\GED\PycharmProjects\Aixelo_Project_DataLab_2025\data\odac\pristine_CO2\OXALIJ_ion_b\OXALIJ_ion_b_w_CO2_1_relaxed.cif,0.04433289000007787
C:\Users\GED\PycharmProjects\Aixelo_Project_DataLab_2025\data\odac\pristine_CO2\OXEVOE\OXEVOE_w_CO2_1_relaxed.cif,-0.3626537933333414
C:\Users\GED\PycharmProjects\Aixelo_Project_DataLab_2025\data\odac\pristine_CO2\OXITOF\OXITOF_w_CO2_1_relaxed.cif,0.13907146888883892
C:\Users\GED\PycharmProjects\Aixelo_Project_DataLab_2025\data\odac\pristine_CO2\OXOZUY\OXOZUY_w_CO2_1_relaxed.cif,0.6615974550001056
C:\Users\GED\PycharmProjects\Aixelo_Project_DataLab_2025\data\odac\pristine_CO2\OXUPUT\OXUPUT_w_CO2_1_relaxed.cif,0.47056724666636757
C:\Users\GED\PycharmProjects\Aixelo_Project_DataLab_2025\data\odac\pristine_CO2\OYEJOS\OYEJOS_w_CO2_1_relaxed.cif,-0.11805199333313492
C:\Users\GED\PycharmProjects\Aixelo_Project_DataLab_2025\data\odac\pristine_CO2\OYERER\OYERER_w_CO2_1_relaxed.cif,-0.10372544200022271
C:\Users\GED\PycharmProjects\Aixelo_Project_DataLab_2025\data\odac\pristine_CO2\OYEWIA\OYEWIA_w_CO2_1_relaxed.cif,-0.3140746766664506
C:\Users\GED\PycharmProjects\Aixelo_Project_DataLab_2025\data\odac\pristine_CO2\OYIVEY\OYIVEY_w_CO2_1_relaxed.cif,-0.2688818585712786
C:\Users\GED\PycharmProjects\Aixelo_Project_DataLab_2025\data\odac\pristine_CO2\OYIVIC\OYIVIC_w_CO2_1_relaxed.cif,-0.25762869833327307
C:\Users\GED\PycharmProjects\Aixelo_Project_DataLab_2025\data\odac\pristine_CO2\OYIVOI\OYIVOI_w_CO2_1_relaxed.cif,-0.27326847285709327
C:\Users\GED\PycharmProjects\Aixelo_Project_DataLab_2025\data\odac\pristine_CO2\OYOSAX\OYOSAX_w_CO2_1_relaxed.cif,0.08852723800016514
C:\Users\GED\PycharmProjects\Aixelo_Project_DataLab_2025\data\odac\pristine_CO2\OYUSAD_charged\OYUSAD_charged_w_CO2_1_relaxed.cif,-0.26397515400003607
C:\Users\GED\PycharmProjects\Aixelo_Project_DataLab_2025\data\odac\pristine_CO2\OZAVOC\OZAVOC_w_CO2_1_relaxed.cif,-0.16359786166670645
C:\Users\GED\PycharmProjects\Aixelo_Project_DataLab_2025\data\odac\pristine_CO2\OZUKOL\OZUKOL_w_CO2_1_relaxed.cif,-0.2964288339998348
C:\Users\GED\PycharmProjects\Aixelo_Project_DataLab_2025\data\odac\pristine_CO2\OZUKUR\OZUKUR_w_CO2_1_relaxed.cif,-0.2696289640000486
C:\Users\GED\PycharmProjects\Aixelo_Project_DataLab_2025\data\odac\pristine_CO2\OZUKUR01\OZUKUR01_w_CO2_1_relaxed.cif,-0.3086080420001053
C:\Users\GED\PycharmProjects\Aixelo_Project_DataLab_2025\data\odac\pristine_CO2\OZULAY\OZULAY_w_CO2_1_relaxed.cif,-0.27038379800005713
C:\Users\GED\PycharmProjects\Aixelo_Project_DataLab_2025\data\odac\pristine_CO2\OZULUS\OZULUS_w_CO2_1_relaxed.cif,-0.16749300600008604
C:\Users\GED\PycharmProjects\Aixelo_Project_DataLab_2025\data\odac\pristine_CO2\OZUMAZ\OZUMAZ_w_CO2_1_relaxed.cif,-0.2287179240001478
C:\Users\GED\PycharmProjects\Aixelo_Project_DataLab_2025\data\odac\pristine_CO2\OZUMAZ01\OZUMAZ01_w_CO2_1_relaxed.cif,-0.29555165800015853
C:\Users\GED\PycharmProjects\Aixelo_Project_DataLab_2025\data\odac\pristine_CO2\OZUMIH\OZUMIH_w_CO2_1_relaxed.cif,-0.25164326600011006
C:\Users\GED\PycharmProjects\Aixelo_Project_DataLab_2025\data\odac\pristine_CO2\PACZUQ\PACZUQ_w_CO2_1_relaxed.cif,-0.19927073166661557
C:\Users\GED\PycharmProjects\Aixelo_Project_DataLab_2025\data\odac\pristine_CO2\PAFMUH\PAFMUH_w_CO2_1_relaxed.cif,-0.48898225000004913
C:\Users\GED\PycharmProjects\Aixelo_Project_DataLab_2025\data\odac\pristine_CO2\PAHPOG\PAHPOG_w_CO2_1_relaxed.cif,0.3256598166669846
C:\Users\GED\PycharmProjects\Aixelo_Project_DataLab_2025\data\odac\pristine_CO2\PAJSAX\PAJSAX_w_CO2_1_relaxed.cif,-0.5275150820000818
C:\Users\GED\PycharmProjects\Aixelo_Project_DataLab_2025\data\odac\pristine_CO2\PAKFAL\PAKFAL_w_CO2_1_relaxed.cif,-0.37975718600018804
C:\Users\GED\PycharmProjects\Aixelo_Project_DataLab_2025\data\odac\pristine_CO2\PAKFEP\PAKFEP_w_CO2_1_relaxed.cif,-0.33433723800017107
C:\Users\GED\PycharmProjects\Aixelo_Project_DataLab_2025\data\odac\pristine_CO2\PAKXIK\PAKXIK_w_CO2_1_relaxed.cif,-0.1887374516668008
C:\Users\GED\PycharmProjects\Aixelo_Project_DataLab_2025\data\odac\pristine_CO2\PALTON\PALTON_w_CO2_1_relaxed.cif,-0.17731537999983019
C:\Users\GED\PycharmProjects\Aixelo_Project_DataLab_2025\data\odac\pristine_CO2\PAMGIV\PAMGIV_w_CO2_1_relaxed.cif,-0.18531201857134807
C:\Users\GED\PycharmProjects\Aixelo_Project_DataLab_2025\data\odac\pristine_CO2\PAMHIW\PAMHIW_w_CO2_1_relaxed.cif,-0.05302392285726192
C:\Users\GED\PycharmProjects\Aixelo_Project_DataLab_2025\data\odac\pristine_CO2\PAMTUU\PAMTUU_w_CO2_3_relaxed.cif,-0.28418637666671503
C:\Users\GED\PycharmProjects\Aixelo_Project_DataLab_2025\data\odac\pristine_CO2\PAMVEG\PAMVEG_w_CO2_1_relaxed.cif,-0.3156998242857623
C:\Users\GED\PycharmProjects\Aixelo_Project_DataLab_2025\data\odac\pristine_CO2\PANYOU_charged\PANYOU_charged_w_CO2_1_relaxed.cif,-0.5708397628572389
C:\Users\GED\PycharmProjects\Aixelo_Project_DataLab_2025\data\odac\pristine_CO2\PAPRUU\PAPRUU_w_CO2_1_relaxed.cif,-0.28899248400007305
C:\Users\GED\PycharmProjects\Aixelo_Project_DataLab_2025\data\odac\pristine_CO2\PAPXUB\PAPXUB_w_CO2_1_relaxed.cif,-0.2929784549999681
C:\Users\GED\PycharmProjects\Aixelo_Project_DataLab_2025\data\odac\pristine_CO2\PAQMEB\PAQMEB_w_CO2_1_relaxed.cif,0.33694061000005604
C:\Users\GED\PycharmProjects\Aixelo_Project_DataLab_2025\data\odac\pristine_CO2\PARHAS\PARHAS_w_CO2_1_relaxed.cif,-0.22387762500002847
C:\Users\GED\PycharmProjects\Aixelo_Project_DataLab_2025\data\odac\pristine_CO2\PARHEW\PARHEW_w_CO2_1_relaxed.cif,-0.10682481000003458
C:\Users\GED\PycharmProjects\Aixelo_Project_DataLab_2025\data\odac\pristine_CO2\PARKUQ01\PARKUQ01_w_CO2_1_relaxed.cif,-0.201245493999977
C:\Users\GED\PycharmProjects\Aixelo_Project_DataLab_2025\data\odac\pristine_CO2\PARNIH\PARNIH_w_CO2_1_relaxed.cif,-0.10361375166659548
C:\Users\GED\PycharmProjects\Aixelo_Project_DataLab_2025\data\odac\pristine_CO2\PARNON\PARNON_w_CO2_1_relaxed.cif,-0.11325568499989913
C:\Users\GED\PycharmProjects\Aixelo_Project_DataLab_2025\data\odac\pristine_CO2\PASMUT\PASMUT_w_CO2_1_relaxed.cif,0.4503858485715
C:\Users\GED\PycharmProjects\Aixelo_Project_DataLab_2025\data\odac\pristine_CO2\PASNAA\PASNAA_w_CO2_1_relaxed.cif,-0.5793964099999158
C:\Users\GED\PycharmProjects\Aixelo_Project_DataLab_2025\data\odac\pristine_CO2\PASNAA01\PASNAA01_w_CO2_1_relaxed.cif,0.5393542424999822
C:\Users\GED\PycharmProjects\Aixelo_Project_DataLab_2025\data\odac\pristine_CO2\PASTOU\PASTOU_w_CO2_1_relaxed.cif,-0.331079667142928
C:\Users\GED\PycharmProjects\Aixelo_Project_DataLab_2025\data\odac\pristine_CO2\PATNAB\PATNAB_w_CO2_random_1_relaxed.cif,0.46588190499994653
C:\Users\GED\PycharmProjects\Aixelo_Project_DataLab_2025\data\odac\pristine_CO2\PATWOY\PATWOY_w_CO2_1_relaxed.cif,-0.11934609625029678
C:\Users\GED\PycharmProjects\Aixelo_Project_DataLab_2025\data\odac\pristine_CO2\PAVLOO\PAVLOO_w_CO2_1_relaxed.cif,-0.2852536528569577
C:\Users\GED\PycharmProjects\Aixelo_Project_DataLab_2025\data\odac\pristine_CO2\PAVMAB\PAVMAB_w_CO2_1_relaxed.cif,-0.25919289999998385
C:\Users\GED\PycharmProjects\Aixelo_Project_DataLab_2025\data\odac\pristine_CO2\PEBNEP\PEBNEP_w_CO2_1_relaxed.cif,-0.3820285862501293
C:\Users\GED\PycharmProjects\Aixelo_Project_DataLab_2025\data\odac\pristine_CO2\PECLEP\PECLEP_w_CO2_1_relaxed.cif,-0.5883131825002579
C:\Users\GED\PycharmProjects\Aixelo_Project_DataLab_2025\data\odac\pristine_CO2\PEDMER\PEDMER_w_CO2_1_relaxed.cif,-0.420736466249977
C:\Users\GED\PycharmProjects\Aixelo_Project_DataLab_2025\data\odac\pristine_CO2\PEDMOB\PEDMOB_w_CO2_1_relaxed.cif,-0.3140586433334723
C:\Users\GED\PycharmProjects\Aixelo_Project_DataLab_2025\data\odac\pristine_CO2\PEDRIA\PEDRIA_w_CO2_1_relaxed.cif,-0.35448706249962925
C:\Users\GED\PycharmProjects\Aixelo_Project_DataLab_2025\data\odac\pristine_CO2\PEFJUF\PEFJUF_w_CO2_1_relaxed.cif,0.3407966974999965
C:\Users\GED\PycharmProjects\Aixelo_Project_DataLab_2025\data\odac\pristine_CO2\PEFRUP\PEFRUP_w_CO2_1_relaxed.cif,-0.06110704166674924
C:\Users\GED\PycharmProjects\Aixelo_Project_DataLab_2025\data\odac\pristine_CO2\PEFRUP01\PEFRUP01_w_CO2_1_relaxed.cif,1.1149251566666862
C:\Users\GED\PycharmProjects\Aixelo_Project_DataLab_2025\data\odac\pristine_CO2\PEFSUQ\PEFSUQ_w_CO2_1_relaxed.cif,-0.3366129066668388
C:\Users\GED\PycharmProjects\Aixelo_Project_DataLab_2025\data\odac\pristine_CO2\PEGBAG\PEGBAG_w_CO2_1_relaxed.cif,-0.4260447957143632
C:\Users\GED\PycharmProjects\Aixelo_Project_DataLab_2025\data\odac\pristine_CO2\PEGBUA\PEGBUA_w_CO2_1_relaxed.cif,-0.35920111428578944
C:\Users\GED\PycharmProjects\Aixelo_Project_DataLab_2025\data\odac\pristine_CO2\PEGCAH\PEGCAH_w_CO2_1_relaxed.cif,-0.39742201142874883
C:\Users\GED\PycharmProjects\Aixelo_Project_DataLab_2025\data\odac\pristine_CO2\PEGCEL\PEGCEL_w_CO2_1_relaxed.cif,-0.13611029571438843
C:\Users\GED\PycharmProjects\Aixelo_Project_DataLab_2025\data\odac\pristine_CO2\PEGCIP\PEGCIP_w_CO2_1_relaxed.cif,-0.14173987428583648
C:\Users\GED\PycharmProjects\Aixelo_Project_DataLab_2025\data\odac\pristine_CO2\PEGPOI\PEGPOI_w_CO2_1_relaxed.cif,-0.4216330437497504
C:\Users\GED\PycharmProjects\Aixelo_Project_DataLab_2025\data\odac\pristine_CO2\PEGQID\PEGQID_w_CO2_1_relaxed.cif,0.5723833874999968
C:\Users\GED\PycharmProjects\Aixelo_Project_DataLab_2025\data\odac\pristine_CO2\PEHQID_neutral\PEHQID_neutral_w_CO2_1_relaxed.cif,-0.395870279999978
C:\Users\GED\PycharmProjects\Aixelo_Project_DataLab_2025\data\odac\pristine_CO2\PEHTON\PEHTON_w_CO2_1_relaxed.cif,0.20060154200000394
C:\Users\GED\PycharmProjects\Aixelo_Project_DataLab_2025\data\odac\pristine_CO2\PEJFOA\PEJFOA_w_CO2_1_relaxed.cif,-0.18252001000006302
C:\Users\GED\PycharmProjects\Aixelo_Project_DataLab_2025\data\odac\pristine_CO2\PEJFUG\PEJFUG_w_CO2_1_relaxed.cif,1.294636305714383
C:\Users\GED\PycharmProjects\Aixelo_Project_DataLab_2025\data\odac\pristine_CO2\PEJNUP\PEJNUP_w_CO2_1_relaxed.cif,-0.24783710249988644
C:\Users\GED\PycharmProjects\Aixelo_Project_DataLab_2025\data\odac\pristine_CO2\PEJPAX_charged\PEJPAX_charged_w_CO2_1_relaxed.cif,-0.3182064616667048
C:\Users\GED\PycharmProjects\Aixelo_Project_DataLab_2025\data\odac\pristine_CO2\PEJPIF_charged\PEJPIF_charged_w_CO2_1_relaxed.cif,-0.24034271000011484
C:\Users\GED\PycharmProjects\Aixelo_Project_DataLab_2025\data\odac\pristine_CO2\PEKCUF\PEKCUF_w_CO2_1_relaxed.cif,-0.3011540716665119
C:\Users\GED\PycharmProjects\Aixelo_Project_DataLab_2025\data\odac\pristine_CO2\PEKDAM\PEKDAM_w_CO2_1_relaxed.cif,-0.22890241200016131
C:\Users\GED\PycharmProjects\Aixelo_Project_DataLab_2025\data\odac\pristine_CO2\PEKZIP\PEKZIP_w_CO2_1_relaxed.cif,-0.32377430666662116
C:\Users\GED\PycharmProjects\Aixelo_Project_DataLab_2025\data\odac\pristine_CO2\PELXIP\PELXIP_w_CO2_1_relaxed.cif,-0.5551209914286639
C:\Users\GED\PycharmProjects\Aixelo_Project_DataLab_2025\data\odac\pristine_CO2\PEMGIZ_charged\PEMGIZ_charged_w_CO2_1_relaxed.cif,-0.17737725571432095
C:\Users\GED\PycharmProjects\Aixelo_Project_DataLab_2025\data\odac\pristine_CO2\PEMREG\PEMREG_w_CO2_1_relaxed.cif,-0.34384781833296074
C:\Users\GED\PycharmProjects\Aixelo_Project_DataLab_2025\data\odac\pristine_CO2\PEMRIK\PEMRIK_w_CO2_1_relaxed.cif,-0.12086788285725038
C:\Users\GED\PycharmProjects\Aixelo_Project_DataLab_2025\data\odac\pristine_CO2\PENNAZ\PENNAZ_w_CO2_1_relaxed.cif,-0.24001314666691087
C:\Users\GED\PycharmProjects\Aixelo_Project_DataLab_2025\data\odac\pristine_CO2\PENNON\PENNON_w_CO2_1_relaxed.cif,-0.166547717999947
C:\Users\GED\PycharmProjects\Aixelo_Project_DataLab_2025\data\odac\pristine_CO2\PENNUT\PENNUT_w_CO2_1_relaxed.cif,-0.24958470142857028
C:\Users\GED\PycharmProjects\Aixelo_Project_DataLab_2025\data\odac\pristine_CO2\PENXUC\PENXUC_w_CO2_1_relaxed.cif,-0.3342375649999478
C:\Users\GED\PycharmProjects\Aixelo_Project_DataLab_2025\data\odac\pristine_CO2\PENYIR\PENYIR_w_CO2_1_relaxed.cif,-0.38718789624992667
C:\Users\GED\PycharmProjects\Aixelo_Project_DataLab_2025\data\odac\pristine_CO2\PENZIS\PENZIS_w_CO2_1_relaxed.cif,0.14537022166674277
C:\Users\GED\PycharmProjects\Aixelo_Project_DataLab_2025\data\odac\pristine_CO2\PEPBAO\PEPBAO_w_CO2_1_relaxed.cif,-0.2689698783333748
C:\Users\GED\PycharmProjects\Aixelo_Project_DataLab_2025\data\odac\pristine_CO2\PEPKOL\PEPKOL_w_CO2_1_relaxed.cif,-0.20884020124991307
C:\Users\GED\PycharmProjects\Aixelo_Project_DataLab_2025\data\odac\pristine_CO2\PEPKUR\PEPKUR_w_CO2_1_relaxed.cif,-0.28192372749991534
C:\Users\GED\PycharmProjects\Aixelo_Project_DataLab_2025\data\odac\pristine_CO2\PEPLAY\PEPLAY_w_CO2_1_relaxed.cif,-0.371108237999988
C:\Users\GED\PycharmProjects\Aixelo_Project_DataLab_2025\data\odac\pristine_CO2\PEPLEC\PEPLEC_w_CO2_1_relaxed.cif,-0.257556225999906
C:\Users\GED\PycharmProjects\Aixelo_Project_DataLab_2025\data\odac\pristine_CO2\PEPLIG\PEPLIG_w_CO2_1_relaxed.cif,-0.28001893199998446
C:\Users\GED\PycharmProjects\Aixelo_Project_DataLab_2025\data\odac\pristine_CO2\PEPLOM\PEPLOM_w_CO2_1_relaxed.cif,-0.6653073279998807
C:\Users\GED\PycharmProjects\Aixelo_Project_DataLab_2025\data\odac\pristine_CO2\PEQTUB\PEQTUB_w_CO2_1_relaxed.cif,-0.30137907666661096
C:\Users\GED\PycharmProjects\Aixelo_Project_DataLab_2025\data\odac\pristine_CO2\PEQWAK\PEQWAK_w_CO2_1_relaxed.cif,-0.3676868757142334
C:\Users\GED\PycharmProjects\Aixelo_Project_DataLab_2025\data\odac\pristine_CO2\PESTUD\PESTUD_w_CO2_1_relaxed.cif,-0.3141601862500636
C:\Users\GED\PycharmProjects\Aixelo_Project_DataLab_2025\data\odac\pristine_CO2\PETWIW\PETWIW_w_CO2_1_relaxed.cif,0.08954377799998384
C:\Users\GED\PycharmProjects\Aixelo_Project_DataLab_2025\data\odac\pristine_CO2\PETWOC\PETWOC_w_CO2_1_relaxed.cif,-0.172346007999954
C:\Users\GED\PycharmProjects\Aixelo_Project_DataLab_2025\data\odac\pristine_CO2\PEVFON\PEVFON_w_CO2_1_relaxed.cif,-0.25313955500007523
C:\Users\GED\PycharmProjects\Aixelo_Project_DataLab_2025\data\odac\pristine_CO2\PEVLEJ\PEVLEJ_w_CO2_1_relaxed.cif,-0.4435997614285806
C:\Users\GED\PycharmProjects\Aixelo_Project_DataLab_2025\data\odac\pristine_CO2\PEVLIN\PEVLIN_w_CO2_1_relaxed.cif,-0.40786803857146686
C:\Users\GED\PycharmProjects\Aixelo_Project_DataLab_2025\data\odac\pristine_CO2\PEVQIS_clean_h\PEVQIS_clean_h_w_CO2_1_relaxed.cif,-0.6203751274997558
C:\Users\GED\PycharmProjects\Aixelo_Project_DataLab_2025\data\odac\pristine_CO2\PEVQOY_clean_h\PEVQOY_clean_h_w_CO2_1_relaxed.cif,-0.7201441750000868
C:\Users\GED\PycharmProjects\Aixelo_Project_DataLab_2025\data\odac\pristine_CO2\PEWGEF\PEWGEF_w_CO2_1_relaxed.cif,-0.2582119919999968
C:\Users\GED\PycharmProjects\Aixelo_Project_DataLab_2025\data\odac\pristine_CO2\PEWKOT\PEWKOT_w_CO2_1_relaxed.cif,-0.058996457500228375
C:\Users\GED\PycharmProjects\Aixelo_Project_DataLab_2025\data\odac\pristine_CO2\PEWXUL\PEWXUL_w_CO2_3_relaxed.cif,-0.4835427540000182
C:\Users\GED\PycharmProjects\Aixelo_Project_DataLab_2025\data\odac\pristine_CO2\PEWXUL01\PEWXUL01_w_CO2_1_relaxed.cif,-0.4848408600000539
C:\Users\GED\PycharmProjects\Aixelo_Project_DataLab_2025\data\odac\pristine_CO2\PEXFAA\PEXFAA_w_CO2_1_relaxed.cif,-0.4358040980000169
C:\Users\GED\PycharmProjects\Aixelo_Project_DataLab_2025\data\odac\pristine_CO2\PEXTUI\PEXTUI_w_CO2_1_relaxed.cif,-0.418182208571352
C:\Users\GED\PycharmProjects\Aixelo_Project_DataLab_2025\data\odac\pristine_CO2\PEYPAM_SL\PEYPAM_SL_w_CO2_1_relaxed.cif,-0.27707903857130334
C:\Users\GED\PycharmProjects\Aixelo_Project_DataLab_2025\data\odac\pristine_CO2\PEYPIU\PEYPIU_w_CO2_1_relaxed.cif,-0.3879904262499991
C:\Users\GED\PycharmProjects\Aixelo_Project_DataLab_2025\data\odac\pristine_CO2\PEYSIW\PEYSIW_w_CO2_1_relaxed.cif,-0.3953453466666019
C:\Users\GED\PycharmProjects\Aixelo_Project_DataLab_2025\data\odac\pristine_CO2\PEZCII\PEZCII_w_CO2_1_relaxed.cif,-0.3036883859998852
C:\Users\GED\PycharmProjects\Aixelo_Project_DataLab_2025\data\odac\pristine_CO2\PIBGAK\PIBGAK_w_CO2_1_relaxed.cif,-0.32736792666666287
C:\Users\GED\PycharmProjects\Aixelo_Project_DataLab_2025\data\odac\pristine_CO2\PIBNUK\PIBNUK_w_CO2_1_relaxed.cif,-0.2178818324999838
C:\Users\GED\PycharmProjects\Aixelo_Project_DataLab_2025\data\odac\pristine_CO2\PIBNUK01\PIBNUK01_w_CO2_1_relaxed.cif,-0.232265867499791
C:\Users\GED\PycharmProjects\Aixelo_Project_DataLab_2025\data\odac\pristine_CO2\PIBPAS01\PIBPAS01_w_CO2_1_relaxed.cif,-0.20247529333300915
C:\Users\GED\PycharmProjects\Aixelo_Project_DataLab_2025\data\odac\pristine_CO2\PIBPIA\PIBPIA_w_CO2_1_relaxed.cif,-0.18729398749997012
C:\Users\GED\PycharmProjects\Aixelo_Project_DataLab_2025\data\odac\pristine_CO2\PICTIG\PICTIG_w_CO2_1_relaxed.cif,-0.19409303166664435
C:\Users\GED\PycharmProjects\Aixelo_Project_DataLab_2025\data\odac\pristine_CO2\PIDMEV\PIDMEV_w_CO2_1_relaxed.cif,-0.09553178333328556
C:\Users\GED\PycharmProjects\Aixelo_Project_DataLab_2025\data\odac\pristine_CO2\PIDMEV01\PIDMEV01_w_CO2_1_relaxed.cif,-0.16158964500012488
C:\Users\GED\PycharmProjects\Aixelo_Project_DataLab_2025\data\odac\pristine_CO2\PIHNUQ\PIHNUQ_w_CO2_1_relaxed.cif,-0.23194144124995827
C:\Users\GED\PycharmProjects\Aixelo_Project_DataLab_2025\data\odac\pristine_CO2\PIHWAG\PIHWAG_w_CO2_1_relaxed.cif,-0.1742629885713833
C:\Users\GED\PycharmProjects\Aixelo_Project_DataLab_2025\data\odac\pristine_CO2\PIHWOU\PIHWOU_w_CO2_random_1_relaxed.cif,0.6456485799999712
C:\Users\GED\PycharmProjects\Aixelo_Project_DataLab_2025\data\odac\pristine_CO2\PIJDIX\PIJDIX_w_CO2_1_relaxed.cif,-0.3614448116666342
C:\Users\GED\PycharmProjects\Aixelo_Project_DataLab_2025\data\odac\pristine_CO2\PIJJOI\PIJJOI_w_CO2_1_relaxed.cif,-0.7756043114285863
C:\Users\GED\PycharmProjects\Aixelo_Project_DataLab_2025\data\odac\pristine_CO2\PIJROR\PIJROR_w_CO2_1_relaxed.cif,-0.29817164428569803
C:\Users\GED\PycharmProjects\Aixelo_Project_DataLab_2025\data\odac\pristine_CO2\PIQMOT\PIQMOT_w_CO2_1_relaxed.cif,-0.23672713333333675
C:\Users\GED\PycharmProjects\Aixelo_Project_DataLab_2025\data\odac\pristine_CO2\PITPEP\PITPEP_w_CO2_1_relaxed.cif,-0.13719499333342353
C:\Users\GED\PycharmProjects\Aixelo_Project_DataLab_2025\data\odac\pristine_CO2\PIYZAZ\PIYZAZ_w_CO2_1_relaxed.cif,5.850479710000006
C:\Users\GED\PycharmProjects\Aixelo_Project_DataLab_2025\data\odac\pristine_CO2\PIYZED\PIYZED_w_CO2_1_relaxed.cif,-0.21780768499996833
C:\Users\GED\PycharmProjects\Aixelo_Project_DataLab_2025\data\odac\pristine_CO2\PIYZED01\PIYZED01_w_CO2_1_relaxed.cif,-0.2015030999999965
C:\Users\GED\PycharmProjects\Aixelo_Project_DataLab_2025\data\odac\pristine_CO2\PIYZED02\PIYZED02_w_CO2_1_relaxed.cif,-0.1969464699999908
C:\Users\GED\PycharmProjects\Aixelo_Project_DataLab_2025\data\odac\pristine_CO2\PIYZED03\PIYZED03_w_CO2_1_relaxed.cif,-0.19750535000000957
C:\Users\GED\PycharmProjects\Aixelo_Project_DataLab_2025\data\odac\pristine_CO2\PIZHOX\PIZHOX_w_CO2_1_relaxed.cif,-0.16568369200012964
C:\Users\GED\PycharmProjects\Aixelo_Project_DataLab_2025\data\odac\pristine_CO2\PIZNOB_clean_h\PIZNOB_clean_h_w_CO2_1_relaxed.cif,-0.19503763799999657
C:\Users\GED\PycharmProjects\Aixelo_Project_DataLab_2025\data\odac\pristine_CO2\PIZPAP_clean_h\PIZPAP_clean_h_w_CO2_1_relaxed.cif,-0.30778585199986985
C:\Users\GED\PycharmProjects\Aixelo_Project_DataLab_2025\data\odac\pristine_CO2\PIZPET_clean_h\PIZPET_clean_h_w_CO2_1_relaxed.cif,-0.2838627280000196
C:\Users\GED\PycharmProjects\Aixelo_Project_DataLab_2025\data\odac\pristine_CO2\PIZPIX02\PIZPIX02_w_CO2_1_relaxed.cif,-0.2860054640000271
C:\Users\GED\PycharmProjects\Aixelo_Project_DataLab_2025\data\odac\pristine_CO2\PIZPIX_clean_h\PIZPIX_clean_h_w_CO2_2_relaxed.cif,-0.2109700300000412
C:\Users\GED\PycharmProjects\Aixelo_Project_DataLab_2025\data\odac\pristine_CO2\PIZPOD_clean_h\PIZPOD_clean_h_w_CO2_1_relaxed.cif,-0.37226076399999786
C:\Users\GED\PycharmProjects\Aixelo_Project_DataLab_2025\data\odac\pristine_CO2\PIZQUM\PIZQUM_w_CO2_1_relaxed.cif,-0.16288562285730482
C:\Users\GED\PycharmProjects\Aixelo_Project_DataLab_2025\data\odac\pristine_CO2\PIZRAT\PIZRAT_w_CO2_1_relaxed.cif,-0.21811349333351396
C:\Users\GED\PycharmProjects\Aixelo_Project_DataLab_2025\data\odac\pristine_CO2\PIZRUN\PIZRUN_w_CO2_1_relaxed.cif,-0.44829311285723505
C:\Users\GED\PycharmProjects\Aixelo_Project_DataLab_2025\data\odac\pristine_CO2\PIZSAU\PIZSAU_w_CO2_1_relaxed.cif,-0.38114718666664277
C:\Users\GED\PycharmProjects\Aixelo_Project_DataLab_2025\data\odac\pristine_CO2\POBGAQ\POBGAQ_w_CO2_2_relaxed.cif,-0.13083133249995166
C:\Users\GED\PycharmProjects\Aixelo_Project_DataLab_2025\data\odac\pristine_CO2\POBJIB\POBJIB_w_CO2_1_relaxed.cif,-0.41395819999986216
C:\Users\GED\PycharmProjects\Aixelo_Project_DataLab_2025\data\odac\pristine_CO2\POCRAB\POCRAB_w_CO2_1_relaxed.cif,0.2375888114284927
C:\Users\GED\PycharmProjects\Aixelo_Project_DataLab_2025\data\odac\pristine_CO2\PODVIP\PODVIP_w_CO2_random_1_relaxed.cif,-0.44308770999992925
C:\Users\GED\PycharmProjects\Aixelo_Project_DataLab_2025\data\odac\pristine_CO2\PODXEN\PODXEN_w_CO2_1_relaxed.cif,-0.24353884571460832
C:\Users\GED\PycharmProjects\Aixelo_Project_DataLab_2025\data\odac\pristine_CO2\POFSIN\POFSIN_w_CO2_1_relaxed.cif,-0.2067147833333157
C:\Users\GED\PycharmProjects\Aixelo_Project_DataLab_2025\data\odac\pristine_CO2\POFSIN01\POFSIN01_w_CO2_1_relaxed.cif,-0.2088395966666686
C:\Users\GED\PycharmProjects\Aixelo_Project_DataLab_2025\data\odac\pristine_CO2\POFSIN02\POFSIN02_w_CO2_1_relaxed.cif,-0.20252430500001134
C:\Users\GED\PycharmProjects\Aixelo_Project_DataLab_2025\data\odac\pristine_CO2\POFSIN03\POFSIN03_w_CO2_1_relaxed.cif,-0.2008717949999976
C:\Users\GED\PycharmProjects\Aixelo_Project_DataLab_2025\data\odac\pristine_CO2\POFSIN04\POFSIN04_w_CO2_1_relaxed.cif,-0.1937931999999733
C:\Users\GED\PycharmProjects\Aixelo_Project_DataLab_2025\data\odac\pristine_CO2\POHCOG\POHCOG_w_CO2_1_relaxed.cif,0.09772930833347947
C:\Users\GED\PycharmProjects\Aixelo_Project_DataLab_2025\data\odac\pristine_CO2\POKGEC\POKGEC_w_CO2_3_relaxed.cif,0.11303129999998866
C:\Users\GED\PycharmProjects\Aixelo_Project_DataLab_2025\data\odac\pristine_CO2\POKSOZ\POKSOZ_w_CO2_1_relaxed.cif,-0.5495877974999814
C:\Users\GED\PycharmProjects\Aixelo_Project_DataLab_2025\data\odac\pristine_CO2\POKTIU\POKTIU_w_CO2_1_relaxed.cif,-0.5995567649999884
C:\Users\GED\PycharmProjects\Aixelo_Project_DataLab_2025\data\odac\pristine_CO2\POKVAO\POKVAO_w_CO2_1_relaxed.cif,-0.6531246539999529
C:\Users\GED\PycharmProjects\Aixelo_Project_DataLab_2025\data\odac\pristine_CO2\POLBEX\POLBEX_w_CO2_1_relaxed.cif,-0.41437258272743416
C:\Users\GED\PycharmProjects\Aixelo_Project_DataLab_2025\data\odac\pristine_CO2\POLBIB\POLBIB_w_CO2_1_relaxed.cif,-0.1684516700000718
C:\Users\GED\PycharmProjects\Aixelo_Project_DataLab_2025\data\odac\pristine_CO2\POLBUN\POLBUN_w_CO2_1_relaxed.cif,-0.5958515455556861
C:\Users\GED\PycharmProjects\Aixelo_Project_DataLab_2025\data\odac\pristine_CO2\POLDOK\POLDOK_w_CO2_1_relaxed.cif,-0.31263836000026196
C:\Users\GED\PycharmProjects\Aixelo_Project_DataLab_2025\data\odac\pristine_CO2\POLDUQ\POLDUQ_w_CO2_1_relaxed.cif,-0.19468780142847208
C:\Users\GED\PycharmProjects\Aixelo_Project_DataLab_2025\data\odac\pristine_CO2\POLNAG\POLNAG_w_CO2_random_1_relaxed.cif,-0.35689161499999494
C:\Users\GED\PycharmProjects\Aixelo_Project_DataLab_2025\data\odac\pristine_CO2\POLYEW\POLYEW_w_CO2_1_relaxed.cif,-0.3441202728571235
C:\Users\GED\PycharmProjects\Aixelo_Project_DataLab_2025\data\odac\pristine_CO2\POMSER\POMSER_w_CO2_1_relaxed.cif,-0.2841819649999214
C:\Users\GED\PycharmProjects\Aixelo_Project_DataLab_2025\data\odac\pristine_CO2\POMSOB\POMSOB_w_CO2_1_relaxed.cif,-0.4355238699999404
C:\Users\GED\PycharmProjects\Aixelo_Project_DataLab_2025\data\odac\pristine_CO2\PONPOX\PONPOX_w_CO2_1_relaxed.cif,-0.5062290170002143
C:\Users\GED\PycharmProjects\Aixelo_Project_DataLab_2025\data\odac\pristine_CO2\PONSOC\PONSOC_w_CO2_1_relaxed.cif,-0.5165702880000026
C:\Users\GED\PycharmProjects\Aixelo_Project_DataLab_2025\data\odac\pristine_CO2\PORGAE\PORGAE_w_CO2_1_relaxed.cif,-0.23805731624997858
C:\Users\GED\PycharmProjects\Aixelo_Project_DataLab_2025\data\odac\pristine_CO2\PORLAL\PORLAL_w_CO2_4_relaxed.cif,0.19357982666664
C:\Users\GED\PycharmProjects\Aixelo_Project_DataLab_2025\data\odac\pristine_CO2\PORVID\PORVID_w_CO2_1_relaxed.cif,-0.2259209350000143
C:\Users\GED\PycharmProjects\Aixelo_Project_DataLab_2025\data\odac\pristine_CO2\PORVUO\PORVUO_w_CO2_1_relaxed.cif,-0.21381681571421848
C:\Users\GED\PycharmProjects\Aixelo_Project_DataLab_2025\data\odac\pristine_CO2\POSFIO\POSFIO_w_CO2_1_relaxed.cif,0.32165473428566266
C:\Users\GED\PycharmProjects\Aixelo_Project_DataLab_2025\data\odac\pristine_CO2\POSFOU\POSFOU_w_CO2_1_relaxed.cif,-0.3535241342857652
C:\Users\GED\PycharmProjects\Aixelo_Project_DataLab_2025\data\odac\pristine_CO2\POSGAH\POSGAH_w_CO2_1_relaxed.cif,-0.3163455383334318
C:\Users\GED\PycharmProjects\Aixelo_Project_DataLab_2025\data\odac\pristine_CO2\POXHUG\POXHUG_w_CO2_1_relaxed.cif,-0.40308697500008367
C:\Users\GED\PycharmProjects\Aixelo_Project_DataLab_2025\data\odac\pristine_CO2\PUDSOX\PUDSOX_w_CO2_1_relaxed.cif,-0.26328843666685015
C:\Users\GED\PycharmProjects\Aixelo_Project_DataLab_2025\data\odac\pristine_CO2\PUGSER\PUGSER_w_CO2_1_relaxed.cif,-0.2641799280002942
C:\Users\GED\PycharmProjects\Aixelo_Project_DataLab_2025\data\odac\pristine_CO2\PUGSOB\PUGSOB_w_CO2_1_relaxed.cif,-0.3918409685712894
C:\Users\GED\PycharmProjects\Aixelo_Project_DataLab_2025\data\odac\pristine_CO2\PUGSUH\PUGSUH_w_CO2_1_relaxed.cif,-0.2856962250003031
C:\Users\GED\PycharmProjects\Aixelo_Project_DataLab_2025\data\odac\pristine_CO2\PUJJEL\PUJJEL_w_CO2_1_relaxed.cif,-0.31406389500023124
C:\Users\GED\PycharmProjects\Aixelo_Project_DataLab_2025\data\odac\pristine_CO2\PUJQEQ\PUJQEQ_w_CO2_1_relaxed.cif,-0.48825234799942335
C:\Users\GED\PycharmProjects\Aixelo_Project_DataLab_2025\data\odac\pristine_CO2\PUKSUL\PUKSUL_w_CO2_1_relaxed.cif,-0.3907810866667205
C:\Users\GED\PycharmProjects\Aixelo_Project_DataLab_2025\data\odac\pristine_CO2\PUKVAU\PUKVAU_w_CO2_1_relaxed.cif,0.24548709875003277
C:\Users\GED\PycharmProjects\Aixelo_Project_DataLab_2025\data\odac\pristine_CO2\PULMIU\PULMIU_w_CO2_1_relaxed.cif,0.7388972714286085
C:\Users\GED\PycharmProjects\Aixelo_Project_DataLab_2025\data\odac\pristine_CO2\PUMDIM\PUMDIM_w_CO2_1_relaxed.cif,0.08273376000002484
C:\Users\GED\PycharmProjects\Aixelo_Project_DataLab_2025\data\odac\pristine_CO2\PUMNIV\PUMNIV_w_CO2_1_relaxed.cif,-0.11935379000002888
C:\Users\GED\PycharmProjects\Aixelo_Project_DataLab_2025\data\odac\pristine_CO2\PUMNOB\PUMNOB_w_CO2_1_relaxed.cif,-0.2427485640000441
C:\Users\GED\PycharmProjects\Aixelo_Project_DataLab_2025\data\odac\pristine_CO2\PUNSIB\PUNSIB_w_CO2_random_1_relaxed.cif,-0.19979192000005236
C:\Users\GED\PycharmProjects\Aixelo_Project_DataLab_2025\data\odac\pristine_CO2\PUPHUE\PUPHUE_w_CO2_1_relaxed.cif,3.607668059999886
C:\Users\GED\PycharmProjects\Aixelo_Project_DataLab_2025\data\odac\pristine_CO2\PUQDOW\PUQDOW_w_CO2_1_relaxed.cif,-0.32463288428555515
C:\Users\GED\PycharmProjects\Aixelo_Project_DataLab_2025\data\odac\pristine_CO2\PUQXUV\PUQXUV_w_CO2_1_relaxed.cif,-0.21766975571439873
C:\Users\GED\PycharmProjects\Aixelo_Project_DataLab_2025\data\odac\pristine_CO2\PUQYAC\PUQYAC_w_CO2_1_relaxed.cif,-0.24311378428585934
C:\Users\GED\PycharmProjects\Aixelo_Project_DataLab_2025\data\odac\pristine_CO2\PURJES\PURJES_w_CO2_1_relaxed.cif,-0.32425986142855623
C:\Users\GED\PycharmProjects\Aixelo_Project_DataLab_2025\data\odac\pristine_CO2\PURJIW\PURJIW_w_CO2_1_relaxed.cif,-0.26077629833343957
C:\Users\GED\PycharmProjects\Aixelo_Project_DataLab_2025\data\odac\pristine_CO2\PURNEX\PURNEX_w_CO2_1_relaxed.cif,-0.3257992459997695
C:\Users\GED\PycharmProjects\Aixelo_Project_DataLab_2025\data\odac\pristine_CO2\PURQEZ\PURQEZ_w_CO2_1_relaxed.cif,0.06802281250011785
C:\Users\GED\PycharmProjects\Aixelo_Project_DataLab_2025\data\odac\pristine_CO2\PURSOK\PURSOK_w_CO2_1_relaxed.cif,-0.21290081714289497
C:\Users\GED\PycharmProjects\Aixelo_Project_DataLab_2025\data\odac\pristine_CO2\PUSXIL_charged\PUSXIL_charged_w_CO2_1_relaxed.cif,-0.2795114880001165
C:\Users\GED\PycharmProjects\Aixelo_Project_DataLab_2025\data\odac\pristine_CO2\PUTYEI\PUTYEI_w_CO2_2_relaxed.cif,-0.0504295950000255
C:\Users\GED\PycharmProjects\Aixelo_Project_DataLab_2025\data\odac\pristine_CO2\PUVJOG\PUVJOG_w_CO2_1_relaxed.cif,0.9101603199999431
C:\Users\GED\PycharmProjects\Aixelo_Project_DataLab_2025\data\odac\pristine_CO2\PUWCIT\PUWCIT_w_CO2_1_relaxed.cif,3.2866721333336195
C:\Users\GED\PycharmProjects\Aixelo_Project_DataLab_2025\data\odac\pristine_CO2\PUWCUF\PUWCUF_w_CO2_1_relaxed.cif,-0.1765823380000256
C:\Users\GED\PycharmProjects\Aixelo_Project_DataLab_2025\data\odac\pristine_CO2\PUWDEQ_charged\PUWDEQ_charged_w_CO2_1_relaxed.cif,-0.18566395428571725
C:\Users\GED\PycharmProjects\Aixelo_Project_DataLab_2025\data\odac\pristine_CO2\PUWDIU\PUWDIU_w_CO2_1_relaxed.cif,-0.1698180079994927
C:\Users\GED\PycharmProjects\Aixelo_Project_DataLab_2025\data\odac\pristine_CO2\PUWVAG\PUWVAG_w_CO2_1_relaxed.cif,-0.47720428428582246
C:\Users\GED\PycharmProjects\Aixelo_Project_DataLab_2025\data\odac\pristine_CO2\PUWXAH\PUWXAH_w_CO2_1_relaxed.cif,-0.4576601700000727
C:\Users\GED\PycharmProjects\Aixelo_Project_DataLab_2025\data\odac\pristine_CO2\PUYHOI\PUYHOI_w_CO2_1_relaxed.cif,-0.12110314499989268
C:\Users\GED\PycharmProjects\Aixelo_Project_DataLab_2025\data\odac\pristine_CO2\PUYZUF\PUYZUF_w_CO2_random_1_relaxed.cif,0.20100551499996294
C:\Users\GED\PycharmProjects\Aixelo_Project_DataLab_2025\data\odac\pristine_CO2\PUZJOL\PUZJOL_w_CO2_1_relaxed.cif,-0.23847879000003655
C:\Users\GED\PycharmProjects\Aixelo_Project_DataLab_2025\data\odac\pristine_CO2\PUZKOM\PUZKOM_w_CO2_1_relaxed.cif,-0.46557045374999007
C:\Users\GED\PycharmProjects\Aixelo_Project_DataLab_2025\data\odac\pristine_CO2\PUZKUS\PUZKUS_w_CO2_1_relaxed.cif,-0.3645060366666826
C:\Users\GED\PycharmProjects\Aixelo_Project_DataLab_2025\data\odac\pristine_CO2\PUZTOV\PUZTOV_w_CO2_1_relaxed.cif,-0.3278127116666382
C:\Users\GED\PycharmProjects\Aixelo_Project_DataLab_2025\data\odac\pristine_CO2\PYDCUT\PYDCUT_w_CO2_1_relaxed.cif,-0.3374534249999783
C:\Users\GED\PycharmProjects\Aixelo_Project_DataLab_2025\data\odac\pristine_CO2\QADBII\QADBII_w_CO2_1_relaxed.cif,-0.44641797285722923
C:\Users\GED\PycharmProjects\Aixelo_Project_DataLab_2025\data\odac\pristine_CO2\QADKAH\QADKAH_w_CO2_1_relaxed.cif,1.545786930000109
C:\Users\GED\PycharmProjects\Aixelo_Project_DataLab_2025\data\odac\pristine_CO2\QADWEA\QADWEA_w_CO2_1_relaxed.cif,1.0403697742857503
C:\Users\GED\PycharmProjects\Aixelo_Project_DataLab_2025\data\odac\pristine_CO2\QADWEY\QADWEY_w_CO2_1_relaxed.cif,-0.08004415714281417
C:\Users\GED\PycharmProjects\Aixelo_Project_DataLab_2025\data\odac\pristine_CO2\QADWIE\QADWIE_w_CO2_1_relaxed.cif,-0.3458784057142208
C:\Users\GED\PycharmProjects\Aixelo_Project_DataLab_2025\data\odac\pristine_CO2\QADWOK\QADWOK_w_CO2_1_relaxed.cif,-0.29643048714272674
C:\Users\GED\PycharmProjects\Aixelo_Project_DataLab_2025\data\odac\pristine_CO2\QADWUQ\QADWUQ_w_CO2_1_relaxed.cif,-0.3640753028571453
C:\Users\GED\PycharmProjects\Aixelo_Project_DataLab_2025\data\odac\pristine_CO2\QADXAX\QADXAX_w_CO2_1_relaxed.cif,-0.3141927242857524
C:\Users\GED\PycharmProjects\Aixelo_Project_DataLab_2025\data\odac\pristine_CO2\QAGTOH\QAGTOH_w_CO2_1_relaxed.cif,-0.17220710749997176
C:\Users\GED\PycharmProjects\Aixelo_Project_DataLab_2025\data\odac\pristine_CO2\QAJKIV\QAJKIV_w_CO2_1_relaxed.cif,-0.35291870888889
C:\Users\GED\PycharmProjects\Aixelo_Project_DataLab_2025\data\odac\pristine_CO2\QALGUH_SL\QALGUH_SL_w_CO2_1_relaxed.cif,-0.704874160000054
C:\Users\GED\PycharmProjects\Aixelo_Project_DataLab_2025\data\odac\pristine_CO2\QALWUV\QALWUV_w_CO2_1_relaxed.cif,-0.2831126575000553
C:\Users\GED\PycharmProjects\Aixelo_Project_DataLab_2025\data\odac\pristine_CO2\QAMHAQ\QAMHAQ_w_CO2_1_relaxed.cif,0.027799663333401742
C:\Users\GED\PycharmProjects\Aixelo_Project_DataLab_2025\data\odac\pristine_CO2\QAMVEH01\QAMVEH01_w_CO2_1_relaxed.cif,0.01654990599972734
C:\Users\GED\PycharmProjects\Aixelo_Project_DataLab_2025\data\odac\pristine_CO2\QAPQEE\QAPQEE_w_CO2_1_relaxed.cif,0.6717384049997008
C:\Users\GED\PycharmProjects\Aixelo_Project_DataLab_2025\data\odac\pristine_CO2\QAQHOG\QAQHOG_w_CO2_1_relaxed.cif,-0.29289559000000054
C:\Users\GED\PycharmProjects\Aixelo_Project_DataLab_2025\data\odac\pristine_CO2\QAQRUW\QAQRUW_w_CO2_1_relaxed.cif,-0.22497547428570538
C:\Users\GED\PycharmProjects\Aixelo_Project_DataLab_2025\data\odac\pristine_CO2\QAQSAD\QAQSAD_w_CO2_1_relaxed.cif,-0.13909107571428028
C:\Users\GED\PycharmProjects\Aixelo_Project_DataLab_2025\data\odac\pristine_CO2\QARCET\QARCET_w_CO2_1_relaxed.cif,-0.1980557562499996
C:\Users\GED\PycharmProjects\Aixelo_Project_DataLab_2025\data\odac\pristine_CO2\QATHOK\QATHOK_w_CO2_1_relaxed.cif,-0.3870223766668535
C:\Users\GED\PycharmProjects\Aixelo_Project_DataLab_2025\data\odac\pristine_CO2\QATKII\QATKII_w_CO2_2_relaxed.cif,2.541806749999978
C:\Users\GED\PycharmProjects\Aixelo_Project_DataLab_2025\data\odac\pristine_CO2\QATKOO\QATKOO_w_CO2_1_relaxed.cif,-0.21123406571427947
C:\Users\GED\PycharmProjects\Aixelo_Project_DataLab_2025\data\odac\pristine_CO2\QATLEE\QATLEE_w_CO2_1_relaxed.cif,-0.2944737885715248
C:\Users\GED\PycharmProjects\Aixelo_Project_DataLab_2025\data\odac\pristine_CO2\QATPOR\QATPOR_w_CO2_1_relaxed.cif,-0.3748356687500447
C:\Users\GED\PycharmProjects\Aixelo_Project_DataLab_2025\data\odac\pristine_CO2\QATVUE\QATVUE_w_CO2_1_relaxed.cif,-0.09116634571436015
C:\Users\GED\PycharmProjects\Aixelo_Project_DataLab_2025\data\odac\pristine_CO2\QAVBUL\QAVBUL_w_CO2_1_relaxed.cif,-0.23776071800011772
C:\Users\GED\PycharmProjects\Aixelo_Project_DataLab_2025\data\odac\pristine_CO2\QAVPIO\QAVPIO_w_CO2_1_relaxed.cif,-0.2339139800000175
C:\Users\GED\PycharmProjects\Aixelo_Project_DataLab_2025\data\odac\pristine_CO2\QAWDID\QAWDID_w_CO2_1_relaxed.cif,-0.5835948499999782
C:\Users\GED\PycharmProjects\Aixelo_Project_DataLab_2025\data\odac\pristine_CO2\QAWPIO\QAWPIO_w_CO2_1_relaxed.cif,-0.35929926250003064
C:\Users\GED\PycharmProjects\Aixelo_Project_DataLab_2025\data\odac\pristine_CO2\QAWRIQ\QAWRIQ_w_CO2_1_relaxed.cif,-0.3354316974999847
C:\Users\GED\PycharmProjects\Aixelo_Project_DataLab_2025\data\odac\pristine_CO2\QAYTOZ_charged\QAYTOZ_charged_w_CO2_1_relaxed.cif,0.3637157885713285
C:\Users\GED\PycharmProjects\Aixelo_Project_DataLab_2025\data\odac\pristine_CO2\QEBGEL\QEBGEL_w_CO2_2_relaxed.cif,-0.2717605449998928
C:\Users\GED\PycharmProjects\Aixelo_Project_DataLab_2025\data\odac\pristine_CO2\QEFNAQ\QEFNAQ_w_CO2_1_relaxed.cif,-0.27588663285697684
C:\Users\GED\PycharmProjects\Aixelo_Project_DataLab_2025\data\odac\pristine_CO2\QEJYIP\QEJYIP_w_CO2_1_relaxed.cif,-0.3409004042857597
C:\Users\GED\PycharmProjects\Aixelo_Project_DataLab_2025\data\odac\pristine_CO2\QEPZOB\QEPZOB_w_CO2_1_relaxed.cif,0.12326571499988863
C:\Users\GED\PycharmProjects\Aixelo_Project_DataLab_2025\data\odac\pristine_CO2\QERZUI\QERZUI_w_CO2_1_relaxed.cif,-0.8089040488889118
C:\Users\GED\PycharmProjects\Aixelo_Project_DataLab_2025\data\odac\pristine_CO2\QERZUI01\QERZUI01_w_CO2_1_relaxed.cif,-0.578975524444464
C:\Users\GED\PycharmProjects\Aixelo_Project_DataLab_2025\data\odac\pristine_CO2\QESYOD\QESYOD_w_CO2_1_relaxed.cif,-0.08739705500003458
C:\Users\GED\PycharmProjects\Aixelo_Project_DataLab_2025\data\odac\pristine_CO2\QETCUO\QETCUO_w_CO2_1_relaxed.cif,-0.17920025428564454
C:\Users\GED\PycharmProjects\Aixelo_Project_DataLab_2025\data\odac\pristine_CO2\QETHUT\QETHUT_w_CO2_1_relaxed.cif,-0.3204631866666748
C:\Users\GED\PycharmProjects\Aixelo_Project_DataLab_2025\data\odac\pristine_CO2\QEVKOS\QEVKOS_w_CO2_1_relaxed.cif,-0.215657324285855
C:\Users\GED\PycharmProjects\Aixelo_Project_DataLab_2025\data\odac\pristine_CO2\QEZZIF\QEZZIF_w_CO2_1_relaxed.cif,-0.24356258125004612
C:\Users\GED\PycharmProjects\Aixelo_Project_DataLab_2025\data\odac\pristine_CO2\QEZZOL\QEZZOL_w_CO2_1_relaxed.cif,-0.29162247833320026
C:\Users\GED\PycharmProjects\Aixelo_Project_DataLab_2025\data\odac\pristine_CO2\QIGBIR\QIGBIR_w_CO2_1_relaxed.cif,-0.3090464899999006
C:\Users\GED\PycharmProjects\Aixelo_Project_DataLab_2025\data\odac\pristine_CO2\QIHXIQ\QIHXIQ_w_CO2_1_relaxed.cif,-0.10160639857151309
C:\Users\GED\PycharmProjects\Aixelo_Project_DataLab_2025\data\odac\pristine_CO2\QIPROY\QIPROY_w_CO2_1_relaxed.cif,0.14043970333341346
C:\Users\GED\PycharmProjects\Aixelo_Project_DataLab_2025\data\odac\pristine_CO2\QIRWAR\QIRWAR_w_CO2_1_relaxed.cif,-0.19428244428560704
C:\Users\GED\PycharmProjects\Aixelo_Project_DataLab_2025\data\odac\pristine_CO2\QIRYAS\QIRYAS_w_CO2_1_relaxed.cif,-0.07503615833328085
C:\Users\GED\PycharmProjects\Aixelo_Project_DataLab_2025\data\odac\pristine_CO2\QISNAJ\QISNAJ_w_CO2_1_relaxed.cif,0.1734165175000442
C:\Users\GED\PycharmProjects\Aixelo_Project_DataLab_2025\data\odac\pristine_CO2\QISNEN\QISNEN_w_CO2_1_relaxed.cif,-0.21008880999997354
C:\Users\GED\PycharmProjects\Aixelo_Project_DataLab_2025\data\odac\pristine_CO2\QISNIR\QISNIR_w_CO2_1_relaxed.cif,0.06413007250009176
C:\Users\GED\PycharmProjects\Aixelo_Project_DataLab_2025\data\odac\pristine_CO2\QITXAU\QITXAU_w_CO2_random_1_relaxed.cif,0.10460144500001431
C:\Users\GED\PycharmProjects\Aixelo_Project_DataLab_2025\data\odac\pristine_CO2\QITYOI\QITYOI_w_CO2_1_relaxed.cif,-0.4566347600000711
C:\Users\GED\PycharmProjects\Aixelo_Project_DataLab_2025\data\odac\pristine_CO2\QIVJAG\QIVJAG_w_CO2_1_relaxed.cif,0.2295391560000553
C:\Users\GED\PycharmProjects\Aixelo_Project_DataLab_2025\data\odac\pristine_CO2\QIVYUR\QIVYUR_w_CO2_random_1_relaxed.cif,0.5168966599999294
C:\Users\GED\PycharmProjects\Aixelo_Project_DataLab_2025\data\odac\pristine_CO2\QIWCOQ\QIWCOQ_w_CO2_1_relaxed.cif,-0.44629283285725513
C:\Users\GED\PycharmProjects\Aixelo_Project_DataLab_2025\data\odac\pristine_CO2\QIWDOR\QIWDOR_w_CO2_1_relaxed.cif,-0.2934453928571169
C:\Users\GED\PycharmProjects\Aixelo_Project_DataLab_2025\data\odac\pristine_CO2\QIWPET\QIWPET_w_CO2_1_relaxed.cif,-0.19654845333337786
C:\Users\GED\PycharmProjects\Aixelo_Project_DataLab_2025\data\odac\pristine_CO2\QIXNES\QIXNES_w_CO2_1_relaxed.cif,-0.5946037328570972
C:\Users\GED\PycharmProjects\Aixelo_Project_DataLab_2025\data\odac\pristine_CO2\QIXSOG\QIXSOG_w_CO2_random_1_relaxed.cif,0.43379980999998224
C:\Users\GED\PycharmProjects\Aixelo_Project_DataLab_2025\data\odac\pristine_CO2\QIXSOG01\QIXSOG01_w_CO2_random_1_relaxed.cif,0.36159602999998697
C:\Users\GED\PycharmProjects\Aixelo_Project_DataLab_2025\data\odac\pristine_CO2\QOBGEV\QOBGEV_w_CO2_1_relaxed.cif,-0.39469057666694124
C:\Users\GED\PycharmProjects\Aixelo_Project_DataLab_2025\data\odac\pristine_CO2\QOBPEE\QOBPEE_w_CO2_1_relaxed.cif,-0.42580086142869994
C:\Users\GED\PycharmProjects\Aixelo_Project_DataLab_2025\data\odac\pristine_CO2\QOCBUH\QOCBUH_w_CO2_1_relaxed.cif,-0.11357606714312034
C:\Users\GED\PycharmProjects\Aixelo_Project_DataLab_2025\data\odac\pristine_CO2\QOCRUW\QOCRUW_w_CO2_1_relaxed.cif,-0.31763176166666085
C:\Users\GED\PycharmProjects\Aixelo_Project_DataLab_2025\data\odac\pristine_CO2\QOCSAD\QOCSAD_w_CO2_1_relaxed.cif,-0.4058492757142907
C:\Users\GED\PycharmProjects\Aixelo_Project_DataLab_2025\data\odac\pristine_CO2\QOCSEH\QOCSEH_w_CO2_1_relaxed.cif,-0.40012246428572745
C:\Users\GED\PycharmProjects\Aixelo_Project_DataLab_2025\data\odac\pristine_CO2\QODHUO\QODHUO_w_CO2_1_relaxed.cif,-0.2982728583334998
C:\Users\GED\PycharmProjects\Aixelo_Project_DataLab_2025\data\odac\pristine_CO2\QOFKUT\QOFKUT_w_CO2_1_relaxed.cif,-0.25628962142859885
C:\Users\GED\PycharmProjects\Aixelo_Project_DataLab_2025\data\odac\pristine_CO2\QOFLAA\QOFLAA_w_CO2_1_relaxed.cif,-0.5477629460000116
C:\Users\GED\PycharmProjects\Aixelo_Project_DataLab_2025\data\odac\pristine_CO2\QOHTUD\QOHTUD_w_CO2_2_relaxed.cif,-0.22793076333338524
C:\Users\GED\PycharmProjects\Aixelo_Project_DataLab_2025\data\odac\pristine_CO2\QOHYET\QOHYET_w_CO2_1_relaxed.cif,0.02307483500032958
C:\Users\GED\PycharmProjects\Aixelo_Project_DataLab_2025\data\odac\pristine_CO2\QOJKAB\QOJKAB_w_CO2_1_relaxed.cif,-0.27979527750002825
C:\Users\GED\PycharmProjects\Aixelo_Project_DataLab_2025\data\odac\pristine_CO2\QOJTUE\QOJTUE_w_CO2_1_relaxed.cif,-0.20176991625004345
C:\Users\GED\PycharmProjects\Aixelo_Project_DataLab_2025\data\odac\pristine_CO2\QOJVAM\QOJVAM_w_CO2_1_relaxed.cif,-0.26389140249995074
C:\Users\GED\PycharmProjects\Aixelo_Project_DataLab_2025\data\odac\pristine_CO2\QOKCID\QOKCID_w_CO2_1_relaxed.cif,-0.3565337157143143
C:\Users\GED\PycharmProjects\Aixelo_Project_DataLab_2025\data\odac\pristine_CO2\QOLVET\QOLVET_w_CO2_1_relaxed.cif,-0.4240059177776882
C:\Users\GED\PycharmProjects\Aixelo_Project_DataLab_2025\data\odac\pristine_CO2\QOMDUS\QOMDUS_w_CO2_1_relaxed.cif,-0.2380857750000208
C:\Users\GED\PycharmProjects\Aixelo_Project_DataLab_2025\data\odac\pristine_CO2\QOMFEE\QOMFEE_w_CO2_1_relaxed.cif,-0.38416435600006477
C:\Users\GED\PycharmProjects\Aixelo_Project_DataLab_2025\data\odac\pristine_CO2\QOMRUH\QOMRUH_w_CO2_1_relaxed.cif,-0.4062036899999157
C:\Users\GED\PycharmProjects\Aixelo_Project_DataLab_2025\data\odac\pristine_CO2\QOMSAO\QOMSAO_w_CO2_1_relaxed.cif,-0.36580924199995474
C:\Users\GED\PycharmProjects\Aixelo_Project_DataLab_2025\data\odac\pristine_CO2\QOMSES\QOMSES_w_CO2_1_relaxed.cif,-0.07902842599999076
C:\Users\GED\PycharmProjects\Aixelo_Project_DataLab_2025\data\odac\pristine_CO2\QOMTET\QOMTET_w_CO2_1_relaxed.cif,0.07073159571426195
C:\Users\GED\PycharmProjects\Aixelo_Project_DataLab_2025\data\odac\pristine_CO2\QONKUB\QONKUB_w_CO2_1_relaxed.cif,-0.3506578839999747
C:\Users\GED\PycharmProjects\Aixelo_Project_DataLab_2025\data\odac\pristine_CO2\QONLAI\QONLAI_w_CO2_1_relaxed.cif,-0.2814211579999664
C:\Users\GED\PycharmProjects\Aixelo_Project_DataLab_2025\data\odac\pristine_CO2\QONLEM\QONLEM_w_CO2_1_relaxed.cif,-0.21368526799992651
C:\Users\GED\PycharmProjects\Aixelo_Project_DataLab_2025\data\odac\pristine_CO2\QONLIQ\QONLIQ_w_CO2_1_relaxed.cif,-0.2944692039999154
C:\Users\GED\PycharmProjects\Aixelo_Project_DataLab_2025\data\odac\pristine_CO2\QONQAM\QONQAM_w_CO2_1_relaxed.cif,0.226542327999914
C:\Users\GED\PycharmProjects\Aixelo_Project_DataLab_2025\data\odac\pristine_CO2\QONQEQ_manual\QONQEQ_manual_w_CO2_1_relaxed.cif,0.413561144999998
C:\Users\GED\PycharmProjects\Aixelo_Project_DataLab_2025\data\odac\pristine_CO2\QOPDEE\QOPDEE_w_CO2_1_relaxed.cif,-0.20237249714278144
C:\Users\GED\PycharmProjects\Aixelo_Project_DataLab_2025\data\odac\pristine_CO2\QOPPES\QOPPES_w_CO2_1_relaxed.cif,-0.2295524575000058
C:\Users\GED\PycharmProjects\Aixelo_Project_DataLab_2025\data\odac\pristine_CO2\QOPPOC\QOPPOC_w_CO2_1_relaxed.cif,-0.3277160999999751
C:\Users\GED\PycharmProjects\Aixelo_Project_DataLab_2025\data\odac\pristine_CO2\QOPZIF\QOPZIF_w_CO2_1_relaxed.cif,-0.2586655716667488
C:\Users\GED\PycharmProjects\Aixelo_Project_DataLab_2025\data\odac\pristine_CO2\QOQWOK\QOQWOK_w_CO2_1_relaxed.cif,-0.18993108142844248
C:\Users\GED\PycharmProjects\Aixelo_Project_DataLab_2025\data\odac\pristine_CO2\QOQWOK01\QOQWOK01_w_CO2_1_relaxed.cif,-0.2572494466668331
C:\Users\GED\PycharmProjects\Aixelo_Project_DataLab_2025\data\odac\pristine_CO2\QOTZEG\QOTZEG_w_CO2_1_relaxed.cif,-0.28426001166661763
C:\Users\GED\PycharmProjects\Aixelo_Project_DataLab_2025\data\odac\pristine_CO2\QOVDEL\QOVDEL_w_CO2_1_relaxed.cif,-0.2217187440000543
C:\Users\GED\PycharmProjects\Aixelo_Project_DataLab_2025\data\odac\pristine_CO2\QOVGOY\QOVGOY_w_CO2_1_relaxed.cif,-0.08731560799999441
C:\Users\GED\PycharmProjects\Aixelo_Project_DataLab_2025\data\odac\pristine_CO2\QOVSOL\QOVSOL_w_CO2_1_relaxed.cif,-0.4102932485715038
C:\Users\GED\PycharmProjects\Aixelo_Project_DataLab_2025\data\odac\pristine_CO2\QOXNIB\QOXNIB_w_CO2_1_relaxed.cif,-0.2864830785713853
C:\Users\GED\PycharmProjects\Aixelo_Project_DataLab_2025\data\odac\pristine_CO2\QOYLOG\QOYLOG_w_CO2_1_relaxed.cif,-0.06439714142853901
C:\Users\GED\PycharmProjects\Aixelo_Project_DataLab_2025\data\odac\pristine_CO2\QOZDOY\QOZDOY_w_CO2_1_relaxed.cif,-0.3118997385713231
C:\Users\GED\PycharmProjects\Aixelo_Project_DataLab_2025\data\odac\pristine_CO2\QOZGAP\QOZGAP_w_CO2_1_relaxed.cif,-0.5796535257141581
C:\Users\GED\PycharmProjects\Aixelo_Project_DataLab_2025\data\odac\pristine_CO2\QOZPIG\QOZPIG_w_CO2_1_relaxed.cif,-0.4097641842857748
C:\Users\GED\PycharmProjects\Aixelo_Project_DataLab_2025\data\odac\pristine_CO2\QOZPOM\QOZPOM_w_CO2_1_relaxed.cif,-0.4057101562499952
C:\Users\GED\PycharmProjects\Aixelo_Project_DataLab_2025\data\odac\pristine_CO2\QUDGED\QUDGED_w_CO2_1_relaxed.cif,-0.2890474033332187
C:\Users\GED\PycharmProjects\Aixelo_Project_DataLab_2025\data\odac\pristine_CO2\QUDJIJ\QUDJIJ_w_CO2_1_relaxed.cif,-0.3707164342856361
C:\Users\GED\PycharmProjects\Aixelo_Project_DataLab_2025\data\odac\pristine_CO2\QUDJOP\QUDJOP_w_CO2_random_1_relaxed.cif,0.9521554350001225
C:\Users\GED\PycharmProjects\Aixelo_Project_DataLab_2025\data\odac\pristine_CO2\QUFGED\QUFGED_w_CO2_1_relaxed.cif,-0.31401114444440736
C:\Users\GED\PycharmProjects\Aixelo_Project_DataLab_2025\data\odac\pristine_CO2\QUFTAM\QUFTAM_w_CO2_1_relaxed.cif,-0.5162698657142235
C:\Users\GED\PycharmProjects\Aixelo_Project_DataLab_2025\data\odac\pristine_CO2\QUJJUC\QUJJUC_w_CO2_1_relaxed.cif,-0.6204562975001409
C:\Users\GED\PycharmProjects\Aixelo_Project_DataLab_2025\data\odac\pristine_CO2\QUMFUB\QUMFUB_w_CO2_1_relaxed.cif,0.05701240999995133
C:\Users\GED\PycharmProjects\Aixelo_Project_DataLab_2025\data\odac\pristine_CO2\QUNMUI\QUNMUI_w_CO2_1_relaxed.cif,-0.26341374749995333
C:\Users\GED\PycharmProjects\Aixelo_Project_DataLab_2025\data\odac\pristine_CO2\QUNWAZ\QUNWAZ_w_CO2_1_relaxed.cif,-0.3040985828565681
C:\Users\GED\PycharmProjects\Aixelo_Project_DataLab_2025\data\odac\pristine_CO2\QUPDEL\QUPDEL_w_CO2_1_relaxed.cif,-0.41930613333338823
C:\Users\GED\PycharmProjects\Aixelo_Project_DataLab_2025\data\odac\pristine_CO2\QUPDEL01\QUPDEL01_w_CO2_1_relaxed.cif,-0.3857109283334997
C:\Users\GED\PycharmProjects\Aixelo_Project_DataLab_2025\data\odac\pristine_CO2\QUPHUF\QUPHUF_w_CO2_1_relaxed.cif,-0.25894075714297415
C:\Users\GED\PycharmProjects\Aixelo_Project_DataLab_2025\data\odac\pristine_CO2\QUPJAN\QUPJAN_w_CO2_1_relaxed.cif,-0.19419036888858596
C:\Users\GED\PycharmProjects\Aixelo_Project_DataLab_2025\data\odac\pristine_CO2\QUQBAH\QUQBAH_w_CO2_1_relaxed.cif,-0.34110918833349996
C:\Users\GED\PycharmProjects\Aixelo_Project_DataLab_2025\data\odac\pristine_CO2\QUQFIS\QUQFIS_w_CO2_1_relaxed.cif,-0.20615033571422306
C:\Users\GED\PycharmProjects\Aixelo_Project_DataLab_2025\data\odac\pristine_CO2\QUQFOY\QUQFOY_w_CO2_1_relaxed.cif,-0.7125174380001227
C:\Users\GED\PycharmProjects\Aixelo_Project_DataLab_2025\data\odac\pristine_CO2\QUQGAL\QUQGAL_w_CO2_1_relaxed.cif,-0.35696069571429234
C:\Users\GED\PycharmProjects\Aixelo_Project_DataLab_2025\data\odac\pristine_CO2\QUQGEP_neutral\QUQGEP_neutral_w_CO2_1_relaxed.cif,-0.15049674000015326
C:\Users\GED\PycharmProjects\Aixelo_Project_DataLab_2025\data\odac\pristine_CO2\QUQHAM\QUQHAM_w_CO2_1_relaxed.cif,-0.46553379124999594
C:\Users\GED\PycharmProjects\Aixelo_Project_DataLab_2025\data\odac\pristine_CO2\QUQPIC\QUQPIC_w_CO2_1_relaxed.cif,0.0153750400000755
C:\Users\GED\PycharmProjects\Aixelo_Project_DataLab_2025\data\odac\pristine_CO2\QUQPOI_SL\QUQPOI_SL_w_CO2_1_relaxed.cif,-0.10154434124999764
C:\Users\GED\PycharmProjects\Aixelo_Project_DataLab_2025\data\odac\pristine_CO2\QUQWOQ\QUQWOQ_w_CO2_1_relaxed.cif,-0.32284681666715187
C:\Users\GED\PycharmProjects\Aixelo_Project_DataLab_2025\data\odac\pristine_CO2\QUQWUW\QUQWUW_w_CO2_1_relaxed.cif,-0.19374182000035486
C:\Users\GED\PycharmProjects\Aixelo_Project_DataLab_2025\data\odac\pristine_CO2\QUQYUY\QUQYUY_w_CO2_1_relaxed.cif,-0.4476180085718105
C:\Users\GED\PycharmProjects\Aixelo_Project_DataLab_2025\data\odac\pristine_CO2\QURSEC\QURSEC_w_CO2_1_relaxed.cif,0.302070379999967
C:\Users\GED\PycharmProjects\Aixelo_Project_DataLab_2025\data\odac\pristine_CO2\QUSBIQ_charged\QUSBIQ_charged_w_CO2_1_relaxed.cif,11.049805360000034
C:\Users\GED\PycharmProjects\Aixelo_Project_DataLab_2025\data\odac\pristine_CO2\QUSCAJ\QUSCAJ_w_CO2_1_relaxed.cif,-0.13767214666677316
C:\Users\GED\PycharmProjects\Aixelo_Project_DataLab_2025\data\odac\pristine_CO2\QUSCEN\QUSCEN_w_CO2_1_relaxed.cif,0.6842634899998237
C:\Users\GED\PycharmProjects\Aixelo_Project_DataLab_2025\data\odac\pristine_CO2\QUSRIH\QUSRIH_w_CO2_random_1_relaxed.cif,-0.2867863650001254
C:\Users\GED\PycharmProjects\Aixelo_Project_DataLab_2025\data\odac\pristine_CO2\QUSRUT\QUSRUT_w_CO2_random_1_relaxed.cif,-0.4503361499998846
C:\Users\GED\PycharmProjects\Aixelo_Project_DataLab_2025\data\odac\pristine_CO2\QUTTII\QUTTII_w_CO2_1_relaxed.cif,-0.2803868116665739
C:\Users\GED\PycharmProjects\Aixelo_Project_DataLab_2025\data\odac\pristine_CO2\QUTTII01\QUTTII01_w_CO2_1_relaxed.cif,-0.10341687666675621
C:\Users\GED\PycharmProjects\Aixelo_Project_DataLab_2025\data\odac\pristine_CO2\QUWYEO\QUWYEO_w_CO2_1_relaxed.cif,-0.09566028333330218
C:\Users\GED\PycharmProjects\Aixelo_Project_DataLab_2025\data\odac\pristine_CO2\QUXQUX\QUXQUX_w_CO2_1_relaxed.cif,-0.09148915499995758
C:\Users\GED\PycharmProjects\Aixelo_Project_DataLab_2025\data\odac\pristine_CO2\QUXRAE\QUXRAE_w_CO2_1_relaxed.cif,-0.3553503666666984
C:\Users\GED\PycharmProjects\Aixelo_Project_DataLab_2025\data\odac\pristine_CO2\QUXREI\QUXREI_w_CO2_1_relaxed.cif,-0.413434013999904
C:\Users\GED\PycharmProjects\Aixelo_Project_DataLab_2025\data\odac\pristine_CO2\QUXRIM\QUXRIM_w_CO2_1_relaxed.cif,-0.4910266799999287
C:\Users\GED\PycharmProjects\Aixelo_Project_DataLab_2025\data\odac\pristine_CO2\QUXROS\QUXROS_w_CO2_1_relaxed.cif,-0.06412069428569919
C:\Users\GED\PycharmProjects\Aixelo_Project_DataLab_2025\data\odac\pristine_CO2\QUXRUY\QUXRUY_w_CO2_1_relaxed.cif,-0.12472883600003115
C:\Users\GED\PycharmProjects\Aixelo_Project_DataLab_2025\data\odac\pristine_CO2\QUZZES\QUZZES_w_CO2_1_relaxed.cif,-0.3031986357143523
C:\Users\GED\PycharmProjects\Aixelo_Project_DataLab_2025\data\odac\pristine_CO2\RABHAZ\RABHAZ_w_CO2_1_relaxed.cif,-0.2670737059998828
C:\Users\GED\PycharmProjects\Aixelo_Project_DataLab_2025\data\odac\pristine_CO2\RABHIH\RABHIH_w_CO2_1_relaxed.cif,-0.34777225999994243
C:\Users\GED\PycharmProjects\Aixelo_Project_DataLab_2025\data\odac\pristine_CO2\RACZEC\RACZEC_w_CO2_1_relaxed.cif,-0.3388879940000379
C:\Users\GED\PycharmProjects\Aixelo_Project_DataLab_2025\data\odac\pristine_CO2\RACZIG\RACZIG_w_CO2_1_relaxed.cif,-0.26672191800000744
C:\Users\GED\PycharmProjects\Aixelo_Project_DataLab_2025\data\odac\pristine_CO2\RAFNIV\RAFNIV_w_CO2_1_relaxed.cif,-0.4124851857143962
C:\Users\GED\PycharmProjects\Aixelo_Project_DataLab_2025\data\odac\pristine_CO2\RAFNUH01\RAFNUH01_w_CO2_1_relaxed.cif,0.057935285000060795
C:\Users\GED\PycharmProjects\Aixelo_Project_DataLab_2025\data\odac\pristine_CO2\RAGMOE\RAGMOE_w_CO2_1_relaxed.cif,-0.37799471666666146
C:\Users\GED\PycharmProjects\Aixelo_Project_DataLab_2025\data\odac\pristine_CO2\RAGREY_charged\RAGREY_charged_w_CO2_1_relaxed.cif,-0.29995823666680127
C:\Users\GED\PycharmProjects\Aixelo_Project_DataLab_2025\data\odac\pristine_CO2\RAHBUZ\RAHBUZ_w_CO2_1_relaxed.cif,-0.4757902539999577
C:\Users\GED\PycharmProjects\Aixelo_Project_DataLab_2025\data\odac\pristine_CO2\RAHMAP\RAHMAP_w_CO2_1_relaxed.cif,0.025218427499979146
C:\Users\GED\PycharmProjects\Aixelo_Project_DataLab_2025\data\odac\pristine_CO2\RAJFAM\RAJFAM_w_CO2_1_relaxed.cif,-0.27670405666682046
C:\Users\GED\PycharmProjects\Aixelo_Project_DataLab_2025\data\odac\pristine_CO2\RAJFEQ\RAJFEQ_w_CO2_1_relaxed.cif,-0.1856438316669179
C:\Users\GED\PycharmProjects\Aixelo_Project_DataLab_2025\data\odac\pristine_CO2\RAKMOF\RAKMOF_w_CO2_1_relaxed.cif,-0.27771982200004003
C:\Users\GED\PycharmProjects\Aixelo_Project_DataLab_2025\data\odac\pristine_CO2\RALZEL\RALZEL_w_CO2_1_relaxed.cif,-0.4192737583333231
C:\Users\GED\PycharmProjects\Aixelo_Project_DataLab_2025\data\odac\pristine_CO2\RANNUS\RANNUS_w_CO2_1_relaxed.cif,-0.4756726899999819
C:\Users\GED\PycharmProjects\Aixelo_Project_DataLab_2025\data\odac\pristine_CO2\RANPAA\RANPAA_w_CO2_random_1_relaxed.cif,0.6520624600000247
C:\Users\GED\PycharmProjects\Aixelo_Project_DataLab_2025\data\odac\pristine_CO2\RAPBOZ\RAPBOZ_w_CO2_1_relaxed.cif,-0.5166498399999
C:\Users\GED\PycharmProjects\Aixelo_Project_DataLab_2025\data\odac\pristine_CO2\RAPYUE\RAPYUE_w_CO2_1_relaxed.cif,-0.2295493000000533
C:\Users\GED\PycharmProjects\Aixelo_Project_DataLab_2025\data\odac\pristine_CO2\RAQVAG\RAQVAG_w_CO2_random_1_relaxed.cif,0.6763921149999987
C:\Users\GED\PycharmProjects\Aixelo_Project_DataLab_2025\data\odac\pristine_CO2\RASGAT\RASGAT_w_CO2_1_relaxed.cif,-0.24934885250002026
C:\Users\GED\PycharmProjects\Aixelo_Project_DataLab_2025\data\odac\pristine_CO2\RASKIH\RASKIH_w_CO2_1_relaxed.cif,-0.3076237628570847
C:\Users\GED\PycharmProjects\Aixelo_Project_DataLab_2025\data\odac\pristine_CO2\RASKON\RASKON_w_CO2_1_relaxed.cif,-0.2748676842858393
C:\Users\GED\PycharmProjects\Aixelo_Project_DataLab_2025\data\odac\pristine_CO2\RATNIL_charged\RATNIL_charged_w_CO2_1_relaxed.cif,-0.27215960444424225
C:\Users\GED\PycharmProjects\Aixelo_Project_DataLab_2025\data\odac\pristine_CO2\RATRUB\RATRUB_w_CO2_2_relaxed.cif,0.251610416666684
C:\Users\GED\PycharmProjects\Aixelo_Project_DataLab_2025\data\odac\pristine_CO2\RAVVIU\RAVVIU_w_CO2_1_relaxed.cif,-0.2867581999999894
C:\Users\GED\PycharmProjects\Aixelo_Project_DataLab_2025\data\odac\pristine_CO2\RAVVIU01\RAVVIU01_w_CO2_1_relaxed.cif,-0.2777939466667097
C:\Users\GED\PycharmProjects\Aixelo_Project_DataLab_2025\data\odac\pristine_CO2\RAVVUH\RAVVUH_w_CO2_1_relaxed.cif,-0.3812389660000235
C:\Users\GED\PycharmProjects\Aixelo_Project_DataLab_2025\data\odac\pristine_CO2\RAVWAO\RAVWAO_w_CO2_1_relaxed.cif,-0.6205698316665954
C:\Users\GED\PycharmProjects\Aixelo_Project_DataLab_2025\data\odac\pristine_CO2\RAVWES\RAVWES_w_CO2_1_relaxed.cif,-0.22328564500014633
C:\Users\GED\PycharmProjects\Aixelo_Project_DataLab_2025\data\odac\pristine_CO2\RAVWIW\RAVWIW_w_CO2_1_relaxed.cif,-0.25455319499997126
C:\Users\GED\PycharmProjects\Aixelo_Project_DataLab_2025\data\odac\pristine_CO2\RAVWOC\RAVWOC_w_CO2_1_relaxed.cif,-0.16473328333347578
C:\Users\GED\PycharmProjects\Aixelo_Project_DataLab_2025\data\odac\pristine_CO2\RAVXAP\RAVXAP_w_CO2_1_relaxed.cif,-0.3925431166666537
C:\Users\GED\PycharmProjects\Aixelo_Project_DataLab_2025\data\odac\pristine_CO2\RAWZIA\RAWZIA_w_CO2_1_relaxed.cif,-0.3176658100000224
C:\Users\GED\PycharmProjects\Aixelo_Project_DataLab_2025\data\odac\pristine_CO2\RAXCAW_charged\RAXCAW_charged_w_CO2_1_relaxed.cif,-0.1687131766666804
C:\Users\GED\PycharmProjects\Aixelo_Project_DataLab_2025\data\odac\pristine_CO2\RAXQEO\RAXQEO_w_CO2_1_relaxed.cif,-0.6588004420000289
C:\Users\GED\PycharmProjects\Aixelo_Project_DataLab_2025\data\odac\pristine_CO2\RAXYOF\RAXYOF_w_CO2_1_relaxed.cif,-0.16325731999988113
C:\Users\GED\PycharmProjects\Aixelo_Project_DataLab_2025\data\odac\pristine_CO2\RAYFAA\RAYFAA_w_CO2_1_relaxed.cif,-0.5491463974997259
C:\Users\GED\PycharmProjects\Aixelo_Project_DataLab_2025\data\odac\pristine_CO2\RAYFEE\RAYFEE_w_CO2_1_relaxed.cif,-0.2328642350001928
C:\Users\GED\PycharmProjects\Aixelo_Project_DataLab_2025\data\odac\pristine_CO2\RAYKIN\RAYKIN_w_CO2_1_relaxed.cif,-0.37729680428589873
C:\Users\GED\PycharmProjects\Aixelo_Project_DataLab_2025\data\odac\pristine_CO2\RAYLAG\RAYLAG_w_CO2_1_relaxed.cif,-0.5606888357140504
C:\Users\GED\PycharmProjects\Aixelo_Project_DataLab_2025\data\odac\pristine_CO2\RAYLOU\RAYLOU_w_CO2_1_relaxed.cif,-0.3478516071425994
C:\Users\GED\PycharmProjects\Aixelo_Project_DataLab_2025\data\odac\pristine_CO2\RAYMAG\RAYMAG_w_CO2_4_relaxed.cif,0.07547208500000119
C:\Users\GED\PycharmProjects\Aixelo_Project_DataLab_2025\data\odac\pristine_CO2\RAYMOV\RAYMOV_w_CO2_1_relaxed.cif,-0.0942071099998429
C:\Users\GED\PycharmProjects\Aixelo_Project_DataLab_2025\data\odac\pristine_CO2\RAZGOQ\RAZGOQ_w_CO2_1_relaxed.cif,-0.030802461666648132
C:\Users\GED\PycharmProjects\Aixelo_Project_DataLab_2025\data\odac\pristine_CO2\RAZJIM\RAZJIM_w_CO2_1_relaxed.cif,-0.4532716144444243
C:\Users\GED\PycharmProjects\Aixelo_Project_DataLab_2025\data\odac\pristine_CO2\RAZYIC\RAZYIC_w_CO2_1_relaxed.cif,-0.21908718666672178
C:\Users\GED\PycharmProjects\Aixelo_Project_DataLab_2025\data\odac\pristine_CO2\RAZYOI\RAZYOI_w_CO2_1_relaxed.cif,-0.14008493333339322
C:\Users\GED\PycharmProjects\Aixelo_Project_DataLab_2025\data\odac\pristine_CO2\REDROI\REDROI_w_CO2_1_relaxed.cif,-0.16149449375001265
C:\Users\GED\PycharmProjects\Aixelo_Project_DataLab_2025\data\odac\pristine_CO2\REDYEG\REDYEG_w_CO2_1_relaxed.cif,-0.2767646640000293
C:\Users\GED\PycharmProjects\Aixelo_Project_DataLab_2025\data\odac\pristine_CO2\REFMEW\REFMEW_w_CO2_1_relaxed.cif,-0.35605722999987066
C:\Users\GED\PycharmProjects\Aixelo_Project_DataLab_2025\data\odac\pristine_CO2\REFTON_SL\REFTON_SL_w_CO2_1_relaxed.cif,-0.23907604833349672
C:\Users\GED\PycharmProjects\Aixelo_Project_DataLab_2025\data\odac\pristine_CO2\REFTUT\REFTUT_w_CO2_1_relaxed.cif,-0.26703263833345164
C:\Users\GED\PycharmProjects\Aixelo_Project_DataLab_2025\data\odac\pristine_CO2\REGJIW\REGJIW_w_CO2_1_relaxed.cif,-0.5869806974999889
C:\Users\GED\PycharmProjects\Aixelo_Project_DataLab_2025\data\odac\pristine_CO2\REGJIW01\REGJIW01_w_CO2_1_relaxed.cif,-0.5243714400000137
C:\Users\GED\PycharmProjects\Aixelo_Project_DataLab_2025\data\odac\pristine_CO2\REGJIW02\REGJIW02_w_CO2_1_relaxed.cif,-0.4477267499999975
C:\Users\GED\PycharmProjects\Aixelo_Project_DataLab_2025\data\odac\pristine_CO2\REGQUR\REGQUR_w_CO2_1_relaxed.cif,-0.15047511200000369
C:\Users\GED\PycharmProjects\Aixelo_Project_DataLab_2025\data\odac\pristine_CO2\REGRAY\REGRAY_w_CO2_1_relaxed.cif,-0.1131120800001099
C:\Users\GED\PycharmProjects\Aixelo_Project_DataLab_2025\data\odac\pristine_CO2\REGREC\REGREC_w_CO2_1_relaxed.cif,-0.18036901199993732
C:\Users\GED\PycharmProjects\Aixelo_Project_DataLab_2025\data\odac\pristine_CO2\REGRIG\REGRIG_w_CO2_1_relaxed.cif,-0.1980587560000913
C:\Users\GED\PycharmProjects\Aixelo_Project_DataLab_2025\data\odac\pristine_CO2\REHHOD\REHHOD_w_CO2_1_relaxed.cif,-0.34879109428581095
C:\Users\GED\PycharmProjects\Aixelo_Project_DataLab_2025\data\odac\pristine_CO2\REJLEY\REJLEY_w_CO2_1_relaxed.cif,-0.12395529333334321
C:\Users\GED\PycharmProjects\Aixelo_Project_DataLab_2025\data\odac\pristine_CO2\REJLIC\REJLIC_w_CO2_2_relaxed.cif,0.36937869000018964
C:\Users\GED\PycharmProjects\Aixelo_Project_DataLab_2025\data\odac\pristine_CO2\REJVOS\REJVOS_w_CO2_1_relaxed.cif,-0.36016824499995437
C:\Users\GED\PycharmProjects\Aixelo_Project_DataLab_2025\data\odac\pristine_CO2\REKCUG\REKCUG_w_CO2_1_relaxed.cif,1.3926050842856788
C:\Users\GED\PycharmProjects\Aixelo_Project_DataLab_2025\data\odac\pristine_CO2\RELLAW\RELLAW_w_CO2_1_relaxed.cif,-0.2534616250001894
C:\Users\GED\PycharmProjects\Aixelo_Project_DataLab_2025\data\odac\pristine_CO2\RESQAJ\RESQAJ_w_CO2_1_relaxed.cif,-0.28457160250016494
C:\Users\GED\PycharmProjects\Aixelo_Project_DataLab_2025\data\odac\pristine_CO2\RESSAK\RESSAK_w_CO2_1_relaxed.cif,-0.21703179249996646
C:\Users\GED\PycharmProjects\Aixelo_Project_DataLab_2025\data\odac\pristine_CO2\RETBEZ\RETBEZ_w_CO2_1_relaxed.cif,-0.09442546428571011
C:\Users\GED\PycharmProjects\Aixelo_Project_DataLab_2025\data\odac\pristine_CO2\REVYUO\REVYUO_w_CO2_1_relaxed.cif,-0.6727015057142905
C:\Users\GED\PycharmProjects\Aixelo_Project_DataLab_2025\data\odac\pristine_CO2\REWSUJ\REWSUJ_w_CO2_5_relaxed.cif,-0.2832896600000367
C:\Users\GED\PycharmProjects\Aixelo_Project_DataLab_2025\data\odac\pristine_CO2\REXCII\REXCII_w_CO2_1_relaxed.cif,-0.17670971000006824
C:\Users\GED\PycharmProjects\Aixelo_Project_DataLab_2025\data\odac\pristine_CO2\REXCOO\REXCOO_w_CO2_1_relaxed.cif,-0.14646551599944355
C:\Users\GED\PycharmProjects\Aixelo_Project_DataLab_2025\data\odac\pristine_CO2\REXCUU\REXCUU_w_CO2_1_relaxed.cif,-0.2693871899999067
C:\Users\GED\PycharmProjects\Aixelo_Project_DataLab_2025\data\odac\pristine_CO2\REXDEF\REXDEF_w_CO2_1_relaxed.cif,-0.15070759799991715
C:\Users\GED\PycharmProjects\Aixelo_Project_DataLab_2025\data\odac\pristine_CO2\REXDIJ\REXDIJ_w_CO2_1_relaxed.cif,-0.11492451599970077
C:\Users\GED\PycharmProjects\Aixelo_Project_DataLab_2025\data\odac\pristine_CO2\REXDOP\REXDOP_w_CO2_1_relaxed.cif,-0.05617323599990409
C:\Users\GED\PycharmProjects\Aixelo_Project_DataLab_2025\data\odac\pristine_CO2\REXFAD\REXFAD_w_CO2_1_relaxed.cif,-0.28296888799941367
C:\Users\GED\PycharmProjects\Aixelo_Project_DataLab_2025\data\odac\pristine_CO2\REXFEH\REXFEH_w_CO2_1_relaxed.cif,-0.31418208199984293
C:\Users\GED\PycharmProjects\Aixelo_Project_DataLab_2025\data\odac\pristine_CO2\REXFIL\REXFIL_w_CO2_1_relaxed.cif,-0.2552931660000467
C:\Users\GED\PycharmProjects\Aixelo_Project_DataLab_2025\data\odac\pristine_CO2\REXFOR\REXFOR_w_CO2_1_relaxed.cif,-0.18942894400006477
C:\Users\GED\PycharmProjects\Aixelo_Project_DataLab_2025\data\odac\pristine_CO2\REXFUX\REXFUX_w_CO2_1_relaxed.cif,-0.2502137283331649
C:\Users\GED\PycharmProjects\Aixelo_Project_DataLab_2025\data\odac\pristine_CO2\REYBAA\REYBAA_w_CO2_1_relaxed.cif,-0.5431326971427747
C:\Users\GED\PycharmProjects\Aixelo_Project_DataLab_2025\data\odac\pristine_CO2\REYPIW\REYPIW_w_CO2_1_relaxed.cif,-0.3756915700000292
C:\Users\GED\PycharmProjects\Aixelo_Project_DataLab_2025\data\odac\pristine_CO2\REZXEA\REZXEA_w_CO2_1_relaxed.cif,0.22131871250007862
C:\Users\GED\PycharmProjects\Aixelo_Project_DataLab_2025\data\odac\pristine_CO2\REZXIE\REZXIE_w_CO2_1_relaxed.cif,-0.1594342200000369
C:\Users\GED\PycharmProjects\Aixelo_Project_DataLab_2025\data\odac\pristine_CO2\REZXIE01\REZXIE01_w_CO2_1_relaxed.cif,-0.4996502166666801
C:\Users\GED\PycharmProjects\Aixelo_Project_DataLab_2025\data\odac\pristine_CO2\REZXOK\REZXOK_w_CO2_1_relaxed.cif,0.3032561125001507
C:\Users\GED\PycharmProjects\Aixelo_Project_DataLab_2025\data\odac\pristine_CO2\REZXUQ\REZXUQ_w_CO2_1_relaxed.cif,-0.10562181999992502
C:\Users\GED\PycharmProjects\Aixelo_Project_DataLab_2025\data\odac\pristine_CO2\RIBDAJ\RIBDAJ_w_CO2_1_relaxed.cif,-0.12913369399996094
C:\Users\GED\PycharmProjects\Aixelo_Project_DataLab_2025\data\odac\pristine_CO2\RIBDEN\RIBDEN_w_CO2_1_relaxed.cif,0.11185210999999529
C:\Users\GED\PycharmProjects\Aixelo_Project_DataLab_2025\data\odac\pristine_CO2\RIBTAZ\RIBTAZ_w_CO2_1_relaxed.cif,-0.20149415571443435
C:\Users\GED\PycharmProjects\Aixelo_Project_DataLab_2025\data\odac\pristine_CO2\RICBEM\RICBEM_w_CO2_1_relaxed.cif,0.4847155959997508
C:\Users\GED\PycharmProjects\Aixelo_Project_DataLab_2025\data\odac\pristine_CO2\RICHIV\RICHIV_w_CO2_1_relaxed.cif,-0.20789522999999524
C:\Users\GED\PycharmProjects\Aixelo_Project_DataLab_2025\data\odac\pristine_CO2\RIDKOE_charged\RIDKOE_charged_w_CO2_1_relaxed.cif,-0.3963623766668813
C:\Users\GED\PycharmProjects\Aixelo_Project_DataLab_2025\data\odac\pristine_CO2\RIFDUG01\RIFDUG01_w_CO2_1_relaxed.cif,-0.3298019833334062
C:\Users\GED\PycharmProjects\Aixelo_Project_DataLab_2025\data\odac\pristine_CO2\RIFMIE\RIFMIE_w_CO2_1_relaxed.cif,-0.4182494900001074
C:\Users\GED\PycharmProjects\Aixelo_Project_DataLab_2025\data\odac\pristine_CO2\RIFQUT\RIFQUT_w_CO2_1_relaxed.cif,-0.19974326666668196
C:\Users\GED\PycharmProjects\Aixelo_Project_DataLab_2025\data\odac\pristine_CO2\RIGPEE\RIGPEE_w_CO2_1_relaxed.cif,-0.26333133857139857
C:\Users\GED\PycharmProjects\Aixelo_Project_DataLab_2025\data\odac\pristine_CO2\RIGPEE01\RIGPEE01_w_CO2_1_relaxed.cif,-0.29556309142848086
C:\Users\GED\PycharmProjects\Aixelo_Project_DataLab_2025\data\odac\pristine_CO2\RIGPII\RIGPII_w_CO2_1_relaxed.cif,-0.3638538233333672
C:\Users\GED\PycharmProjects\Aixelo_Project_DataLab_2025\data\odac\pristine_CO2\RIGTIL\RIGTIL_w_CO2_1_relaxed.cif,-0.24770786499986264
C:\Users\GED\PycharmProjects\Aixelo_Project_DataLab_2025\data\odac\pristine_CO2\RIGWIP\RIGWIP_w_CO2_1_relaxed.cif,3.0624975216665766
C:\Users\GED\PycharmProjects\Aixelo_Project_DataLab_2025\data\odac\pristine_CO2\RILVOZ\RILVOZ_w_CO2_1_relaxed.cif,0.06990404500013858
C:\Users\GED\PycharmProjects\Aixelo_Project_DataLab_2025\data\odac\pristine_CO2\RINPEJ_charged\RINPEJ_charged_w_CO2_1_relaxed.cif,-0.19960158571429276
C:\Users\GED\PycharmProjects\Aixelo_Project_DataLab_2025\data\odac\pristine_CO2\RINSEM\RINSEM_w_CO2_random_1_relaxed.cif,0.5741773150000427
C:\Users\GED\PycharmProjects\Aixelo_Project_DataLab_2025\data\odac\pristine_CO2\RIPKIM01\RIPKIM01_w_CO2_1_relaxed.cif,-0.19127232000009822
C:\Users\GED\PycharmProjects\Aixelo_Project_DataLab_2025\data\odac\pristine_CO2\RIPNIP\RIPNIP_w_CO2_1_relaxed.cif,-0.20772227000001442
C:\Users\GED\PycharmProjects\Aixelo_Project_DataLab_2025\data\odac\pristine_CO2\RITGIM\RITGIM_w_CO2_random_1_relaxed.cif,0.21665377000005032
C:\Users\GED\PycharmProjects\Aixelo_Project_DataLab_2025\data\odac\pristine_CO2\RIVDEF\RIVDEF_w_CO2_1_relaxed.cif,-0.40136327800014443
C:\Users\GED\PycharmProjects\Aixelo_Project_DataLab_2025\data\odac\pristine_CO2\RIWMUH\RIWMUH_w_CO2_1_relaxed.cif,-0.22317702000024534
C:\Users\GED\PycharmProjects\Aixelo_Project_DataLab_2025\data\odac\pristine_CO2\RIXBEG\RIXBEG_w_CO2_1_relaxed.cif,0.1790885928571697
C:\Users\GED\PycharmProjects\Aixelo_Project_DataLab_2025\data\odac\pristine_CO2\RIXBIK\RIXBIK_w_CO2_1_relaxed.cif,0.12239778857152875
C:\Users\GED\PycharmProjects\Aixelo_Project_DataLab_2025\data\odac\pristine_CO2\RIXPIZ\RIXPIZ_w_CO2_1_relaxed.cif,-0.5031386125000381
C:\Users\GED\PycharmProjects\Aixelo_Project_DataLab_2025\data\odac\pristine_CO2\RIYWED\RIYWED_w_CO2_1_relaxed.cif,-0.5200332375002006
C:\Users\GED\PycharmProjects\Aixelo_Project_DataLab_2025\data\odac\pristine_CO2\RIYXIG\RIYXIG_w_CO2_1_relaxed.cif,0.6633102683333997
C:\Users\GED\PycharmProjects\Aixelo_Project_DataLab_2025\data\odac\pristine_CO2\ROBWAH\ROBWAH_w_CO2_1_relaxed.cif,-0.09589337999994992
C:\Users\GED\PycharmProjects\Aixelo_Project_DataLab_2025\data\odac\pristine_CO2\ROCZAM\ROCZAM_w_CO2_1_relaxed.cif,-0.3137180859999262
C:\Users\GED\PycharmProjects\Aixelo_Project_DataLab_2025\data\odac\pristine_CO2\ROCZEQ\ROCZEQ_w_CO2_1_relaxed.cif,-0.18128205199998315
C:\Users\GED\PycharmProjects\Aixelo_Project_DataLab_2025\data\odac\pristine_CO2\ROCZIU\ROCZIU_w_CO2_1_relaxed.cif,-0.21874006666661214
C:\Users\GED\PycharmProjects\Aixelo_Project_DataLab_2025\data\odac\pristine_CO2\ROCZUG\ROCZUG_w_CO2_1_relaxed.cif,-0.2214886679999608
C:\Users\GED\PycharmProjects\Aixelo_Project_DataLab_2025\data\odac\pristine_CO2\RODBAP\RODBAP_w_CO2_1_relaxed.cif,-0.28012193800000207
C:\Users\GED\PycharmProjects\Aixelo_Project_DataLab_2025\data\odac\pristine_CO2\ROGSAI\ROGSAI_w_CO2_1_relaxed.cif,-0.31499941999993547
C:\Users\GED\PycharmProjects\Aixelo_Project_DataLab_2025\data\odac\pristine_CO2\ROLZEZ\ROLZEZ_w_CO2_1_relaxed.cif,0.6164264083333251
C:\Users\GED\PycharmProjects\Aixelo_Project_DataLab_2025\data\odac\pristine_CO2\ROMQAN\ROMQAN_w_CO2_1_relaxed.cif,-0.38471954428567706
C:\Users\GED\PycharmProjects\Aixelo_Project_DataLab_2025\data\odac\pristine_CO2\RONSIY\RONSIY_w_CO2_1_relaxed.cif,-0.5405678616668107
C:\Users\GED\PycharmProjects\Aixelo_Project_DataLab_2025\data\odac\pristine_CO2\RONSOC\RONSOC_w_CO2_1_relaxed.cif,-0.21551248600017056
C:\Users\GED\PycharmProjects\Aixelo_Project_DataLab_2025\data\odac\pristine_CO2\RONWIA\RONWIA_w_CO2_random_1_relaxed.cif,0.2845722399999886
C:\Users\GED\PycharmProjects\Aixelo_Project_DataLab_2025\data\odac\pristine_CO2\RONZID\RONZID_w_CO2_1_relaxed.cif,-0.17027647666665754
C:\Users\GED\PycharmProjects\Aixelo_Project_DataLab_2025\data\odac\pristine_CO2\ROQVIE\ROQVIE_w_CO2_1_relaxed.cif,-0.2140358239999159
C:\Users\GED\PycharmProjects\Aixelo_Project_DataLab_2025\data\odac\pristine_CO2\ROTQIC\ROTQIC_w_CO2_1_relaxed.cif,-0.1878808557142649
C:\Users\GED\PycharmProjects\Aixelo_Project_DataLab_2025\data\odac\pristine_CO2\ROTTOL\ROTTOL_w_CO2_1_relaxed.cif,-0.21957370857135822
C:\Users\GED\PycharmProjects\Aixelo_Project_DataLab_2025\data\odac\pristine_CO2\ROYJUM\ROYJUM_w_CO2_1_relaxed.cif,-0.3355662699999584
C:\Users\GED\PycharmProjects\Aixelo_Project_DataLab_2025\data\odac\pristine_CO2\RUBGUS\RUBGUS_w_CO2_1_relaxed.cif,-0.436651805000281
C:\Users\GED\PycharmProjects\Aixelo_Project_DataLab_2025\data\odac\pristine_CO2\RUBTAK01_SL\RUBTAK01_SL_w_CO2_1_relaxed.cif,-0.23056756333329528
C:\Users\GED\PycharmProjects\Aixelo_Project_DataLab_2025\data\odac\pristine_CO2\RUBTAK02_SL\RUBTAK02_SL_w_CO2_1_relaxed.cif,-0.31316975499993305
C:\Users\GED\PycharmProjects\Aixelo_Project_DataLab_2025\data\odac\pristine_CO2\RUBTAK03_auto\RUBTAK03_auto_w_CO2_1_relaxed.cif,-0.44430234999974044
C:\Users\GED\PycharmProjects\Aixelo_Project_DataLab_2025\data\odac\pristine_CO2\RUCGOM\RUCGOM_w_CO2_1_relaxed.cif,-0.3655680566666509
C:\Users\GED\PycharmProjects\Aixelo_Project_DataLab_2025\data\odac\pristine_CO2\RUFDUT\RUFDUT_w_CO2_1_relaxed.cif,0.38008609374998054
C:\Users\GED\PycharmProjects\Aixelo_Project_DataLab_2025\data\odac\pristine_CO2\RUFRIV\RUFRIV_w_CO2_1_relaxed.cif,-0.256807004285877
C:\Users\GED\PycharmProjects\Aixelo_Project_DataLab_2025\data\odac\pristine_CO2\RUFZID\RUFZID_w_CO2_1_relaxed.cif,-0.3584064424996995
C:\Users\GED\PycharmProjects\Aixelo_Project_DataLab_2025\data\odac\pristine_CO2\RUGKOV\RUGKOV_w_CO2_1_relaxed.cif,-0.34886602400010813
C:\Users\GED\PycharmProjects\Aixelo_Project_DataLab_2025\data\odac\pristine_CO2\RUGXOI\RUGXOI_w_CO2_1_relaxed.cif,0.05978159428580702
C:\Users\GED\PycharmProjects\Aixelo_Project_DataLab_2025\data\odac\pristine_CO2\RUGXOI01\RUGXOI01_w_CO2_1_relaxed.cif,-0.4053615971427819
C:\Users\GED\PycharmProjects\Aixelo_Project_DataLab_2025\data\odac\pristine_CO2\RUGYOJ\RUGYOJ_w_CO2_1_relaxed.cif,-0.3633438999998881
C:\Users\GED\PycharmProjects\Aixelo_Project_DataLab_2025\data\odac\pristine_CO2\RUGZAW\RUGZAW_w_CO2_1_relaxed.cif,-0.20482839000013486
C:\Users\GED\PycharmProjects\Aixelo_Project_DataLab_2025\data\odac\pristine_CO2\RUHCED_SL\RUHCED_SL_w_CO2_random_1_relaxed.cif,0.8526590700000156
C:\Users\GED\PycharmProjects\Aixelo_Project_DataLab_2025\data\odac\pristine_CO2\RUHFEH\RUHFEH_w_CO2_1_relaxed.cif,6.324614162500097
C:\Users\GED\PycharmProjects\Aixelo_Project_DataLab_2025\data\odac\pristine_CO2\RUHFIL\RUHFIL_w_CO2_1_relaxed.cif,0.046863307500103674
C:\Users\GED\PycharmProjects\Aixelo_Project_DataLab_2025\data\odac\pristine_CO2\RULBOQ\RULBOQ_w_CO2_1_relaxed.cif,0.5413772240001891
C:\Users\GED\PycharmProjects\Aixelo_Project_DataLab_2025\data\odac\pristine_CO2\RULVUP\RULVUP_w_CO2_1_relaxed.cif,0.00136724200003756
C:\Users\GED\PycharmProjects\Aixelo_Project_DataLab_2025\data\odac\pristine_CO2\RUMRUO\RUMRUO_w_CO2_1_relaxed.cif,-0.29666090250004373
C:\Users\GED\PycharmProjects\Aixelo_Project_DataLab_2025\data\odac\pristine_CO2\RUMWUS\RUMWUS_w_CO2_1_relaxed.cif,-0.27485704166667796
C:\Users\GED\PycharmProjects\Aixelo_Project_DataLab_2025\data\odac\pristine_CO2\RUNXUV\RUNXUV_w_CO2_1_relaxed.cif,-0.36076718750005904
C:\Users\GED\PycharmProjects\Aixelo_Project_DataLab_2025\data\odac\pristine_CO2\RUPTED\RUPTED_w_CO2_1_relaxed.cif,-0.47500531857141526
C:\Users\GED\PycharmProjects\Aixelo_Project_DataLab_2025\data\odac\pristine_CO2\RUPVAB\RUPVAB_w_CO2_1_relaxed.cif,-0.3138672474997292
C:\Users\GED\PycharmProjects\Aixelo_Project_DataLab_2025\data\odac\pristine_CO2\RURPAW\RURPAW_w_CO2_1_relaxed.cif,-0.4220130371428671
C:\Users\GED\PycharmProjects\Aixelo_Project_DataLab_2025\data\odac\pristine_CO2\RURPEA\RURPEA_w_CO2_1_relaxed.cif,-0.4183551000000258
C:\Users\GED\PycharmProjects\Aixelo_Project_DataLab_2025\data\odac\pristine_CO2\RUSWIN\RUSWIN_w_CO2_2_relaxed.cif,-0.24504880499997242
C:\Users\GED\PycharmProjects\Aixelo_Project_DataLab_2025\data\odac\pristine_CO2\RUSWOT\RUSWOT_w_CO2_1_relaxed.cif,-0.19691940142856112
C:\Users\GED\PycharmProjects\Aixelo_Project_DataLab_2025\data\odac\pristine_CO2\RUSWUZ\RUSWUZ_w_CO2_1_relaxed.cif,0.0352057714284716
C:\Users\GED\PycharmProjects\Aixelo_Project_DataLab_2025\data\odac\pristine_CO2\RUSXAG\RUSXAG_w_CO2_1_relaxed.cif,-0.21020311428566987
C:\Users\GED\PycharmProjects\Aixelo_Project_DataLab_2025\data\odac\pristine_CO2\RUSXEK\RUSXEK_w_CO2_1_relaxed.cif,-0.21223006999996735
C:\Users\GED\PycharmProjects\Aixelo_Project_DataLab_2025\data\odac\pristine_CO2\RUTBUE\RUTBUE_w_CO2_1_relaxed.cif,-0.0220633850000382
C:\Users\GED\PycharmProjects\Aixelo_Project_DataLab_2025\data\odac\pristine_CO2\RUVBOB\RUVBOB_w_CO2_1_relaxed.cif,-0.10113049000002707
C:\Users\GED\PycharmProjects\Aixelo_Project_DataLab_2025\data\odac\pristine_CO2\RUVCES\RUVCES_w_CO2_1_relaxed.cif,0.6517523679999614
C:\Users\GED\PycharmProjects\Aixelo_Project_DataLab_2025\data\odac\pristine_CO2\RUVKAV\RUVKAV_w_CO2_1_relaxed.cif,-0.22216457166668604
C:\Users\GED\PycharmProjects\Aixelo_Project_DataLab_2025\data\odac\pristine_CO2\RUVKOJ\RUVKOJ_w_CO2_1_relaxed.cif,4.730046453333405
C:\Users\GED\PycharmProjects\Aixelo_Project_DataLab_2025\data\odac\pristine_CO2\RUVMAX\RUVMAX_w_CO2_1_relaxed.cif,0.459796551250065
C:\Users\GED\PycharmProjects\Aixelo_Project_DataLab_2025\data\odac\pristine_CO2\RUWWOW\RUWWOW_w_CO2_1_relaxed.cif,-0.20141263000002543
C:\Users\GED\PycharmProjects\Aixelo_Project_DataLab_2025\data\odac\pristine_CO2\RUWWOW01\RUWWOW01_w_CO2_1_relaxed.cif,-0.25045306833332376
C:\Users\GED\PycharmProjects\Aixelo_Project_DataLab_2025\data\odac\pristine_CO2\RUWWUC\RUWWUC_w_CO2_1_relaxed.cif,-0.3495513200000135
C:\Users\GED\PycharmProjects\Aixelo_Project_DataLab_2025\data\odac\pristine_CO2\RUWXAJ\RUWXAJ_w_CO2_1_relaxed.cif,-0.2485636814286148
C:\Users\GED\PycharmProjects\Aixelo_Project_DataLab_2025\data\odac\pristine_CO2\RUWXEN\RUWXEN_w_CO2_1_relaxed.cif,-0.22447156142858046
C:\Users\GED\PycharmProjects\Aixelo_Project_DataLab_2025\data\odac\pristine_CO2\RUYNIK\RUYNIK_w_CO2_1_relaxed.cif,-0.3231436914285756
C:\Users\GED\PycharmProjects\Aixelo_Project_DataLab_2025\data\odac\pristine_CO2\RUYQIN\RUYQIN_w_CO2_1_relaxed.cif,-0.2498043379997398
C:\Users\GED\PycharmProjects\Aixelo_Project_DataLab_2025\data\odac\pristine_CO2\RUYQIN01\RUYQIN01_w_CO2_1_relaxed.cif,-0.28606286399963204
C:\Users\GED\PycharmProjects\Aixelo_Project_DataLab_2025\data\odac\pristine_CO2\RUYQIN02\RUYQIN02_w_CO2_1_relaxed.cif,-0.15416501199970295
C:\Users\GED\PycharmProjects\Aixelo_Project_DataLab_2025\data\odac\pristine_CO2\RUYQIN03\RUYQIN03_w_CO2_1_relaxed.cif,-0.19376414999978803
C:\Users\GED\PycharmProjects\Aixelo_Project_DataLab_2025\data\odac\pristine_CO2\RUYQOT\RUYQOT_w_CO2_1_relaxed.cif,-0.3146027639999375
C:\Users\GED\PycharmProjects\Aixelo_Project_DataLab_2025\data\odac\pristine_CO2\RUYTIQ\RUYTIQ_w_CO2_1_relaxed.cif,-0.19063776999983018
C:\Users\GED\PycharmProjects\Aixelo_Project_DataLab_2025\data\odac\pristine_CO2\RUYTUC\RUYTUC_w_CO2_1_relaxed.cif,-0.2980840219999663
C:\Users\GED\PycharmProjects\Aixelo_Project_DataLab_2025\data\odac\pristine_CO2\RUYVAK\RUYVAK_w_CO2_3_relaxed.cif,-0.1469139333330531
C:\Users\GED\PycharmProjects\Aixelo_Project_DataLab_2025\data\odac\pristine_CO2\RUZCOF\RUZCOF_w_CO2_1_relaxed.cif,-0.43799494400007005
C:\Users\GED\PycharmProjects\Aixelo_Project_DataLab_2025\data\odac\pristine_CO2\RUZDAS\RUZDAS_w_CO2_random_1_relaxed.cif,0.8840046500000085
C:\Users\GED\PycharmProjects\Aixelo_Project_DataLab_2025\data\odac\pristine_CO2\S2052520616005515_bm5080sup1\S2052520616005515_bm5080sup1_w_CO2_1_relaxed.cif,-0.3500673171428649
C:\Users\GED\PycharmProjects\Aixelo_Project_DataLab_2025\data\odac\pristine_CO2\S2056989016007027_zl2661sup1\S2056989016007027_zl2661sup1_w_CO2_1_relaxed.cif,-0.2649366842856579
C:\Users\GED\PycharmProjects\Aixelo_Project_DataLab_2025\data\odac\pristine_CO2\SABKIS\SABKIS_w_CO2_1_relaxed.cif,0.11549618166668547
C:\Users\GED\PycharmProjects\Aixelo_Project_DataLab_2025\data\odac\pristine_CO2\SABVOH01\SABVOH01_w_CO2_1_relaxed.cif,0.08112559000001814
C:\Users\GED\PycharmProjects\Aixelo_Project_DataLab_2025\data\odac\pristine_CO2\SABVOH_manual\SABVOH_manual_w_CO2_1_relaxed.cif,-0.03237718000000692
C:\Users\GED\PycharmProjects\Aixelo_Project_DataLab_2025\data\odac\pristine_CO2\SABVUN_clean_h_min\SABVUN_clean_h_min_w_CO2_1_relaxed.cif,-0.26720720000002984
C:\Users\GED\PycharmProjects\Aixelo_Project_DataLab_2025\data\odac\pristine_CO2\SADLEQ\SADLEQ_w_CO2_1_relaxed.cif,0.2165272719999166
C:\Users\GED\PycharmProjects\Aixelo_Project_DataLab_2025\data\odac\pristine_CO2\SADMUH_SL\SADMUH_SL_w_CO2_1_relaxed.cif,-0.28274762399989867
C:\Users\GED\PycharmProjects\Aixelo_Project_DataLab_2025\data\odac\pristine_CO2\SAHXAD\SAHXAD_w_CO2_1_relaxed.cif,-0.20080601749990018
C:\Users\GED\PycharmProjects\Aixelo_Project_DataLab_2025\data\odac\pristine_CO2\SAHYAD02_charged\SAHYAD02_charged_w_CO2_1_relaxed.cif,-0.40381286000021127
C:\Users\GED\PycharmProjects\Aixelo_Project_DataLab_2025\data\odac\pristine_CO2\SAHYAD03_charged\SAHYAD03_charged_w_CO2_1_relaxed.cif,-0.17870873999962503
C:\Users\GED\PycharmProjects\Aixelo_Project_DataLab_2025\data\odac\pristine_CO2\SAHYAD_charged\SAHYAD_charged_w_CO2_1_relaxed.cif,-0.21616412857136827
C:\Users\GED\PycharmProjects\Aixelo_Project_DataLab_2025\data\odac\pristine_CO2\SAHYIL_charged\SAHYIL_charged_w_CO2_1_relaxed.cif,-0.31763293714285673
C:\Users\GED\PycharmProjects\Aixelo_Project_DataLab_2025\data\odac\pristine_CO2\SAJRAW\SAJRAW_w_CO2_1_relaxed.cif,-0.2028077399999972
C:\Users\GED\PycharmProjects\Aixelo_Project_DataLab_2025\data\odac\pristine_CO2\SAJRAW10\SAJRAW10_w_CO2_1_relaxed.cif,-0.2047102150000057
C:\Users\GED\PycharmProjects\Aixelo_Project_DataLab_2025\data\odac\pristine_CO2\SAKRAZ\SAKRAZ_w_CO2_1_relaxed.cif,-0.09351276599998068
C:\Users\GED\PycharmProjects\Aixelo_Project_DataLab_2025\data\odac\pristine_CO2\SAKRED\SAKRED_w_CO2_1_relaxed.cif,0.013204074000054761
C:\Users\GED\PycharmProjects\Aixelo_Project_DataLab_2025\data\odac\pristine_CO2\SALROO\SALROO_w_CO2_1_relaxed.cif,1.2645190499997625
C:\Users\GED\PycharmProjects\Aixelo_Project_DataLab_2025\data\odac\pristine_CO2\SALRUU\SALRUU_w_CO2_1_relaxed.cif,10.026603082857182
C:\Users\GED\PycharmProjects\Aixelo_Project_DataLab_2025\data\odac\pristine_CO2\SALXEL\SALXEL_w_CO2_1_relaxed.cif,-0.32943641499976667
C:\Users\GED\PycharmProjects\Aixelo_Project_DataLab_2025\data\odac\pristine_CO2\SALZAH\SALZAH_w_CO2_1_relaxed.cif,-0.5213747575001548
C:\Users\GED\PycharmProjects\Aixelo_Project_DataLab_2025\data\odac\pristine_CO2\SAMLAV_manual\SAMLAV_manual_w_CO2_1_relaxed.cif,-0.3138145714285169
C:\Users\GED\PycharmProjects\Aixelo_Project_DataLab_2025\data\odac\pristine_CO2\SAMVEK\SAMVEK_w_CO2_1_relaxed.cif,-0.20944444000027337
C:\Users\GED\PycharmProjects\Aixelo_Project_DataLab_2025\data\odac\pristine_CO2\SAMVIO\SAMVIO_w_CO2_1_relaxed.cif,-0.3178792750001093
C:\Users\GED\PycharmProjects\Aixelo_Project_DataLab_2025\data\odac\pristine_CO2\SANJAV\SANJAV_w_CO2_1_relaxed.cif,-0.02562061571455026
C:\Users\GED\PycharmProjects\Aixelo_Project_DataLab_2025\data\odac\pristine_CO2\SAQQAD\SAQQAD_w_CO2_1_relaxed.cif,-0.3021584071428346
C:\Users\GED\PycharmProjects\Aixelo_Project_DataLab_2025\data\odac\pristine_CO2\SAQQEH\SAQQEH_w_CO2_1_relaxed.cif,-0.2927751916668436
C:\Users\GED\PycharmProjects\Aixelo_Project_DataLab_2025\data\odac\pristine_CO2\SAQQIL\SAQQIL_w_CO2_1_relaxed.cif,-0.2558204350000324
C:\Users\GED\PycharmProjects\Aixelo_Project_DataLab_2025\data\odac\pristine_CO2\SAQQOR_clean_h\SAQQOR_clean_h_w_CO2_1_relaxed.cif,0.2422677914285681
C:\Users\GED\PycharmProjects\Aixelo_Project_DataLab_2025\data\odac\pristine_CO2\SARGID\SARGID_w_CO2_1_relaxed.cif,-0.13248849600008722
C:\Users\GED\PycharmProjects\Aixelo_Project_DataLab_2025\data\odac\pristine_CO2\SARGOJ\SARGOJ_w_CO2_1_relaxed.cif,0.02025155999995153
C:\Users\GED\PycharmProjects\Aixelo_Project_DataLab_2025\data\odac\pristine_CO2\SARGUP\SARGUP_w_CO2_1_relaxed.cif,-0.18154024000007207
C:\Users\GED\PycharmProjects\Aixelo_Project_DataLab_2025\data\odac\pristine_CO2\SARHAW\SARHAW_w_CO2_1_relaxed.cif,-0.1329870680000453
C:\Users\GED\PycharmProjects\Aixelo_Project_DataLab_2025\data\odac\pristine_CO2\SARHEA\SARHEA_w_CO2_1_relaxed.cif,-0.5908555580000098
C:\Users\GED\PycharmProjects\Aixelo_Project_DataLab_2025\data\odac\pristine_CO2\SARNOQ\SARNOQ_w_CO2_1_relaxed.cif,-0.2462593039999319
C:\Users\GED\PycharmProjects\Aixelo_Project_DataLab_2025\data\odac\pristine_CO2\SARTIR\SARTIR_w_CO2_1_relaxed.cif,-0.37089927400004397
C:\Users\GED\PycharmProjects\Aixelo_Project_DataLab_2025\data\odac\pristine_CO2\SATRIP\SATRIP_w_CO2_1_relaxed.cif,-0.20857783200000876
C:\Users\GED\PycharmProjects\Aixelo_Project_DataLab_2025\data\odac\pristine_CO2\SATROV\SATROV_w_CO2_1_relaxed.cif,-0.20846294599998597
C:\Users\GED\PycharmProjects\Aixelo_Project_DataLab_2025\data\odac\pristine_CO2\SAXLEK\SAXLEK_w_CO2_1_relaxed.cif,-0.08457823000001947
C:\Users\GED\PycharmProjects\Aixelo_Project_DataLab_2025\data\odac\pristine_CO2\SAYTOD\SAYTOD_w_CO2_1_relaxed.cif,-0.5182996424998976
C:\Users\GED\PycharmProjects\Aixelo_Project_DataLab_2025\data\odac\pristine_CO2\SEFBOV\SEFBOV_w_CO2_1_relaxed.cif,0.042278803999988665
C:\Users\GED\PycharmProjects\Aixelo_Project_DataLab_2025\data\odac\pristine_CO2\SEFSOM\SEFSOM_w_CO2_1_relaxed.cif,-0.21209261333338716
C:\Users\GED\PycharmProjects\Aixelo_Project_DataLab_2025\data\odac\pristine_CO2\SEFTUU\SEFTUU_w_CO2_1_relaxed.cif,-0.15941764750016313
C:\Users\GED\PycharmProjects\Aixelo_Project_DataLab_2025\data\odac\pristine_CO2\SEFVAC\SEFVAC_w_CO2_1_relaxed.cif,-0.2555584660000932
C:\Users\GED\PycharmProjects\Aixelo_Project_DataLab_2025\data\odac\pristine_CO2\SEFVEG\SEFVEG_w_CO2_1_relaxed.cif,-0.009951537999995697
C:\Users\GED\PycharmProjects\Aixelo_Project_DataLab_2025\data\odac\pristine_CO2\SEFVEG02\SEFVEG02_w_CO2_1_relaxed.cif,0.3061840459999985
C:\Users\GED\PycharmProjects\Aixelo_Project_DataLab_2025\data\odac\pristine_CO2\SEFVUW\SEFVUW_w_CO2_1_relaxed.cif,-0.5100302525001439
C:\Users\GED\PycharmProjects\Aixelo_Project_DataLab_2025\data\odac\pristine_CO2\SEFWAD\SEFWAD_w_CO2_1_relaxed.cif,-0.20197540999997726
C:\Users\GED\PycharmProjects\Aixelo_Project_DataLab_2025\data\odac\pristine_CO2\SEFWEH\SEFWEH_w_CO2_1_relaxed.cif,-0.20700676400006154
C:\Users\GED\PycharmProjects\Aixelo_Project_DataLab_2025\data\odac\pristine_CO2\SEFWIL\SEFWIL_w_CO2_1_relaxed.cif,1.0053725199998667
C:\Users\GED\PycharmProjects\Aixelo_Project_DataLab_2025\data\odac\pristine_CO2\SEFWOR\SEFWOR_w_CO2_1_relaxed.cif,-0.06622547749998373
C:\Users\GED\PycharmProjects\Aixelo_Project_DataLab_2025\data\odac\pristine_CO2\SEGBIR\SEGBIR_w_CO2_1_relaxed.cif,-0.23753378624992647
C:\Users\GED\PycharmProjects\Aixelo_Project_DataLab_2025\data\odac\pristine_CO2\SEGMEW\SEGMEW_w_CO2_1_relaxed.cif,-0.6012279919999856
C:\Users\GED\PycharmProjects\Aixelo_Project_DataLab_2025\data\odac\pristine_CO2\SEHSII\SEHSII_w_CO2_1_relaxed.cif,-0.22760134000004656
C:\Users\GED\PycharmProjects\Aixelo_Project_DataLab_2025\data\odac\pristine_CO2\SEHSOO\SEHSOO_w_CO2_1_relaxed.cif,-0.3230099720000453
C:\Users\GED\PycharmProjects\Aixelo_Project_DataLab_2025\data\odac\pristine_CO2\SEHSUU\SEHSUU_w_CO2_1_relaxed.cif,-0.28265598999989827
C:\Users\GED\PycharmProjects\Aixelo_Project_DataLab_2025\data\odac\pristine_CO2\SEHTEF\SEHTEF_w_CO2_1_relaxed.cif,-0.363945423999894
C:\Users\GED\PycharmProjects\Aixelo_Project_DataLab_2025\data\odac\pristine_CO2\SEHVOQ\SEHVOQ_w_CO2_1_relaxed.cif,-0.32665478500030076
C:\Users\GED\PycharmProjects\Aixelo_Project_DataLab_2025\data\odac\pristine_CO2\SEHXIN\SEHXIN_w_CO2_1_relaxed.cif,1.3720216816667516
C:\Users\GED\PycharmProjects\Aixelo_Project_DataLab_2025\data\odac\pristine_CO2\SEHZUB\SEHZUB_w_CO2_2_relaxed.cif,-0.45065674714274856
C:\Users\GED\PycharmProjects\Aixelo_Project_DataLab_2025\data\odac\pristine_CO2\SEJBAL\SEJBAL_w_CO2_1_relaxed.cif,-0.27406902499996016
C:\Users\GED\PycharmProjects\Aixelo_Project_DataLab_2025\data\odac\pristine_CO2\SEMFIB_charged\SEMFIB_charged_w_CO2_1_relaxed.cif,-0.23392292375015697
C:\Users\GED\PycharmProjects\Aixelo_Project_DataLab_2025\data\odac\pristine_CO2\SENWAL\SENWAL_w_CO2_1_relaxed.cif,-0.2822019074999389
C:\Users\GED\PycharmProjects\Aixelo_Project_DataLab_2025\data\odac\pristine_CO2\SENWIT\SENWIT_w_CO2_1_relaxed.cif,-0.22035268499990932
C:\Users\GED\PycharmProjects\Aixelo_Project_DataLab_2025\data\odac\pristine_CO2\SENWOZ\SENWOZ_w_CO2_1_relaxed.cif,-0.2390295374998743
C:\Users\GED\PycharmProjects\Aixelo_Project_DataLab_2025\data\odac\pristine_CO2\SEQTEP\SEQTEP_w_CO2_1_relaxed.cif,-0.10529628499989481
C:\Users\GED\PycharmProjects\Aixelo_Project_DataLab_2025\data\odac\pristine_CO2\SERCEZ\SERCEZ_w_CO2_1_relaxed.cif,-0.38123093666657343
C:\Users\GED\PycharmProjects\Aixelo_Project_DataLab_2025\data\odac\pristine_CO2\SERJUV\SERJUV_w_CO2_1_relaxed.cif,-0.17383273571444335
C:\Users\GED\PycharmProjects\Aixelo_Project_DataLab_2025\data\odac\pristine_CO2\SERKEG\SERKEG_w_CO2_1_relaxed.cif,-0.41562364799995066
C:\Users\GED\PycharmProjects\Aixelo_Project_DataLab_2025\data\odac\pristine_CO2\SERWAP\SERWAP_w_CO2_1_relaxed.cif,-0.33626806333306075
C:\Users\GED\PycharmProjects\Aixelo_Project_DataLab_2025\data\odac\pristine_CO2\SETDUS\SETDUS_w_CO2_1_relaxed.cif,0.32661499249991266
C:\Users\GED\PycharmProjects\Aixelo_Project_DataLab_2025\data\odac\pristine_CO2\SETQAL\SETQAL_w_CO2_random_1_relaxed.cif,0.0276042250000614
C:\Users\GED\PycharmProjects\Aixelo_Project_DataLab_2025\data\odac\pristine_CO2\SETQEP\SETQEP_w_CO2_random_1_relaxed.cif,0.34125554499996724
C:\Users\GED\PycharmProjects\Aixelo_Project_DataLab_2025\data\odac\pristine_CO2\SETQIT\SETQIT_w_CO2_random_1_relaxed.cif,0.14465305499993514
C:\Users\GED\PycharmProjects\Aixelo_Project_DataLab_2025\data\odac\pristine_CO2\SETQOZ_SL\SETQOZ_SL_w_CO2_1_relaxed.cif,0.47335229200007234
C:\Users\GED\PycharmProjects\Aixelo_Project_DataLab_2025\data\odac\pristine_CO2\SETQUF_SL\SETQUF_SL_w_CO2_1_relaxed.cif,-0.2618162080000047
C:\Users\GED\PycharmProjects\Aixelo_Project_DataLab_2025\data\odac\pristine_CO2\SETRAM\SETRAM_w_CO2_1_relaxed.cif,2.745248248000462
C:\Users\GED\PycharmProjects\Aixelo_Project_DataLab_2025\data\odac\pristine_CO2\SETSIV\SETSIV_w_CO2_1_relaxed.cif,-0.31351584999986243
C:\Users\GED\PycharmProjects\Aixelo_Project_DataLab_2025\data\odac\pristine_CO2\SETSOB\SETSOB_w_CO2_1_relaxed.cif,-0.2986192066665959
C:\Users\GED\PycharmProjects\Aixelo_Project_DataLab_2025\data\odac\pristine_CO2\SEYQIW\SEYQIW_w_CO2_1_relaxed.cif,0.07110021749997483
C:\Users\GED\PycharmProjects\Aixelo_Project_DataLab_2025\data\odac\pristine_CO2\SEZPOE\SEZPOE_w_CO2_1_relaxed.cif,-0.24546174714279395
C:\Users\GED\PycharmProjects\Aixelo_Project_DataLab_2025\data\odac\pristine_CO2\SIDCAL\SIDCAL_w_CO2_1_relaxed.cif,-0.07157566333338156
C:\Users\GED\PycharmProjects\Aixelo_Project_DataLab_2025\data\odac\pristine_CO2\SIFVAG\SIFVAG_w_CO2_1_relaxed.cif,-0.4431849600000857
C:\Users\GED\PycharmProjects\Aixelo_Project_DataLab_2025\data\odac\pristine_CO2\SIKGAW\SIKGAW_w_CO2_1_relaxed.cif,-0.2868756960000155
C:\Users\GED\PycharmProjects\Aixelo_Project_DataLab_2025\data\odac\pristine_CO2\SIKYER\SIKYER_w_CO2_2_relaxed.cif,6.447671226666671
C:\Users\GED\PycharmProjects\Aixelo_Project_DataLab_2025\data\odac\pristine_CO2\SINQEL\SINQEL_w_CO2_1_relaxed.cif,0.004634659999965144
C:\Users\GED\PycharmProjects\Aixelo_Project_DataLab_2025\data\odac\pristine_CO2\SIPCID\SIPCID_w_CO2_1_relaxed.cif,-0.255321761428604
C:\Users\GED\PycharmProjects\Aixelo_Project_DataLab_2025\data\odac\pristine_CO2\SIQCOM\SIQCOM_w_CO2_1_relaxed.cif,0.19574117166674412
C:\Users\GED\PycharmProjects\Aixelo_Project_DataLab_2025\data\odac\pristine_CO2\SIQFED\SIQFED_w_CO2_1_relaxed.cif,-0.4693465150001354
C:\Users\GED\PycharmProjects\Aixelo_Project_DataLab_2025\data\odac\pristine_CO2\SIQQEO\SIQQEO_w_CO2_1_relaxed.cif,-0.2750142133333592
C:\Users\GED\PycharmProjects\Aixelo_Project_DataLab_2025\data\odac\pristine_CO2\SISFEH\SISFEH_w_CO2_1_relaxed.cif,-0.4223677683332691
C:\Users\GED\PycharmProjects\Aixelo_Project_DataLab_2025\data\odac\pristine_CO2\SISPUH\SISPUH_w_CO2_1_relaxed.cif,-0.4286519212500081
C:\Users\GED\PycharmProjects\Aixelo_Project_DataLab_2025\data\odac\pristine_CO2\SISQES\SISQES_w_CO2_1_relaxed.cif,-0.39318272833353757
C:\Users\GED\PycharmProjects\Aixelo_Project_DataLab_2025\data\odac\pristine_CO2\SITTUM\SITTUM_w_CO2_1_relaxed.cif,0.00014769000024119884
C:\Users\GED\PycharmProjects\Aixelo_Project_DataLab_2025\data\odac\pristine_CO2\SIVGIP\SIVGIP_w_CO2_1_relaxed.cif,-0.30879125666664703
C:\Users\GED\PycharmProjects\Aixelo_Project_DataLab_2025\data\odac\pristine_CO2\SIVGOV\SIVGOV_w_CO2_1_relaxed.cif,-0.2808997433333502
C:\Users\GED\PycharmProjects\Aixelo_Project_DataLab_2025\data\odac\pristine_CO2\SIVGUB\SIVGUB_w_CO2_1_relaxed.cif,-0.2992527020001944
C:\Users\GED\PycharmProjects\Aixelo_Project_DataLab_2025\data\odac\pristine_CO2\SIVJIS\SIVJIS_w_CO2_1_relaxed.cif,-0.26516416428567674
C:\Users\GED\PycharmProjects\Aixelo_Project_DataLab_2025\data\odac\pristine_CO2\SIVQAR\SIVQAR_w_CO2_1_relaxed.cif,-0.16090837000005342
C:\Users\GED\PycharmProjects\Aixelo_Project_DataLab_2025\data\odac\pristine_CO2\SIWSUO\SIWSUO_w_CO2_1_relaxed.cif,-0.5343682899999749
C:\Users\GED\PycharmProjects\Aixelo_Project_DataLab_2025\data\odac\pristine_CO2\SIWTEZ\SIWTEZ_w_CO2_1_relaxed.cif,-0.1509326742855949
C:\Users\GED\PycharmProjects\Aixelo_Project_DataLab_2025\data\odac\pristine_CO2\SIWTOJ\SIWTOJ_w_CO2_1_relaxed.cif,-0.30881442499998
C:\Users\GED\PycharmProjects\Aixelo_Project_DataLab_2025\data\odac\pristine_CO2\SOBZEQ\SOBZEQ_w_CO2_1_relaxed.cif,-0.5071547866666606
C:\Users\GED\PycharmProjects\Aixelo_Project_DataLab_2025\data\odac\pristine_CO2\SOBZOY\SOBZOY_w_CO2_1_relaxed.cif,-0.29662158400001315
C:\Users\GED\PycharmProjects\Aixelo_Project_DataLab_2025\data\odac\pristine_CO2\SOCKOM\SOCKOM_w_CO2_1_relaxed.cif,-0.14193356999992696
C:\Users\GED\PycharmProjects\Aixelo_Project_DataLab_2025\data\odac\pristine_CO2\SOCLAZ\SOCLAZ_w_CO2_1_relaxed.cif,-0.34105997600013327
C:\Users\GED\PycharmProjects\Aixelo_Project_DataLab_2025\data\odac\pristine_CO2\SODQOT\SODQOT_w_CO2_1_relaxed.cif,-0.19716781600004646
C:\Users\GED\PycharmProjects\Aixelo_Project_DataLab_2025\data\odac\pristine_CO2\SODZIV\SODZIV_w_CO2_1_relaxed.cif,-0.3901393300000109
C:\Users\GED\PycharmProjects\Aixelo_Project_DataLab_2025\data\odac\pristine_CO2\SOHBUO\SOHBUO_w_CO2_1_relaxed.cif,-0.1651760816667623
C:\Users\GED\PycharmProjects\Aixelo_Project_DataLab_2025\data\odac\pristine_CO2\SOHGUS\SOHGUS_w_CO2_1_relaxed.cif,-0.12651074000009427
C:\Users\GED\PycharmProjects\Aixelo_Project_DataLab_2025\data\odac\pristine_CO2\SOKWAS\SOKWAS_w_CO2_random_1_relaxed.cif,0.0349652300001821
C:\Users\GED\PycharmProjects\Aixelo_Project_DataLab_2025\data\odac\pristine_CO2\SOKWAS01\SOKWAS01_w_CO2_random_1_relaxed.cif,1.3528357999999798
C:\Users\GED\PycharmProjects\Aixelo_Project_DataLab_2025\data\odac\pristine_CO2\SOMSIY\SOMSIY_w_CO2_1_relaxed.cif,-0.252764733333322
C:\Users\GED\PycharmProjects\Aixelo_Project_DataLab_2025\data\odac\pristine_CO2\SONTAR_manual\SONTAR_manual_w_CO2_1_relaxed.cif,-0.010299050000043037
C:\Users\GED\PycharmProjects\Aixelo_Project_DataLab_2025\data\odac\pristine_CO2\SONTUL_neutral_b\SONTUL_neutral_b_w_CO2_1_relaxed.cif,-0.12179971166672958
C:\Users\GED\PycharmProjects\Aixelo_Project_DataLab_2025\data\odac\pristine_CO2\SONVAT_neutral_b\SONVAT_neutral_b_w_CO2_1_relaxed.cif,0.12262458499969849
C:\Users\GED\PycharmProjects\Aixelo_Project_DataLab_2025\data\odac\pristine_CO2\SONVEX_neutral_b\SONVEX_neutral_b_w_CO2_1_relaxed.cif,-0.107767145000139
C:\Users\GED\PycharmProjects\Aixelo_Project_DataLab_2025\data\odac\pristine_CO2\SONVIB_neutral_b\SONVIB_neutral_b_w_CO2_1_relaxed.cif,-0.07042139499996364
C:\Users\GED\PycharmProjects\Aixelo_Project_DataLab_2025\data\odac\pristine_CO2\SOPLAM\SOPLAM_w_CO2_1_relaxed.cif,-0.43114844799997626
C:\Users\GED\PycharmProjects\Aixelo_Project_DataLab_2025\data\odac\pristine_CO2\SOPLOA\SOPLOA_w_CO2_1_relaxed.cif,-0.39738000333337214
C:\Users\GED\PycharmProjects\Aixelo_Project_DataLab_2025\data\odac\pristine_CO2\SOSFAJ\SOSFAJ_w_CO2_1_relaxed.cif,-0.4509306585715486
C:\Users\GED\PycharmProjects\Aixelo_Project_DataLab_2025\data\odac\pristine_CO2\SOSSEA\SOSSEA_w_CO2_1_relaxed.cif,-0.4839068871428286
C:\Users\GED\PycharmProjects\Aixelo_Project_DataLab_2025\data\odac\pristine_CO2\SOTTUR\SOTTUR_w_CO2_1_relaxed.cif,-0.30823261285719833
C:\Users\GED\PycharmProjects\Aixelo_Project_DataLab_2025\data\odac\pristine_CO2\SOTWUV\SOTWUV_w_CO2_1_relaxed.cif,-0.1932355249999015
C:\Users\GED\PycharmProjects\Aixelo_Project_DataLab_2025\data\odac\pristine_CO2\SOTXAC\SOTXAC_w_CO2_1_relaxed.cif,-0.2599995549999979
C:\Users\GED\PycharmProjects\Aixelo_Project_DataLab_2025\data\odac\pristine_CO2\SOVHAM\SOVHAM_w_CO2_1_relaxed.cif,-0.24607356833332492
C:\Users\GED\PycharmProjects\Aixelo_Project_DataLab_2025\data\odac\pristine_CO2\SOVHOA\SOVHOA_w_CO2_1_relaxed.cif,-0.2669007883333639
C:\Users\GED\PycharmProjects\Aixelo_Project_DataLab_2025\data\odac\pristine_CO2\SOXDAM\SOXDAM_w_CO2_1_relaxed.cif,-0.38816944857129393
C:\Users\GED\PycharmProjects\Aixelo_Project_DataLab_2025\data\odac\pristine_CO2\SOYFUJ\SOYFUJ_w_CO2_1_relaxed.cif,3.0743454800000714
C:\Users\GED\PycharmProjects\Aixelo_Project_DataLab_2025\data\odac\pristine_CO2\SOYWOT_neutral_b\SOYWOT_neutral_b_w_CO2_1_relaxed.cif,-0.18756532166662507
C:\Users\GED\PycharmProjects\Aixelo_Project_DataLab_2025\data\odac\pristine_CO2\SOZBIS\SOZBIS_w_CO2_1_relaxed.cif,-0.20543558500000353
C:\Users\GED\PycharmProjects\Aixelo_Project_DataLab_2025\data\odac\pristine_CO2\SROXAL01\SROXAL01_w_CO2_1_relaxed.cif,-0.26778975124996407
C:\Users\GED\PycharmProjects\Aixelo_Project_DataLab_2025\data\odac\pristine_CO2\SUFBAY\SUFBAY_w_CO2_1_relaxed.cif,0.042421942857604956
C:\Users\GED\PycharmProjects\Aixelo_Project_DataLab_2025\data\odac\pristine_CO2\SUFJIO\SUFJIO_w_CO2_1_relaxed.cif,-0.29275117500018644
C:\Users\GED\PycharmProjects\Aixelo_Project_DataLab_2025\data\odac\pristine_CO2\SUFJOU\SUFJOU_w_CO2_1_relaxed.cif,-0.3272508257142753
C:\Users\GED\PycharmProjects\Aixelo_Project_DataLab_2025\data\odac\pristine_CO2\SUFROA\SUFROA_w_CO2_random_2_relaxed.cif,-0.2305733900002451
C:\Users\GED\PycharmProjects\Aixelo_Project_DataLab_2025\data\odac\pristine_CO2\SUGDIJ_auto\SUGDIJ_auto_w_CO2_1_relaxed.cif,-0.27876438749996163
C:\Users\GED\PycharmProjects\Aixelo_Project_DataLab_2025\data\odac\pristine_CO2\SUGVUM\SUGVUM_w_CO2_1_relaxed.cif,-0.31047996500041103
C:\Users\GED\PycharmProjects\Aixelo_Project_DataLab_2025\data\odac\pristine_CO2\SUHMEP\SUHMEP_w_CO2_2_relaxed.cif,-0.025269362500068823
C:\Users\GED\PycharmProjects\Aixelo_Project_DataLab_2025\data\odac\pristine_CO2\SUJNUH\SUJNUH_w_CO2_1_relaxed.cif,0.6726512733331825
C:\Users\GED\PycharmProjects\Aixelo_Project_DataLab_2025\data\odac\pristine_CO2\SUKNUI_charged\SUKNUI_charged_w_CO2_1_relaxed.cif,-0.24915526599979784
C:\Users\GED\PycharmProjects\Aixelo_Project_DataLab_2025\data\odac\pristine_CO2\SUKRIB\SUKRIB_w_CO2_1_relaxed.cif,-0.3833145857142394
C:\Users\GED\PycharmProjects\Aixelo_Project_DataLab_2025\data\odac\pristine_CO2\SUKYIH\SUKYIH_w_CO2_1_relaxed.cif,0.11347984200001522
C:\Users\GED\PycharmProjects\Aixelo_Project_DataLab_2025\data\odac\pristine_CO2\SUNHUF\SUNHUF_w_CO2_2_relaxed.cif,0.03726990750007528
C:\Users\GED\PycharmProjects\Aixelo_Project_DataLab_2025\data\odac\pristine_CO2\SUNJIV\SUNJIV_w_CO2_2_relaxed.cif,-0.41943473200004744
C:\Users\GED\PycharmProjects\Aixelo_Project_DataLab_2025\data\odac\pristine_CO2\SUNJOB\SUNJOB_w_CO2_1_relaxed.cif,-0.34693012333337
C:\Users\GED\PycharmProjects\Aixelo_Project_DataLab_2025\data\odac\pristine_CO2\SUNJOB01\SUNJOB01_w_CO2_1_relaxed.cif,-0.4202433300000242
C:\Users\GED\PycharmProjects\Aixelo_Project_DataLab_2025\data\odac\pristine_CO2\SUPLOF\SUPLOF_w_CO2_1_relaxed.cif,-0.251847837999685
C:\Users\GED\PycharmProjects\Aixelo_Project_DataLab_2025\data\odac\pristine_CO2\SUSZIQ\SUSZIQ_w_CO2_1_relaxed.cif,-0.47850609375007025
C:\Users\GED\PycharmProjects\Aixelo_Project_DataLab_2025\data\odac\pristine_CO2\SUSZOW\SUSZOW_w_CO2_1_relaxed.cif,-0.4693991425002082
C:\Users\GED\PycharmProjects\Aixelo_Project_DataLab_2025\data\odac\pristine_CO2\SUWQEI\SUWQEI_w_CO2_1_relaxed.cif,-0.1265328057143051
C:\Users\GED\PycharmProjects\Aixelo_Project_DataLab_2025\data\odac\pristine_CO2\TACFIN\TACFIN_w_CO2_1_relaxed.cif,-0.20712244750002634
C:\Users\GED\PycharmProjects\Aixelo_Project_DataLab_2025\data\odac\pristine_CO2\TACPAP\TACPAP_w_CO2_1_relaxed.cif,3.3143674999999866
C:\Users\GED\PycharmProjects\Aixelo_Project_DataLab_2025\data\odac\pristine_CO2\TACPET\TACPET_w_CO2_1_relaxed.cif,4.556580572857034
C:\Users\GED\PycharmProjects\Aixelo_Project_DataLab_2025\data\odac\pristine_CO2\TACPIX\TACPIX_w_CO2_1_relaxed.cif,4.0175477042856595
C:\Users\GED\PycharmProjects\Aixelo_Project_DataLab_2025\data\odac\pristine_CO2\TACWOM\TACWOM_w_CO2_1_relaxed.cif,-0.6076373916668368
C:\Users\GED\PycharmProjects\Aixelo_Project_DataLab_2025\data\odac\pristine_CO2\TACWUS\TACWUS_w_CO2_1_relaxed.cif,-0.21899271999996012
C:\Users\GED\PycharmProjects\Aixelo_Project_DataLab_2025\data\odac\pristine_CO2\TADCOS\TADCOS_w_CO2_1_relaxed.cif,-0.11714315400002988
C:\Users\GED\PycharmProjects\Aixelo_Project_DataLab_2025\data\odac\pristine_CO2\TADWEC_manual\TADWEC_manual_w_CO2_1_relaxed.cif,-0.27640967999988264
C:\Users\GED\PycharmProjects\Aixelo_Project_DataLab_2025\data\odac\pristine_CO2\TADWIG_manual\TADWIG_manual_w_CO2_1_relaxed.cif,-0.1989054314282319
C:\Users\GED\PycharmProjects\Aixelo_Project_DataLab_2025\data\odac\pristine_CO2\TADYEE\TADYEE_w_CO2_1_relaxed.cif,-0.3765530859999672
C:\Users\GED\PycharmProjects\Aixelo_Project_DataLab_2025\data\odac\pristine_CO2\TADYII\TADYII_w_CO2_1_relaxed.cif,0.06399449333324958
C:\Users\GED\PycharmProjects\Aixelo_Project_DataLab_2025\data\odac\pristine_CO2\TAGBUZ\TAGBUZ_w_CO2_random_1_relaxed.cif,-0.1989728949999971
C:\Users\GED\PycharmProjects\Aixelo_Project_DataLab_2025\data\odac\pristine_CO2\TAGTED\TAGTED_w_CO2_1_relaxed.cif,-0.28701635999997654
C:\Users\GED\PycharmProjects\Aixelo_Project_DataLab_2025\data\odac\pristine_CO2\TAGTIH\TAGTIH_w_CO2_1_relaxed.cif,-0.5461266280000245
C:\Users\GED\PycharmProjects\Aixelo_Project_DataLab_2025\data\odac\pristine_CO2\TAGVAB\TAGVAB_w_CO2_1_relaxed.cif,-0.6047102742857403
C:\Users\GED\PycharmProjects\Aixelo_Project_DataLab_2025\data\odac\pristine_CO2\TAHNEY\TAHNEY_w_CO2_1_relaxed.cif,-0.175045826666557
C:\Users\GED\PycharmProjects\Aixelo_Project_DataLab_2025\data\odac\pristine_CO2\TAJXIO\TAJXIO_w_CO2_1_relaxed.cif,-0.6393101271433547
C:\Users\GED\PycharmProjects\Aixelo_Project_DataLab_2025\data\odac\pristine_CO2\TAJXIO02\TAJXIO02_w_CO2_1_relaxed.cif,-0.5727283442858087
C:\Users\GED\PycharmProjects\Aixelo_Project_DataLab_2025\data\odac\pristine_CO2\TAKGOE\TAKGOE_w_CO2_1_relaxed.cif,-0.26246775166665276
C:\Users\GED\PycharmProjects\Aixelo_Project_DataLab_2025\data\odac\pristine_CO2\TAKGUK\TAKGUK_w_CO2_1_relaxed.cif,0.011517643333339336
C:\Users\GED\PycharmProjects\Aixelo_Project_DataLab_2025\data\odac\pristine_CO2\TAKHAR\TAKHAR_w_CO2_1_relaxed.cif,-0.2569422333335372
C:\Users\GED\PycharmProjects\Aixelo_Project_DataLab_2025\data\odac\pristine_CO2\TAKTIL\TAKTIL_w_CO2_1_relaxed.cif,-0.38663294000002674
C:\Users\GED\PycharmProjects\Aixelo_Project_DataLab_2025\data\odac\pristine_CO2\TAKTOR\TAKTOR_w_CO2_1_relaxed.cif,-0.14790110333331083
C:\Users\GED\PycharmProjects\Aixelo_Project_DataLab_2025\data\odac\pristine_CO2\TAKVAF\TAKVAF_w_CO2_1_relaxed.cif,-0.22993615500005637
C:\Users\GED\PycharmProjects\Aixelo_Project_DataLab_2025\data\odac\pristine_CO2\TAMHUM\TAMHUM_w_CO2_1_relaxed.cif,-0.45354888199972265
C:\Users\GED\PycharmProjects\Aixelo_Project_DataLab_2025\data\odac\pristine_CO2\TAMJAU_charged\TAMJAU_charged_w_CO2_1_relaxed.cif,0.026442866000115816
C:\Users\GED\PycharmProjects\Aixelo_Project_DataLab_2025\data\odac\pristine_CO2\TAMJEY_charged\TAMJEY_charged_w_CO2_1_relaxed.cif,-0.47660220428571975
C:\Users\GED\PycharmProjects\Aixelo_Project_DataLab_2025\data\odac\pristine_CO2\TAMZUE_charged\TAMZUE_charged_w_CO2_3_relaxed.cif,-0.029130053333422706
C:\Users\GED\PycharmProjects\Aixelo_Project_DataLab_2025\data\odac\pristine_CO2\TANBAN_charged\TANBAN_charged_w_CO2_1_relaxed.cif,-0.3819031128574092
C:\Users\GED\PycharmProjects\Aixelo_Project_DataLab_2025\data\odac\pristine_CO2\TANBIV_charged\TANBIV_charged_w_CO2_1_relaxed.cif,-0.525138000000311
C:\Users\GED\PycharmProjects\Aixelo_Project_DataLab_2025\data\odac\pristine_CO2\TANBOZ\TANBOZ_w_CO2_1_relaxed.cif,-0.1910168433333391
C:\Users\GED\PycharmProjects\Aixelo_Project_DataLab_2025\data\odac\pristine_CO2\TAPLED\TAPLED_w_CO2_1_relaxed.cif,-0.5383854250000392
C:\Users\GED\PycharmProjects\Aixelo_Project_DataLab_2025\data\odac\pristine_CO2\TAQGEZ\TAQGEZ_w_CO2_1_relaxed.cif,-0.21551735800001098
C:\Users\GED\PycharmProjects\Aixelo_Project_DataLab_2025\data\odac\pristine_CO2\TARVOX\TARVOX_w_CO2_1_relaxed.cif,-0.19060773000005607
C:\Users\GED\PycharmProjects\Aixelo_Project_DataLab_2025\data\odac\pristine_CO2\TARVUD\TARVUD_w_CO2_1_relaxed.cif,-0.2427701719999277
C:\Users\GED\PycharmProjects\Aixelo_Project_DataLab_2025\data\odac\pristine_CO2\TARWAK\TARWAK_w_CO2_1_relaxed.cif,-0.27185746200000266
C:\Users\GED\PycharmProjects\Aixelo_Project_DataLab_2025\data\odac\pristine_CO2\TARWEO\TARWEO_w_CO2_1_relaxed.cif,-0.3448669379999728
C:\Users\GED\PycharmProjects\Aixelo_Project_DataLab_2025\data\odac\pristine_CO2\TASXIW\TASXIW_w_CO2_1_relaxed.cif,-0.3240232999999729
C:\Users\GED\PycharmProjects\Aixelo_Project_DataLab_2025\data\odac\pristine_CO2\TATPOV\TATPOV_w_CO2_1_relaxed.cif,-0.30495118333328713
C:\Users\GED\PycharmProjects\Aixelo_Project_DataLab_2025\data\odac\pristine_CO2\TATSAK\TATSAK_w_CO2_1_relaxed.cif,-0.4430049585715616
C:\Users\GED\PycharmProjects\Aixelo_Project_DataLab_2025\data\odac\pristine_CO2\TAWHOO\TAWHOO_w_CO2_1_relaxed.cif,-0.5854808077779379
C:\Users\GED\PycharmProjects\Aixelo_Project_DataLab_2025\data\odac\pristine_CO2\TAWTAP\TAWTAP_w_CO2_1_relaxed.cif,-0.11195593857153845
C:\Users\GED\PycharmProjects\Aixelo_Project_DataLab_2025\data\odac\pristine_CO2\TAWYUO\TAWYUO_w_CO2_1_relaxed.cif,-0.40487675833310277
C:\Users\GED\PycharmProjects\Aixelo_Project_DataLab_2025\data\odac\pristine_CO2\TAYNEN\TAYNEN_w_CO2_1_relaxed.cif,-0.36050905000024613
C:\Users\GED\PycharmProjects\Aixelo_Project_DataLab_2025\data\odac\pristine_CO2\TAZLUD\TAZLUD_w_CO2_1_relaxed.cif,-0.5241206724998619
C:\Users\GED\PycharmProjects\Aixelo_Project_DataLab_2025\data\odac\pristine_CO2\TAZSAP02\TAZSAP02_w_CO2_1_relaxed.cif,-0.23718686125003782
C:\Users\GED\PycharmProjects\Aixelo_Project_DataLab_2025\data\odac\pristine_CO2\TAZYAV\TAZYAV_w_CO2_1_relaxed.cif,-0.2703763966668854
C:\Users\GED\PycharmProjects\Aixelo_Project_DataLab_2025\data\odac\pristine_CO2\TEBSAW\TEBSAW_w_CO2_1_relaxed.cif,-0.49272172500009975
C:\Users\GED\PycharmProjects\Aixelo_Project_DataLab_2025\data\odac\pristine_CO2\TECTUS\TECTUS_w_CO2_1_relaxed.cif,-0.12879649624997566
C:\Users\GED\PycharmProjects\Aixelo_Project_DataLab_2025\data\odac\pristine_CO2\TECVEE\TECVEE_w_CO2_1_relaxed.cif,-0.16894804428568472
C:\Users\GED\PycharmProjects\Aixelo_Project_DataLab_2025\data\odac\pristine_CO2\TEDSIG\TEDSIG_w_CO2_1_relaxed.cif,0.07230207874999903
C:\Users\GED\PycharmProjects\Aixelo_Project_DataLab_2025\data\odac\pristine_CO2\TEHWEK\TEHWEK_w_CO2_random_1_relaxed.cif,0.46997340499990514
C:\Users\GED\PycharmProjects\Aixelo_Project_DataLab_2025\data\odac\pristine_CO2\TEJGEW\TEJGEW_w_CO2_1_relaxed.cif,0.06505352833335105
C:\Users\GED\PycharmProjects\Aixelo_Project_DataLab_2025\data\odac\pristine_CO2\TEJGIA01\TEJGIA01_w_CO2_1_relaxed.cif,-0.2912052142857452
C:\Users\GED\PycharmProjects\Aixelo_Project_DataLab_2025\data\odac\pristine_CO2\TEJLOL\TEJLOL_w_CO2_1_relaxed.cif,-0.31030188166664624
C:\Users\GED\PycharmProjects\Aixelo_Project_DataLab_2025\data\odac\pristine_CO2\TEMPEI\TEMPEI_w_CO2_1_relaxed.cif,-0.7312410249994628
C:\Users\GED\PycharmProjects\Aixelo_Project_DataLab_2025\data\odac\pristine_CO2\TENLIJ\TENLIJ_w_CO2_1_relaxed.cif,-0.33155420714306916
C:\Users\GED\PycharmProjects\Aixelo_Project_DataLab_2025\data\odac\pristine_CO2\TENQOS\TENQOS_w_CO2_1_relaxed.cif,-0.33398973200005455
C:\Users\GED\PycharmProjects\Aixelo_Project_DataLab_2025\data\odac\pristine_CO2\TEQPAI\TEQPAI_w_CO2_1_relaxed.cif,-0.06230306125004855
C:\Users\GED\PycharmProjects\Aixelo_Project_DataLab_2025\data\odac\pristine_CO2\TEQPEM_SL\TEQPEM_SL_w_CO2_1_relaxed.cif,-0.2663092019999339
C:\Users\GED\PycharmProjects\Aixelo_Project_DataLab_2025\data\odac\pristine_CO2\TEQVAO_manual\TEQVAO_manual_w_CO2_1_relaxed.cif,-0.5319745883330901
C:\Users\GED\PycharmProjects\Aixelo_Project_DataLab_2025\data\odac\pristine_CO2\TEQVOC\TEQVOC_w_CO2_1_relaxed.cif,-0.4426973314284785
C:\Users\GED\PycharmProjects\Aixelo_Project_DataLab_2025\data\odac\pristine_CO2\TEQWER\TEQWER_w_CO2_random_1_relaxed.cif,0.15507737499999044
C:\Users\GED\PycharmProjects\Aixelo_Project_DataLab_2025\data\odac\pristine_CO2\TEQWER01\TEQWER01_w_CO2_random_1_relaxed.cif,0.010612764999933699
C:\Users\GED\PycharmProjects\Aixelo_Project_DataLab_2025\data\odac\pristine_CO2\TERFED\TERFED_w_CO2_1_relaxed.cif,-0.010570862857223641
C:\Users\GED\PycharmProjects\Aixelo_Project_DataLab_2025\data\odac\pristine_CO2\TERFUT\TERFUT_w_CO2_1_relaxed.cif,-0.4303893283332627
C:\Users\GED\PycharmProjects\Aixelo_Project_DataLab_2025\data\odac\pristine_CO2\TERNUA\TERNUA_w_CO2_1_relaxed.cif,1.389852205000011
C:\Users\GED\PycharmProjects\Aixelo_Project_DataLab_2025\data\odac\pristine_CO2\TESGOO\TESGOO_w_CO2_1_relaxed.cif,-0.3801411133332711
C:\Users\GED\PycharmProjects\Aixelo_Project_DataLab_2025\data\odac\pristine_CO2\TESGUU\TESGUU_w_CO2_1_relaxed.cif,-0.3801361300000015
C:\Users\GED\PycharmProjects\Aixelo_Project_DataLab_2025\data\odac\pristine_CO2\TESHAB\TESHAB_w_CO2_1_relaxed.cif,-0.20575848333326496
C:\Users\GED\PycharmProjects\Aixelo_Project_DataLab_2025\data\odac\pristine_CO2\TETZEX\TETZEX_w_CO2_1_relaxed.cif,0.025093664545279767
C:\Users\GED\PycharmProjects\Aixelo_Project_DataLab_2025\data\odac\pristine_CO2\TETZID\TETZID_w_CO2_1_relaxed.cif,-0.3278430599999511
C:\Users\GED\PycharmProjects\Aixelo_Project_DataLab_2025\data\odac\pristine_CO2\TEVZEA\TEVZEA_w_CO2_1_relaxed.cif,-0.41957494666667117
C:\Users\GED\PycharmProjects\Aixelo_Project_DataLab_2025\data\odac\pristine_CO2\TEVZIE\TEVZIE_w_CO2_1_relaxed.cif,-0.42312785166666345
C:\Users\GED\PycharmProjects\Aixelo_Project_DataLab_2025\data\odac\pristine_CO2\TEVZOK\TEVZOK_w_CO2_1_relaxed.cif,-0.40063802833333284
C:\Users\GED\PycharmProjects\Aixelo_Project_DataLab_2025\data\odac\pristine_CO2\TEVZUQ\TEVZUQ_w_CO2_1_relaxed.cif,-0.3709482249999496
C:\Users\GED\PycharmProjects\Aixelo_Project_DataLab_2025\data\odac\pristine_CO2\TEWFUY\TEWFUY_w_CO2_1_relaxed.cif,-0.051048974285874564
C:\Users\GED\PycharmProjects\Aixelo_Project_DataLab_2025\data\odac\pristine_CO2\TEWGEJ\TEWGEJ_w_CO2_1_relaxed.cif,0.030828278571302017
C:\Users\GED\PycharmProjects\Aixelo_Project_DataLab_2025\data\odac\pristine_CO2\TEXTOH\TEXTOH_w_CO2_1_relaxed.cif,0.16911989499973856
C:\Users\GED\PycharmProjects\Aixelo_Project_DataLab_2025\data\odac\pristine_CO2\TEZKAM\TEZKAM_w_CO2_1_relaxed.cif,-0.5034123728568635
C:\Users\GED\PycharmProjects\Aixelo_Project_DataLab_2025\data\odac\pristine_CO2\TIDLEZ\TIDLEZ_w_CO2_1_relaxed.cif,-0.4850873959999717
C:\Users\GED\PycharmProjects\Aixelo_Project_DataLab_2025\data\odac\pristine_CO2\TIDLID\TIDLID_w_CO2_1_relaxed.cif,-0.48895870666666497
C:\Users\GED\PycharmProjects\Aixelo_Project_DataLab_2025\data\odac\pristine_CO2\TIDMEA\TIDMEA_w_CO2_1_relaxed.cif,2.0016812257143295
C:\Users\GED\PycharmProjects\Aixelo_Project_DataLab_2025\data\odac\pristine_CO2\TIDQIG\TIDQIG_w_CO2_1_relaxed.cif,-0.4403677150000173
C:\Users\GED\PycharmProjects\Aixelo_Project_DataLab_2025\data\odac\pristine_CO2\TIDSEE\TIDSEE_w_CO2_1_relaxed.cif,-0.42357289499993084
C:\Users\GED\PycharmProjects\Aixelo_Project_DataLab_2025\data\odac\pristine_CO2\TIFZIR\TIFZIR_w_CO2_1_relaxed.cif,-0.19496102333340556
C:\Users\GED\PycharmProjects\Aixelo_Project_DataLab_2025\data\odac\pristine_CO2\TIGSOT\TIGSOT_w_CO2_1_relaxed.cif,-0.2054803942858143
C:\Users\GED\PycharmProjects\Aixelo_Project_DataLab_2025\data\odac\pristine_CO2\TIGVUC\TIGVUC_w_CO2_1_relaxed.cif,-0.12232406714279669
C:\Users\GED\PycharmProjects\Aixelo_Project_DataLab_2025\data\odac\pristine_CO2\TIJPOT\TIJPOT_w_CO2_random_1_relaxed.cif,-0.1880591700002014
C:\Users\GED\PycharmProjects\Aixelo_Project_DataLab_2025\data\odac\pristine_CO2\TIKMEH\TIKMEH_w_CO2_1_relaxed.cif,-0.4357711642854026
C:\Users\GED\PycharmProjects\Aixelo_Project_DataLab_2025\data\odac\pristine_CO2\TILVOZ\TILVOZ_w_CO2_1_relaxed.cif,-0.193954283333331
C:\Users\GED\PycharmProjects\Aixelo_Project_DataLab_2025\data\odac\pristine_CO2\TILVUF\TILVUF_w_CO2_random_1_relaxed.cif,2.1327536699999996
C:\Users\GED\PycharmProjects\Aixelo_Project_DataLab_2025\data\odac\pristine_CO2\TILWAM\TILWAM_w_CO2_1_relaxed.cif,-0.6365347533333315
C:\Users\GED\PycharmProjects\Aixelo_Project_DataLab_2025\data\odac\pristine_CO2\TIPZOJ\TIPZOJ_w_CO2_1_relaxed.cif,-0.3222860800001778
C:\Users\GED\PycharmProjects\Aixelo_Project_DataLab_2025\data\odac\pristine_CO2\TIQGUW\TIQGUW_w_CO2_1_relaxed.cif,1.241638005999971
C:\Users\GED\PycharmProjects\Aixelo_Project_DataLab_2025\data\odac\pristine_CO2\TIQHAD\TIQHAD_w_CO2_1_relaxed.cif,1.045052179999999
C:\Users\GED\PycharmProjects\Aixelo_Project_DataLab_2025\data\odac\pristine_CO2\TIRHIL\TIRHIL_w_CO2_1_relaxed.cif,-0.524999393333322
C:\Users\GED\PycharmProjects\Aixelo_Project_DataLab_2025\data\odac\pristine_CO2\TIRLIQ\TIRLIQ_w_CO2_1_relaxed.cif,-0.22604709571429077
C:\Users\GED\PycharmProjects\Aixelo_Project_DataLab_2025\data\odac\pristine_CO2\TIRRIW\TIRRIW_w_CO2_1_relaxed.cif,-0.1839411557143486
C:\Users\GED\PycharmProjects\Aixelo_Project_DataLab_2025\data\odac\pristine_CO2\TISLIR\TISLIR_w_CO2_1_relaxed.cif,-0.34084853857137076
C:\Users\GED\PycharmProjects\Aixelo_Project_DataLab_2025\data\odac\pristine_CO2\TISPAO\TISPAO_w_CO2_1_relaxed.cif,-0.5579676100000077
C:\Users\GED\PycharmProjects\Aixelo_Project_DataLab_2025\data\odac\pristine_CO2\TIVXOM_charged\TIVXOM_charged_w_CO2_1_relaxed.cif,-0.025706880000052456
C:\Users\GED\PycharmProjects\Aixelo_Project_DataLab_2025\data\odac\pristine_CO2\TIXCIO\TIXCIO_w_CO2_1_relaxed.cif,-0.3133654449999312
C:\Users\GED\PycharmProjects\Aixelo_Project_DataLab_2025\data\odac\pristine_CO2\TIXMET\TIXMET_w_CO2_1_relaxed.cif,-0.36326348999985686
C:\Users\GED\PycharmProjects\Aixelo_Project_DataLab_2025\data\odac\pristine_CO2\TIXMIX\TIXMIX_w_CO2_1_relaxed.cif,-0.19980768833333207
C:\Users\GED\PycharmProjects\Aixelo_Project_DataLab_2025\data\odac\pristine_CO2\TIZVIH01_charged\TIZVIH01_charged_w_CO2_1_relaxed.cif,-0.23925047285713058
C:\Users\GED\PycharmProjects\Aixelo_Project_DataLab_2025\data\odac\pristine_CO2\TOBJUR\TOBJUR_w_CO2_1_relaxed.cif,-0.2762576316666809
C:\Users\GED\PycharmProjects\Aixelo_Project_DataLab_2025\data\odac\pristine_CO2\TOBKAY\TOBKAY_w_CO2_1_relaxed.cif,-0.2056396666666084
C:\Users\GED\PycharmProjects\Aixelo_Project_DataLab_2025\data\odac\pristine_CO2\TOBKEC\TOBKEC_w_CO2_1_relaxed.cif,-0.22188219833342746
C:\Users\GED\PycharmProjects\Aixelo_Project_DataLab_2025\data\odac\pristine_CO2\TOFQEM\TOFQEM_w_CO2_1_relaxed.cif,-0.4275298185713642
C:\Users\GED\PycharmProjects\Aixelo_Project_DataLab_2025\data\odac\pristine_CO2\TOHJIL\TOHJIL_w_CO2_1_relaxed.cif,-0.46790231333330706
C:\Users\GED\PycharmProjects\Aixelo_Project_DataLab_2025\data\odac\pristine_CO2\TOHYOF\TOHYOF_w_CO2_1_relaxed.cif,-0.318488535714323
C:\Users\GED\PycharmProjects\Aixelo_Project_DataLab_2025\data\odac\pristine_CO2\TOHYUL\TOHYUL_w_CO2_1_relaxed.cif,-0.4307127033334079
C:\Users\GED\PycharmProjects\Aixelo_Project_DataLab_2025\data\odac\pristine_CO2\TOHYUM\TOHYUM_w_CO2_1_relaxed.cif,0.5594425228570279
C:\Users\GED\PycharmProjects\Aixelo_Project_DataLab_2025\data\odac\pristine_CO2\TOHZAS\TOHZAS_w_CO2_1_relaxed.cif,-0.16515720666668202
C:\Users\GED\PycharmProjects\Aixelo_Project_DataLab_2025\data\odac\pristine_CO2\TOJLOT\TOJLOT_w_CO2_1_relaxed.cif,-0.35981553399997207
C:\Users\GED\PycharmProjects\Aixelo_Project_DataLab_2025\data\odac\pristine_CO2\TOKDON\TOKDON_w_CO2_1_relaxed.cif,0.04271027374997514
C:\Users\GED\PycharmProjects\Aixelo_Project_DataLab_2025\data\odac\pristine_CO2\TOLGOR\TOLGOR_w_CO2_1_relaxed.cif,-0.3970812649997697
C:\Users\GED\PycharmProjects\Aixelo_Project_DataLab_2025\data\odac\pristine_CO2\TOLYOJ\TOLYOJ_w_CO2_1_relaxed.cif,-0.32684238250007525
C:\Users\GED\PycharmProjects\Aixelo_Project_DataLab_2025\data\odac\pristine_CO2\TONLOY\TONLOY_w_CO2_1_relaxed.cif,-0.1124292839999725
C:\Users\GED\PycharmProjects\Aixelo_Project_DataLab_2025\data\odac\pristine_CO2\TONLOZ\TONLOZ_w_CO2_1_relaxed.cif,-0.2584829383332779
C:\Users\GED\PycharmProjects\Aixelo_Project_DataLab_2025\data\odac\pristine_CO2\TONQOD\TONQOD_w_CO2_1_relaxed.cif,2.794389177142859
C:\Users\GED\PycharmProjects\Aixelo_Project_DataLab_2025\data\odac\pristine_CO2\TOPKIT\TOPKIT_w_CO2_1_relaxed.cif,4.208055081999987
C:\Users\GED\PycharmProjects\Aixelo_Project_DataLab_2025\data\odac\pristine_CO2\TORJAN\TORJAN_w_CO2_1_relaxed.cif,-0.39392640000020646
C:\Users\GED\PycharmProjects\Aixelo_Project_DataLab_2025\data\odac\pristine_CO2\TORJUH\TORJUH_w_CO2_2_relaxed.cif,-0.4619451524998226
C:\Users\GED\PycharmProjects\Aixelo_Project_DataLab_2025\data\odac\pristine_CO2\TORPUN\TORPUN_w_CO2_1_relaxed.cif,-0.06969967166696732
C:\Users\GED\PycharmProjects\Aixelo_Project_DataLab_2025\data\odac\pristine_CO2\TORXAB\TORXAB_w_CO2_1_relaxed.cif,-0.262168155999916
C:\Users\GED\PycharmProjects\Aixelo_Project_DataLab_2025\data\odac\pristine_CO2\TOVHUJ\TOVHUJ_w_CO2_1_relaxed.cif,-0.07037412600002427
C:\Users\GED\PycharmProjects\Aixelo_Project_DataLab_2025\data\odac\pristine_CO2\TOVJAP_charged\TOVJAP_charged_w_CO2_1_relaxed.cif,-0.4692866711113008
C:\Users\GED\PycharmProjects\Aixelo_Project_DataLab_2025\data\odac\pristine_CO2\TOVKIA\TOVKIA_w_CO2_1_relaxed.cif,-0.22833600285710934
C:\Users\GED\PycharmProjects\Aixelo_Project_DataLab_2025\data\odac\pristine_CO2\TOWNOK\TOWNOK_w_CO2_1_relaxed.cif,0.3142920099998719
C:\Users\GED\PycharmProjects\Aixelo_Project_DataLab_2025\data\odac\pristine_CO2\TOXHAR\TOXHAR_w_CO2_1_relaxed.cif,-0.2043891442856907
C:\Users\GED\PycharmProjects\Aixelo_Project_DataLab_2025\data\odac\pristine_CO2\TOXHEV\TOXHEV_w_CO2_1_relaxed.cif,-0.3898061516668652
C:\Users\GED\PycharmProjects\Aixelo_Project_DataLab_2025\data\odac\pristine_CO2\TOXMUQ\TOXMUQ_w_CO2_1_relaxed.cif,-0.28924751428592443
C:\Users\GED\PycharmProjects\Aixelo_Project_DataLab_2025\data\odac\pristine_CO2\TOXNEB\TOXNEB_w_CO2_1_relaxed.cif,-0.3579824685715006
C:\Users\GED\PycharmProjects\Aixelo_Project_DataLab_2025\data\odac\pristine_CO2\TOXNIF\TOXNIF_w_CO2_1_relaxed.cif,-0.24412271285708745
C:\Users\GED\PycharmProjects\Aixelo_Project_DataLab_2025\data\odac\pristine_CO2\TOZHAR\TOZHAR_w_CO2_random_1_relaxed.cif,-0.08464836000001691
C:\Users\GED\PycharmProjects\Aixelo_Project_DataLab_2025\data\odac\pristine_CO2\TUBCEA\TUBCEA_w_CO2_1_relaxed.cif,-0.336872934285712
C:\Users\GED\PycharmProjects\Aixelo_Project_DataLab_2025\data\odac\pristine_CO2\TUBJAD\TUBJAD_w_CO2_1_relaxed.cif,-0.17302661166684175
C:\Users\GED\PycharmProjects\Aixelo_Project_DataLab_2025\data\odac\pristine_CO2\TUBLIN\TUBLIN_w_CO2_random_1_relaxed.cif,0.18709191000010605
C:\Users\GED\PycharmProjects\Aixelo_Project_DataLab_2025\data\odac\pristine_CO2\TUCJAD\TUCJAD_w_CO2_1_relaxed.cif,-0.2300164216667326
C:\Users\GED\PycharmProjects\Aixelo_Project_DataLab_2025\data\odac\pristine_CO2\TUGTAR\TUGTAR_w_CO2_1_relaxed.cif,-0.8466703271429067
C:\Users\GED\PycharmProjects\Aixelo_Project_DataLab_2025\data\odac\pristine_CO2\TUJGIQ\TUJGIQ_w_CO2_1_relaxed.cif,0.4339908500001002
C:\Users\GED\PycharmProjects\Aixelo_Project_DataLab_2025\data\odac\pristine_CO2\TUKCOT\TUKCOT_w_CO2_random_1_relaxed.cif,-0.0590016149999996
C:\Users\GED\PycharmProjects\Aixelo_Project_DataLab_2025\data\odac\pristine_CO2\TUMDAI\TUMDAI_w_CO2_1_relaxed.cif,-0.3892948624999803
C:\Users\GED\PycharmProjects\Aixelo_Project_DataLab_2025\data\odac\pristine_CO2\TUMQID\TUMQID_w_CO2_1_relaxed.cif,-0.4438028557143038
C:\Users\GED\PycharmProjects\Aixelo_Project_DataLab_2025\data\odac\pristine_CO2\TUMQOJ\TUMQOJ_w_CO2_1_relaxed.cif,-0.3696935328571759
C:\Users\GED\PycharmProjects\Aixelo_Project_DataLab_2025\data\odac\pristine_CO2\TUMRAW\TUMRAW_w_CO2_1_relaxed.cif,-0.30412040714280203
C:\Users\GED\PycharmProjects\Aixelo_Project_DataLab_2025\data\odac\pristine_CO2\TUMREA\TUMREA_w_CO2_1_relaxed.cif,-0.4464100285713682
C:\Users\GED\PycharmProjects\Aixelo_Project_DataLab_2025\data\odac\pristine_CO2\TUMROK\TUMROK_w_CO2_1_relaxed.cif,-0.23314120799984717
C:\Users\GED\PycharmProjects\Aixelo_Project_DataLab_2025\data\odac\pristine_CO2\TUPDOZ\TUPDOZ_w_CO2_1_relaxed.cif,-0.3415149614285643
C:\Users\GED\PycharmProjects\Aixelo_Project_DataLab_2025\data\odac\pristine_CO2\TUQWIL\TUQWIL_w_CO2_random_1_relaxed.cif,0.29263430000003154
C:\Users\GED\PycharmProjects\Aixelo_Project_DataLab_2025\data\odac\pristine_CO2\TUQWIL01\TUQWIL01_w_CO2_1_relaxed.cif,-0.3861579933332943
C:\Users\GED\PycharmProjects\Aixelo_Project_DataLab_2025\data\odac\pristine_CO2\TUTHIA\TUTHIA_w_CO2_1_relaxed.cif,0.06627161333339393
C:\Users\GED\PycharmProjects\Aixelo_Project_DataLab_2025\data\odac\pristine_CO2\TUTHOG\TUTHOG_w_CO2_1_relaxed.cif,-0.1173778633332934
C:\Users\GED\PycharmProjects\Aixelo_Project_DataLab_2025\data\odac\pristine_CO2\TUTJAU\TUTJAU_w_CO2_1_relaxed.cif,-0.12481435166678993
C:\Users\GED\PycharmProjects\Aixelo_Project_DataLab_2025\data\odac\pristine_CO2\TUWPIL\TUWPIL_w_CO2_1_relaxed.cif,0.21370271222220555
C:\Users\GED\PycharmProjects\Aixelo_Project_DataLab_2025\data\odac\pristine_CO2\TUYFIE\TUYFIE_w_CO2_random_1_relaxed.cif,0.2925007250000249
C:\Users\GED\PycharmProjects\Aixelo_Project_DataLab_2025\data\odac\pristine_CO2\TUYJAZ\TUYJAZ_w_CO2_1_relaxed.cif,6.54800451800038
C:\Users\GED\PycharmProjects\Aixelo_Project_DataLab_2025\data\odac\pristine_CO2\TUYLIJ\TUYLIJ_w_CO2_1_relaxed.cif,-0.4574719966667544
C:\Users\GED\PycharmProjects\Aixelo_Project_DataLab_2025\data\odac\pristine_CO2\TUYNEI\TUYNEI_w_CO2_1_relaxed.cif,0.21564932000001133
C:\Users\GED\PycharmProjects\Aixelo_Project_DataLab_2025\data\odac\pristine_CO2\TUZVUH\TUZVUH_w_CO2_1_relaxed.cif,0.6921201566667605
C:\Users\GED\PycharmProjects\Aixelo_Project_DataLab_2025\data\odac\pristine_CO2\UBACOR\UBACOR_w_CO2_1_relaxed.cif,-0.3518889157143933
C:\Users\GED\PycharmProjects\Aixelo_Project_DataLab_2025\data\odac\pristine_CO2\UBACUX\UBACUX_w_CO2_1_relaxed.cif,-0.2621385642858708
C:\Users\GED\PycharmProjects\Aixelo_Project_DataLab_2025\data\odac\pristine_CO2\UBECEM\UBECEM_w_CO2_1_relaxed.cif,-0.38164067666671525
C:\Users\GED\PycharmProjects\Aixelo_Project_DataLab_2025\data\odac\pristine_CO2\UBIBUF\UBIBUF_w_CO2_1_relaxed.cif,-0.271266235999974
C:\Users\GED\PycharmProjects\Aixelo_Project_DataLab_2025\data\odac\pristine_CO2\UBIPAY\UBIPAY_w_CO2_1_relaxed.cif,-0.2910760928571676
C:\Users\GED\PycharmProjects\Aixelo_Project_DataLab_2025\data\odac\pristine_CO2\UBUMAH\UBUMAH_w_CO2_1_relaxed.cif,-0.2826627320000625
C:\Users\GED\PycharmProjects\Aixelo_Project_DataLab_2025\data\odac\pristine_CO2\UCABAE\UCABAE_w_CO2_1_relaxed.cif,-0.35546136499996805
C:\Users\GED\PycharmProjects\Aixelo_Project_DataLab_2025\data\odac\pristine_CO2\UCAXEC\UCAXEC_w_CO2_1_relaxed.cif,-0.4051920685714094
C:\Users\GED\PycharmProjects\Aixelo_Project_DataLab_2025\data\odac\pristine_CO2\UCOCUM_neutral\UCOCUM_neutral_w_CO2_1_relaxed.cif,-0.4441403800002111
C:\Users\GED\PycharmProjects\Aixelo_Project_DataLab_2025\data\odac\pristine_CO2\UCOXOZ\UCOXOZ_w_CO2_1_relaxed.cif,-0.18847157999964886
C:\Users\GED\PycharmProjects\Aixelo_Project_DataLab_2025\data\odac\pristine_CO2\UCUTIW\UCUTIW_w_CO2_1_relaxed.cif,-0.05629661166665297
C:\Users\GED\PycharmProjects\Aixelo_Project_DataLab_2025\data\odac\pristine_CO2\UDICAN\UDICAN_w_CO2_1_relaxed.cif,-0.5014773242855881
C:\Users\GED\PycharmProjects\Aixelo_Project_DataLab_2025\data\odac\pristine_CO2\UDOVUG_charged\UDOVUG_charged_w_CO2_1_relaxed.cif,-0.4145171714285425
C:\Users\GED\PycharmProjects\Aixelo_Project_DataLab_2025\data\odac\pristine_CO2\UFASEA_ion_b\UFASEA_ion_b_w_CO2_1_relaxed.cif,-0.4105430725000474
C:\Users\GED\PycharmProjects\Aixelo_Project_DataLab_2025\data\odac\pristine_CO2\UFEVIL\UFEVIL_w_CO2_1_relaxed.cif,-0.37020646250013556
C:\Users\GED\PycharmProjects\Aixelo_Project_DataLab_2025\data\odac\pristine_CO2\UFITEJ\UFITEJ_w_CO2_random_1_relaxed.cif,1.3877111999999556
C:\Users\GED\PycharmProjects\Aixelo_Project_DataLab_2025\data\odac\pristine_CO2\UFOFIF\UFOFIF_w_CO2_1_relaxed.cif,-0.3259479542857337
C:\Users\GED\PycharmProjects\Aixelo_Project_DataLab_2025\data\odac\pristine_CO2\UFUNIS\UFUNIS_w_CO2_1_relaxed.cif,-0.6238000211111259
C:\Users\GED\PycharmProjects\Aixelo_Project_DataLab_2025\data\odac\pristine_CO2\UFUQIV\UFUQIV_w_CO2_1_relaxed.cif,-0.2472501142858293
C:\Users\GED\PycharmProjects\Aixelo_Project_DataLab_2025\data\odac\pristine_CO2\UGELIB\UGELIB_w_CO2_1_relaxed.cif,-0.240029095454433
C:\Users\GED\PycharmProjects\Aixelo_Project_DataLab_2025\data\odac\pristine_CO2\UGOSOY_charged\UGOSOY_charged_w_CO2_1_relaxed.cif,-0.38571650500011856
C:\Users\GED\PycharmProjects\Aixelo_Project_DataLab_2025\data\odac\pristine_CO2\UGUHAG\UGUHAG_w_CO2_1_relaxed.cif,-0.3144534857142389
C:\Users\GED\PycharmProjects\Aixelo_Project_DataLab_2025\data\odac\pristine_CO2\UGUQOC_charged\UGUQOC_charged_w_CO2_1_relaxed.cif,-0.3160991650000445
C:\Users\GED\PycharmProjects\Aixelo_Project_DataLab_2025\data\odac\pristine_CO2\UHASED\UHASED_w_CO2_1_relaxed.cif,-0.571234096666681
C:\Users\GED\PycharmProjects\Aixelo_Project_DataLab_2025\data\odac\pristine_CO2\UHAXUW\UHAXUW_w_CO2_1_relaxed.cif,-0.3245748214284926
C:\Users\GED\PycharmProjects\Aixelo_Project_DataLab_2025\data\odac\pristine_CO2\UJAQEC\UJAQEC_w_CO2_1_relaxed.cif,-0.03449944999997001
C:\Users\GED\PycharmProjects\Aixelo_Project_DataLab_2025\data\odac\pristine_CO2\UJAQUS\UJAQUS_w_CO2_1_relaxed.cif,-0.32476425666671577
C:\Users\GED\PycharmProjects\Aixelo_Project_DataLab_2025\data\odac\pristine_CO2\UJEGUL\UJEGUL_w_CO2_1_relaxed.cif,-0.20754927749986504
C:\Users\GED\PycharmProjects\Aixelo_Project_DataLab_2025\data\odac\pristine_CO2\UJIZET\UJIZET_w_CO2_1_relaxed.cif,0.22564301999996134
C:\Users\GED\PycharmProjects\Aixelo_Project_DataLab_2025\data\odac\pristine_CO2\UJOWEW\UJOWEW_w_CO2_1_relaxed.cif,0.03356325600016134
C:\Users\GED\PycharmProjects\Aixelo_Project_DataLab_2025\data\odac\pristine_CO2\UJULIW\UJULIW_w_CO2_1_relaxed.cif,2.6368005400000243
C:\Users\GED\PycharmProjects\Aixelo_Project_DataLab_2025\data\odac\pristine_CO2\UJUPUM\UJUPUM_w_CO2_1_relaxed.cif,-0.4420414324997637
C:\Users\GED\PycharmProjects\Aixelo_Project_DataLab_2025\data\odac\pristine_CO2\UKAPUS\UKAPUS_w_CO2_1_relaxed.cif,0.12959406666669795
C:\Users\GED\PycharmProjects\Aixelo_Project_DataLab_2025\data\odac\pristine_CO2\UKAQAZ\UKAQAZ_w_CO2_1_relaxed.cif,-0.20031992999992096
C:\Users\GED\PycharmProjects\Aixelo_Project_DataLab_2025\data\odac\pristine_CO2\UKAQED\UKAQED_w_CO2_1_relaxed.cif,0.570446496666591
C:\Users\GED\PycharmProjects\Aixelo_Project_DataLab_2025\data\odac\pristine_CO2\UKAQIH\UKAQIH_w_CO2_1_relaxed.cif,-0.1921878983332779
C:\Users\GED\PycharmProjects\Aixelo_Project_DataLab_2025\data\odac\pristine_CO2\UKAZEM\UKAZEM_w_CO2_1_relaxed.cif,-0.1561245100000405
C:\Users\GED\PycharmProjects\Aixelo_Project_DataLab_2025\data\odac\pristine_CO2\UKEXEP\UKEXEP_w_CO2_1_relaxed.cif,0.48971483000033394
C:\Users\GED\PycharmProjects\Aixelo_Project_DataLab_2025\data\odac\pristine_CO2\UKIQIP\UKIQIP_w_CO2_1_relaxed.cif,-0.25786155000014327
C:\Users\GED\PycharmProjects\Aixelo_Project_DataLab_2025\data\odac\pristine_CO2\UKUBIM\UKUBIM_w_CO2_1_relaxed.cif,-0.2683516000000736
C:\Users\GED\PycharmProjects\Aixelo_Project_DataLab_2025\data\odac\pristine_CO2\UKUBOS\UKUBOS_w_CO2_1_relaxed.cif,0.12219883428552485
C:\Users\GED\PycharmProjects\Aixelo_Project_DataLab_2025\data\odac\pristine_CO2\UKUBUY\UKUBUY_w_CO2_1_relaxed.cif,-0.3464151414287114
C:\Users\GED\PycharmProjects\Aixelo_Project_DataLab_2025\data\odac\pristine_CO2\UKUPEX\UKUPEX_w_CO2_random_1_relaxed.cif,-0.31881180000016224
C:\Users\GED\PycharmProjects\Aixelo_Project_DataLab_2025\data\odac\pristine_CO2\UKUPIB\UKUPIB_w_CO2_1_relaxed.cif,-0.2976859233331576
C:\Users\GED\PycharmProjects\Aixelo_Project_DataLab_2025\data\odac\pristine_CO2\ULAQAB\ULAQAB_w_CO2_1_relaxed.cif,-0.8579486175001421
C:\Users\GED\PycharmProjects\Aixelo_Project_DataLab_2025\data\odac\pristine_CO2\ULASAD\ULASAD_w_CO2_1_relaxed.cif,-0.25172636599991166
C:\Users\GED\PycharmProjects\Aixelo_Project_DataLab_2025\data\odac\pristine_CO2\ULOGAE\ULOGAE_w_CO2_1_relaxed.cif,-0.4922431360000701
C:\Users\GED\PycharmProjects\Aixelo_Project_DataLab_2025\data\odac\pristine_CO2\ULUVUT\ULUVUT_w_CO2_1_relaxed.cif,-0.24293881800002737
C:\Users\GED\PycharmProjects\Aixelo_Project_DataLab_2025\data\odac\pristine_CO2\UMABIV\UMABIV_w_CO2_1_relaxed.cif,-0.3425250399999413
C:\Users\GED\PycharmProjects\Aixelo_Project_DataLab_2025\data\odac\pristine_CO2\UMABOB\UMABOB_w_CO2_1_relaxed.cif,-0.2896776000000045
C:\Users\GED\PycharmProjects\Aixelo_Project_DataLab_2025\data\odac\pristine_CO2\UMEKEE\UMEKEE_w_CO2_1_relaxed.cif,-0.2947247399999924
C:\Users\GED\PycharmProjects\Aixelo_Project_DataLab_2025\data\odac\pristine_CO2\UMEKII\UMEKII_w_CO2_1_relaxed.cif,-0.2242746850000685
C:\Users\GED\PycharmProjects\Aixelo_Project_DataLab_2025\data\odac\pristine_CO2\UMESOW\UMESOW_w_CO2_1_relaxed.cif,-0.24421226999997236
C:\Users\GED\PycharmProjects\Aixelo_Project_DataLab_2025\data\odac\pristine_CO2\UMEXUF\UMEXUF_w_CO2_1_relaxed.cif,-0.2136616316666391
C:\Users\GED\PycharmProjects\Aixelo_Project_DataLab_2025\data\odac\pristine_CO2\UMEXUF01\UMEXUF01_w_CO2_1_relaxed.cif,-0.18232184166659707
C:\Users\GED\PycharmProjects\Aixelo_Project_DataLab_2025\data\odac\pristine_CO2\UMUXEG\UMUXEG_w_CO2_1_relaxed.cif,9.527713774000052
C:\Users\GED\PycharmProjects\Aixelo_Project_DataLab_2025\data\odac\pristine_CO2\UNABIV_charged\UNABIV_charged_w_CO2_1_relaxed.cif,-0.17648130874999876
C:\Users\GED\PycharmProjects\Aixelo_Project_DataLab_2025\data\odac\pristine_CO2\UNABUH\UNABUH_w_CO2_1_relaxed.cif,-0.3866726174998405
C:\Users\GED\PycharmProjects\Aixelo_Project_DataLab_2025\data\odac\pristine_CO2\UNABUH01\UNABUH01_w_CO2_1_relaxed.cif,-0.41438975125005584
C:\Users\GED\PycharmProjects\Aixelo_Project_DataLab_2025\data\odac\pristine_CO2\UNACIW\UNACIW_w_CO2_1_relaxed.cif,-0.40487357249998013
C:\Users\GED\PycharmProjects\Aixelo_Project_DataLab_2025\data\odac\pristine_CO2\UNAGUN\UNAGUN_w_CO2_1_relaxed.cif,-0.1198442119999299
C:\Users\GED\PycharmProjects\Aixelo_Project_DataLab_2025\data\odac\pristine_CO2\UNECOH\UNECOH_w_CO2_1_relaxed.cif,-0.1579817099995125
C:\Users\GED\PycharmProjects\Aixelo_Project_DataLab_2025\data\odac\pristine_CO2\UNECUN\UNECUN_w_CO2_1_relaxed.cif,-0.5156037479998303
C:\Users\GED\PycharmProjects\Aixelo_Project_DataLab_2025\data\odac\pristine_CO2\UNIGEE\UNIGEE_w_CO2_1_relaxed.cif,-0.2775122974999533
C:\Users\GED\PycharmProjects\Aixelo_Project_DataLab_2025\data\odac\pristine_CO2\UQEGII\UQEGII_w_CO2_1_relaxed.cif,-0.2782479550005518
C:\Users\GED\PycharmProjects\Aixelo_Project_DataLab_2025\data\odac\pristine_CO2\UQOGAK\UQOGAK_w_CO2_1_relaxed.cif,0.033054586666594304
C:\Users\GED\PycharmProjects\Aixelo_Project_DataLab_2025\data\odac\pristine_CO2\UQOWUU\UQOWUU_w_CO2_1_relaxed.cif,-0.3557033633333048
C:\Users\GED\PycharmProjects\Aixelo_Project_DataLab_2025\data\odac\pristine_CO2\UQOYOP\UQOYOP_w_CO2_1_relaxed.cif,-0.279500606250167
C:\Users\GED\PycharmProjects\Aixelo_Project_DataLab_2025\data\odac\pristine_CO2\UQULAU\UQULAU_w_CO2_1_relaxed.cif,0.0353369542855749
C:\Users\GED\PycharmProjects\Aixelo_Project_DataLab_2025\data\odac\pristine_CO2\URENEM\URENEM_w_CO2_1_relaxed.cif,-0.13841148999995306
C:\Users\GED\PycharmProjects\Aixelo_Project_DataLab_2025\data\odac\pristine_CO2\UREVIY\UREVIY_w_CO2_1_relaxed.cif,0.14326812833331812
C:\Users\GED\PycharmProjects\Aixelo_Project_DataLab_2025\data\odac\pristine_CO2\UREVOE\UREVOE_w_CO2_1_relaxed.cif,0.05071725714281326
C:\Users\GED\PycharmProjects\Aixelo_Project_DataLab_2025\data\odac\pristine_CO2\URUWEL\URUWEL_w_CO2_1_relaxed.cif,-0.33917648833289604
C:\Users\GED\PycharmProjects\Aixelo_Project_DataLab_2025\data\odac\pristine_CO2\URUWIP\URUWIP_w_CO2_1_relaxed.cif,0.5298869400000967
C:\Users\GED\PycharmProjects\Aixelo_Project_DataLab_2025\data\odac\pristine_CO2\USAWIW\USAWIW_w_CO2_1_relaxed.cif,-0.05594566666635118
C:\Users\GED\PycharmProjects\Aixelo_Project_DataLab_2025\data\odac\pristine_CO2\USEVOF\USEVOF_w_CO2_1_relaxed.cif,-0.2585118400002427
C:\Users\GED\PycharmProjects\Aixelo_Project_DataLab_2025\data\odac\pristine_CO2\USIRUL\USIRUL_w_CO2_1_relaxed.cif,-0.2664907449993165
C:\Users\GED\PycharmProjects\Aixelo_Project_DataLab_2025\data\odac\pristine_CO2\USISEW\USISEW_w_CO2_1_relaxed.cif,-0.39847490499931837
C:\Users\GED\PycharmProjects\Aixelo_Project_DataLab_2025\data\odac\pristine_CO2\USORUR\USORUR_w_CO2_1_relaxed.cif,1.7784567079998852
C:\Users\GED\PycharmProjects\Aixelo_Project_DataLab_2025\data\odac\pristine_CO2\USOXEH\USOXEH_w_CO2_1_relaxed.cif,-0.2431466183333744
C:\Users\GED\PycharmProjects\Aixelo_Project_DataLab_2025\data\odac\pristine_CO2\USUBUG\USUBUG_w_CO2_1_relaxed.cif,-0.24397976999998713
C:\Users\GED\PycharmProjects\Aixelo_Project_DataLab_2025\data\odac\pristine_CO2\USUVIP\USUVIP_w_CO2_1_relaxed.cif,-0.3098340157143866
C:\Users\GED\PycharmProjects\Aixelo_Project_DataLab_2025\data\odac\pristine_CO2\UTACOJ\UTACOJ_w_CO2_1_relaxed.cif,-0.36142921500027114
C:\Users\GED\PycharmProjects\Aixelo_Project_DataLab_2025\data\odac\pristine_CO2\UTELIQ\UTELIQ_w_CO2_1_relaxed.cif,-0.042299552856937726
C:\Users\GED\PycharmProjects\Aixelo_Project_DataLab_2025\data\odac\pristine_CO2\UTEMAJ\UTEMAJ_w_CO2_1_relaxed.cif,0.46945883166646735
C:\Users\GED\PycharmProjects\Aixelo_Project_DataLab_2025\data\odac\pristine_CO2\UTEWUM\UTEWUM_w_CO2_1_relaxed.cif,-0.3102611283334227
C:\Users\GED\PycharmProjects\Aixelo_Project_DataLab_2025\data\odac\pristine_CO2\UTEXAT\UTEXAT_w_CO2_1_relaxed.cif,-0.3339514266668478
C:\Users\GED\PycharmProjects\Aixelo_Project_DataLab_2025\data\odac\pristine_CO2\UTEXIB\UTEXIB_w_CO2_1_relaxed.cif,-0.249645806666687
C:\Users\GED\PycharmProjects\Aixelo_Project_DataLab_2025\data\odac\pristine_CO2\UTOCAJ\UTOCAJ_w_CO2_1_relaxed.cif,0.7615305259999786
C:\Users\GED\PycharmProjects\Aixelo_Project_DataLab_2025\data\odac\pristine_CO2\UTOCEN\UTOCEN_w_CO2_1_relaxed.cif,15.529823433999855
C:\Users\GED\PycharmProjects\Aixelo_Project_DataLab_2025\data\odac\pristine_CO2\UTULIF\UTULIF_w_CO2_1_relaxed.cif,-0.21742324857141931
C:\Users\GED\PycharmProjects\Aixelo_Project_DataLab_2025\data\odac\pristine_CO2\UVANUC\UVANUC_w_CO2_1_relaxed.cif,-0.42079558833328673
C:\Users\GED\PycharmProjects\Aixelo_Project_DataLab_2025\data\odac\pristine_CO2\UVAROZ\UVAROZ_w_CO2_1_relaxed.cif,-0.38382616374993006
C:\Users\GED\PycharmProjects\Aixelo_Project_DataLab_2025\data\odac\pristine_CO2\UVARUF\UVARUF_w_CO2_1_relaxed.cif,-0.4126452314285091
C:\Users\GED\PycharmProjects\Aixelo_Project_DataLab_2025\data\odac\pristine_CO2\UVEVAT\UVEVAT_w_CO2_1_relaxed.cif,-0.3769478716668952
C:\Users\GED\PycharmProjects\Aixelo_Project_DataLab_2025\data\odac\pristine_CO2\UVEXAV\UVEXAV_w_CO2_1_relaxed.cif,-0.4627634375000511
C:\Users\GED\PycharmProjects\Aixelo_Project_DataLab_2025\data\odac\pristine_CO2\UVINAP\UVINAP_w_CO2_1_relaxed.cif,-0.3913436033332687
C:\Users\GED\PycharmProjects\Aixelo_Project_DataLab_2025\data\odac\pristine_CO2\UVOBUE\UVOBUE_w_CO2_1_relaxed.cif,-0.31595508285712576
C:\Users\GED\PycharmProjects\Aixelo_Project_DataLab_2025\data\odac\pristine_CO2\UVUPOR\UVUPOR_w_CO2_1_relaxed.cif,-0.29120812714297367
C:\Users\GED\PycharmProjects\Aixelo_Project_DataLab_2025\data\odac\pristine_CO2\UVUQAE\UVUQAE_w_CO2_1_relaxed.cif,0.1360411074998353
C:\Users\GED\PycharmProjects\Aixelo_Project_DataLab_2025\data\odac\pristine_CO2\UWALEL\UWALEL_w_CO2_1_relaxed.cif,-0.40476302333339237
C:\Users\GED\PycharmProjects\Aixelo_Project_DataLab_2025\data\odac\pristine_CO2\UWELIS\UWELIS_w_CO2_1_relaxed.cif,-0.1406248183332839
C:\Users\GED\PycharmProjects\Aixelo_Project_DataLab_2025\data\odac\pristine_CO2\UWODAN\UWODAN_w_CO2_1_relaxed.cif,-0.17143074333337907
C:\Users\GED\PycharmProjects\Aixelo_Project_DataLab_2025\data\odac\pristine_CO2\UWOWAF\UWOWAF_w_CO2_1_relaxed.cif,0.44608139555555226
C:\Users\GED\PycharmProjects\Aixelo_Project_DataLab_2025\data\odac\pristine_CO2\UWUTIQ\UWUTIQ_w_CO2_1_relaxed.cif,-0.37373586571431716
C:\Users\GED\PycharmProjects\Aixelo_Project_DataLab_2025\data\odac\pristine_CO2\UXABOL\UXABOL_w_CO2_1_relaxed.cif,-0.32941351399995256
C:\Users\GED\PycharmProjects\Aixelo_Project_DataLab_2025\data\odac\pristine_CO2\UXABUR\UXABUR_w_CO2_1_relaxed.cif,-0.025025616666653098
C:\Users\GED\PycharmProjects\Aixelo_Project_DataLab_2025\data\odac\pristine_CO2\UXEQOE\UXEQOE_w_CO2_1_relaxed.cif,-0.53921765000002
C:\Users\GED\PycharmProjects\Aixelo_Project_DataLab_2025\data\odac\pristine_CO2\UXINAR\UXINAR_w_CO2_1_relaxed.cif,0.12021726571411553
C:\Users\GED\PycharmProjects\Aixelo_Project_DataLab_2025\data\odac\pristine_CO2\UXIQOJ\UXIQOJ_w_CO2_1_relaxed.cif,0.16353760333341447
C:\Users\GED\PycharmProjects\Aixelo_Project_DataLab_2025\data\odac\pristine_CO2\UXUNUX\UXUNUX_w_CO2_1_relaxed.cif,-0.38709086249957636
C:\Users\GED\PycharmProjects\Aixelo_Project_DataLab_2025\data\odac\pristine_CO2\UXUPEJ\UXUPEJ_w_CO2_1_relaxed.cif,-0.34033161571408393
C:\Users\GED\PycharmProjects\Aixelo_Project_DataLab_2025\data\odac\pristine_CO2\UXUPIN\UXUPIN_w_CO2_1_relaxed.cif,-0.3931925249997903
C:\Users\GED\PycharmProjects\Aixelo_Project_DataLab_2025\data\odac\pristine_CO2\UXUZAP\UXUZAP_w_CO2_1_relaxed.cif,-0.2984452057142529
C:\Users\GED\PycharmProjects\Aixelo_Project_DataLab_2025\data\odac\pristine_CO2\UYAQAN\UYAQAN_w_CO2_1_relaxed.cif,-0.2484196880001946
C:\Users\GED\PycharmProjects\Aixelo_Project_DataLab_2025\data\odac\pristine_CO2\UZANOZ\UZANOZ_w_CO2_1_relaxed.cif,0.059649395000022275
C:\Users\GED\PycharmProjects\Aixelo_Project_DataLab_2025\data\odac\pristine_CO2\UZATAR\UZATAR_w_CO2_1_relaxed.cif,-0.24803323285719409
C:\Users\GED\PycharmProjects\Aixelo_Project_DataLab_2025\data\odac\pristine_CO2\UZIGOB\UZIGOB_w_CO2_1_relaxed.cif,-0.4626135949999555
C:\Users\GED\PycharmProjects\Aixelo_Project_DataLab_2025\data\odac\pristine_CO2\UZOBAN\UZOBAN_w_CO2_1_relaxed.cif,-0.5186095333335996
C:\Users\GED\PycharmProjects\Aixelo_Project_DataLab_2025\data\odac\pristine_CO2\UZOBER\UZOBER_w_CO2_1_relaxed.cif,-0.4062196533333425
C:\Users\GED\PycharmProjects\Aixelo_Project_DataLab_2025\data\odac\pristine_CO2\UZUNAF\UZUNAF_w_CO2_1_relaxed.cif,-0.1576520059999666
C:\Users\GED\PycharmProjects\Aixelo_Project_DataLab_2025\data\odac\pristine_CO2\UZUNAF01\UZUNAF01_w_CO2_1_relaxed.cif,-0.41955903800007943
C:\Users\GED\PycharmProjects\Aixelo_Project_DataLab_2025\data\odac\pristine_CO2\UZUZUL\UZUZUL_w_CO2_1_relaxed.cif,-0.3661860537500701
C:\Users\GED\PycharmProjects\Aixelo_Project_DataLab_2025\data\odac\pristine_CO2\VABJIS\VABJIS_w_CO2_1_relaxed.cif,0.3907271099999889
C:\Users\GED\PycharmProjects\Aixelo_Project_DataLab_2025\data\odac\pristine_CO2\VACFUB01\VACFUB01_w_CO2_1_relaxed.cif,-0.07074937599993517
C:\Users\GED\PycharmProjects\Aixelo_Project_DataLab_2025\data\odac\pristine_CO2\VACFUB_clean_h\VACFUB_clean_h_w_CO2_1_relaxed.cif,-0.11201306799998742
C:\Users\GED\PycharmProjects\Aixelo_Project_DataLab_2025\data\odac\pristine_CO2\VADWON\VADWON_w_CO2_1_relaxed.cif,-0.3408514100001412
C:\Users\GED\PycharmProjects\Aixelo_Project_DataLab_2025\data\odac\pristine_CO2\VAFWAB\VAFWAB_w_CO2_1_relaxed.cif,-0.3727275300002096
C:\Users\GED\PycharmProjects\Aixelo_Project_DataLab_2025\data\odac\pristine_CO2\VAGBEN\VAGBEN_w_CO2_1_relaxed.cif,-0.1307380300000886
C:\Users\GED\PycharmProjects\Aixelo_Project_DataLab_2025\data\odac\pristine_CO2\VAGBUD\VAGBUD_w_CO2_1_relaxed.cif,-0.14792408000007523
C:\Users\GED\PycharmProjects\Aixelo_Project_DataLab_2025\data\odac\pristine_CO2\VAGJET\VAGJET_w_CO2_1_relaxed.cif,-0.4415456466667062
C:\Users\GED\PycharmProjects\Aixelo_Project_DataLab_2025\data\odac\pristine_CO2\VAGMEX\VAGMEX_w_CO2_1_relaxed.cif,-0.18434274000003367
C:\Users\GED\PycharmProjects\Aixelo_Project_DataLab_2025\data\odac\pristine_CO2\VAGTAA\VAGTAA_w_CO2_1_relaxed.cif,-0.14855065428570563
C:\Users\GED\PycharmProjects\Aixelo_Project_DataLab_2025\data\odac\pristine_CO2\VAGTAA01\VAGTAA01_w_CO2_1_relaxed.cif,-0.32053160499989036
C:\Users\GED\PycharmProjects\Aixelo_Project_DataLab_2025\data\odac\pristine_CO2\VAGTUU\VAGTUU_w_CO2_1_relaxed.cif,-0.2963809700001434
C:\Users\GED\PycharmProjects\Aixelo_Project_DataLab_2025\data\odac\pristine_CO2\VAHJIA\VAHJIA_w_CO2_1_relaxed.cif,-0.08519653125003397
C:\Users\GED\PycharmProjects\Aixelo_Project_DataLab_2025\data\odac\pristine_CO2\VAHSON\VAHSON_w_CO2_1_relaxed.cif,-0.351341415555617
C:\Users\GED\PycharmProjects\Aixelo_Project_DataLab_2025\data\odac\pristine_CO2\VAHVOR\VAHVOR_w_CO2_1_relaxed.cif,-0.27045189166659606
C:\Users\GED\PycharmProjects\Aixelo_Project_DataLab_2025\data\odac\pristine_CO2\VAJTEH\VAJTEH_w_CO2_1_relaxed.cif,-0.330159657142758
C:\Users\GED\PycharmProjects\Aixelo_Project_DataLab_2025\data\odac\pristine_CO2\VAKBIU\VAKBIU_w_CO2_1_relaxed.cif,-0.30997361500030246
C:\Users\GED\PycharmProjects\Aixelo_Project_DataLab_2025\data\odac\pristine_CO2\VALWUD\VALWUD_w_CO2_1_relaxed.cif,-0.17648763166645642
C:\Users\GED\PycharmProjects\Aixelo_Project_DataLab_2025\data\odac\pristine_CO2\VALXAK\VALXAK_w_CO2_1_relaxed.cif,-0.052415676666593414
C:\Users\GED\PycharmProjects\Aixelo_Project_DataLab_2025\data\odac\pristine_CO2\VALXOY\VALXOY_w_CO2_1_relaxed.cif,-0.5807351520000339
C:\Users\GED\PycharmProjects\Aixelo_Project_DataLab_2025\data\odac\pristine_CO2\VALZIU\VALZIU_w_CO2_1_relaxed.cif,-0.2821114150000028
C:\Users\GED\PycharmProjects\Aixelo_Project_DataLab_2025\data\odac\pristine_CO2\VAMPUX\VAMPUX_w_CO2_1_relaxed.cif,-0.3714076100000966
C:\Users\GED\PycharmProjects\Aixelo_Project_DataLab_2025\data\odac\pristine_CO2\VAMQAE\VAMQAE_w_CO2_1_relaxed.cif,-0.15199408000003128
C:\Users\GED\PycharmProjects\Aixelo_Project_DataLab_2025\data\odac\pristine_CO2\VAMQIM\VAMQIM_w_CO2_1_relaxed.cif,-0.28849929000007246
C:\Users\GED\PycharmProjects\Aixelo_Project_DataLab_2025\data\odac\pristine_CO2\VAMQOS\VAMQOS_w_CO2_1_relaxed.cif,-0.30070524600009774
C:\Users\GED\PycharmProjects\Aixelo_Project_DataLab_2025\data\odac\pristine_CO2\VANXUD\VANXUD_w_CO2_1_relaxed.cif,-0.24250774666667965
C:\Users\GED\PycharmProjects\Aixelo_Project_DataLab_2025\data\odac\pristine_CO2\VANXUD03\VANXUD03_w_CO2_1_relaxed.cif,-0.2535963300000077
C:\Users\GED\PycharmProjects\Aixelo_Project_DataLab_2025\data\odac\pristine_CO2\VAPBEV\VAPBEV_w_CO2_1_relaxed.cif,-0.1467173500002445
C:\Users\GED\PycharmProjects\Aixelo_Project_DataLab_2025\data\odac\pristine_CO2\VAPBIZ\VAPBIZ_w_CO2_1_relaxed.cif,-0.037174355000019
C:\Users\GED\PycharmProjects\Aixelo_Project_DataLab_2025\data\odac\pristine_CO2\VAPFUP\VAPFUP_w_CO2_random_1_relaxed.cif,-0.0480448550000289
C:\Users\GED\PycharmProjects\Aixelo_Project_DataLab_2025\data\odac\pristine_CO2\VAPHOM\VAPHOM_w_CO2_1_relaxed.cif,-0.32699474571420845
C:\Users\GED\PycharmProjects\Aixelo_Project_DataLab_2025\data\odac\pristine_CO2\VARJAB\VARJAB_w_CO2_1_relaxed.cif,0.017570494285889356
C:\Users\GED\PycharmProjects\Aixelo_Project_DataLab_2025\data\odac\pristine_CO2\VARJEF\VARJEF_w_CO2_1_relaxed.cif,0.607391033333594
C:\Users\GED\PycharmProjects\Aixelo_Project_DataLab_2025\data\odac\pristine_CO2\VASFAZ\VASFAZ_w_CO2_1_relaxed.cif,-0.3495159100000649
C:\Users\GED\PycharmProjects\Aixelo_Project_DataLab_2025\data\odac\pristine_CO2\VASFED\VASFED_w_CO2_1_relaxed.cif,-0.3092035950000233
C:\Users\GED\PycharmProjects\Aixelo_Project_DataLab_2025\data\odac\pristine_CO2\VASFIH\VASFIH_w_CO2_1_relaxed.cif,-0.08009773333334157
C:\Users\GED\PycharmProjects\Aixelo_Project_DataLab_2025\data\odac\pristine_CO2\VASFON\VASFON_w_CO2_1_relaxed.cif,-0.22242313999999885
C:\Users\GED\PycharmProjects\Aixelo_Project_DataLab_2025\data\odac\pristine_CO2\VASFUT\VASFUT_w_CO2_1_relaxed.cif,0.6913746019999735
C:\Users\GED\PycharmProjects\Aixelo_Project_DataLab_2025\data\odac\pristine_CO2\VASKOR\VASKOR_w_CO2_1_relaxed.cif,-0.29553763666660865
C:\Users\GED\PycharmProjects\Aixelo_Project_DataLab_2025\data\odac\pristine_CO2\VATVIY\VATVIY_w_CO2_1_relaxed.cif,0.16000477400029917
C:\Users\GED\PycharmProjects\Aixelo_Project_DataLab_2025\data\odac\pristine_CO2\VATVOE\VATVOE_w_CO2_1_relaxed.cif,0.13282623199975202
C:\Users\GED\PycharmProjects\Aixelo_Project_DataLab_2025\data\odac\pristine_CO2\VATVUK\VATVUK_w_CO2_1_relaxed.cif,-0.4180806757145937
C:\Users\GED\PycharmProjects\Aixelo_Project_DataLab_2025\data\odac\pristine_CO2\VATXEU\VATXEU_w_CO2_1_relaxed.cif,0.15253919666660443
C:\Users\GED\PycharmProjects\Aixelo_Project_DataLab_2025\data\odac\pristine_CO2\VATYAR\VATYAR_w_CO2_1_relaxed.cif,-0.1893017380000003
C:\Users\GED\PycharmProjects\Aixelo_Project_DataLab_2025\data\odac\pristine_CO2\VATYIZ\VATYIZ_w_CO2_1_relaxed.cif,0.055312420000012706
C:\Users\GED\PycharmProjects\Aixelo_Project_DataLab_2025\data\odac\pristine_CO2\VATYOF\VATYOF_w_CO2_1_relaxed.cif,-0.20730536799999863
C:\Users\GED\PycharmProjects\Aixelo_Project_DataLab_2025\data\odac\pristine_CO2\VAXMUF\VAXMUF_w_CO2_2_relaxed.cif,-0.7401944299998832
C:\Users\GED\PycharmProjects\Aixelo_Project_DataLab_2025\data\odac\pristine_CO2\VAYWEZ\VAYWEZ_w_CO2_random_1_relaxed.cif,0.5066179799998736
C:\Users\GED\PycharmProjects\Aixelo_Project_DataLab_2025\data\odac\pristine_CO2\VAYWID\VAYWID_w_CO2_random_1_relaxed.cif,-0.3221562200000107
C:\Users\GED\PycharmProjects\Aixelo_Project_DataLab_2025\data\odac\pristine_CO2\VAZROF\VAZROF_w_CO2_1_relaxed.cif,-0.4737851271423616
C:\Users\GED\PycharmProjects\Aixelo_Project_DataLab_2025\data\odac\pristine_CO2\VAZTOG\VAZTOG_w_CO2_1_relaxed.cif,-0.19916791500003228
C:\Users\GED\PycharmProjects\Aixelo_Project_DataLab_2025\data\odac\pristine_CO2\VAZTUM\VAZTUM_w_CO2_1_relaxed.cif,-0.4246343349997232
C:\Users\GED\PycharmProjects\Aixelo_Project_DataLab_2025\data\odac\pristine_CO2\VEBHUG_SL\VEBHUG_SL_w_CO2_1_relaxed.cif,-0.20932158500002623
C:\Users\GED\PycharmProjects\Aixelo_Project_DataLab_2025\data\odac\pristine_CO2\VECZAG\VECZAG_w_CO2_random_1_relaxed.cif,0.3789744750000636
C:\Users\GED\PycharmProjects\Aixelo_Project_DataLab_2025\data\odac\pristine_CO2\VECZEI\VECZEI_w_CO2_1_relaxed.cif,-0.25041129499999215
C:\Users\GED\PycharmProjects\Aixelo_Project_DataLab_2025\data\odac\pristine_CO2\VECZEK\VECZEK_w_CO2_random_1_relaxed.cif,0.1481498200000146
C:\Users\GED\PycharmProjects\Aixelo_Project_DataLab_2025\data\odac\pristine_CO2\VEGMIE01_charged\VEGMIE01_charged_w_CO2_1_relaxed.cif,-0.37118565000030557
C:\Users\GED\PycharmProjects\Aixelo_Project_DataLab_2025\data\odac\pristine_CO2\VEGMOK01_charged\VEGMOK01_charged_w_CO2_1_relaxed.cif,-0.4305523085714477
C:\Users\GED\PycharmProjects\Aixelo_Project_DataLab_2025\data\odac\pristine_CO2\VEGMOK02_charged\VEGMOK02_charged_w_CO2_1_relaxed.cif,-0.37353474142865445
C:\Users\GED\PycharmProjects\Aixelo_Project_DataLab_2025\data\odac\pristine_CO2\VEGMOK03_charged\VEGMOK03_charged_w_CO2_1_relaxed.cif,-0.3431512328572158
C:\Users\GED\PycharmProjects\Aixelo_Project_DataLab_2025\data\odac\pristine_CO2\VEGMOK04_charged\VEGMOK04_charged_w_CO2_1_relaxed.cif,-0.3643954214287208
C:\Users\GED\PycharmProjects\Aixelo_Project_DataLab_2025\data\odac\pristine_CO2\VEGMOK_charged\VEGMOK_charged_w_CO2_1_relaxed.cif,-0.36943078142855607
C:\Users\GED\PycharmProjects\Aixelo_Project_DataLab_2025\data\odac\pristine_CO2\VEHJID01\VEHJID01_w_CO2_1_relaxed.cif,-0.24429714500010385
C:\Users\GED\PycharmProjects\Aixelo_Project_DataLab_2025\data\odac\pristine_CO2\VEHJOJ\VEHJOJ_w_CO2_1_relaxed.cif,1.2782994049998138
C:\Users\GED\PycharmProjects\Aixelo_Project_DataLab_2025\data\odac\pristine_CO2\VEHJUP\VEHJUP_w_CO2_1_relaxed.cif,-0.3644072900002015
C:\Users\GED\PycharmProjects\Aixelo_Project_DataLab_2025\data\odac\pristine_CO2\VEHKIE_SL\VEHKIE_SL_w_CO2_1_relaxed.cif,-0.602417232000198
C:\Users\GED\PycharmProjects\Aixelo_Project_DataLab_2025\data\odac\pristine_CO2\VEHLAW\VEHLAW_w_CO2_1_relaxed.cif,-0.47127981666667057
C:\Users\GED\PycharmProjects\Aixelo_Project_DataLab_2025\data\odac\pristine_CO2\VEHLIE\VEHLIE_w_CO2_1_relaxed.cif,-0.5284753300001815
C:\Users\GED\PycharmProjects\Aixelo_Project_DataLab_2025\data\odac\pristine_CO2\VEHPUU\VEHPUU_w_CO2_1_relaxed.cif,-0.3282608749999364
C:\Users\GED\PycharmProjects\Aixelo_Project_DataLab_2025\data\odac\pristine_CO2\VEHROR_charged\VEHROR_charged_w_CO2_1_relaxed.cif,-0.43109424000003854
C:\Users\GED\PycharmProjects\Aixelo_Project_DataLab_2025\data\odac\pristine_CO2\VEJHID\VEJHID_w_CO2_1_relaxed.cif,-0.003533894999918623
C:\Users\GED\PycharmProjects\Aixelo_Project_DataLab_2025\data\odac\pristine_CO2\VEJYIT\VEJYIT_w_CO2_1_relaxed.cif,-0.1441976379999687
C:\Users\GED\PycharmProjects\Aixelo_Project_DataLab_2025\data\odac\pristine_CO2\VEJYIT01\VEJYIT01_w_CO2_1_relaxed.cif,-0.09052285400007345
C:\Users\GED\PycharmProjects\Aixelo_Project_DataLab_2025\data\odac\pristine_CO2\VEJYOZ\VEJYOZ_w_CO2_1_relaxed.cif,-0.3795212850000098
C:\Users\GED\PycharmProjects\Aixelo_Project_DataLab_2025\data\odac\pristine_CO2\VEMMAC\VEMMAC_w_CO2_1_relaxed.cif,-0.004247425000035817
C:\Users\GED\PycharmProjects\Aixelo_Project_DataLab_2025\data\odac\pristine_CO2\VEMMEG\VEMMEG_w_CO2_1_relaxed.cif,-0.3217950166666886
C:\Users\GED\PycharmProjects\Aixelo_Project_DataLab_2025\data\odac\pristine_CO2\VEMMIK\VEMMIK_w_CO2_1_relaxed.cif,-0.17152658999991668
C:\Users\GED\PycharmProjects\Aixelo_Project_DataLab_2025\data\odac\pristine_CO2\VEMMOQ\VEMMOQ_w_CO2_1_relaxed.cif,-0.14136356400001654
C:\Users\GED\PycharmProjects\Aixelo_Project_DataLab_2025\data\odac\pristine_CO2\VEMSUC\VEMSUC_w_CO2_1_relaxed.cif,0.0537815371429003
C:\Users\GED\PycharmProjects\Aixelo_Project_DataLab_2025\data\odac\pristine_CO2\VEMSUC01\VEMSUC01_w_CO2_1_relaxed.cif,0.027549225714080545
C:\Users\GED\PycharmProjects\Aixelo_Project_DataLab_2025\data\odac\pristine_CO2\VEQBID\VEQBID_w_CO2_1_relaxed.cif,-0.36736542200001165
C:\Users\GED\PycharmProjects\Aixelo_Project_DataLab_2025\data\odac\pristine_CO2\VETTOE\VETTOE_w_CO2_1_relaxed.cif,-0.26624676874995146
C:\Users\GED\PycharmProjects\Aixelo_Project_DataLab_2025\data\odac\pristine_CO2\VEWKUF\VEWKUF_w_CO2_1_relaxed.cif,-0.17073841200035528
C:\Users\GED\PycharmProjects\Aixelo_Project_DataLab_2025\data\odac\pristine_CO2\VEXVAW\VEXVAW_w_CO2_1_relaxed.cif,-0.18355146166682815
C:\Users\GED\PycharmProjects\Aixelo_Project_DataLab_2025\data\odac\pristine_CO2\VEXYON_charged\VEXYON_charged_w_CO2_1_relaxed.cif,-0.11441442666667469
C:\Users\GED\PycharmProjects\Aixelo_Project_DataLab_2025\data\odac\pristine_CO2\VICDOC\VICDOC_w_CO2_1_relaxed.cif,-0.3382645028572954
C:\Users\GED\PycharmProjects\Aixelo_Project_DataLab_2025\data\odac\pristine_CO2\VICSIL\VICSIL_w_CO2_1_relaxed.cif,-0.3952915228571295
C:\Users\GED\PycharmProjects\Aixelo_Project_DataLab_2025\data\odac\pristine_CO2\VICYOX\VICYOX_w_CO2_1_relaxed.cif,-0.38923968142859977
C:\Users\GED\PycharmProjects\Aixelo_Project_DataLab_2025\data\odac\pristine_CO2\VICYUD\VICYUD_w_CO2_1_relaxed.cif,0.1575066671427001
C:\Users\GED\PycharmProjects\Aixelo_Project_DataLab_2025\data\odac\pristine_CO2\VIDXOX\VIDXOX_w_CO2_1_relaxed.cif,-0.3999030516665698
C:\Users\GED\PycharmProjects\Aixelo_Project_DataLab_2025\data\odac\pristine_CO2\VILXOE\VILXOE_w_CO2_1_relaxed.cif,-0.15979418571423915
C:\Users\GED\PycharmProjects\Aixelo_Project_DataLab_2025\data\odac\pristine_CO2\VIMRAM\VIMRAM_w_CO2_1_relaxed.cif,0.06585614999983132
C:\Users\GED\PycharmProjects\Aixelo_Project_DataLab_2025\data\odac\pristine_CO2\VIPYOK\VIPYOK_w_CO2_1_relaxed.cif,-0.37031190571422357
C:\Users\GED\PycharmProjects\Aixelo_Project_DataLab_2025\data\odac\pristine_CO2\VIPZAX\VIPZAX_w_CO2_1_relaxed.cif,0.015679138571564614
C:\Users\GED\PycharmProjects\Aixelo_Project_DataLab_2025\data\odac\pristine_CO2\VIQFIL\VIQFIL_w_CO2_random_1_relaxed.cif,-0.3809127600000579
C:\Users\GED\PycharmProjects\Aixelo_Project_DataLab_2025\data\odac\pristine_CO2\VIRKIQ\VIRKIQ_w_CO2_1_relaxed.cif,-0.43446821875005526
C:\Users\GED\PycharmProjects\Aixelo_Project_DataLab_2025\data\odac\pristine_CO2\VIRPOC\VIRPOC_w_CO2_1_relaxed.cif,0.18294718333330215
C:\Users\GED\PycharmProjects\Aixelo_Project_DataLab_2025\data\odac\pristine_CO2\VIRQES\VIRQES_w_CO2_1_relaxed.cif,-0.23098076374999718
C:\Users\GED\PycharmProjects\Aixelo_Project_DataLab_2025\data\odac\pristine_CO2\VIRVEY\VIRVEY_w_CO2_1_relaxed.cif,-0.2383929800000487
C:\Users\GED\PycharmProjects\Aixelo_Project_DataLab_2025\data\odac\pristine_CO2\VIRXIF\VIRXIF_w_CO2_1_relaxed.cif,-0.2682369328571212
C:\Users\GED\PycharmProjects\Aixelo_Project_DataLab_2025\data\odac\pristine_CO2\VITZAB\VITZAB_w_CO2_1_relaxed.cif,-0.22299955999992938
C:\Users\GED\PycharmProjects\Aixelo_Project_DataLab_2025\data\odac\pristine_CO2\VITZIJ\VITZIJ_w_CO2_2_relaxed.cif,-0.28820920799994376
C:\Users\GED\PycharmProjects\Aixelo_Project_DataLab_2025\data\odac\pristine_CO2\VIVXOP\VIVXOP_w_CO2_1_relaxed.cif,0.023877896666817833
C:\Users\GED\PycharmProjects\Aixelo_Project_DataLab_2025\data\odac\pristine_CO2\VIWHUG\VIWHUG_w_CO2_1_relaxed.cif,0.007447795714304968
C:\Users\GED\PycharmProjects\Aixelo_Project_DataLab_2025\data\odac\pristine_CO2\VIWKIX\VIWKIX_w_CO2_1_relaxed.cif,-0.4219133114285926
C:\Users\GED\PycharmProjects\Aixelo_Project_DataLab_2025\data\odac\pristine_CO2\VIWLIY\VIWLIY_w_CO2_1_relaxed.cif,0.326756406666694
C:\Users\GED\PycharmProjects\Aixelo_Project_DataLab_2025\data\odac\pristine_CO2\VIWZOR\VIWZOR_w_CO2_1_relaxed.cif,-0.16096279999995508
C:\Users\GED\PycharmProjects\Aixelo_Project_DataLab_2025\data\odac\pristine_CO2\VIXCUB\VIXCUB_w_CO2_1_relaxed.cif,-0.2068255779999617
C:\Users\GED\PycharmProjects\Aixelo_Project_DataLab_2025\data\odac\pristine_CO2\VIXGAM\VIXGAM_w_CO2_1_relaxed.cif,-0.09110799749999639
C:\Users\GED\PycharmProjects\Aixelo_Project_DataLab_2025\data\odac\pristine_CO2\VIXGAM01\VIXGAM01_w_CO2_1_relaxed.cif,-0.43736270000000843
C:\Users\GED\PycharmProjects\Aixelo_Project_DataLab_2025\data\odac\pristine_CO2\VIXGEQ\VIXGEQ_w_CO2_1_relaxed.cif,-0.0966938237499732
C:\Users\GED\PycharmProjects\Aixelo_Project_DataLab_2025\data\odac\pristine_CO2\VIYMAT\VIYMAT_w_CO2_1_relaxed.cif,0.1015519200000881
C:\Users\GED\PycharmProjects\Aixelo_Project_DataLab_2025\data\odac\pristine_CO2\VIYSON\VIYSON_w_CO2_1_relaxed.cif,-0.2745894199999838
C:\Users\GED\PycharmProjects\Aixelo_Project_DataLab_2025\data\odac\pristine_CO2\VIYTAA\VIYTAA_w_CO2_1_relaxed.cif,-0.3491266728571126
C:\Users\GED\PycharmProjects\Aixelo_Project_DataLab_2025\data\odac\pristine_CO2\VIYVIK\VIYVIK_w_CO2_1_relaxed.cif,-0.36234260285745484
C:\Users\GED\PycharmProjects\Aixelo_Project_DataLab_2025\data\odac\pristine_CO2\VIZSOO\VIZSOO_w_CO2_1_relaxed.cif,-0.6199218433333348
C:\Users\GED\PycharmProjects\Aixelo_Project_DataLab_2025\data\odac\pristine_CO2\VOBKAA\VOBKAA_w_CO2_1_relaxed.cif,-0.3754991371427617
C:\Users\GED\PycharmProjects\Aixelo_Project_DataLab_2025\data\odac\pristine_CO2\VOBRUB\VOBRUB_w_CO2_1_relaxed.cif,-0.04002424285702739
C:\Users\GED\PycharmProjects\Aixelo_Project_DataLab_2025\data\odac\pristine_CO2\VOCQEJ\VOCQEJ_w_CO2_6_relaxed.cif,0.0493598799996561
C:\Users\GED\PycharmProjects\Aixelo_Project_DataLab_2025\data\odac\pristine_CO2\VODSEM\VODSEM_w_CO2_1_relaxed.cif,-0.014708615000017725
C:\Users\GED\PycharmProjects\Aixelo_Project_DataLab_2025\data\odac\pristine_CO2\VOGTIV_clean_h\VOGTIV_clean_h_w_CO2_1_relaxed.cif,-0.38514458600004675
C:\Users\GED\PycharmProjects\Aixelo_Project_DataLab_2025\data\odac\pristine_CO2\VOHQEO\VOHQEO_w_CO2_1_relaxed.cif,-0.1815144562500066
C:\Users\GED\PycharmProjects\Aixelo_Project_DataLab_2025\data\odac\pristine_CO2\VOHQIS\VOHQIS_w_CO2_1_relaxed.cif,-0.37609088555547665
C:\Users\GED\PycharmProjects\Aixelo_Project_DataLab_2025\data\odac\pristine_CO2\VOJGOS\VOJGOS_w_CO2_1_relaxed.cif,-0.2700379633333227
C:\Users\GED\PycharmProjects\Aixelo_Project_DataLab_2025\data\odac\pristine_CO2\VOLPET\VOLPET_w_CO2_1_relaxed.cif,-0.26659902666667296
C:\Users\GED\PycharmProjects\Aixelo_Project_DataLab_2025\data\odac\pristine_CO2\VOLQOD\VOLQOD_w_CO2_1_relaxed.cif,-0.37341310428558117
C:\Users\GED\PycharmProjects\Aixelo_Project_DataLab_2025\data\odac\pristine_CO2\VONCIM\VONCIM_w_CO2_1_relaxed.cif,-0.36714263999998303
C:\Users\GED\PycharmProjects\Aixelo_Project_DataLab_2025\data\odac\pristine_CO2\VONCOS\VONCOS_w_CO2_1_relaxed.cif,-0.43399164999995526
C:\Users\GED\PycharmProjects\Aixelo_Project_DataLab_2025\data\odac\pristine_CO2\VONDEJ\VONDEJ_w_CO2_1_relaxed.cif,-0.22309057714278419
C:\Users\GED\PycharmProjects\Aixelo_Project_DataLab_2025\data\odac\pristine_CO2\VOTKEW\VOTKEW_w_CO2_1_relaxed.cif,-0.2527408500000471
C:\Users\GED\PycharmProjects\Aixelo_Project_DataLab_2025\data\odac\pristine_CO2\VOVKUO\VOVKUO_w_CO2_1_relaxed.cif,1.3457534362499075
C:\Users\GED\PycharmProjects\Aixelo_Project_DataLab_2025\data\odac\pristine_CO2\VOXQOQ\VOXQOQ_w_CO2_1_relaxed.cif,-0.26980024666681857
C:\Users\GED\PycharmProjects\Aixelo_Project_DataLab_2025\data\odac\pristine_CO2\VOXVEL\VOXVEL_w_CO2_1_relaxed.cif,-0.39340092000010635
C:\Users\GED\PycharmProjects\Aixelo_Project_DataLab_2025\data\odac\pristine_CO2\VOXYUE\VOXYUE_w_CO2_random_1_relaxed.cif,0.33319191500001466
C:\Users\GED\PycharmProjects\Aixelo_Project_DataLab_2025\data\odac\pristine_CO2\VUCTUK\VUCTUK_w_CO2_1_relaxed.cif,-0.21678683000001084
C:\Users\GED\PycharmProjects\Aixelo_Project_DataLab_2025\data\odac\pristine_CO2\VUFBEE\VUFBEE_w_CO2_1_relaxed.cif,-0.2641914549999929
C:\Users\GED\PycharmProjects\Aixelo_Project_DataLab_2025\data\odac\pristine_CO2\VUGWUR\VUGWUR_w_CO2_1_relaxed.cif,-0.11246932124986128
C:\Users\GED\PycharmProjects\Aixelo_Project_DataLab_2025\data\odac\pristine_CO2\VUGXAY\VUGXAY_w_CO2_1_relaxed.cif,-0.309180079999976
C:\Users\GED\PycharmProjects\Aixelo_Project_DataLab_2025\data\odac\pristine_CO2\VUGXEC\VUGXEC_w_CO2_1_relaxed.cif,-0.34883550857133677
C:\Users\GED\PycharmProjects\Aixelo_Project_DataLab_2025\data\odac\pristine_CO2\VUGXIG\VUGXIG_w_CO2_1_relaxed.cif,-0.2291860828571381
C:\Users\GED\PycharmProjects\Aixelo_Project_DataLab_2025\data\odac\pristine_CO2\VUGXOM\VUGXOM_w_CO2_1_relaxed.cif,-0.2948108062499699
C:\Users\GED\PycharmProjects\Aixelo_Project_DataLab_2025\data\odac\pristine_CO2\VUGYED\VUGYED_w_CO2_2_relaxed.cif,-0.2583189366666071
C:\Users\GED\PycharmProjects\Aixelo_Project_DataLab_2025\data\odac\pristine_CO2\VUHJAK\VUHJAK_w_CO2_1_relaxed.cif,-0.33753297124991377
C:\Users\GED\PycharmProjects\Aixelo_Project_DataLab_2025\data\odac\pristine_CO2\VUKHOZ\VUKHOZ_w_CO2_1_relaxed.cif,-0.1021981266668111
C:\Users\GED\PycharmProjects\Aixelo_Project_DataLab_2025\data\odac\pristine_CO2\VUKROK\VUKROK_w_CO2_2_relaxed.cif,-0.3812522499998749
C:\Users\GED\PycharmProjects\Aixelo_Project_DataLab_2025\data\odac\pristine_CO2\VUKRUQ\VUKRUQ_w_CO2_1_relaxed.cif,-0.3876217300000234
C:\Users\GED\PycharmProjects\Aixelo_Project_DataLab_2025\data\odac\pristine_CO2\VUKSAX\VUKSAX_w_CO2_1_relaxed.cif,-0.10762414400001033
C:\Users\GED\PycharmProjects\Aixelo_Project_DataLab_2025\data\odac\pristine_CO2\VUKSOL\VUKSOL_w_CO2_1_relaxed.cif,-0.1688630333332336
C:\Users\GED\PycharmProjects\Aixelo_Project_DataLab_2025\data\odac\pristine_CO2\VULFIT\VULFIT_w_CO2_1_relaxed.cif,-0.2095809787499405
C:\Users\GED\PycharmProjects\Aixelo_Project_DataLab_2025\data\odac\pristine_CO2\VULFOZ\VULFOZ_w_CO2_1_relaxed.cif,-0.04257842400024852
C:\Users\GED\PycharmProjects\Aixelo_Project_DataLab_2025\data\odac\pristine_CO2\VULKIX\VULKIX_w_CO2_1_relaxed.cif,0.08974086666664026
C:\Users\GED\PycharmProjects\Aixelo_Project_DataLab_2025\data\odac\pristine_CO2\VULKOD\VULKOD_w_CO2_1_relaxed.cif,-0.36708858125024335
C:\Users\GED\PycharmProjects\Aixelo_Project_DataLab_2025\data\odac\pristine_CO2\VUMBIQ\VUMBIQ_w_CO2_1_relaxed.cif,-0.048801419999790555
C:\Users\GED\PycharmProjects\Aixelo_Project_DataLab_2025\data\odac\pristine_CO2\VUMBOW\VUMBOW_w_CO2_1_relaxed.cif,-0.3708319119995394
C:\Users\GED\PycharmProjects\Aixelo_Project_DataLab_2025\data\odac\pristine_CO2\VUMCEM\VUMCEM_w_CO2_2_relaxed.cif,-0.4062748800001827
C:\Users\GED\PycharmProjects\Aixelo_Project_DataLab_2025\data\odac\pristine_CO2\VUNHAO\VUNHAO_w_CO2_1_relaxed.cif,-0.21482558999999427
C:\Users\GED\PycharmProjects\Aixelo_Project_DataLab_2025\data\odac\pristine_CO2\VUNNEZ\VUNNEZ_w_CO2_1_relaxed.cif,0.06614147600002976
C:\Users\GED\PycharmProjects\Aixelo_Project_DataLab_2025\data\odac\pristine_CO2\VUQJUN\VUQJUN_w_CO2_1_relaxed.cif,-0.2503845850003093
C:\Users\GED\PycharmProjects\Aixelo_Project_DataLab_2025\data\odac\pristine_CO2\VUQJUN01\VUQJUN01_w_CO2_1_relaxed.cif,-0.2820275933332444
C:\Users\GED\PycharmProjects\Aixelo_Project_DataLab_2025\data\odac\pristine_CO2\VUQKAU\VUQKAU_w_CO2_1_relaxed.cif,-0.33184471285718636
C:\Users\GED\PycharmProjects\Aixelo_Project_DataLab_2025\data\odac\pristine_CO2\VUQKAU02\VUQKAU02_w_CO2_random_1_relaxed.cif,-0.1939799900001162
C:\Users\GED\PycharmProjects\Aixelo_Project_DataLab_2025\data\odac\pristine_CO2\VUQKOI\VUQKOI_w_CO2_1_relaxed.cif,-0.3440681883334946
C:\Users\GED\PycharmProjects\Aixelo_Project_DataLab_2025\data\odac\pristine_CO2\VUQKUO\VUQKUO_w_CO2_1_relaxed.cif,-0.5732342499999655
C:\Users\GED\PycharmProjects\Aixelo_Project_DataLab_2025\data\odac\pristine_CO2\VURLIF\VURLIF_w_CO2_1_relaxed.cif,0.10409744333317876
C:\Users\GED\PycharmProjects\Aixelo_Project_DataLab_2025\data\odac\pristine_CO2\VURNED\VURNED_w_CO2_1_relaxed.cif,0.8550270566667185
C:\Users\GED\PycharmProjects\Aixelo_Project_DataLab_2025\data\odac\pristine_CO2\VURNED01\VURNED01_w_CO2_1_relaxed.cif,-0.2647061549999421
C:\Users\GED\PycharmProjects\Aixelo_Project_DataLab_2025\data\odac\pristine_CO2\VURNED02\VURNED02_w_CO2_1_relaxed.cif,0.36992204166661696
C:\Users\GED\PycharmProjects\Aixelo_Project_DataLab_2025\data\odac\pristine_CO2\VURNED03\VURNED03_w_CO2_1_relaxed.cif,3.8446166266667396
C:\Users\GED\PycharmProjects\Aixelo_Project_DataLab_2025\data\odac\pristine_CO2\VURNED04\VURNED04_w_CO2_1_relaxed.cif,-0.23131359333342513
C:\Users\GED\PycharmProjects\Aixelo_Project_DataLab_2025\data\odac\pristine_CO2\VURYIR\VURYIR_w_CO2_random_1_relaxed.cif,0.25791202500005284
C:\Users\GED\PycharmProjects\Aixelo_Project_DataLab_2025\data\odac\pristine_CO2\VURYOX\VURYOX_w_CO2_1_relaxed.cif,-0.3751202916665761
C:\Users\GED\PycharmProjects\Aixelo_Project_DataLab_2025\data\odac\pristine_CO2\VUSKAW\VUSKAW_w_CO2_1_relaxed.cif,-0.22531470999990683
C:\Users\GED\PycharmProjects\Aixelo_Project_DataLab_2025\data\odac\pristine_CO2\VUSKEA\VUSKEA_w_CO2_1_relaxed.cif,-0.2494765849999112
C:\Users\GED\PycharmProjects\Aixelo_Project_DataLab_2025\data\odac\pristine_CO2\VUWSAJ\VUWSAJ_w_CO2_2_relaxed.cif,-0.11485119666675321
C:\Users\GED\PycharmProjects\Aixelo_Project_DataLab_2025\data\odac\pristine_CO2\WABTOK\WABTOK_w_CO2_1_relaxed.cif,-0.21301847999999945
C:\Users\GED\PycharmProjects\Aixelo_Project_DataLab_2025\data\odac\pristine_CO2\WABVIF\WABVIF_w_CO2_1_relaxed.cif,0.039071494000029384
C:\Users\GED\PycharmProjects\Aixelo_Project_DataLab_2025\data\odac\pristine_CO2\WABVIF01\WABVIF01_w_CO2_1_relaxed.cif,-0.26013774999996714
C:\Users\GED\PycharmProjects\Aixelo_Project_DataLab_2025\data\odac\pristine_CO2\WABVIF02\WABVIF02_w_CO2_1_relaxed.cif,-0.2434916979999684
C:\Users\GED\PycharmProjects\Aixelo_Project_DataLab_2025\data\odac\pristine_CO2\WABVIF03\WABVIF03_w_CO2_1_relaxed.cif,0.1423767059999932
C:\Users\GED\PycharmProjects\Aixelo_Project_DataLab_2025\data\odac\pristine_CO2\WABVIF04\WABVIF04_w_CO2_1_relaxed.cif,-0.1880005740000115
C:\Users\GED\PycharmProjects\Aixelo_Project_DataLab_2025\data\odac\pristine_CO2\WABVUR\WABVUR_w_CO2_1_relaxed.cif,0.7878016760000947
C:\Users\GED\PycharmProjects\Aixelo_Project_DataLab_2025\data\odac\pristine_CO2\WABWAY\WABWAY_w_CO2_1_relaxed.cif,2.5004980639999985
C:\Users\GED\PycharmProjects\Aixelo_Project_DataLab_2025\data\odac\pristine_CO2\WABWEC\WABWEC_w_CO2_1_relaxed.cif,2.338692088000016
C:\Users\GED\PycharmProjects\Aixelo_Project_DataLab_2025\data\odac\pristine_CO2\WACLEU\WACLEU_w_CO2_1_relaxed.cif,-0.0263852975000347
C:\Users\GED\PycharmProjects\Aixelo_Project_DataLab_2025\data\odac\pristine_CO2\WAFKAQ\WAFKAQ_w_CO2_1_relaxed.cif,0.16004357400015579
C:\Users\GED\PycharmProjects\Aixelo_Project_DataLab_2025\data\odac\pristine_CO2\WAFKIY\WAFKIY_w_CO2_1_relaxed.cif,4.674259758333335
C:\Users\GED\PycharmProjects\Aixelo_Project_DataLab_2025\data\odac\pristine_CO2\WAGZEL\WAGZEL_w_CO2_1_relaxed.cif,0.21454372374998343
C:\Users\GED\PycharmProjects\Aixelo_Project_DataLab_2025\data\odac\pristine_CO2\WAHFUJ01\WAHFUJ01_w_CO2_1_relaxed.cif,-0.284841124285679
C:\Users\GED\PycharmProjects\Aixelo_Project_DataLab_2025\data\odac\pristine_CO2\WAHGIY\WAHGIY_w_CO2_1_relaxed.cif,-0.19938310714295376
C:\Users\GED\PycharmProjects\Aixelo_Project_DataLab_2025\data\odac\pristine_CO2\WAHKUO\WAHKUO_w_CO2_3_relaxed.cif,-0.6830448966666154
C:\Users\GED\PycharmProjects\Aixelo_Project_DataLab_2025\data\odac\pristine_CO2\WAHNEB\WAHNEB_w_CO2_2_relaxed.cif,-0.12333747499974375
C:\Users\GED\PycharmProjects\Aixelo_Project_DataLab_2025\data\odac\pristine_CO2\WAJHOG\WAJHOG_w_CO2_1_relaxed.cif,-0.21227339666669798
C:\Users\GED\PycharmProjects\Aixelo_Project_DataLab_2025\data\odac\pristine_CO2\WALKAY\WALKAY_w_CO2_1_relaxed.cif,0.10946301500018757
C:\Users\GED\PycharmProjects\Aixelo_Project_DataLab_2025\data\odac\pristine_CO2\WALMOO\WALMOO_w_CO2_1_relaxed.cif,-0.275378615714268
C:\Users\GED\PycharmProjects\Aixelo_Project_DataLab_2025\data\odac\pristine_CO2\WAMREJ\WAMREJ_w_CO2_1_relaxed.cif,-0.19888045200027588
C:\Users\GED\PycharmProjects\Aixelo_Project_DataLab_2025\data\odac\pristine_CO2\WAMRIN\WAMRIN_w_CO2_1_relaxed.cif,-0.13130692833313634
C:\Users\GED\PycharmProjects\Aixelo_Project_DataLab_2025\data\odac\pristine_CO2\WAMRIN01\WAMRIN01_w_CO2_1_relaxed.cif,-0.22649737999995523
C:\Users\GED\PycharmProjects\Aixelo_Project_DataLab_2025\data\odac\pristine_CO2\WAMRIN02\WAMRIN02_w_CO2_1_relaxed.cif,-0.3903722200000174
C:\Users\GED\PycharmProjects\Aixelo_Project_DataLab_2025\data\odac\pristine_CO2\WAQDOJ_charged\WAQDOJ_charged_w_CO2_1_relaxed.cif,-0.43720426800000495
C:\Users\GED\PycharmProjects\Aixelo_Project_DataLab_2025\data\odac\pristine_CO2\WAQFIG\WAQFIG_w_CO2_1_relaxed.cif,-0.23640745200002583
C:\Users\GED\PycharmProjects\Aixelo_Project_DataLab_2025\data\odac\pristine_CO2\WARFAY05\WARFAY05_w_CO2_1_relaxed.cif,-0.2714953749999343
C:\Users\GED\PycharmProjects\Aixelo_Project_DataLab_2025\data\odac\pristine_CO2\WARJAC\WARJAC_w_CO2_1_relaxed.cif,-0.35729379000001693
C:\Users\GED\PycharmProjects\Aixelo_Project_DataLab_2025\data\odac\pristine_CO2\WASNIO\WASNIO_w_CO2_1_relaxed.cif,-0.38338640142868435
C:\Users\GED\PycharmProjects\Aixelo_Project_DataLab_2025\data\odac\pristine_CO2\WASPAK\WASPAK_w_CO2_1_relaxed.cif,-0.2653278214287898
C:\Users\GED\PycharmProjects\Aixelo_Project_DataLab_2025\data\odac\pristine_CO2\WAVQUH\WAVQUH_w_CO2_1_relaxed.cif,-0.24680358999983448
C:\Users\GED\PycharmProjects\Aixelo_Project_DataLab_2025\data\odac\pristine_CO2\WAWGOQ\WAWGOQ_w_CO2_1_relaxed.cif,-0.20780219142826742
C:\Users\GED\PycharmProjects\Aixelo_Project_DataLab_2025\data\odac\pristine_CO2\WAYKAK\WAYKAK_w_CO2_1_relaxed.cif,-0.3974398549999781
C:\Users\GED\PycharmProjects\Aixelo_Project_DataLab_2025\data\odac\pristine_CO2\WAYMAM\WAYMAM_w_CO2_1_relaxed.cif,-0.19588810250003516
C:\Users\GED\PycharmProjects\Aixelo_Project_DataLab_2025\data\odac\pristine_CO2\WAYMEQ_SL\WAYMEQ_SL_w_CO2_1_relaxed.cif,0.1166862533333415
C:\Users\GED\PycharmProjects\Aixelo_Project_DataLab_2025\data\odac\pristine_CO2\WAYMIU_manual\WAYMIU_manual_w_CO2_1_relaxed.cif,0.21921323666674652
C:\Users\GED\PycharmProjects\Aixelo_Project_DataLab_2025\data\odac\pristine_CO2\WAYMOA_manual\WAYMOA_manual_w_CO2_1_relaxed.cif,0.2738304133333713
C:\Users\GED\PycharmProjects\Aixelo_Project_DataLab_2025\data\odac\pristine_CO2\WAZCUX\WAZCUX_w_CO2_1_relaxed.cif,-0.4829933316666484
C:\Users\GED\PycharmProjects\Aixelo_Project_DataLab_2025\data\odac\pristine_CO2\WAZRAS\WAZRAS_w_CO2_1_relaxed.cif,-0.4533145771429514
C:\Users\GED\PycharmProjects\Aixelo_Project_DataLab_2025\data\odac\pristine_CO2\WEBKOD\WEBKOD_w_CO2_1_relaxed.cif,-0.2878236833333479
C:\Users\GED\PycharmProjects\Aixelo_Project_DataLab_2025\data\odac\pristine_CO2\WEBREC\WEBREC_w_CO2_1_relaxed.cif,-0.44639928125008055
C:\Users\GED\PycharmProjects\Aixelo_Project_DataLab_2025\data\odac\pristine_CO2\WECBEN\WECBEN_w_CO2_1_relaxed.cif,-0.20763798799996488
C:\Users\GED\PycharmProjects\Aixelo_Project_DataLab_2025\data\odac\pristine_CO2\WECBOX\WECBOX_w_CO2_1_relaxed.cif,0.6845518428571528
C:\Users\GED\PycharmProjects\Aixelo_Project_DataLab_2025\data\odac\pristine_CO2\WECFAN01\WECFAN01_w_CO2_1_relaxed.cif,-0.27907326333320265
C:\Users\GED\PycharmProjects\Aixelo_Project_DataLab_2025\data\odac\pristine_CO2\WEDQED\WEDQED_w_CO2_1_relaxed.cif,-0.44701016142854705
C:\Users\GED\PycharmProjects\Aixelo_Project_DataLab_2025\data\odac\pristine_CO2\WEFCAN\WEFCAN_w_CO2_1_relaxed.cif,-0.2425977400000268
C:\Users\GED\PycharmProjects\Aixelo_Project_DataLab_2025\data\odac\pristine_CO2\WEFXEM\WEFXEM_w_CO2_3_relaxed.cif,-0.3584833849999995
C:\Users\GED\PycharmProjects\Aixelo_Project_DataLab_2025\data\odac\pristine_CO2\WEFZIS\WEFZIS_w_CO2_1_relaxed.cif,-0.5094712250000081
C:\Users\GED\PycharmProjects\Aixelo_Project_DataLab_2025\data\odac\pristine_CO2\WEGDIX_charged\WEGDIX_charged_w_CO2_1_relaxed.cif,-0.274505447499962
C:\Users\GED\PycharmProjects\Aixelo_Project_DataLab_2025\data\odac\pristine_CO2\WEGFUL\WEGFUL_w_CO2_1_relaxed.cif,-0.34952046285703936
C:\Users\GED\PycharmProjects\Aixelo_Project_DataLab_2025\data\odac\pristine_CO2\WEGGAS\WEGGAS_w_CO2_1_relaxed.cif,-0.33643806999992065
C:\Users\GED\PycharmProjects\Aixelo_Project_DataLab_2025\data\odac\pristine_CO2\WEHHEY\WEHHEY_w_CO2_1_relaxed.cif,-0.3255153285713926
C:\Users\GED\PycharmProjects\Aixelo_Project_DataLab_2025\data\odac\pristine_CO2\WEHHIC\WEHHIC_w_CO2_1_relaxed.cif,-0.41843146714271434
C:\Users\GED\PycharmProjects\Aixelo_Project_DataLab_2025\data\odac\pristine_CO2\WEHHOI\WEHHOI_w_CO2_1_relaxed.cif,1.0239463271427667
C:\Users\GED\PycharmProjects\Aixelo_Project_DataLab_2025\data\odac\pristine_CO2\WEHHUO\WEHHUO_w_CO2_1_relaxed.cif,-0.23122180714257667
C:\Users\GED\PycharmProjects\Aixelo_Project_DataLab_2025\data\odac\pristine_CO2\WEHJAW\WEHJAW_w_CO2_1_relaxed.cif,0.055045187143020646
C:\Users\GED\PycharmProjects\Aixelo_Project_DataLab_2025\data\odac\pristine_CO2\WEHQAC_charged\WEHQAC_charged_w_CO2_1_relaxed.cif,-0.3564799049999768
C:\Users\GED\PycharmProjects\Aixelo_Project_DataLab_2025\data\odac\pristine_CO2\WEHRIL_charged\WEHRIL_charged_w_CO2_1_relaxed.cif,-0.16267830833332173
C:\Users\GED\PycharmProjects\Aixelo_Project_DataLab_2025\data\odac\pristine_CO2\WEMDID\WEMDID_w_CO2_1_relaxed.cif,1.0732509080000228
C:\Users\GED\PycharmProjects\Aixelo_Project_DataLab_2025\data\odac\pristine_CO2\WEMDUP\WEMDUP_w_CO2_random_1_relaxed.cif,0.07745586000004315
C:\Users\GED\PycharmProjects\Aixelo_Project_DataLab_2025\data\odac\pristine_CO2\WEMFAX\WEMFAX_w_CO2_1_relaxed.cif,0.3351755519999756
C:\Users\GED\PycharmProjects\Aixelo_Project_DataLab_2025\data\odac\pristine_CO2\WEMFEB\WEMFEB_w_CO2_1_relaxed.cif,-0.15073519799999527
C:\Users\GED\PycharmProjects\Aixelo_Project_DataLab_2025\data\odac\pristine_CO2\WEMNAF\WEMNAF_w_CO2_1_relaxed.cif,-0.25732063374999825
C:\Users\GED\PycharmProjects\Aixelo_Project_DataLab_2025\data\odac\pristine_CO2\WEMYEU\WEMYEU_w_CO2_1_relaxed.cif,0.24782120500020707
C:\Users\GED\PycharmProjects\Aixelo_Project_DataLab_2025\data\odac\pristine_CO2\WENDIE\WENDIE_w_CO2_1_relaxed.cif,-0.36602201999996
C:\Users\GED\PycharmProjects\Aixelo_Project_DataLab_2025\data\odac\pristine_CO2\WENKEH\WENKEH_w_CO2_1_relaxed.cif,-0.1775877366667373
C:\Users\GED\PycharmProjects\Aixelo_Project_DataLab_2025\data\odac\pristine_CO2\WENKIL_manual\WENKIL_manual_w_CO2_1_relaxed.cif,-0.3180094116667836
C:\Users\GED\PycharmProjects\Aixelo_Project_DataLab_2025\data\odac\pristine_CO2\WENKOR\WENKOR_w_CO2_3_relaxed.cif,-0.3584959800000433
C:\Users\GED\PycharmProjects\Aixelo_Project_DataLab_2025\data\odac\pristine_CO2\WERHIK\WERHIK_w_CO2_1_relaxed.cif,-0.3035130655555917
C:\Users\GED\PycharmProjects\Aixelo_Project_DataLab_2025\data\odac\pristine_CO2\WEVQIX\WEVQIX_w_CO2_1_relaxed.cif,-0.16608244333338004
C:\Users\GED\PycharmProjects\Aixelo_Project_DataLab_2025\data\odac\pristine_CO2\WEVQOD\WEVQOD_w_CO2_1_relaxed.cif,-0.08875780250014029
C:\Users\GED\PycharmProjects\Aixelo_Project_DataLab_2025\data\odac\pristine_CO2\WEVQOD01\WEVQOD01_w_CO2_1_relaxed.cif,-0.20440791749985007
C:\Users\GED\PycharmProjects\Aixelo_Project_DataLab_2025\data\odac\pristine_CO2\WEVQUJ\WEVQUJ_w_CO2_1_relaxed.cif,-0.05191239333339579
C:\Users\GED\PycharmProjects\Aixelo_Project_DataLab_2025\data\odac\pristine_CO2\WEVRUK\WEVRUK_w_CO2_1_relaxed.cif,0.20008823999984315
C:\Users\GED\PycharmProjects\Aixelo_Project_DataLab_2025\data\odac\pristine_CO2\WEXTAV\WEXTAV_w_CO2_1_relaxed.cif,-0.14285987499996125
C:\Users\GED\PycharmProjects\Aixelo_Project_DataLab_2025\data\odac\pristine_CO2\WEYQAU01\WEYQAU01_w_CO2_1_relaxed.cif,0.09269049142845423
C:\Users\GED\PycharmProjects\Aixelo_Project_DataLab_2025\data\odac\pristine_CO2\WEYQAU02\WEYQAU02_w_CO2_1_relaxed.cif,0.2334937999998406
C:\Users\GED\PycharmProjects\Aixelo_Project_DataLab_2025\data\odac\pristine_CO2\WEYQAU03\WEYQAU03_w_CO2_1_relaxed.cif,0.19413823571410047
C:\Users\GED\PycharmProjects\Aixelo_Project_DataLab_2025\data\odac\pristine_CO2\WEYQAU04\WEYQAU04_w_CO2_1_relaxed.cif,-0.31333219571443544
C:\Users\GED\PycharmProjects\Aixelo_Project_DataLab_2025\data\odac\pristine_CO2\WEYQAU05\WEYQAU05_w_CO2_1_relaxed.cif,0.19898329857142014
C:\Users\GED\PycharmProjects\Aixelo_Project_DataLab_2025\data\odac\pristine_CO2\WEYQAU06\WEYQAU06_w_CO2_random_1_relaxed.cif,-0.07589490500004101
C:\Users\GED\PycharmProjects\Aixelo_Project_DataLab_2025\data\odac\pristine_CO2\WEYQAU07\WEYQAU07_w_CO2_1_relaxed.cif,0.1645377557139714
C:\Users\GED\PycharmProjects\Aixelo_Project_DataLab_2025\data\odac\pristine_CO2\WEYQAU08\WEYQAU08_w_CO2_1_relaxed.cif,-0.29905048142856167
C:\Users\GED\PycharmProjects\Aixelo_Project_DataLab_2025\data\odac\pristine_CO2\WEYQAU09\WEYQAU09_w_CO2_1_relaxed.cif,0.2444888928571994
C:\Users\GED\PycharmProjects\Aixelo_Project_DataLab_2025\data\odac\pristine_CO2\WEYQAU10\WEYQAU10_w_CO2_1_relaxed.cif,-0.3423473416667093
C:\Users\GED\PycharmProjects\Aixelo_Project_DataLab_2025\data\odac\pristine_CO2\WEYQAU12\WEYQAU12_w_CO2_1_relaxed.cif,-0.3469730885716281
C:\Users\GED\PycharmProjects\Aixelo_Project_DataLab_2025\data\odac\pristine_CO2\WEZCIO\WEZCIO_w_CO2_1_relaxed.cif,-0.19227083500010167
C:\Users\GED\PycharmProjects\Aixelo_Project_DataLab_2025\data\odac\pristine_CO2\WICGEV\WICGEV_w_CO2_1_relaxed.cif,0.15116111333333038
C:\Users\GED\PycharmProjects\Aixelo_Project_DataLab_2025\data\odac\pristine_CO2\WIDQEG\WIDQEG_w_CO2_1_relaxed.cif,-0.28215110000003274
C:\Users\GED\PycharmProjects\Aixelo_Project_DataLab_2025\data\odac\pristine_CO2\WIDZUG\WIDZUG_w_CO2_1_relaxed.cif,-0.2936921416666109
C:\Users\GED\PycharmProjects\Aixelo_Project_DataLab_2025\data\odac\pristine_CO2\WIFBAQ\WIFBAQ_w_CO2_1_relaxed.cif,-0.2893662357143967
C:\Users\GED\PycharmProjects\Aixelo_Project_DataLab_2025\data\odac\pristine_CO2\WIHDUN\WIHDUN_w_CO2_1_relaxed.cif,0.688928590000188
C:\Users\GED\PycharmProjects\Aixelo_Project_DataLab_2025\data\odac\pristine_CO2\WIHVAL\WIHVAL_w_CO2_1_relaxed.cif,-0.3694721650000095
C:\Users\GED\PycharmProjects\Aixelo_Project_DataLab_2025\data\odac\pristine_CO2\WIHVEP\WIHVEP_w_CO2_1_relaxed.cif,-0.30891851200003656
C:\Users\GED\PycharmProjects\Aixelo_Project_DataLab_2025\data\odac\pristine_CO2\WIHWAN\WIHWAN_w_CO2_1_relaxed.cif,-0.4656529060000139
C:\Users\GED\PycharmProjects\Aixelo_Project_DataLab_2025\data\odac\pristine_CO2\WIJDAV\WIJDAV_w_CO2_1_relaxed.cif,-0.3676401720001649
C:\Users\GED\PycharmProjects\Aixelo_Project_DataLab_2025\data\odac\pristine_CO2\WIKLOT\WIKLOT_w_CO2_1_relaxed.cif,-0.5689532779999809
C:\Users\GED\PycharmProjects\Aixelo_Project_DataLab_2025\data\odac\pristine_CO2\WILDUR\WILDUR_w_CO2_1_relaxed.cif,-0.15545385124988795
C:\Users\GED\PycharmProjects\Aixelo_Project_DataLab_2025\data\odac\pristine_CO2\WILFAZ\WILFAZ_w_CO2_1_relaxed.cif,-0.4857733599999676
C:\Users\GED\PycharmProjects\Aixelo_Project_DataLab_2025\data\odac\pristine_CO2\WILGII\WILGII_w_CO2_1_relaxed.cif,0.24931159333330769
C:\Users\GED\PycharmProjects\Aixelo_Project_DataLab_2025\data\odac\pristine_CO2\WILHIK\WILHIK_w_CO2_1_relaxed.cif,-0.2067155699999574
C:\Users\GED\PycharmProjects\Aixelo_Project_DataLab_2025\data\odac\pristine_CO2\WILNEL01\WILNEL01_w_CO2_1_relaxed.cif,-0.4425137485713354
C:\Users\GED\PycharmProjects\Aixelo_Project_DataLab_2025\data\odac\pristine_CO2\WILRAK\WILRAK_w_CO2_1_relaxed.cif,1.290305943333389
C:\Users\GED\PycharmProjects\Aixelo_Project_DataLab_2025\data\odac\pristine_CO2\WILREO\WILREO_w_CO2_1_relaxed.cif,12.56684984750001
C:\Users\GED\PycharmProjects\Aixelo_Project_DataLab_2025\data\odac\pristine_CO2\WILRIS\WILRIS_w_CO2_1_relaxed.cif,-0.0004805659999874208
C:\Users\GED\PycharmProjects\Aixelo_Project_DataLab_2025\data\odac\pristine_CO2\WIMWIA\WIMWIA_w_CO2_1_relaxed.cif,-0.49210252857158465
C:\Users\GED\PycharmProjects\Aixelo_Project_DataLab_2025\data\odac\pristine_CO2\WINCEC\WINCEC_w_CO2_1_relaxed.cif,0.33335878999999125
C:\Users\GED\PycharmProjects\Aixelo_Project_DataLab_2025\data\odac\pristine_CO2\WIPLOY\WIPLOY_w_CO2_1_relaxed.cif,-0.2523789420000412
C:\Users\GED\PycharmProjects\Aixelo_Project_DataLab_2025\data\odac\pristine_CO2\WISTID\WISTID_w_CO2_1_relaxed.cif,-0.26251601142857744
C:\Users\GED\PycharmProjects\Aixelo_Project_DataLab_2025\data\odac\pristine_CO2\WISVEB\WISVEB_w_CO2_1_relaxed.cif,-0.1787795533333186
C:\Users\GED\PycharmProjects\Aixelo_Project_DataLab_2025\data\odac\pristine_CO2\WIVKOD\WIVKOD_w_CO2_1_relaxed.cif,0.0900064450000855
C:\Users\GED\PycharmProjects\Aixelo_Project_DataLab_2025\data\odac\pristine_CO2\WIVVII\WIVVII_w_CO2_1_relaxed.cif,-0.40610409999986324
C:\Users\GED\PycharmProjects\Aixelo_Project_DataLab_2025\data\odac\pristine_CO2\WIWQUO\WIWQUO_w_CO2_1_relaxed.cif,14.015241708000053
C:\Users\GED\PycharmProjects\Aixelo_Project_DataLab_2025\data\odac\pristine_CO2\WIYFAM\WIYFAM_w_CO2_1_relaxed.cif,-0.31476450166659714
C:\Users\GED\PycharmProjects\Aixelo_Project_DataLab_2025\data\odac\pristine_CO2\WIYZOU\WIYZOU_w_CO2_random_1_relaxed.cif,0.6134644900000126
C:\Users\GED\PycharmProjects\Aixelo_Project_DataLab_2025\data\odac\pristine_CO2\WIZDEP\WIZDEP_w_CO2_1_relaxed.cif,-0.2702660200000537
C:\Users\GED\PycharmProjects\Aixelo_Project_DataLab_2025\data\odac\pristine_CO2\WIZKOH\WIZKOH_w_CO2_1_relaxed.cif,-0.21479995833336332
C:\Users\GED\PycharmProjects\Aixelo_Project_DataLab_2025\data\odac\pristine_CO2\WOBHEB01\WOBHEB01_w_CO2_1_relaxed.cif,-0.2747816960000364
C:\Users\GED\PycharmProjects\Aixelo_Project_DataLab_2025\data\odac\pristine_CO2\WOBHOL\WOBHOL_w_CO2_1_relaxed.cif,-0.2834712260000401
C:\Users\GED\PycharmProjects\Aixelo_Project_DataLab_2025\data\odac\pristine_CO2\WOBHOM\WOBHOM_w_CO2_1_relaxed.cif,-0.27124262125001053
C:\Users\GED\PycharmProjects\Aixelo_Project_DataLab_2025\data\odac\pristine_CO2\WOBQEL\WOBQEL_w_CO2_1_relaxed.cif,-0.3888424714282337
C:\Users\GED\PycharmProjects\Aixelo_Project_DataLab_2025\data\odac\pristine_CO2\WOCWAN\WOCWAN_w_CO2_1_relaxed.cif,-0.14749848333320864
C:\Users\GED\PycharmProjects\Aixelo_Project_DataLab_2025\data\odac\pristine_CO2\WODFOL\WODFOL_w_CO2_1_relaxed.cif,-0.3427272775000602
C:\Users\GED\PycharmProjects\Aixelo_Project_DataLab_2025\data\odac\pristine_CO2\WODPUC\WODPUC_w_CO2_1_relaxed.cif,-0.3720112050000921
C:\Users\GED\PycharmProjects\Aixelo_Project_DataLab_2025\data\odac\pristine_CO2\WODROY\WODROY_w_CO2_1_relaxed.cif,-0.25324862857136005
C:\Users\GED\PycharmProjects\Aixelo_Project_DataLab_2025\data\odac\pristine_CO2\WODVOB\WODVOB_w_CO2_1_relaxed.cif,-0.19464726857164089
C:\Users\GED\PycharmProjects\Aixelo_Project_DataLab_2025\data\odac\pristine_CO2\WODXAQ\WODXAQ_w_CO2_1_relaxed.cif,0.6063563737500886
C:\Users\GED\PycharmProjects\Aixelo_Project_DataLab_2025\data\odac\pristine_CO2\WODXEU\WODXEU_w_CO2_1_relaxed.cif,-0.3661153833332757
C:\Users\GED\PycharmProjects\Aixelo_Project_DataLab_2025\data\odac\pristine_CO2\WOHBIF\WOHBIF_w_CO2_1_relaxed.cif,-0.420959030000014
C:\Users\GED\PycharmProjects\Aixelo_Project_DataLab_2025\data\odac\pristine_CO2\WOHQAN\WOHQAN_w_CO2_1_relaxed.cif,0.13683637599999657
C:\Users\GED\PycharmProjects\Aixelo_Project_DataLab_2025\data\odac\pristine_CO2\WOHSIV\WOHSIV_w_CO2_1_relaxed.cif,-0.31704445166656114
C:\Users\GED\PycharmProjects\Aixelo_Project_DataLab_2025\data\odac\pristine_CO2\WOJJOV_SL\WOJJOV_SL_w_CO2_1_relaxed.cif,0.36123648999989655
C:\Users\GED\PycharmProjects\Aixelo_Project_DataLab_2025\data\odac\pristine_CO2\WOJZAY\WOJZAY_w_CO2_1_relaxed.cif,-0.2114502333333803
C:\Users\GED\PycharmProjects\Aixelo_Project_DataLab_2025\data\odac\pristine_CO2\WOJZIG\WOJZIG_w_CO2_1_relaxed.cif,-0.2941060250001328
C:\Users\GED\PycharmProjects\Aixelo_Project_DataLab_2025\data\odac\pristine_CO2\WOJZOM\WOJZOM_w_CO2_4_relaxed.cif,-0.3360586350001995
C:\Users\GED\PycharmProjects\Aixelo_Project_DataLab_2025\data\odac\pristine_CO2\WOLRIZ\WOLRIZ_w_CO2_1_relaxed.cif,-0.3850895149999853
C:\Users\GED\PycharmProjects\Aixelo_Project_DataLab_2025\data\odac\pristine_CO2\WOMFIO_charged\WOMFIO_charged_w_CO2_1_relaxed.cif,-0.16694052500000106
C:\Users\GED\PycharmProjects\Aixelo_Project_DataLab_2025\data\odac\pristine_CO2\WONZOP\WONZOP_w_CO2_1_relaxed.cif,-0.2811399274999928
C:\Users\GED\PycharmProjects\Aixelo_Project_DataLab_2025\data\odac\pristine_CO2\WONZUV\WONZUV_w_CO2_1_relaxed.cif,-0.2237876140000253
C:\Users\GED\PycharmProjects\Aixelo_Project_DataLab_2025\data\odac\pristine_CO2\WOPDEL\WOPDEL_w_CO2_1_relaxed.cif,-0.19515665000017177
C:\Users\GED\PycharmProjects\Aixelo_Project_DataLab_2025\data\odac\pristine_CO2\WOPROK\WOPROK_w_CO2_1_relaxed.cif,-0.24080913666678802
C:\Users\GED\PycharmProjects\Aixelo_Project_DataLab_2025\data\odac\pristine_CO2\WOPSAX\WOPSAX_w_CO2_1_relaxed.cif,-0.23896570000010792
C:\Users\GED\PycharmProjects\Aixelo_Project_DataLab_2025\data\odac\pristine_CO2\WOPSAX02\WOPSAX02_w_CO2_1_relaxed.cif,0.10368610400014408
C:\Users\GED\PycharmProjects\Aixelo_Project_DataLab_2025\data\odac\pristine_CO2\WOPSOL\WOPSOL_w_CO2_1_relaxed.cif,-0.2208413520000249
C:\Users\GED\PycharmProjects\Aixelo_Project_DataLab_2025\data\odac\pristine_CO2\WOPSOL01\WOPSOL01_w_CO2_1_relaxed.cif,-0.2529760260000785
C:\Users\GED\PycharmProjects\Aixelo_Project_DataLab_2025\data\odac\pristine_CO2\WOPWOO\WOPWOO_w_CO2_1_relaxed.cif,1.3129007071428143
C:\Users\GED\PycharmProjects\Aixelo_Project_DataLab_2025\data\odac\pristine_CO2\WOQTUT\WOQTUT_w_CO2_1_relaxed.cif,0.09687213799993516
C:\Users\GED\PycharmProjects\Aixelo_Project_DataLab_2025\data\odac\pristine_CO2\WORKUL\WORKUL_w_CO2_1_relaxed.cif,-0.07615804285725448
C:\Users\GED\PycharmProjects\Aixelo_Project_DataLab_2025\data\odac\pristine_CO2\WORLAS\WORLAS_w_CO2_1_relaxed.cif,-0.2979653871429621
C:\Users\GED\PycharmProjects\Aixelo_Project_DataLab_2025\data\odac\pristine_CO2\WORREC\WORREC_w_CO2_1_relaxed.cif,-0.005274716666614637
C:\Users\GED\PycharmProjects\Aixelo_Project_DataLab_2025\data\odac\pristine_CO2\WOSHET\WOSHET_w_CO2_1_relaxed.cif,-0.22483921499983237
C:\Users\GED\PycharmProjects\Aixelo_Project_DataLab_2025\data\odac\pristine_CO2\WOSZEL_charged\WOSZEL_charged_w_CO2_1_relaxed.cif,-0.18476167857154122
C:\Users\GED\PycharmProjects\Aixelo_Project_DataLab_2025\data\odac\pristine_CO2\WOTLOI\WOTLOI_w_CO2_1_relaxed.cif,0.040292008333381084
C:\Users\GED\PycharmProjects\Aixelo_Project_DataLab_2025\data\odac\pristine_CO2\WOTSEF\WOTSEF_w_CO2_1_relaxed.cif,-0.3664097685713322
C:\Users\GED\PycharmProjects\Aixelo_Project_DataLab_2025\data\odac\pristine_CO2\WOYHUP\WOYHUP_w_CO2_1_relaxed.cif,-0.5541846379996059
C:\Users\GED\PycharmProjects\Aixelo_Project_DataLab_2025\data\odac\pristine_CO2\WOYJIF\WOYJIF_w_CO2_1_relaxed.cif,-0.550721593999333
C:\Users\GED\PycharmProjects\Aixelo_Project_DataLab_2025\data\odac\pristine_CO2\WUBHEI\WUBHEI_w_CO2_random_1_relaxed.cif,-0.4102445099999841
C:\Users\GED\PycharmProjects\Aixelo_Project_DataLab_2025\data\odac\pristine_CO2\WUCRUH\WUCRUH_w_CO2_1_relaxed.cif,-0.148618655000026
C:\Users\GED\PycharmProjects\Aixelo_Project_DataLab_2025\data\odac\pristine_CO2\WUHJIT\WUHJIT_w_CO2_1_relaxed.cif,-0.28714343799997544
C:\Users\GED\PycharmProjects\Aixelo_Project_DataLab_2025\data\odac\pristine_CO2\WULQUR\WULQUR_w_CO2_1_relaxed.cif,-0.08946156333329702
C:\Users\GED\PycharmProjects\Aixelo_Project_DataLab_2025\data\odac\pristine_CO2\WUNSEE01_charged\WUNSEE01_charged_w_CO2_1_relaxed.cif,-0.5974895657144381
C:\Users\GED\PycharmProjects\Aixelo_Project_DataLab_2025\data\odac\pristine_CO2\WUNSEE02_charged\WUNSEE02_charged_w_CO2_1_relaxed.cif,-0.5106290200005138
C:\Users\GED\PycharmProjects\Aixelo_Project_DataLab_2025\data\odac\pristine_CO2\WUNSEE_charged\WUNSEE_charged_w_CO2_1_relaxed.cif,-0.5408630214282572
C:\Users\GED\PycharmProjects\Aixelo_Project_DataLab_2025\data\odac\pristine_CO2\WUNSII01_charged\WUNSII01_charged_w_CO2_1_relaxed.cif,-0.2982831971428043
C:\Users\GED\PycharmProjects\Aixelo_Project_DataLab_2025\data\odac\pristine_CO2\WUNSII02_charged\WUNSII02_charged_w_CO2_1_relaxed.cif,-0.15043520714295605
C:\Users\GED\PycharmProjects\Aixelo_Project_DataLab_2025\data\odac\pristine_CO2\WUNSII_charged\WUNSII_charged_w_CO2_1_relaxed.cif,-0.4334431928568847
C:\Users\GED\PycharmProjects\Aixelo_Project_DataLab_2025\data\odac\pristine_CO2\WUNTAB_charged\WUNTAB_charged_w_CO2_1_relaxed.cif,-0.22897747999987975
C:\Users\GED\PycharmProjects\Aixelo_Project_DataLab_2025\data\odac\pristine_CO2\WUNTEF\WUNTEF_w_CO2_1_relaxed.cif,-0.06174148124978271
C:\Users\GED\PycharmProjects\Aixelo_Project_DataLab_2025\data\odac\pristine_CO2\WUNTIJ\WUNTIJ_w_CO2_1_relaxed.cif,-0.20501146857122873
C:\Users\GED\PycharmProjects\Aixelo_Project_DataLab_2025\data\odac\pristine_CO2\WUNTOP\WUNTOP_w_CO2_1_relaxed.cif,-0.2924308957140705
C:\Users\GED\PycharmProjects\Aixelo_Project_DataLab_2025\data\odac\pristine_CO2\WUNTUV\WUNTUV_w_CO2_1_relaxed.cif,-0.12420407874975575
C:\Users\GED\PycharmProjects\Aixelo_Project_DataLab_2025\data\odac\pristine_CO2\WUNVAD\WUNVAD_w_CO2_1_relaxed.cif,-0.12372298857118427
C:\Users\GED\PycharmProjects\Aixelo_Project_DataLab_2025\data\odac\pristine_CO2\WUNVEH_charged\WUNVEH_charged_w_CO2_1_relaxed.cif,-0.26757341428550974
C:\Users\GED\PycharmProjects\Aixelo_Project_DataLab_2025\data\odac\pristine_CO2\WUNVIL_charged\WUNVIL_charged_w_CO2_1_relaxed.cif,-0.37803534857130217
C:\Users\GED\PycharmProjects\Aixelo_Project_DataLab_2025\data\odac\pristine_CO2\WUNVUX\WUNVUX_w_CO2_1_relaxed.cif,-0.3802241612502257
C:\Users\GED\PycharmProjects\Aixelo_Project_DataLab_2025\data\odac\pristine_CO2\WUPZUE\WUPZUE_w_CO2_1_relaxed.cif,-0.260239504285786
C:\Users\GED\PycharmProjects\Aixelo_Project_DataLab_2025\data\odac\pristine_CO2\WURKEB\WURKEB_w_CO2_1_relaxed.cif,-0.03918445666658948
C:\Users\GED\PycharmProjects\Aixelo_Project_DataLab_2025\data\odac\pristine_CO2\WUSCUJ\WUSCUJ_w_CO2_1_relaxed.cif,-0.3748917799999276
C:\Users\GED\PycharmProjects\Aixelo_Project_DataLab_2025\data\odac\pristine_CO2\WUSGIC\WUSGIC_w_CO2_1_relaxed.cif,-0.5945560671429705
C:\Users\GED\PycharmProjects\Aixelo_Project_DataLab_2025\data\odac\pristine_CO2\WUSSEK\WUSSEK_w_CO2_1_relaxed.cif,0.06988487800012991
C:\Users\GED\PycharmProjects\Aixelo_Project_DataLab_2025\data\odac\pristine_CO2\WUSXEP\WUSXEP_w_CO2_1_relaxed.cif,-0.3410745699996368
C:\Users\GED\PycharmProjects\Aixelo_Project_DataLab_2025\data\odac\pristine_CO2\WUTBES\WUTBES_w_CO2_1_relaxed.cif,-0.25643296499989293
C:\Users\GED\PycharmProjects\Aixelo_Project_DataLab_2025\data\odac\pristine_CO2\WUTBEU\WUTBEU_w_CO2_1_relaxed.cif,-0.2360720079999851
C:\Users\GED\PycharmProjects\Aixelo_Project_DataLab_2025\data\odac\pristine_CO2\WUTBIW\WUTBIW_w_CO2_1_relaxed.cif,-0.03240844166657548
C:\Users\GED\PycharmProjects\Aixelo_Project_DataLab_2025\data\odac\pristine_CO2\WUTBOC\WUTBOC_w_CO2_1_relaxed.cif,-0.3343557340001552
C:\Users\GED\PycharmProjects\Aixelo_Project_DataLab_2025\data\odac\pristine_CO2\WUTBUI\WUTBUI_w_CO2_1_relaxed.cif,-0.172041706666846
C:\Users\GED\PycharmProjects\Aixelo_Project_DataLab_2025\data\odac\pristine_CO2\WUTCAP\WUTCAP_w_CO2_2_relaxed.cif,-0.22233438500029476
C:\Users\GED\PycharmProjects\Aixelo_Project_DataLab_2025\data\odac\pristine_CO2\WUTKIG\WUTKIG_w_CO2_random_1_relaxed.cif,0.20358916499998253
C:\Users\GED\PycharmProjects\Aixelo_Project_DataLab_2025\data\odac\pristine_CO2\WUWQEL\WUWQEL_w_CO2_1_relaxed.cif,-0.3537997016666736
C:\Users\GED\PycharmProjects\Aixelo_Project_DataLab_2025\data\odac\pristine_CO2\WUYWIY\WUYWIY_w_CO2_1_relaxed.cif,-0.20976038600006172
C:\Users\GED\PycharmProjects\Aixelo_Project_DataLab_2025\data\odac\pristine_CO2\WUYWOE\WUYWOE_w_CO2_1_relaxed.cif,-0.19749540500007845
C:\Users\GED\PycharmProjects\Aixelo_Project_DataLab_2025\data\odac\pristine_CO2\WUYXAR\WUYXAR_w_CO2_1_relaxed.cif,-0.32400134199983766
C:\Users\GED\PycharmProjects\Aixelo_Project_DataLab_2025\data\odac\pristine_CO2\WUYXIZ\WUYXIZ_w_CO2_1_relaxed.cif,-0.30305068499933435
C:\Users\GED\PycharmProjects\Aixelo_Project_DataLab_2025\data\odac\pristine_CO2\WUYXOF\WUYXOF_w_CO2_1_relaxed.cif,-0.23204268166675016
C:\Users\GED\PycharmProjects\Aixelo_Project_DataLab_2025\data\odac\pristine_CO2\WUYYOG\WUYYOG_w_CO2_1_relaxed.cif,-0.3041568342856797
C:\Users\GED\PycharmProjects\Aixelo_Project_DataLab_2025\data\odac\pristine_CO2\WUZDOL\WUZDOL_w_CO2_1_relaxed.cif,-0.13388016599983527
C:\Users\GED\PycharmProjects\Aixelo_Project_DataLab_2025\data\odac\pristine_CO2\WUZGAB\WUZGAB_w_CO2_1_relaxed.cif,-0.23217057000010752
C:\Users\GED\PycharmProjects\Aixelo_Project_DataLab_2025\data\odac\pristine_CO2\WUZQOZ\WUZQOZ_w_CO2_1_relaxed.cif,-0.12558811142855575
C:\Users\GED\PycharmProjects\Aixelo_Project_DataLab_2025\data\odac\pristine_CO2\XACGIT_charged\XACGIT_charged_w_CO2_1_relaxed.cif,-0.32697876333325365
C:\Users\GED\PycharmProjects\Aixelo_Project_DataLab_2025\data\odac\pristine_CO2\XACQAT\XACQAT_w_CO2_1_relaxed.cif,-0.3780419144444396
C:\Users\GED\PycharmProjects\Aixelo_Project_DataLab_2025\data\odac\pristine_CO2\XACZEH\XACZEH_w_CO2_1_relaxed.cif,-0.25738465500012353
C:\Users\GED\PycharmProjects\Aixelo_Project_DataLab_2025\data\odac\pristine_CO2\XADCEM\XADCEM_w_CO2_1_relaxed.cif,15.282989751666776
C:\Users\GED\PycharmProjects\Aixelo_Project_DataLab_2025\data\odac\pristine_CO2\XADDEN_manual\XADDEN_manual_w_CO2_1_relaxed.cif,-0.04022171500021917
C:\Users\GED\PycharmProjects\Aixelo_Project_DataLab_2025\data\odac\pristine_CO2\XADDIR_manual\XADDIR_manual_w_CO2_1_relaxed.cif,0.007510499999815077
C:\Users\GED\PycharmProjects\Aixelo_Project_DataLab_2025\data\odac\pristine_CO2\XADDUD\XADDUD_w_CO2_1_relaxed.cif,-0.25113890000022815
C:\Users\GED\PycharmProjects\Aixelo_Project_DataLab_2025\data\odac\pristine_CO2\XADGAM\XADGAM_w_CO2_1_relaxed.cif,-0.44492245750018355
C:\Users\GED\PycharmProjects\Aixelo_Project_DataLab_2025\data\odac\pristine_CO2\XADGOA\XADGOA_w_CO2_random_1_relaxed.cif,0.046431199999972195
C:\Users\GED\PycharmProjects\Aixelo_Project_DataLab_2025\data\odac\pristine_CO2\XAFBEN\XAFBEN_w_CO2_1_relaxed.cif,0.3181461720000925
C:\Users\GED\PycharmProjects\Aixelo_Project_DataLab_2025\data\odac\pristine_CO2\XAFFAN\XAFFAN_w_CO2_1_relaxed.cif,0.5443211849998306
C:\Users\GED\PycharmProjects\Aixelo_Project_DataLab_2025\data\odac\pristine_CO2\XAFFER\XAFFER_w_CO2_1_relaxed.cif,-0.1899504025000169
C:\Users\GED\PycharmProjects\Aixelo_Project_DataLab_2025\data\odac\pristine_CO2\XAFFOB\XAFFOB_w_CO2_1_relaxed.cif,-0.2524976325000238
C:\Users\GED\PycharmProjects\Aixelo_Project_DataLab_2025\data\odac\pristine_CO2\XAFXOT\XAFXOT_w_CO2_1_relaxed.cif,-0.46667722285706403
C:\Users\GED\PycharmProjects\Aixelo_Project_DataLab_2025\data\odac\pristine_CO2\XAGPUT\XAGPUT_w_CO2_random_1_relaxed.cif,0.521107709999967
C:\Users\GED\PycharmProjects\Aixelo_Project_DataLab_2025\data\odac\pristine_CO2\XAHPAZ\XAHPAZ_w_CO2_1_relaxed.cif,-0.13236985999997158
C:\Users\GED\PycharmProjects\Aixelo_Project_DataLab_2025\data\odac\pristine_CO2\XAHPED\XAHPED_w_CO2_1_relaxed.cif,-0.23099211750002263
C:\Users\GED\PycharmProjects\Aixelo_Project_DataLab_2025\data\odac\pristine_CO2\XAHPIH\XAHPIH_w_CO2_1_relaxed.cif,-0.08614176500014993
C:\Users\GED\PycharmProjects\Aixelo_Project_DataLab_2025\data\odac\pristine_CO2\XAHPON\XAHPON_w_CO2_1_relaxed.cif,-0.18167481999944354
C:\Users\GED\PycharmProjects\Aixelo_Project_DataLab_2025\data\odac\pristine_CO2\XAHWAG\XAHWAG_w_CO2_random_1_relaxed.cif,0.635069355000013
C:\Users\GED\PycharmProjects\Aixelo_Project_DataLab_2025\data\odac\pristine_CO2\XAKQOR\XAKQOR_w_CO2_1_relaxed.cif,-0.2986542428572453
C:\Users\GED\PycharmProjects\Aixelo_Project_DataLab_2025\data\odac\pristine_CO2\XAKVUB\XAKVUB_w_CO2_1_relaxed.cif,-0.34890932555555304
C:\Users\GED\PycharmProjects\Aixelo_Project_DataLab_2025\data\odac\pristine_CO2\XALDAS\XALDAS_w_CO2_1_relaxed.cif,-0.47963134666671675
C:\Users\GED\PycharmProjects\Aixelo_Project_DataLab_2025\data\odac\pristine_CO2\XALTIP\XALTIP_w_CO2_1_relaxed.cif,-0.21858295200031536
C:\Users\GED\PycharmProjects\Aixelo_Project_DataLab_2025\data\odac\pristine_CO2\XAMDUM\XAMDUM_w_CO2_1_relaxed.cif,-0.13751580500024824
C:\Users\GED\PycharmProjects\Aixelo_Project_DataLab_2025\data\odac\pristine_CO2\XAMDUM01\XAMDUM01_w_CO2_1_relaxed.cif,-0.03488091666694495
C:\Users\GED\PycharmProjects\Aixelo_Project_DataLab_2025\data\odac\pristine_CO2\XAMDUM02\XAMDUM02_w_CO2_1_relaxed.cif,-0.24080995999986496
C:\Users\GED\PycharmProjects\Aixelo_Project_DataLab_2025\data\odac\pristine_CO2\XAMDUM03\XAMDUM03_w_CO2_1_relaxed.cif,0.019400964999969485
C:\Users\GED\PycharmProjects\Aixelo_Project_DataLab_2025\data\odac\pristine_CO2\XAMDUM04\XAMDUM04_w_CO2_1_relaxed.cif,-0.24488263999982485
C:\Users\GED\PycharmProjects\Aixelo_Project_DataLab_2025\data\odac\pristine_CO2\XAMDUM05\XAMDUM05_w_CO2_1_relaxed.cif,-0.2582493983336083
C:\Users\GED\PycharmProjects\Aixelo_Project_DataLab_2025\data\odac\pristine_CO2\XAMDUM06\XAMDUM06_w_CO2_1_relaxed.cif,-0.5456469280002239
C:\Users\GED\PycharmProjects\Aixelo_Project_DataLab_2025\data\odac\pristine_CO2\XAMDUM07\XAMDUM07_w_CO2_1_relaxed.cif,-0.35339329999995545
C:\Users\GED\PycharmProjects\Aixelo_Project_DataLab_2025\data\odac\pristine_CO2\XAMHEA_manual\XAMHEA_manual_w_CO2_1_relaxed.cif,-0.42602797600006853
C:\Users\GED\PycharmProjects\Aixelo_Project_DataLab_2025\data\odac\pristine_CO2\XANLEE\XANLEE_w_CO2_1_relaxed.cif,-0.07341309999977358
C:\Users\GED\PycharmProjects\Aixelo_Project_DataLab_2025\data\odac\pristine_CO2\XANMIJ\XANMIJ_w_CO2_1_relaxed.cif,-0.17432575285719001
C:\Users\GED\PycharmProjects\Aixelo_Project_DataLab_2025\data\odac\pristine_CO2\XANMUX\XANMUX_w_CO2_1_relaxed.cif,-0.21741721399996544
C:\Users\GED\PycharmProjects\Aixelo_Project_DataLab_2025\data\odac\pristine_CO2\XANMUX01\XANMUX01_w_CO2_1_relaxed.cif,0.18595365400005903
C:\Users\GED\PycharmProjects\Aixelo_Project_DataLab_2025\data\odac\pristine_CO2\XANMUX02\XANMUX02_w_CO2_1_relaxed.cif,0.00644602000002122
C:\Users\GED\PycharmProjects\Aixelo_Project_DataLab_2025\data\odac\pristine_CO2\XANMUX03\XANMUX03_w_CO2_1_relaxed.cif,-0.19391909857141137
C:\Users\GED\PycharmProjects\Aixelo_Project_DataLab_2025\data\odac\pristine_CO2\XANMUX04\XANMUX04_w_CO2_1_relaxed.cif,-0.25175762499988724
C:\Users\GED\PycharmProjects\Aixelo_Project_DataLab_2025\data\odac\pristine_CO2\XANMUX05\XANMUX05_w_CO2_1_relaxed.cif,0.21733207833335655
C:\Users\GED\PycharmProjects\Aixelo_Project_DataLab_2025\data\odac\pristine_CO2\XANMUX06\XANMUX06_w_CO2_1_relaxed.cif,6.900092820000009
C:\Users\GED\PycharmProjects\Aixelo_Project_DataLab_2025\data\odac\pristine_CO2\XANMUX08\XANMUX08_w_CO2_1_relaxed.cif,-0.17980790400004026
C:\Users\GED\PycharmProjects\Aixelo_Project_DataLab_2025\data\odac\pristine_CO2\XANZAQ\XANZAQ_w_CO2_1_relaxed.cif,2.1673889883333004
C:\Users\GED\PycharmProjects\Aixelo_Project_DataLab_2025\data\odac\pristine_CO2\XANZAQ01\XANZAQ01_w_CO2_1_relaxed.cif,-0.02940910666658661
C:\Users\GED\PycharmProjects\Aixelo_Project_DataLab_2025\data\odac\pristine_CO2\XANZAQ02\XANZAQ02_w_CO2_1_relaxed.cif,-0.281753825999931
C:\Users\GED\PycharmProjects\Aixelo_Project_DataLab_2025\data\odac\pristine_CO2\XANZAQ04\XANZAQ04_w_CO2_1_relaxed.cif,1.0139411900000141
C:\Users\GED\PycharmProjects\Aixelo_Project_DataLab_2025\data\odac\pristine_CO2\XANZAQ05\XANZAQ05_w_CO2_1_relaxed.cif,0.936353632499987
C:\Users\GED\PycharmProjects\Aixelo_Project_DataLab_2025\data\odac\pristine_CO2\XANZAQ06\XANZAQ06_w_CO2_1_relaxed.cif,0.7650566680001247
C:\Users\GED\PycharmProjects\Aixelo_Project_DataLab_2025\data\odac\pristine_CO2\XANZAQ07\XANZAQ07_w_CO2_1_relaxed.cif,-0.21240900999998752
C:\Users\GED\PycharmProjects\Aixelo_Project_DataLab_2025\data\odac\pristine_CO2\XANZAQ08\XANZAQ08_w_CO2_1_relaxed.cif,0.7753466200000881
C:\Users\GED\PycharmProjects\Aixelo_Project_DataLab_2025\data\odac\pristine_CO2\XAPCOJ\XAPCOJ_w_CO2_1_relaxed.cif,-0.27462767833329355
C:\Users\GED\PycharmProjects\Aixelo_Project_DataLab_2025\data\odac\pristine_CO2\XAPCOJ01\XAPCOJ01_w_CO2_1_relaxed.cif,-0.31338278666661756
C:\Users\GED\PycharmProjects\Aixelo_Project_DataLab_2025\data\odac\pristine_CO2\XAPCOJ02\XAPCOJ02_w_CO2_1_relaxed.cif,-0.27504871666667435
C:\Users\GED\PycharmProjects\Aixelo_Project_DataLab_2025\data\odac\pristine_CO2\XAPCOJ03\XAPCOJ03_w_CO2_1_relaxed.cif,-0.2654358933335743
C:\Users\GED\PycharmProjects\Aixelo_Project_DataLab_2025\data\odac\pristine_CO2\XAPCOJ04\XAPCOJ04_w_CO2_1_relaxed.cif,-0.3502371466668137
C:\Users\GED\PycharmProjects\Aixelo_Project_DataLab_2025\data\odac\pristine_CO2\XAPCOJ05\XAPCOJ05_w_CO2_1_relaxed.cif,-0.28398377666682484
C:\Users\GED\PycharmProjects\Aixelo_Project_DataLab_2025\data\odac\pristine_CO2\XAPCOJ06\XAPCOJ06_w_CO2_1_relaxed.cif,-0.20315021833327288
C:\Users\GED\PycharmProjects\Aixelo_Project_DataLab_2025\data\odac\pristine_CO2\XAPCOJ07\XAPCOJ07_w_CO2_1_relaxed.cif,-0.23503189000007293
C:\Users\GED\PycharmProjects\Aixelo_Project_DataLab_2025\data\odac\pristine_CO2\XAPGOK\XAPGOK_w_CO2_random_1_relaxed.cif,-0.1779475149999996
C:\Users\GED\PycharmProjects\Aixelo_Project_DataLab_2025\data\odac\pristine_CO2\XAPGUQ\XAPGUQ_w_CO2_1_relaxed.cif,-0.3562446366666639
C:\Users\GED\PycharmProjects\Aixelo_Project_DataLab_2025\data\odac\pristine_CO2\XAPNIN\XAPNIN_w_CO2_1_relaxed.cif,0.003149650000068499
C:\Users\GED\PycharmProjects\Aixelo_Project_DataLab_2025\data\odac\pristine_CO2\XAPTUE\XAPTUE_w_CO2_1_relaxed.cif,-0.2519234383333355
C:\Users\GED\PycharmProjects\Aixelo_Project_DataLab_2025\data\odac\pristine_CO2\XARPAK\XARPAK_w_CO2_1_relaxed.cif,-0.39361357142867553
C:\Users\GED\PycharmProjects\Aixelo_Project_DataLab_2025\data\odac\pristine_CO2\XASFAY\XASFAY_w_CO2_1_relaxed.cif,-0.32144338833343983
C:\Users\GED\PycharmProjects\Aixelo_Project_DataLab_2025\data\odac\pristine_CO2\XASPEP\XASPEP_w_CO2_1_relaxed.cif,-0.2406902259996059
C:\Users\GED\PycharmProjects\Aixelo_Project_DataLab_2025\data\odac\pristine_CO2\XATLIQ\XATLIQ_w_CO2_1_relaxed.cif,-0.11948953799997068
C:\Users\GED\PycharmProjects\Aixelo_Project_DataLab_2025\data\odac\pristine_CO2\XATZOK\XATZOK_w_CO2_1_relaxed.cif,-0.29101117499995627
C:\Users\GED\PycharmProjects\Aixelo_Project_DataLab_2025\data\odac\pristine_CO2\XATZUQ\XATZUQ_w_CO2_1_relaxed.cif,-0.4194637380005588
C:\Users\GED\PycharmProjects\Aixelo_Project_DataLab_2025\data\odac\pristine_CO2\XAVDEF_clean_h\XAVDEF_clean_h_w_CO2_1_relaxed.cif,-0.2579059659998165
C:\Users\GED\PycharmProjects\Aixelo_Project_DataLab_2025\data\odac\pristine_CO2\XAVQIU\XAVQIU_w_CO2_1_relaxed.cif,-0.33940398285720413
C:\Users\GED\PycharmProjects\Aixelo_Project_DataLab_2025\data\odac\pristine_CO2\XAVQIU01\XAVQIU01_w_CO2_1_relaxed.cif,0.09244323571424824
C:\Users\GED\PycharmProjects\Aixelo_Project_DataLab_2025\data\odac\pristine_CO2\XAWVUN\XAWVUN_w_CO2_1_relaxed.cif,0.016103442500025274
C:\Users\GED\PycharmProjects\Aixelo_Project_DataLab_2025\data\odac\pristine_CO2\XAYMUF_charged\XAYMUF_charged_w_CO2_1_relaxed.cif,-0.3140836585713486
C:\Users\GED\PycharmProjects\Aixelo_Project_DataLab_2025\data\odac\pristine_CO2\XAZFEJ\XAZFEJ_w_CO2_1_relaxed.cif,-0.5832210883333081
C:\Users\GED\PycharmProjects\Aixelo_Project_DataLab_2025\data\odac\pristine_CO2\XAZGAG_charged\XAZGAG_charged_w_CO2_1_relaxed.cif,-0.06895757499993731
C:\Users\GED\PycharmProjects\Aixelo_Project_DataLab_2025\data\odac\pristine_CO2\XEBHOC\XEBHOC_w_CO2_1_relaxed.cif,-0.1581787799999574
C:\Users\GED\PycharmProjects\Aixelo_Project_DataLab_2025\data\odac\pristine_CO2\XEDLUN\XEDLUN_w_CO2_random_1_relaxed.cif,-0.30924300999993193
C:\Users\GED\PycharmProjects\Aixelo_Project_DataLab_2025\data\odac\pristine_CO2\XEDLUN01\XEDLUN01_w_CO2_random_1_relaxed.cif,-0.3048030999999014
C:\Users\GED\PycharmProjects\Aixelo_Project_DataLab_2025\data\odac\pristine_CO2\XEDPIH\XEDPIH_w_CO2_1_relaxed.cif,-0.3378268342856602
C:\Users\GED\PycharmProjects\Aixelo_Project_DataLab_2025\data\odac\pristine_CO2\XEDPON\XEDPON_w_CO2_1_relaxed.cif,-0.4893182133334146
C:\Users\GED\PycharmProjects\Aixelo_Project_DataLab_2025\data\odac\pristine_CO2\XEFGAQ\XEFGAQ_w_CO2_1_relaxed.cif,-0.1626505471429027
C:\Users\GED\PycharmProjects\Aixelo_Project_DataLab_2025\data\odac\pristine_CO2\XEFKOI\XEFKOI_w_CO2_1_relaxed.cif,0.13056617374996898
C:\Users\GED\PycharmProjects\Aixelo_Project_DataLab_2025\data\odac\pristine_CO2\XEGJOK\XEGJOK_w_CO2_1_relaxed.cif,-0.3391257850000026
C:\Users\GED\PycharmProjects\Aixelo_Project_DataLab_2025\data\odac\pristine_CO2\XEGKIF\XEGKIF_w_CO2_1_relaxed.cif,-0.36400354500011645
C:\Users\GED\PycharmProjects\Aixelo_Project_DataLab_2025\data\odac\pristine_CO2\XEGKOL\XEGKOL_w_CO2_1_relaxed.cif,-0.5828251399999544
C:\Users\GED\PycharmProjects\Aixelo_Project_DataLab_2025\data\odac\pristine_CO2\XEGKUR\XEGKUR_w_CO2_1_relaxed.cif,1.0556027614286125
C:\Users\GED\PycharmProjects\Aixelo_Project_DataLab_2025\data\odac\pristine_CO2\XEHRUY\XEHRUY_w_CO2_1_relaxed.cif,-0.33408015999994706
C:\Users\GED\PycharmProjects\Aixelo_Project_DataLab_2025\data\odac\pristine_CO2\XEHSAF\XEHSAF_w_CO2_1_relaxed.cif,-0.3744084899999886
C:\Users\GED\PycharmProjects\Aixelo_Project_DataLab_2025\data\odac\pristine_CO2\XEHSEJ\XEHSEJ_w_CO2_1_relaxed.cif,-0.19325326333330392
C:\Users\GED\PycharmProjects\Aixelo_Project_DataLab_2025\data\odac\pristine_CO2\XEHSIN\XEHSIN_w_CO2_1_relaxed.cif,-0.3156929299999736
C:\Users\GED\PycharmProjects\Aixelo_Project_DataLab_2025\data\odac\pristine_CO2\XEHSOT\XEHSOT_w_CO2_1_relaxed.cif,-0.35458445833332536
C:\Users\GED\PycharmProjects\Aixelo_Project_DataLab_2025\data\odac\pristine_CO2\XEHSUZ\XEHSUZ_w_CO2_1_relaxed.cif,-0.2943622116666044
C:\Users\GED\PycharmProjects\Aixelo_Project_DataLab_2025\data\odac\pristine_CO2\XEJWUG\XEJWUG_w_CO2_1_relaxed.cif,-0.26228128125006833
C:\Users\GED\PycharmProjects\Aixelo_Project_DataLab_2025\data\odac\pristine_CO2\XEJXAN\XEJXAN_w_CO2_1_relaxed.cif,-0.23100250624997898
C:\Users\GED\PycharmProjects\Aixelo_Project_DataLab_2025\data\odac\pristine_CO2\XEJXER\XEJXER_w_CO2_1_relaxed.cif,-0.3198357257143535
C:\Users\GED\PycharmProjects\Aixelo_Project_DataLab_2025\data\odac\pristine_CO2\XEKCAT\XEKCAT_w_CO2_1_relaxed.cif,0.056177639999949236
C:\Users\GED\PycharmProjects\Aixelo_Project_DataLab_2025\data\odac\pristine_CO2\XEKCAT01\XEKCAT01_w_CO2_1_relaxed.cif,0.03864759666665423
C:\Users\GED\PycharmProjects\Aixelo_Project_DataLab_2025\data\odac\pristine_CO2\XEKDOI\XEKDOI_w_CO2_1_relaxed.cif,-0.04188359833335653
C:\Users\GED\PycharmProjects\Aixelo_Project_DataLab_2025\data\odac\pristine_CO2\XENCAU\XENCAU_w_CO2_1_relaxed.cif,-0.46177232999968965
C:\Users\GED\PycharmProjects\Aixelo_Project_DataLab_2025\data\odac\pristine_CO2\XENKIM\XENKIM_w_CO2_1_relaxed.cif,-0.12049509666674864
C:\Users\GED\PycharmProjects\Aixelo_Project_DataLab_2025\data\odac\pristine_CO2\XENMIO_SL\XENMIO_SL_w_CO2_1_relaxed.cif,-0.46341694249998966
C:\Users\GED\PycharmProjects\Aixelo_Project_DataLab_2025\data\odac\pristine_CO2\XEPBAX\XEPBAX_w_CO2_1_relaxed.cif,0.009270676666498437
C:\Users\GED\PycharmProjects\Aixelo_Project_DataLab_2025\data\odac\pristine_CO2\XEQGAC\XEQGAC_w_CO2_1_relaxed.cif,-0.3873602828571003
C:\Users\GED\PycharmProjects\Aixelo_Project_DataLab_2025\data\odac\pristine_CO2\XEQRAO\XEQRAO_w_CO2_1_relaxed.cif,-0.2761036683333676
C:\Users\GED\PycharmProjects\Aixelo_Project_DataLab_2025\data\odac\pristine_CO2\XESKAJ\XESKAJ_w_CO2_1_relaxed.cif,-0.2547107159999541
C:\Users\GED\PycharmProjects\Aixelo_Project_DataLab_2025\data\odac\pristine_CO2\XESKEN_SL\XESKEN_SL_w_CO2_1_relaxed.cif,-0.1974191460001293
C:\Users\GED\PycharmProjects\Aixelo_Project_DataLab_2025\data\odac\pristine_CO2\XESKIR_clean_h\XESKIR_clean_h_w_CO2_1_relaxed.cif,-0.0072105160000091924
C:\Users\GED\PycharmProjects\Aixelo_Project_DataLab_2025\data\odac\pristine_CO2\XESLAK\XESLAK_w_CO2_1_relaxed.cif,-0.25163966600011917
C:\Users\GED\PycharmProjects\Aixelo_Project_DataLab_2025\data\odac\pristine_CO2\XEVHEN\XEVHEN_w_CO2_1_relaxed.cif,0.25490069200000115
C:\Users\GED\PycharmProjects\Aixelo_Project_DataLab_2025\data\odac\pristine_CO2\XEWDUA\XEWDUA_w_CO2_1_relaxed.cif,-0.5597604880001199
C:\Users\GED\PycharmProjects\Aixelo_Project_DataLab_2025\data\odac\pristine_CO2\XEWFAI\XEWFAI_w_CO2_1_relaxed.cif,0.0018857366664708913
C:\Users\GED\PycharmProjects\Aixelo_Project_DataLab_2025\data\odac\pristine_CO2\XEXLAP\XEXLAP_w_CO2_1_relaxed.cif,-0.033015801666692816
C:\Users\GED\PycharmProjects\Aixelo_Project_DataLab_2025\data\odac\pristine_CO2\XEXLET\XEXLET_w_CO2_1_relaxed.cif,-0.15176576166682781
C:\Users\GED\PycharmProjects\Aixelo_Project_DataLab_2025\data\odac\pristine_CO2\XEXLIX\XEXLIX_w_CO2_1_relaxed.cif,0.16540292166659276
C:\Users\GED\PycharmProjects\Aixelo_Project_DataLab_2025\data\odac\pristine_CO2\XEXLOD\XEXLOD_w_CO2_1_relaxed.cif,-0.28546865428575074
C:\Users\GED\PycharmProjects\Aixelo_Project_DataLab_2025\data\odac\pristine_CO2\XEXLUJ\XEXLUJ_w_CO2_1_relaxed.cif,-0.03430283833351188
C:\Users\GED\PycharmProjects\Aixelo_Project_DataLab_2025\data\odac\pristine_CO2\XEXMAQ\XEXMAQ_w_CO2_1_relaxed.cif,-0.37617720666662535
C:\Users\GED\PycharmProjects\Aixelo_Project_DataLab_2025\data\odac\pristine_CO2\XEXMEU\XEXMEU_w_CO2_1_relaxed.cif,-0.46580169166683544
C:\Users\GED\PycharmProjects\Aixelo_Project_DataLab_2025\data\odac\pristine_CO2\XIBZUF\XIBZUF_w_CO2_1_relaxed.cif,-0.24975039833331414
C:\Users\GED\PycharmProjects\Aixelo_Project_DataLab_2025\data\odac\pristine_CO2\XICDUI_charged\XICDUI_charged_w_CO2_1_relaxed.cif,0.021247565714475027
C:\Users\GED\PycharmProjects\Aixelo_Project_DataLab_2025\data\odac\pristine_CO2\XICYEP_SL\XICYEP_SL_w_CO2_1_relaxed.cif,-0.25547987499999175
C:\Users\GED\PycharmProjects\Aixelo_Project_DataLab_2025\data\odac\pristine_CO2\XICYIT_SL\XICYIT_SL_w_CO2_1_relaxed.cif,-0.2930724216664657
C:\Users\GED\PycharmProjects\Aixelo_Project_DataLab_2025\data\odac\pristine_CO2\XIDBUJ\XIDBUJ_w_CO2_1_relaxed.cif,-0.2122691866666173
C:\Users\GED\PycharmProjects\Aixelo_Project_DataLab_2025\data\odac\pristine_CO2\XIFHIF\XIFHIF_w_CO2_1_relaxed.cif,-0.31739317599999595
C:\Users\GED\PycharmProjects\Aixelo_Project_DataLab_2025\data\odac\pristine_CO2\XIGFOJ_manual\XIGFOJ_manual_w_CO2_1_relaxed.cif,-0.04040449833299433
C:\Users\GED\PycharmProjects\Aixelo_Project_DataLab_2025\data\odac\pristine_CO2\XIGHAX\XIGHAX_w_CO2_1_relaxed.cif,-0.24397088800023994
C:\Users\GED\PycharmProjects\Aixelo_Project_DataLab_2025\data\odac\pristine_CO2\XIGHIF\XIGHIF_w_CO2_1_relaxed.cif,-0.2977373079996141
C:\Users\GED\PycharmProjects\Aixelo_Project_DataLab_2025\data\odac\pristine_CO2\XIGWUF\XIGWUF_w_CO2_1_relaxed.cif,-0.24960889999999836
C:\Users\GED\PycharmProjects\Aixelo_Project_DataLab_2025\data\odac\pristine_CO2\XIHRIQ\XIHRIQ_w_CO2_2_relaxed.cif,-0.3133446199999071
C:\Users\GED\PycharmProjects\Aixelo_Project_DataLab_2025\data\odac\pristine_CO2\XILDUT\XILDUT_w_CO2_1_relaxed.cif,0.79518736
C:\Users\GED\PycharmProjects\Aixelo_Project_DataLab_2025\data\odac\pristine_CO2\XILLIP\XILLIP_w_CO2_1_relaxed.cif,-0.35812413857131886
C:\Users\GED\PycharmProjects\Aixelo_Project_DataLab_2025\data\odac\pristine_CO2\XILSUI\XILSUI_w_CO2_1_relaxed.cif,0.08998845499998726
C:\Users\GED\PycharmProjects\Aixelo_Project_DataLab_2025\data\odac\pristine_CO2\XILTAP\XILTAP_w_CO2_1_relaxed.cif,-0.2843269200002017
C:\Users\GED\PycharmProjects\Aixelo_Project_DataLab_2025\data\odac\pristine_CO2\XILVIZ\XILVIZ_w_CO2_1_relaxed.cif,0.10878457666668351
C:\Users\GED\PycharmProjects\Aixelo_Project_DataLab_2025\data\odac\pristine_CO2\XINFUW\XINFUW_w_CO2_1_relaxed.cif,-0.5152685799999063
C:\Users\GED\PycharmProjects\Aixelo_Project_DataLab_2025\data\odac\pristine_CO2\XINHOT\XINHOT_w_CO2_1_relaxed.cif,-0.18778068857143024
C:\Users\GED\PycharmProjects\Aixelo_Project_DataLab_2025\data\odac\pristine_CO2\XINRAP\XINRAP_w_CO2_1_relaxed.cif,0.12690872599994232
C:\Users\GED\PycharmProjects\Aixelo_Project_DataLab_2025\data\odac\pristine_CO2\XINWUO\XINWUO_w_CO2_1_relaxed.cif,-0.4919510359999094
C:\Users\GED\PycharmProjects\Aixelo_Project_DataLab_2025\data\odac\pristine_CO2\XINZEB\XINZEB_w_CO2_1_relaxed.cif,-0.35115499499994485
C:\Users\GED\PycharmProjects\Aixelo_Project_DataLab_2025\data\odac\pristine_CO2\XISKUF\XISKUF_w_CO2_1_relaxed.cif,-0.48457234111113695
C:\Users\GED\PycharmProjects\Aixelo_Project_DataLab_2025\data\odac\pristine_CO2\XISPEW\XISPEW_w_CO2_1_relaxed.cif,-0.2510151114284684
C:\Users\GED\PycharmProjects\Aixelo_Project_DataLab_2025\data\odac\pristine_CO2\XISPEW01\XISPEW01_w_CO2_1_relaxed.cif,-0.19413337285707905
C:\Users\GED\PycharmProjects\Aixelo_Project_DataLab_2025\data\odac\pristine_CO2\XISPEW02\XISPEW02_w_CO2_1_relaxed.cif,-0.2880723042857198
C:\Users\GED\PycharmProjects\Aixelo_Project_DataLab_2025\data\odac\pristine_CO2\XISPUM\XISPUM_w_CO2_1_relaxed.cif,-0.21127525857135812
C:\Users\GED\PycharmProjects\Aixelo_Project_DataLab_2025\data\odac\pristine_CO2\XISPUM01\XISPUM01_w_CO2_1_relaxed.cif,-0.14941877142863236
C:\Users\GED\PycharmProjects\Aixelo_Project_DataLab_2025\data\odac\pristine_CO2\XISVUR\XISVUR_w_CO2_1_relaxed.cif,-0.4048595983335493
C:\Users\GED\PycharmProjects\Aixelo_Project_DataLab_2025\data\odac\pristine_CO2\XITYOP\XITYOP_w_CO2_1_relaxed.cif,-0.490814268332997
C:\Users\GED\PycharmProjects\Aixelo_Project_DataLab_2025\data\odac\pristine_CO2\XIVMEW\XIVMEW_w_CO2_1_relaxed.cif,-0.038888363749862265
C:\Users\GED\PycharmProjects\Aixelo_Project_DataLab_2025\data\odac\pristine_CO2\XIVMEW01\XIVMEW01_w_CO2_1_relaxed.cif,-0.25419340000007645
C:\Users\GED\PycharmProjects\Aixelo_Project_DataLab_2025\data\odac\pristine_CO2\XIWLAQ\XIWLAQ_w_CO2_1_relaxed.cif,-0.18805449833336255
C:\Users\GED\PycharmProjects\Aixelo_Project_DataLab_2025\data\odac\pristine_CO2\XIWYEH\XIWYEH_w_CO2_1_relaxed.cif,-0.40949264749986014
C:\Users\GED\PycharmProjects\Aixelo_Project_DataLab_2025\data\odac\pristine_CO2\XIYYEL\XIYYEL_w_CO2_1_relaxed.cif,2.6905434466667657
C:\Users\GED\PycharmProjects\Aixelo_Project_DataLab_2025\data\odac\pristine_CO2\XIZJEW\XIZJEW_w_CO2_1_relaxed.cif,-0.17073321142866654
C:\Users\GED\PycharmProjects\Aixelo_Project_DataLab_2025\data\odac\pristine_CO2\XOBXIW\XOBXIW_w_CO2_1_relaxed.cif,-0.3441242299999203
C:\Users\GED\PycharmProjects\Aixelo_Project_DataLab_2025\data\odac\pristine_CO2\XOCWET\XOCWET_w_CO2_random_1_relaxed.cif,-0.02599041499996695
C:\Users\GED\PycharmProjects\Aixelo_Project_DataLab_2025\data\odac\pristine_CO2\XOGXAU\XOGXAU_w_CO2_1_relaxed.cif,-0.14812192857146192
C:\Users\GED\PycharmProjects\Aixelo_Project_DataLab_2025\data\odac\pristine_CO2\XOHLEM\XOHLEM_w_CO2_1_relaxed.cif,-0.16126129166665723
C:\Users\GED\PycharmProjects\Aixelo_Project_DataLab_2025\data\odac\pristine_CO2\XOHTUJ\XOHTUJ_w_CO2_1_relaxed.cif,-0.2493489640001371
C:\Users\GED\PycharmProjects\Aixelo_Project_DataLab_2025\data\odac\pristine_CO2\XOJWEZ\XOJWEZ_w_CO2_1_relaxed.cif,-0.23077805375001498
C:\Users\GED\PycharmProjects\Aixelo_Project_DataLab_2025\data\odac\pristine_CO2\XOJWOJ\XOJWOJ_w_CO2_1_relaxed.cif,-0.7724672742857592
C:\Users\GED\PycharmProjects\Aixelo_Project_DataLab_2025\data\odac\pristine_CO2\XOMCUZ\XOMCUZ_w_CO2_1_relaxed.cif,-0.2818650050000618
C:\Users\GED\PycharmProjects\Aixelo_Project_DataLab_2025\data\odac\pristine_CO2\XOMGIQ\XOMGIQ_w_CO2_1_relaxed.cif,-0.7129997699998208
C:\Users\GED\PycharmProjects\Aixelo_Project_DataLab_2025\data\odac\pristine_CO2\XOMJOY\XOMJOY_w_CO2_2_relaxed.cif,-0.11226062199975781
C:\Users\GED\PycharmProjects\Aixelo_Project_DataLab_2025\data\odac\pristine_CO2\XOPJAO\XOPJAO_w_CO2_1_relaxed.cif,-0.3164461899999367
C:\Users\GED\PycharmProjects\Aixelo_Project_DataLab_2025\data\odac\pristine_CO2\XOPLOE\XOPLOE_w_CO2_1_relaxed.cif,-0.24103306833327068
C:\Users\GED\PycharmProjects\Aixelo_Project_DataLab_2025\data\odac\pristine_CO2\XOPMIA\XOPMIA_w_CO2_1_relaxed.cif,-0.07602056714296976
C:\Users\GED\PycharmProjects\Aixelo_Project_DataLab_2025\data\odac\pristine_CO2\XOQXIL\XOQXIL_w_CO2_1_relaxed.cif,-0.30894807833290844
C:\Users\GED\PycharmProjects\Aixelo_Project_DataLab_2025\data\odac\pristine_CO2\XORHET\XORHET_w_CO2_1_relaxed.cif,-0.5048188942854982
C:\Users\GED\PycharmProjects\Aixelo_Project_DataLab_2025\data\odac\pristine_CO2\XOSPOK\XOSPOK_w_CO2_1_relaxed.cif,0.01127368124996763
C:\Users\GED\PycharmProjects\Aixelo_Project_DataLab_2025\data\odac\pristine_CO2\XOTGUI\XOTGUI_w_CO2_1_relaxed.cif,0.3715591216666401
C:\Users\GED\PycharmProjects\Aixelo_Project_DataLab_2025\data\odac\pristine_CO2\XOTHAP\XOTHAP_w_CO2_1_relaxed.cif,-0.26955252399999946
C:\Users\GED\PycharmProjects\Aixelo_Project_DataLab_2025\data\odac\pristine_CO2\XOTSEG\XOTSEG_w_CO2_1_relaxed.cif,0.006992469999962283
C:\Users\GED\PycharmProjects\Aixelo_Project_DataLab_2025\data\odac\pristine_CO2\XOTXUB\XOTXUB_w_CO2_1_relaxed.cif,-0.7063568300000801
C:\Users\GED\PycharmProjects\Aixelo_Project_DataLab_2025\data\odac\pristine_CO2\XOVPIH\XOVPIH_w_CO2_1_relaxed.cif,-0.21566871999999646
C:\Users\GED\PycharmProjects\Aixelo_Project_DataLab_2025\data\odac\pristine_CO2\XOVPON\XOVPON_w_CO2_1_relaxed.cif,-0.06108421750003852
C:\Users\GED\PycharmProjects\Aixelo_Project_DataLab_2025\data\odac\pristine_CO2\XOVQIJ\XOVQIJ_w_CO2_1_relaxed.cif,-0.3214130128570624
C:\Users\GED\PycharmProjects\Aixelo_Project_DataLab_2025\data\odac\pristine_CO2\XOVVEK\XOVVEK_w_CO2_1_relaxed.cif,-0.3121244557142485
C:\Users\GED\PycharmProjects\Aixelo_Project_DataLab_2025\data\odac\pristine_CO2\XOVVOU\XOVVOU_w_CO2_1_relaxed.cif,-0.4538151757142259
C:\Users\GED\PycharmProjects\Aixelo_Project_DataLab_2025\data\odac\pristine_CO2\XUBGUY\XUBGUY_w_CO2_1_relaxed.cif,-0.21746947000005998
C:\Users\GED\PycharmProjects\Aixelo_Project_DataLab_2025\data\odac\pristine_CO2\XUDYEC\XUDYEC_w_CO2_1_relaxed.cif,-0.38560708333341154
C:\Users\GED\PycharmProjects\Aixelo_Project_DataLab_2025\data\odac\pristine_CO2\XUGROI\XUGROI_w_CO2_1_relaxed.cif,-0.04938982000013913
C:\Users\GED\PycharmProjects\Aixelo_Project_DataLab_2025\data\odac\pristine_CO2\XUGSEY\XUGSEY_w_CO2_1_relaxed.cif,-0.3058014916666328
C:\Users\GED\PycharmProjects\Aixelo_Project_DataLab_2025\data\odac\pristine_CO2\XUJPEY\XUJPEY_w_CO2_5_relaxed.cif,0.0372822499996345
C:\Users\GED\PycharmProjects\Aixelo_Project_DataLab_2025\data\odac\pristine_CO2\XUJPOI\XUJPOI_w_CO2_1_relaxed.cif,-0.3269325928572146
C:\Users\GED\PycharmProjects\Aixelo_Project_DataLab_2025\data\odac\pristine_CO2\XUJQAV\XUJQAV_w_CO2_1_relaxed.cif,-0.24369897142884964
C:\Users\GED\PycharmProjects\Aixelo_Project_DataLab_2025\data\odac\pristine_CO2\XUKHUI\XUKHUI_w_CO2_1_relaxed.cif,-0.4456190185715059
C:\Users\GED\PycharmProjects\Aixelo_Project_DataLab_2025\data\odac\pristine_CO2\XUKLAS\XUKLAS_w_CO2_1_relaxed.cif,-0.4086749585713472
C:\Users\GED\PycharmProjects\Aixelo_Project_DataLab_2025\data\odac\pristine_CO2\XUKNIC\XUKNIC_w_CO2_1_relaxed.cif,-0.3549382600001081
C:\Users\GED\PycharmProjects\Aixelo_Project_DataLab_2025\data\odac\pristine_CO2\XUKYEI_neutral\XUKYEI_neutral_w_CO2_1_relaxed.cif,-0.16416946750001668
C:\Users\GED\PycharmProjects\Aixelo_Project_DataLab_2025\data\odac\pristine_CO2\XULGUI\XULGUI_w_CO2_1_relaxed.cif,-0.19268813857138406
C:\Users\GED\PycharmProjects\Aixelo_Project_DataLab_2025\data\odac\pristine_CO2\XUMMOJ\XUMMOJ_w_CO2_1_relaxed.cif,0.24902399599982344
C:\Users\GED\PycharmProjects\Aixelo_Project_DataLab_2025\data\odac\pristine_CO2\XUMMUP\XUMMUP_w_CO2_1_relaxed.cif,-0.3527081260001978
C:\Users\GED\PycharmProjects\Aixelo_Project_DataLab_2025\data\odac\pristine_CO2\XUMNEA\XUMNEA_w_CO2_1_relaxed.cif,-0.2141766512501135
C:\Users\GED\PycharmProjects\Aixelo_Project_DataLab_2025\data\odac\pristine_CO2\XUMTUV\XUMTUV_w_CO2_1_relaxed.cif,-0.17817590600004674
C:\Users\GED\PycharmProjects\Aixelo_Project_DataLab_2025\data\odac\pristine_CO2\XUMVAD\XUMVAD_w_CO2_1_relaxed.cif,-0.47787023333323003
C:\Users\GED\PycharmProjects\Aixelo_Project_DataLab_2025\data\odac\pristine_CO2\XUNGOD\XUNGOD_w_CO2_1_relaxed.cif,-0.266664258750005
C:\Users\GED\PycharmProjects\Aixelo_Project_DataLab_2025\data\odac\pristine_CO2\XUNGUJ\XUNGUJ_w_CO2_1_relaxed.cif,-0.30746229125003305
C:\Users\GED\PycharmProjects\Aixelo_Project_DataLab_2025\data\odac\pristine_CO2\XUNHAQ\XUNHAQ_w_CO2_1_relaxed.cif,-0.306467296250041
C:\Users\GED\PycharmProjects\Aixelo_Project_DataLab_2025\data\odac\pristine_CO2\XUNSAC\XUNSAC_w_CO2_1_relaxed.cif,-0.19566554571424274
C:\Users\GED\PycharmProjects\Aixelo_Project_DataLab_2025\data\odac\pristine_CO2\XUNSEG\XUNSEG_w_CO2_1_relaxed.cif,-0.2877357700000047
C:\Users\GED\PycharmProjects\Aixelo_Project_DataLab_2025\data\odac\pristine_CO2\XUNSIK\XUNSIK_w_CO2_1_relaxed.cif,-0.3028736050000091
C:\Users\GED\PycharmProjects\Aixelo_Project_DataLab_2025\data\odac\pristine_CO2\XUNSOQ\XUNSOQ_w_CO2_1_relaxed.cif,-0.1945751914284983
C:\Users\GED\PycharmProjects\Aixelo_Project_DataLab_2025\data\odac\pristine_CO2\XUNTIL\XUNTIL_w_CO2_1_relaxed.cif,-0.3054085825000499
C:\Users\GED\PycharmProjects\Aixelo_Project_DataLab_2025\data\odac\pristine_CO2\XUPSAE\XUPSAE_w_CO2_1_relaxed.cif,-0.30609998571432173
C:\Users\GED\PycharmProjects\Aixelo_Project_DataLab_2025\data\odac\pristine_CO2\XUVHEB\XUVHEB_w_CO2_1_relaxed.cif,-0.3934372957140632
C:\Users\GED\PycharmProjects\Aixelo_Project_DataLab_2025\data\odac\pristine_CO2\XUWSUD\XUWSUD_w_CO2_1_relaxed.cif,-0.03887401875022075
C:\Users\GED\PycharmProjects\Aixelo_Project_DataLab_2025\data\odac\pristine_CO2\XUWTAK\XUWTAK_w_CO2_1_relaxed.cif,-0.3708567974999539
C:\Users\GED\PycharmProjects\Aixelo_Project_DataLab_2025\data\odac\pristine_CO2\XUYXAR\XUYXAR_w_CO2_1_relaxed.cif,-0.09797361857139153
C:\Users\GED\PycharmProjects\Aixelo_Project_DataLab_2025\data\odac\pristine_CO2\YABPAU\YABPAU_w_CO2_1_relaxed.cif,0.06347846857140994
C:\Users\GED\PycharmProjects\Aixelo_Project_DataLab_2025\data\odac\pristine_CO2\YAGJOI\YAGJOI_w_CO2_1_relaxed.cif,-0.254155209999973
C:\Users\GED\PycharmProjects\Aixelo_Project_DataLab_2025\data\odac\pristine_CO2\YAHPED\YAHPED_w_CO2_2_relaxed.cif,-0.29804241249991037
C:\Users\GED\PycharmProjects\Aixelo_Project_DataLab_2025\data\odac\pristine_CO2\YANBAR\YANBAR_w_CO2_1_relaxed.cif,-0.041249451666715196
C:\Users\GED\PycharmProjects\Aixelo_Project_DataLab_2025\data\odac\pristine_CO2\YANBAR01\YANBAR01_w_CO2_1_relaxed.cif,-0.44655628666653985
C:\Users\GED\PycharmProjects\Aixelo_Project_DataLab_2025\data\odac\pristine_CO2\YANBAR02\YANBAR02_w_CO2_1_relaxed.cif,-0.34680241666666234
C:\Users\GED\PycharmProjects\Aixelo_Project_DataLab_2025\data\odac\pristine_CO2\YANBAR03\YANBAR03_w_CO2_1_relaxed.cif,-0.2439691016666832
C:\Users\GED\PycharmProjects\Aixelo_Project_DataLab_2025\data\odac\pristine_CO2\YAPRUE_charged\YAPRUE_charged_w_CO2_3_relaxed.cif,-0.19493645000045484
C:\Users\GED\PycharmProjects\Aixelo_Project_DataLab_2025\data\odac\pristine_CO2\YAPXIX\YAPXIX_w_CO2_1_relaxed.cif,-0.2934832862500513
C:\Users\GED\PycharmProjects\Aixelo_Project_DataLab_2025\data\odac\pristine_CO2\YAQKEI\YAQKEI_w_CO2_1_relaxed.cif,-0.4197139557141684
C:\Users\GED\PycharmProjects\Aixelo_Project_DataLab_2025\data\odac\pristine_CO2\YARDEC\YARDEC_w_CO2_1_relaxed.cif,-0.32701238999998494
C:\Users\GED\PycharmProjects\Aixelo_Project_DataLab_2025\data\odac\pristine_CO2\YARDIG\YARDIG_w_CO2_1_relaxed.cif,-0.38279582000001255
C:\Users\GED\PycharmProjects\Aixelo_Project_DataLab_2025\data\odac\pristine_CO2\YARKAF\YARKAF_w_CO2_1_relaxed.cif,0.8644241842857484
C:\Users\GED\PycharmProjects\Aixelo_Project_DataLab_2025\data\odac\pristine_CO2\YARKEJ\YARKEJ_w_CO2_1_relaxed.cif,-0.28929999500010695
C:\Users\GED\PycharmProjects\Aixelo_Project_DataLab_2025\data\odac\pristine_CO2\YARKOT\YARKOT_w_CO2_1_relaxed.cif,0.08374913285724357
C:\Users\GED\PycharmProjects\Aixelo_Project_DataLab_2025\data\odac\pristine_CO2\YARSAN\YARSAN_w_CO2_1_relaxed.cif,-0.4050278900001883
C:\Users\GED\PycharmProjects\Aixelo_Project_DataLab_2025\data\odac\pristine_CO2\YARSIV\YARSIV_w_CO2_1_relaxed.cif,-0.44191523499992513
C:\Users\GED\PycharmProjects\Aixelo_Project_DataLab_2025\data\odac\pristine_CO2\YARYEV\YARYEV_w_CO2_1_relaxed.cif,-0.25739740333332856
C:\Users\GED\PycharmProjects\Aixelo_Project_DataLab_2025\data\odac\pristine_CO2\YARYIZ\YARYIZ_w_CO2_1_relaxed.cif,-0.3395527233333648
C:\Users\GED\PycharmProjects\Aixelo_Project_DataLab_2025\data\odac\pristine_CO2\YARYOF\YARYOF_w_CO2_1_relaxed.cif,-0.29608420750003
C:\Users\GED\PycharmProjects\Aixelo_Project_DataLab_2025\data\odac\pristine_CO2\YARYUL\YARYUL_w_CO2_1_relaxed.cif,-0.27582459333334924
C:\Users\GED\PycharmProjects\Aixelo_Project_DataLab_2025\data\odac\pristine_CO2\YARZEZ02\YARZEZ02_w_CO2_1_relaxed.cif,-0.07751001999990116
C:\Users\GED\PycharmProjects\Aixelo_Project_DataLab_2025\data\odac\pristine_CO2\YARZEZ03\YARZEZ03_w_CO2_1_relaxed.cif,-0.18829074666670445
C:\Users\GED\PycharmProjects\Aixelo_Project_DataLab_2025\data\odac\pristine_CO2\YASLUA\YASLUA_w_CO2_1_relaxed.cif,-0.4589837360000161
C:\Users\GED\PycharmProjects\Aixelo_Project_DataLab_2025\data\odac\pristine_CO2\YATDUV\YATDUV_w_CO2_1_relaxed.cif,-0.2093437920001179
C:\Users\GED\PycharmProjects\Aixelo_Project_DataLab_2025\data\odac\pristine_CO2\YATTUK\YATTUK_w_CO2_1_relaxed.cif,-0.23388865999991135
C:\Users\GED\PycharmProjects\Aixelo_Project_DataLab_2025\data\odac\pristine_CO2\YAVSOG\YAVSOG_w_CO2_1_relaxed.cif,-0.33711138833348286
C:\Users\GED\PycharmProjects\Aixelo_Project_DataLab_2025\data\odac\pristine_CO2\YAVTUN\YAVTUN_w_CO2_1_relaxed.cif,-0.1703217216666341
C:\Users\GED\PycharmProjects\Aixelo_Project_DataLab_2025\data\odac\pristine_CO2\YAVVAV\YAVVAV_w_CO2_random_1_relaxed.cif,-1.222694059999867
C:\Users\GED\PycharmProjects\Aixelo_Project_DataLab_2025\data\odac\pristine_CO2\YAVVID\YAVVID_w_CO2_1_relaxed.cif,-0.4674252442856803
C:\Users\GED\PycharmProjects\Aixelo_Project_DataLab_2025\data\odac\pristine_CO2\YAVVOJ\YAVVOJ_w_CO2_1_relaxed.cif,0.0710783250000872
C:\Users\GED\PycharmProjects\Aixelo_Project_DataLab_2025\data\odac\pristine_CO2\YAVVUP\YAVVUP_w_CO2_1_relaxed.cif,0.1594144042856149
C:\Users\GED\PycharmProjects\Aixelo_Project_DataLab_2025\data\odac\pristine_CO2\YAVZAX\YAVZAX_w_CO2_1_relaxed.cif,-0.2759322883333747
C:\Users\GED\PycharmProjects\Aixelo_Project_DataLab_2025\data\odac\pristine_CO2\YAWFEI_charged\YAWFEI_charged_w_CO2_1_relaxed.cif,-0.1872152183332976
C:\Users\GED\PycharmProjects\Aixelo_Project_DataLab_2025\data\odac\pristine_CO2\YAWFOS\YAWFOS_w_CO2_1_relaxed.cif,0.32938838750015975
C:\Users\GED\PycharmProjects\Aixelo_Project_DataLab_2025\data\odac\pristine_CO2\YAYLER\YAYLER_w_CO2_1_relaxed.cif,-0.12461195666666448
C:\Users\GED\PycharmProjects\Aixelo_Project_DataLab_2025\data\odac\pristine_CO2\YAYRAT\YAYRAT_w_CO2_1_relaxed.cif,-0.6092666199998348
C:\Users\GED\PycharmProjects\Aixelo_Project_DataLab_2025\data\odac\pristine_CO2\YAZWOM\YAZWOM_w_CO2_1_relaxed.cif,-0.17449899000000638
C:\Users\GED\PycharmProjects\Aixelo_Project_DataLab_2025\data\odac\pristine_CO2\YEBLAT\YEBLAT_w_CO2_1_relaxed.cif,-0.051030222000031225
C:\Users\GED\PycharmProjects\Aixelo_Project_DataLab_2025\data\odac\pristine_CO2\YEDLAV\YEDLAV_w_CO2_1_relaxed.cif,-0.3070325457142157
C:\Users\GED\PycharmProjects\Aixelo_Project_DataLab_2025\data\odac\pristine_CO2\YEFNEC\YEFNEC_w_CO2_1_relaxed.cif,-0.18561020499996062
C:\Users\GED\PycharmProjects\Aixelo_Project_DataLab_2025\data\odac\pristine_CO2\YEFNIG\YEFNIG_w_CO2_1_relaxed.cif,-0.20954819999996246
C:\Users\GED\PycharmProjects\Aixelo_Project_DataLab_2025\data\odac\pristine_CO2\YEFNOM\YEFNOM_w_CO2_1_relaxed.cif,-0.20333972333332892
C:\Users\GED\PycharmProjects\Aixelo_Project_DataLab_2025\data\odac\pristine_CO2\YEFPAA\YEFPAA_w_CO2_1_relaxed.cif,-0.2074407399999813
C:\Users\GED\PycharmProjects\Aixelo_Project_DataLab_2025\data\odac\pristine_CO2\YEFPEE\YEFPEE_w_CO2_1_relaxed.cif,-0.2368400199999977
C:\Users\GED\PycharmProjects\Aixelo_Project_DataLab_2025\data\odac\pristine_CO2\YEGCUJ\YEGCUJ_w_CO2_1_relaxed.cif,-0.0233790942857987
C:\Users\GED\PycharmProjects\Aixelo_Project_DataLab_2025\data\odac\pristine_CO2\YEGHEZ\YEGHEZ_w_CO2_1_relaxed.cif,4.692337250000151
C:\Users\GED\PycharmProjects\Aixelo_Project_DataLab_2025\data\odac\pristine_CO2\YEGKOM\YEGKOM_w_CO2_1_relaxed.cif,-0.33786526666665395
C:\Users\GED\PycharmProjects\Aixelo_Project_DataLab_2025\data\odac\pristine_CO2\YEKXET\YEKXET_w_CO2_1_relaxed.cif,-0.2817475249999764
C:\Users\GED\PycharmProjects\Aixelo_Project_DataLab_2025\data\odac\pristine_CO2\YEKXOD\YEKXOD_w_CO2_1_relaxed.cif,-0.13277531200019438
C:\Users\GED\PycharmProjects\Aixelo_Project_DataLab_2025\data\odac\pristine_CO2\YEKXUJ\YEKXUJ_w_CO2_1_relaxed.cif,-0.2050767483333402
C:\Users\GED\PycharmProjects\Aixelo_Project_DataLab_2025\data\odac\pristine_CO2\YELYOE\YELYOE_w_CO2_1_relaxed.cif,-0.3434438237501069
C:\Users\GED\PycharmProjects\Aixelo_Project_DataLab_2025\data\odac\pristine_CO2\YEMFOM\YEMFOM_w_CO2_1_relaxed.cif,-0.31616382833340134
C:\Users\GED\PycharmProjects\Aixelo_Project_DataLab_2025\data\odac\pristine_CO2\YEMJAC\YEMJAC_w_CO2_1_relaxed.cif,-0.19032825666660827
C:\Users\GED\PycharmProjects\Aixelo_Project_DataLab_2025\data\odac\pristine_CO2\YEMLUY_charged\YEMLUY_charged_w_CO2_1_relaxed.cif,-0.3657955420001144
C:\Users\GED\PycharmProjects\Aixelo_Project_DataLab_2025\data\odac\pristine_CO2\YEYCUC_SL\YEYCUC_SL_w_CO2_1_relaxed.cif,-0.2755780333330525
C:\Users\GED\PycharmProjects\Aixelo_Project_DataLab_2025\data\odac\pristine_CO2\YEYLUJ\YEYLUJ_w_CO2_1_relaxed.cif,-0.36780323499942824
C:\Users\GED\PycharmProjects\Aixelo_Project_DataLab_2025\data\odac\pristine_CO2\YEZFIU\YEZFIU_w_CO2_1_relaxed.cif,-0.3352525939999168
C:\Users\GED\PycharmProjects\Aixelo_Project_DataLab_2025\data\odac\pristine_CO2\YEZKEV\YEZKEV_w_CO2_1_relaxed.cif,-0.2751763483332373
C:\Users\GED\PycharmProjects\Aixelo_Project_DataLab_2025\data\odac\pristine_CO2\YIBMUT\YIBMUT_w_CO2_1_relaxed.cif,-0.030228718888894113
C:\Users\GED\PycharmProjects\Aixelo_Project_DataLab_2025\data\odac\pristine_CO2\YICDAR\YICDAR_w_CO2_1_relaxed.cif,0.42050853999967336
C:\Users\GED\PycharmProjects\Aixelo_Project_DataLab_2025\data\odac\pristine_CO2\YIDSOT\YIDSOT_w_CO2_1_relaxed.cif,-0.29550409333345823
C:\Users\GED\PycharmProjects\Aixelo_Project_DataLab_2025\data\odac\pristine_CO2\YILJAG\YILJAG_w_CO2_1_relaxed.cif,-0.3920448516666397
C:\Users\GED\PycharmProjects\Aixelo_Project_DataLab_2025\data\odac\pristine_CO2\YILJUA\YILJUA_w_CO2_1_relaxed.cif,-0.35392808666684533
C:\Users\GED\PycharmProjects\Aixelo_Project_DataLab_2025\data\odac\pristine_CO2\YILKAH\YILKAH_w_CO2_1_relaxed.cif,-0.3628158316664288
C:\Users\GED\PycharmProjects\Aixelo_Project_DataLab_2025\data\odac\pristine_CO2\YINCEF\YINCEF_w_CO2_1_relaxed.cif,-0.33232102428590743
C:\Users\GED\PycharmProjects\Aixelo_Project_DataLab_2025\data\odac\pristine_CO2\YINCIJ\YINCIJ_w_CO2_1_relaxed.cif,0.1865209516664663
C:\Users\GED\PycharmProjects\Aixelo_Project_DataLab_2025\data\odac\pristine_CO2\YINCOP\YINCOP_w_CO2_1_relaxed.cif,-0.3460543700001445
C:\Users\GED\PycharmProjects\Aixelo_Project_DataLab_2025\data\odac\pristine_CO2\YINCUV\YINCUV_w_CO2_1_relaxed.cif,-0.4325595242856772
C:\Users\GED\PycharmProjects\Aixelo_Project_DataLab_2025\data\odac\pristine_CO2\YINXIE\YINXIE_w_CO2_1_relaxed.cif,-0.18882654333335344
C:\Users\GED\PycharmProjects\Aixelo_Project_DataLab_2025\data\odac\pristine_CO2\YIPDOR\YIPDOR_w_CO2_1_relaxed.cif,-0.06051073142852403
C:\Users\GED\PycharmProjects\Aixelo_Project_DataLab_2025\data\odac\pristine_CO2\YISFEL\YISFEL_w_CO2_1_relaxed.cif,-0.11666039714290426
C:\Users\GED\PycharmProjects\Aixelo_Project_DataLab_2025\data\odac\pristine_CO2\YIVNIC\YIVNIC_w_CO2_1_relaxed.cif,0.029289543332993134
C:\Users\GED\PycharmProjects\Aixelo_Project_DataLab_2025\data\odac\pristine_CO2\YIWBEN\YIWBEN_w_CO2_1_relaxed.cif,-0.37181252000021103
C:\Users\GED\PycharmProjects\Aixelo_Project_DataLab_2025\data\odac\pristine_CO2\YIWBIR\YIWBIR_w_CO2_1_relaxed.cif,10.2843035728571
C:\Users\GED\PycharmProjects\Aixelo_Project_DataLab_2025\data\odac\pristine_CO2\YIWLEV\YIWLEV_w_CO2_1_relaxed.cif,4.270042313333325
C:\Users\GED\PycharmProjects\Aixelo_Project_DataLab_2025\data\odac\pristine_CO2\YIWLIZ\YIWLIZ_w_CO2_1_relaxed.cif,-0.2145416200000151
C:\Users\GED\PycharmProjects\Aixelo_Project_DataLab_2025\data\odac\pristine_CO2\YIWLUL\YIWLUL_w_CO2_1_relaxed.cif,9.811537389999998
C:\Users\GED\PycharmProjects\Aixelo_Project_DataLab_2025\data\odac\pristine_CO2\YIWMEW\YIWMEW_w_CO2_1_relaxed.cif,-0.2736994075000183
C:\Users\GED\PycharmProjects\Aixelo_Project_DataLab_2025\data\odac\pristine_CO2\YIWMOG\YIWMOG_w_CO2_1_relaxed.cif,4.811509519999973
C:\Users\GED\PycharmProjects\Aixelo_Project_DataLab_2025\data\odac\pristine_CO2\YIWMUM\YIWMUM_w_CO2_1_relaxed.cif,4.796469674999884
C:\Users\GED\PycharmProjects\Aixelo_Project_DataLab_2025\data\odac\pristine_CO2\YIWNAT\YIWNAT_w_CO2_1_relaxed.cif,11.223197207499993
C:\Users\GED\PycharmProjects\Aixelo_Project_DataLab_2025\data\odac\pristine_CO2\YIWNEX\YIWNEX_w_CO2_1_relaxed.cif,-0.533770373333482
C:\Users\GED\PycharmProjects\Aixelo_Project_DataLab_2025\data\odac\pristine_CO2\YIWNIB\YIWNIB_w_CO2_1_relaxed.cif,-0.159137245000025
C:\Users\GED\PycharmProjects\Aixelo_Project_DataLab_2025\data\odac\pristine_CO2\YIWNOH\YIWNOH_w_CO2_1_relaxed.cif,-0.20170925666668416
C:\Users\GED\PycharmProjects\Aixelo_Project_DataLab_2025\data\odac\pristine_CO2\YIWNUN\YIWNUN_w_CO2_1_relaxed.cif,4.065378002500012
C:\Users\GED\PycharmProjects\Aixelo_Project_DataLab_2025\data\odac\pristine_CO2\YIWPAV\YIWPAV_w_CO2_1_relaxed.cif,-0.19118175000000784
C:\Users\GED\PycharmProjects\Aixelo_Project_DataLab_2025\data\odac\pristine_CO2\YIWPEZ_SL_part\YIWPEZ_SL_part_w_CO2_1_relaxed.cif,-0.16498047999995902
C:\Users\GED\PycharmProjects\Aixelo_Project_DataLab_2025\data\odac\pristine_CO2\YIWPID\YIWPID_w_CO2_1_relaxed.cif,-0.08577277000000547
C:\Users\GED\PycharmProjects\Aixelo_Project_DataLab_2025\data\odac\pristine_CO2\YIXFIW\YIXFIW_w_CO2_1_relaxed.cif,2.102287233333262
C:\Users\GED\PycharmProjects\Aixelo_Project_DataLab_2025\data\odac\pristine_CO2\YIXYUB\YIXYUB_w_CO2_1_relaxed.cif,-0.3415721650001539
C:\Users\GED\PycharmProjects\Aixelo_Project_DataLab_2025\data\odac\pristine_CO2\YIXZEM\YIXZEM_w_CO2_1_relaxed.cif,0.36979651166666366
C:\Users\GED\PycharmProjects\Aixelo_Project_DataLab_2025\data\odac\pristine_CO2\YIYHAQ\YIYHAQ_w_CO2_1_relaxed.cif,0.23048725666664416
C:\Users\GED\PycharmProjects\Aixelo_Project_DataLab_2025\data\odac\pristine_CO2\YIZGEV\YIZGEV_w_CO2_1_relaxed.cif,-0.6192001655557406
C:\Users\GED\PycharmProjects\Aixelo_Project_DataLab_2025\data\odac\pristine_CO2\YIZGIZ\YIZGIZ_w_CO2_1_relaxed.cif,-0.32706955444445557
C:\Users\GED\PycharmProjects\Aixelo_Project_DataLab_2025\data\odac\pristine_CO2\YIZGOF\YIZGOF_w_CO2_1_relaxed.cif,-0.3459364775000324
C:\Users\GED\PycharmProjects\Aixelo_Project_DataLab_2025\data\odac\pristine_CO2\YIZWIN\YIZWIN_w_CO2_1_relaxed.cif,-0.1861494033333504
C:\Users\GED\PycharmProjects\Aixelo_Project_DataLab_2025\data\odac\pristine_CO2\YOCLEJ\YOCLEJ_w_CO2_1_relaxed.cif,-0.06036806666664537
C:\Users\GED\PycharmProjects\Aixelo_Project_DataLab_2025\data\odac\pristine_CO2\YOCLIN\YOCLIN_w_CO2_1_relaxed.cif,0.018243278333329734
C:\Users\GED\PycharmProjects\Aixelo_Project_DataLab_2025\data\odac\pristine_CO2\YOCNAH\YOCNAH_w_CO2_1_relaxed.cif,-0.33421627428567385
C:\Users\GED\PycharmProjects\Aixelo_Project_DataLab_2025\data\odac\pristine_CO2\YOCSEQ\YOCSEQ_w_CO2_1_relaxed.cif,-0.28898919000002765
C:\Users\GED\PycharmProjects\Aixelo_Project_DataLab_2025\data\odac\pristine_CO2\YOFGOR\YOFGOR_w_CO2_1_relaxed.cif,-0.09619541571427294
C:\Users\GED\PycharmProjects\Aixelo_Project_DataLab_2025\data\odac\pristine_CO2\YOGKOW\YOGKOW_w_CO2_1_relaxed.cif,-0.49469398499976097
C:\Users\GED\PycharmProjects\Aixelo_Project_DataLab_2025\data\odac\pristine_CO2\YOGVEX\YOGVEX_w_CO2_1_relaxed.cif,-0.38201290571423996
C:\Users\GED\PycharmProjects\Aixelo_Project_DataLab_2025\data\odac\pristine_CO2\YOKKIU\YOKKIU_w_CO2_1_relaxed.cif,0.19095955285755342
C:\Users\GED\PycharmProjects\Aixelo_Project_DataLab_2025\data\odac\pristine_CO2\YOLGUB\YOLGUB_w_CO2_1_relaxed.cif,-0.2798165299999482
C:\Users\GED\PycharmProjects\Aixelo_Project_DataLab_2025\data\odac\pristine_CO2\YOMBAE_charged\YOMBAE_charged_w_CO2_1_relaxed.cif,-0.3042678316664554
C:\Users\GED\PycharmProjects\Aixelo_Project_DataLab_2025\data\odac\pristine_CO2\YOMVIG\YOMVIG_w_CO2_1_relaxed.cif,-0.2552704687500977
C:\Users\GED\PycharmProjects\Aixelo_Project_DataLab_2025\data\odac\pristine_CO2\YOMVIG01\YOMVIG01_w_CO2_1_relaxed.cif,-0.2885960600001738
C:\Users\GED\PycharmProjects\Aixelo_Project_DataLab_2025\data\odac\pristine_CO2\YOMZIL\YOMZIL_w_CO2_1_relaxed.cif,-0.14220325333318817
C:\Users\GED\PycharmProjects\Aixelo_Project_DataLab_2025\data\odac\pristine_CO2\YONNUL\YONNUL_w_CO2_1_relaxed.cif,-0.3474179471428604
C:\Users\GED\PycharmProjects\Aixelo_Project_DataLab_2025\data\odac\pristine_CO2\YOPPAW\YOPPAW_w_CO2_1_relaxed.cif,-0.15087874571421314
C:\Users\GED\PycharmProjects\Aixelo_Project_DataLab_2025\data\odac\pristine_CO2\YORGOD\YORGOD_w_CO2_1_relaxed.cif,-0.31562181000000084
C:\Users\GED\PycharmProjects\Aixelo_Project_DataLab_2025\data\odac\pristine_CO2\YORNIE\YORNIE_w_CO2_1_relaxed.cif,0.036301458333298314
C:\Users\GED\PycharmProjects\Aixelo_Project_DataLab_2025\data\odac\pristine_CO2\YOYBUL\YOYBUL_w_CO2_1_relaxed.cif,-0.3168947985713787
C:\Users\GED\PycharmProjects\Aixelo_Project_DataLab_2025\data\odac\pristine_CO2\YOYNUX\YOYNUX_w_CO2_1_relaxed.cif,-0.42254061000024495
C:\Users\GED\PycharmProjects\Aixelo_Project_DataLab_2025\data\odac\pristine_CO2\YOYPAF\YOYPAF_w_CO2_1_relaxed.cif,-0.35681962500018466
C:\Users\GED\PycharmProjects\Aixelo_Project_DataLab_2025\data\odac\pristine_CO2\YOYPEJ\YOYPEJ_w_CO2_4_relaxed.cif,-0.3285135220001393
C:\Users\GED\PycharmProjects\Aixelo_Project_DataLab_2025\data\odac\pristine_CO2\YOYQAG\YOYQAG_w_CO2_random_1_relaxed.cif,-0.372425979999889
C:\Users\GED\PycharmProjects\Aixelo_Project_DataLab_2025\data\odac\pristine_CO2\YOYQIO\YOYQIO_w_CO2_1_relaxed.cif,-0.30149297499982214
C:\Users\GED\PycharmProjects\Aixelo_Project_DataLab_2025\data\odac\pristine_CO2\YOYQUA\YOYQUA_w_CO2_1_relaxed.cif,-0.11739394625016075
C:\Users\GED\PycharmProjects\Aixelo_Project_DataLab_2025\data\odac\pristine_CO2\YOYRAH\YOYRAH_w_CO2_1_relaxed.cif,-0.31603617625020775
C:\Users\GED\PycharmProjects\Aixelo_Project_DataLab_2025\data\odac\pristine_CO2\YOYREL\YOYREL_w_CO2_1_relaxed.cif,0.12109377624989293
C:\Users\GED\PycharmProjects\Aixelo_Project_DataLab_2025\data\odac\pristine_CO2\YOYRIP\YOYRIP_w_CO2_1_relaxed.cif,-0.2317817887499984
C:\Users\GED\PycharmProjects\Aixelo_Project_DataLab_2025\data\odac\pristine_CO2\YOYTOX\YOYTOX_w_CO2_1_relaxed.cif,-0.37273191166665737
C:\Users\GED\PycharmProjects\Aixelo_Project_DataLab_2025\data\odac\pristine_CO2\YOYVOZ\YOYVOZ_w_CO2_1_relaxed.cif,0.4464808916671548
C:\Users\GED\PycharmProjects\Aixelo_Project_DataLab_2025\data\odac\pristine_CO2\YOYVOZ01\YOYVOZ01_w_CO2_1_relaxed.cif,-0.3562771766664052
C:\Users\GED\PycharmProjects\Aixelo_Project_DataLab_2025\data\odac\pristine_CO2\YOYWEQ\YOYWEQ_w_CO2_1_relaxed.cif,0.7540920016668528
C:\Users\GED\PycharmProjects\Aixelo_Project_DataLab_2025\data\odac\pristine_CO2\YOYWEQ01\YOYWEQ01_w_CO2_1_relaxed.cif,-0.32814049499984316
C:\Users\GED\PycharmProjects\Aixelo_Project_DataLab_2025\data\odac\pristine_CO2\YOZJEE\YOZJEE_w_CO2_1_relaxed.cif,0.2905520466670168
C:\Users\GED\PycharmProjects\Aixelo_Project_DataLab_2025\data\odac\pristine_CO2\YOZJEE01\YOZJEE01_w_CO2_1_relaxed.cif,-0.3988313149999006
C:\Users\GED\PycharmProjects\Aixelo_Project_DataLab_2025\data\odac\pristine_CO2\YOZKOP\YOZKOP_w_CO2_1_relaxed.cif,-0.2546181066665364
C:\Users\GED\PycharmProjects\Aixelo_Project_DataLab_2025\data\odac\pristine_CO2\YOZQEK\YOZQEK_w_CO2_1_relaxed.cif,-0.16067441399986818
C:\Users\GED\PycharmProjects\Aixelo_Project_DataLab_2025\data\odac\pristine_CO2\YOZYOD\YOZYOD_w_CO2_1_relaxed.cif,-0.041930290000057796
C:\Users\GED\PycharmProjects\Aixelo_Project_DataLab_2025\data\odac\pristine_CO2\YUBFOR\YUBFOR_w_CO2_1_relaxed.cif,0.10583590999992794
C:\Users\GED\PycharmProjects\Aixelo_Project_DataLab_2025\data\odac\pristine_CO2\YUBGIN\YUBGIN_w_CO2_1_relaxed.cif,0.18831893333329686
C:\Users\GED\PycharmProjects\Aixelo_Project_DataLab_2025\data\odac\pristine_CO2\YUBHAG\YUBHAG_w_CO2_1_relaxed.cif,1.2894629616667241
C:\Users\GED\PycharmProjects\Aixelo_Project_DataLab_2025\data\odac\pristine_CO2\YUCZOM\YUCZOM_w_CO2_random_1_relaxed.cif,-0.0720242100000234
C:\Users\GED\PycharmProjects\Aixelo_Project_DataLab_2025\data\odac\pristine_CO2\YUFLOC\YUFLOC_w_CO2_1_relaxed.cif,-0.46550984375002
C:\Users\GED\PycharmProjects\Aixelo_Project_DataLab_2025\data\odac\pristine_CO2\YUGLES\YUGLES_w_CO2_1_relaxed.cif,-0.3811849683334003
C:\Users\GED\PycharmProjects\Aixelo_Project_DataLab_2025\data\odac\pristine_CO2\YUGZIK\YUGZIK_w_CO2_1_relaxed.cif,-0.23078391600010942
C:\Users\GED\PycharmProjects\Aixelo_Project_DataLab_2025\data\odac\pristine_CO2\YUHHIU\YUHHIU_w_CO2_1_relaxed.cif,-0.2986354539999183
C:\Users\GED\PycharmProjects\Aixelo_Project_DataLab_2025\data\odac\pristine_CO2\YUJCOX\YUJCOX_w_CO2_1_relaxed.cif,-0.22034553333327267
C:\Users\GED\PycharmProjects\Aixelo_Project_DataLab_2025\data\odac\pristine_CO2\YUJNOH\YUJNOH_w_CO2_1_relaxed.cif,-0.35814337624996995
C:\Users\GED\PycharmProjects\Aixelo_Project_DataLab_2025\data\odac\pristine_CO2\YUKCAJ\YUKCAJ_w_CO2_1_relaxed.cif,-0.030659136666618698
C:\Users\GED\PycharmProjects\Aixelo_Project_DataLab_2025\data\odac\pristine_CO2\YUKKAR\YUKKAR_w_CO2_1_relaxed.cif,-0.20675159333335577
C:\Users\GED\PycharmProjects\Aixelo_Project_DataLab_2025\data\odac\pristine_CO2\YULNOK\YULNOK_w_CO2_1_relaxed.cif,-0.6208527099999108
C:\Users\GED\PycharmProjects\Aixelo_Project_DataLab_2025\data\odac\pristine_CO2\YUMKAU\YUMKAU_w_CO2_1_relaxed.cif,2.2165314380000383
C:\Users\GED\PycharmProjects\Aixelo_Project_DataLab_2025\data\odac\pristine_CO2\YUMYUC\YUMYUC_w_CO2_1_relaxed.cif,-0.3344921500000396
C:\Users\GED\PycharmProjects\Aixelo_Project_DataLab_2025\data\odac\pristine_CO2\YUNJUO\YUNJUO_w_CO2_1_relaxed.cif,-0.4326110177777751
C:\Users\GED\PycharmProjects\Aixelo_Project_DataLab_2025\data\odac\pristine_CO2\YUNKAV\YUNKAV_w_CO2_1_relaxed.cif,-0.2644225411111418
C:\Users\GED\PycharmProjects\Aixelo_Project_DataLab_2025\data\odac\pristine_CO2\YUQNAB\YUQNAB_w_CO2_1_relaxed.cif,-0.43455001500007023
C:\Users\GED\PycharmProjects\Aixelo_Project_DataLab_2025\data\odac\pristine_CO2\YURJUR\YURJUR_w_CO2_1_relaxed.cif,-0.016867180000038683
C:\Users\GED\PycharmProjects\Aixelo_Project_DataLab_2025\data\odac\pristine_CO2\YURKEC\YURKEC_w_CO2_1_relaxed.cif,-0.36898168428544004
C:\Users\GED\PycharmProjects\Aixelo_Project_DataLab_2025\data\odac\pristine_CO2\YUSGID\YUSGID_w_CO2_1_relaxed.cif,-0.2871855199999637
C:\Users\GED\PycharmProjects\Aixelo_Project_DataLab_2025\data\odac\pristine_CO2\YUSGOJ_SL\YUSGOJ_SL_w_CO2_1_relaxed.cif,-0.23950970000004188
C:\Users\GED\PycharmProjects\Aixelo_Project_DataLab_2025\data\odac\pristine_CO2\YUSWEQ\YUSWEQ_w_CO2_1_relaxed.cif,0.09144766499980499
C:\Users\GED\PycharmProjects\Aixelo_Project_DataLab_2025\data\odac\pristine_CO2\YUTDUO\YUTDUO_w_CO2_1_relaxed.cif,-0.4342685374999462
C:\Users\GED\PycharmProjects\Aixelo_Project_DataLab_2025\data\odac\pristine_CO2\YUXQIS\YUXQIS_w_CO2_1_relaxed.cif,0.11669264999995907
C:\Users\GED\PycharmProjects\Aixelo_Project_DataLab_2025\data\odac\pristine_CO2\YUXQOY\YUXQOY_w_CO2_1_relaxed.cif,-0.37999384600020675
C:\Users\GED\PycharmProjects\Aixelo_Project_DataLab_2025\data\odac\pristine_CO2\YUYBIF\YUYBIF_w_CO2_1_relaxed.cif,-0.19765456499999337
C:\Users\GED\PycharmProjects\Aixelo_Project_DataLab_2025\data\odac\pristine_CO2\YUYGOQ\YUYGOQ_w_CO2_1_relaxed.cif,-0.4413186271426639
C:\Users\GED\PycharmProjects\Aixelo_Project_DataLab_2025\data\odac\pristine_CO2\YUYLIP\YUYLIP_w_CO2_1_relaxed.cif,-0.4010593671430018
C:\Users\GED\PycharmProjects\Aixelo_Project_DataLab_2025\data\odac\pristine_CO2\YUZSUH\YUZSUH_w_CO2_1_relaxed.cif,-0.3501686816666639
C:\Users\GED\PycharmProjects\Aixelo_Project_DataLab_2025\data\odac\pristine_CO2\YUZXAT\YUZXAT_w_CO2_1_relaxed.cif,-0.2951197142859395
C:\Users\GED\PycharmProjects\Aixelo_Project_DataLab_2025\data\odac\pristine_CO2\ZABQIC_ion_b\ZABQIC_ion_b_w_CO2_1_relaxed.cif,-0.29121473999945613
C:\Users\GED\PycharmProjects\Aixelo_Project_DataLab_2025\data\odac\pristine_CO2\ZACCUB\ZACCUB_w_CO2_1_relaxed.cif,0.1876172088890118
C:\Users\GED\PycharmProjects\Aixelo_Project_DataLab_2025\data\odac\pristine_CO2\ZAGHAT\ZAGHAT_w_CO2_1_relaxed.cif,-0.9468384220000416
C:\Users\GED\PycharmProjects\Aixelo_Project_DataLab_2025\data\odac\pristine_CO2\ZALDUO\ZALDUO_w_CO2_1_relaxed.cif,-0.30035618000001324
C:\Users\GED\PycharmProjects\Aixelo_Project_DataLab_2025\data\odac\pristine_CO2\ZALMIL\ZALMIL_w_CO2_1_relaxed.cif,-0.36579165833321287
C:\Users\GED\PycharmProjects\Aixelo_Project_DataLab_2025\data\odac\pristine_CO2\ZALREM\ZALREM_w_CO2_1_relaxed.cif,-0.30207645249993215
C:\Users\GED\PycharmProjects\Aixelo_Project_DataLab_2025\data\odac\pristine_CO2\ZARLEL\ZARLEL_w_CO2_1_relaxed.cif,-0.20972296749994257
C:\Users\GED\PycharmProjects\Aixelo_Project_DataLab_2025\data\odac\pristine_CO2\ZARLIP\ZARLIP_w_CO2_1_relaxed.cif,-0.22693661499996168
C:\Users\GED\PycharmProjects\Aixelo_Project_DataLab_2025\data\odac\pristine_CO2\ZARLUB_charged\ZARLUB_charged_w_CO2_1_relaxed.cif,-0.4445938242859029
C:\Users\GED\PycharmProjects\Aixelo_Project_DataLab_2025\data\odac\pristine_CO2\ZARMAI_charged\ZARMAI_charged_w_CO2_1_relaxed.cif,-0.050590678333454264
C:\Users\GED\PycharmProjects\Aixelo_Project_DataLab_2025\data\odac\pristine_CO2\ZARPUF\ZARPUF_w_CO2_1_relaxed.cif,-0.6608285783332803
C:\Users\GED\PycharmProjects\Aixelo_Project_DataLab_2025\data\odac\pristine_CO2\ZARTAP03\ZARTAP03_w_CO2_1_relaxed.cif,-0.3082782950000554
C:\Users\GED\PycharmProjects\Aixelo_Project_DataLab_2025\data\odac\pristine_CO2\ZARZAV\ZARZAV_w_CO2_1_relaxed.cif,-0.31577779428568775
C:\Users\GED\PycharmProjects\Aixelo_Project_DataLab_2025\data\odac\pristine_CO2\ZASJAG\ZASJAG_w_CO2_1_relaxed.cif,-0.20921437500004458
C:\Users\GED\PycharmProjects\Aixelo_Project_DataLab_2025\data\odac\pristine_CO2\ZASTUK\ZASTUK_w_CO2_1_relaxed.cif,-0.29732606285714214
C:\Users\GED\PycharmProjects\Aixelo_Project_DataLab_2025\data\odac\pristine_CO2\ZAVPET\ZAVPET_w_CO2_1_relaxed.cif,-0.0099821771428716
C:\Users\GED\PycharmProjects\Aixelo_Project_DataLab_2025\data\odac\pristine_CO2\ZAVPIX\ZAVPIX_w_CO2_1_relaxed.cif,-0.16441939999996127
C:\Users\GED\PycharmProjects\Aixelo_Project_DataLab_2025\data\odac\pristine_CO2\ZAVQIY\ZAVQIY_w_CO2_1_relaxed.cif,-0.18408035428589234
C:\Users\GED\PycharmProjects\Aixelo_Project_DataLab_2025\data\odac\pristine_CO2\ZAVQOE\ZAVQOE_w_CO2_2_relaxed.cif,-0.4641543099999694
C:\Users\GED\PycharmProjects\Aixelo_Project_DataLab_2025\data\odac\pristine_CO2\ZAXQOG\ZAXQOG_w_CO2_1_relaxed.cif,0.41025637000004167
C:\Users\GED\PycharmProjects\Aixelo_Project_DataLab_2025\data\odac\pristine_CO2\ZAXQUM_charged\ZAXQUM_charged_w_CO2_1_relaxed.cif,-0.24615518285697494
C:\Users\GED\PycharmProjects\Aixelo_Project_DataLab_2025\data\odac\pristine_CO2\ZAZBUZ\ZAZBUZ_w_CO2_1_relaxed.cif,-0.037861176666676016
C:\Users\GED\PycharmProjects\Aixelo_Project_DataLab_2025\data\odac\pristine_CO2\ZEBMAW\ZEBMAW_w_CO2_1_relaxed.cif,0.10256980333330523
C:\Users\GED\PycharmProjects\Aixelo_Project_DataLab_2025\data\odac\pristine_CO2\ZECKID\ZECKID_w_CO2_1_relaxed.cif,-0.3082213700000267
C:\Users\GED\PycharmProjects\Aixelo_Project_DataLab_2025\data\odac\pristine_CO2\ZECKOJ\ZECKOJ_w_CO2_1_relaxed.cif,-0.36837055500001264
C:\Users\GED\PycharmProjects\Aixelo_Project_DataLab_2025\data\odac\pristine_CO2\ZEDHIB\ZEDHIB_w_CO2_1_relaxed.cif,-0.0182311712500507
C:\Users\GED\PycharmProjects\Aixelo_Project_DataLab_2025\data\odac\pristine_CO2\ZEDLOL\ZEDLOL_w_CO2_1_relaxed.cif,-0.3844589100001106
C:\Users\GED\PycharmProjects\Aixelo_Project_DataLab_2025\data\odac\pristine_CO2\ZEDQEG\ZEDQEG_w_CO2_random_1_relaxed.cif,-0.2777196150000236
C:\Users\GED\PycharmProjects\Aixelo_Project_DataLab_2025\data\odac\pristine_CO2\ZEDROR\ZEDROR_w_CO2_1_relaxed.cif,-0.515680084999957
C:\Users\GED\PycharmProjects\Aixelo_Project_DataLab_2025\data\odac\pristine_CO2\ZEKRIS\ZEKRIS_w_CO2_1_relaxed.cif,-0.12541726285714302
C:\Users\GED\PycharmProjects\Aixelo_Project_DataLab_2025\data\odac\pristine_CO2\ZELROZ_manual\ZELROZ_manual_w_CO2_1_relaxed.cif,-0.1963657724999734
C:\Users\GED\PycharmProjects\Aixelo_Project_DataLab_2025\data\odac\pristine_CO2\ZERQOE\ZERQOE_w_CO2_1_relaxed.cif,0.0065958800000012995
C:\Users\GED\PycharmProjects\Aixelo_Project_DataLab_2025\data\odac\pristine_CO2\ZESFUY\ZESFUY_w_CO2_1_relaxed.cif,0.01664570599999704
C:\Users\GED\PycharmProjects\Aixelo_Project_DataLab_2025\data\odac\pristine_CO2\ZETLER\ZETLER_w_CO2_1_relaxed.cif,-0.40223744199993233
C:\Users\GED\PycharmProjects\Aixelo_Project_DataLab_2025\data\odac\pristine_CO2\ZEXKUK\ZEXKUK_w_CO2_1_relaxed.cif,-0.3062123400000018
C:\Users\GED\PycharmProjects\Aixelo_Project_DataLab_2025\data\odac\pristine_CO2\ZEZPUR\ZEZPUR_w_CO2_2_relaxed.cif,-0.3925005449999996
C:\Users\GED\PycharmProjects\Aixelo_Project_DataLab_2025\data\odac\pristine_CO2\ZEZQAY\ZEZQAY_w_CO2_1_relaxed.cif,-0.1799864128571796
C:\Users\GED\PycharmProjects\Aixelo_Project_DataLab_2025\data\odac\pristine_CO2\ZEZQEC\ZEZQEC_w_CO2_1_relaxed.cif,-0.15929264666662366
C:\Users\GED\PycharmProjects\Aixelo_Project_DataLab_2025\data\odac\pristine_CO2\ZEZQIG\ZEZQIG_w_CO2_1_relaxed.cif,-0.30340802599992
C:\Users\GED\PycharmProjects\Aixelo_Project_DataLab_2025\data\odac\pristine_CO2\ZIDBEV\ZIDBEV_w_CO2_1_relaxed.cif,-1.387006890000066
C:\Users\GED\PycharmProjects\Aixelo_Project_DataLab_2025\data\odac\pristine_CO2\ZIDVAL\ZIDVAL_w_CO2_1_relaxed.cif,0.03521239285717974
C:\Users\GED\PycharmProjects\Aixelo_Project_DataLab_2025\data\odac\pristine_CO2\ZIGWUJ\ZIGWUJ_w_CO2_1_relaxed.cif,0.4354982887498977
C:\Users\GED\PycharmProjects\Aixelo_Project_DataLab_2025\data\odac\pristine_CO2\ZIHFUR\ZIHFUR_w_CO2_1_relaxed.cif,-0.4845058316666761
C:\Users\GED\PycharmProjects\Aixelo_Project_DataLab_2025\data\odac\pristine_CO2\ZIHFUR01\ZIHFUR01_w_CO2_1_relaxed.cif,-0.45508119833330807
C:\Users\GED\PycharmProjects\Aixelo_Project_DataLab_2025\data\odac\pristine_CO2\ZIHTEP\ZIHTEP_w_CO2_1_relaxed.cif,-0.240938027499908
C:\Users\GED\PycharmProjects\Aixelo_Project_DataLab_2025\data\odac\pristine_CO2\ZIJVOF\ZIJVOF_w_CO2_1_relaxed.cif,-0.35170900499993724
C:\Users\GED\PycharmProjects\Aixelo_Project_DataLab_2025\data\odac\pristine_CO2\ZIJVOF01\ZIJVOF01_w_CO2_1_relaxed.cif,-0.289155906666565
C:\Users\GED\PycharmProjects\Aixelo_Project_DataLab_2025\data\odac\pristine_CO2\ZIJVOF02\ZIJVOF02_w_CO2_1_relaxed.cif,-0.1225796571427996
C:\Users\GED\PycharmProjects\Aixelo_Project_DataLab_2025\data\odac\pristine_CO2\ZIKJIO\ZIKJIO_w_CO2_1_relaxed.cif,-0.035990231666592855
C:\Users\GED\PycharmProjects\Aixelo_Project_DataLab_2025\data\odac\pristine_CO2\ZIKJOU\ZIKJOU_w_CO2_1_relaxed.cif,-0.3082063928571545
C:\Users\GED\PycharmProjects\Aixelo_Project_DataLab_2025\data\odac\pristine_CO2\ZILBUT\ZILBUT_w_CO2_1_relaxed.cif,-0.4283019224999407
C:\Users\GED\PycharmProjects\Aixelo_Project_DataLab_2025\data\odac\pristine_CO2\ZILFOR_manual\ZILFOR_manual_w_CO2_1_relaxed.cif,-0.8157036039997365
C:\Users\GED\PycharmProjects\Aixelo_Project_DataLab_2025\data\odac\pristine_CO2\ZIMTAS\ZIMTAS_w_CO2_1_relaxed.cif,-0.10953753399985541
C:\Users\GED\PycharmProjects\Aixelo_Project_DataLab_2025\data\odac\pristine_CO2\ZISFEO\ZISFEO_w_CO2_1_relaxed.cif,-0.09457599666668175
C:\Users\GED\PycharmProjects\Aixelo_Project_DataLab_2025\data\odac\pristine_CO2\ZISFEO01\ZISFEO01_w_CO2_1_relaxed.cif,-0.23351622857143992
C:\Users\GED\PycharmProjects\Aixelo_Project_DataLab_2025\data\odac\pristine_CO2\ZISYAD\ZISYAD_w_CO2_1_relaxed.cif,-0.27236620833343744
C:\Users\GED\PycharmProjects\Aixelo_Project_DataLab_2025\data\odac\pristine_CO2\ZITRUP\ZITRUP_w_CO2_1_relaxed.cif,8.205663773333336
C:\Users\GED\PycharmProjects\Aixelo_Project_DataLab_2025\data\odac\pristine_CO2\ZIWMEZ\ZIWMEZ_w_CO2_random_1_relaxed.cif,0.16958793500003821
C:\Users\GED\PycharmProjects\Aixelo_Project_DataLab_2025\data\odac\pristine_CO2\ZIYPUU\ZIYPUU_w_CO2_random_1_relaxed.cif,-0.1442540350000456
C:\Users\GED\PycharmProjects\Aixelo_Project_DataLab_2025\data\odac\pristine_CO2\ZIZTEJ\ZIZTEJ_w_CO2_1_relaxed.cif,1.442952849999756
C:\Users\GED\PycharmProjects\Aixelo_Project_DataLab_2025\data\odac\pristine_CO2\ZIZTOT\ZIZTOT_w_CO2_random_1_relaxed.cif,-0.7203316599999994
C:\Users\GED\PycharmProjects\Aixelo_Project_DataLab_2025\data\odac\pristine_CO2\ZOFZOL\ZOFZOL_w_CO2_1_relaxed.cif,-0.12122045333353522
C:\Users\GED\PycharmProjects\Aixelo_Project_DataLab_2025\data\odac\pristine_CO2\ZOMNEW\ZOMNEW_w_CO2_1_relaxed.cif,-0.21366142249996753
C:\Users\GED\PycharmProjects\Aixelo_Project_DataLab_2025\data\odac\pristine_CO2\ZOMNIA\ZOMNIA_w_CO2_2_relaxed.cif,-0.2875579200000023
C:\Users\GED\PycharmProjects\Aixelo_Project_DataLab_2025\data\odac\pristine_CO2\ZOMNUM\ZOMNUM_w_CO2_1_relaxed.cif,-0.23353802750000338
C:\Users\GED\PycharmProjects\Aixelo_Project_DataLab_2025\data\odac\pristine_CO2\ZOXFAV_charged\ZOXFAV_charged_w_CO2_1_relaxed.cif,-0.3451923285714916
C:\Users\GED\PycharmProjects\Aixelo_Project_DataLab_2025\data\odac\pristine_CO2\ZOXFEZ\ZOXFEZ_w_CO2_1_relaxed.cif,0.19688451714309196
C:\Users\GED\PycharmProjects\Aixelo_Project_DataLab_2025\data\odac\pristine_CO2\ZOXGOK\ZOXGOK_w_CO2_1_relaxed.cif,-0.2338288183333551
C:\Users\GED\PycharmProjects\Aixelo_Project_DataLab_2025\data\odac\pristine_CO2\ZOXNEH\ZOXNEH_w_CO2_1_relaxed.cif,0.1173156816666392
C:\Users\GED\PycharmProjects\Aixelo_Project_DataLab_2025\data\odac\pristine_CO2\ZOYKAB\ZOYKAB_w_CO2_1_relaxed.cif,-0.41092950142849205
C:\Users\GED\PycharmProjects\Aixelo_Project_DataLab_2025\data\odac\pristine_CO2\ZOZCIC\ZOZCIC_w_CO2_1_relaxed.cif,-0.2811193800001612
C:\Users\GED\PycharmProjects\Aixelo_Project_DataLab_2025\data\odac\pristine_CO2\ZOZKAC\ZOZKAC_w_CO2_1_relaxed.cif,-0.3374161350000122
C:\Users\GED\PycharmProjects\Aixelo_Project_DataLab_2025\data\odac\pristine_CO2\ZOZPUB\ZOZPUB_w_CO2_1_relaxed.cif,-0.34497591166647606
C:\Users\GED\PycharmProjects\Aixelo_Project_DataLab_2025\data\odac\pristine_CO2\ZUDQUM\ZUDQUM_w_CO2_1_relaxed.cif,-0.4563278116667486
C:\Users\GED\PycharmProjects\Aixelo_Project_DataLab_2025\data\odac\pristine_CO2\ZUDXAZ\ZUDXAZ_w_CO2_1_relaxed.cif,0.7793750859999592
C:\Users\GED\PycharmProjects\Aixelo_Project_DataLab_2025\data\odac\pristine_CO2\ZUGDEM\ZUGDEM_w_CO2_1_relaxed.cif,-0.26216344200011005
C:\Users\GED\PycharmProjects\Aixelo_Project_DataLab_2025\data\odac\pristine_CO2\ZUHSEC\ZUHSEC_w_CO2_1_relaxed.cif,-0.40723446750007497
C:\Users\GED\PycharmProjects\Aixelo_Project_DataLab_2025\data\odac\pristine_CO2\ZUNZIT\ZUNZIT_w_CO2_1_relaxed.cif,-0.19443429999988174
C:\Users\GED\PycharmProjects\Aixelo_Project_DataLab_2025\data\odac\pristine_CO2\ZUPBET\ZUPBET_w_CO2_2_relaxed.cif,-0.2509119920000557
C:\Users\GED\PycharmProjects\Aixelo_Project_DataLab_2025\data\odac\pristine_CO2\ZURQOS\ZURQOS_w_CO2_1_relaxed.cif,-0.38783892333331477
C:\Users\GED\PycharmProjects\Aixelo_Project_DataLab_2025\data\odac\pristine_CO2\ZUSBIA\ZUSBIA_w_CO2_1_relaxed.cif,-0.44382014500004624
C:\Users\GED\PycharmProjects\Aixelo_Project_DataLab_2025\data\odac\pristine_CO2\ZUSBOG\ZUSBOG_w_CO2_1_relaxed.cif,-0.3765367514285702
C:\Users\GED\PycharmProjects\Aixelo_Project_DataLab_2025\data\odac\pristine_CO2\ZUTBIB\ZUTBIB_w_CO2_1_relaxed.cif,-0.31175642222219974
C:\Users\GED\PycharmProjects\Aixelo_Project_DataLab_2025\data\odac\pristine_CO2\ZUTBUN\ZUTBUN_w_CO2_1_relaxed.cif,2.100548542222365
C:\Users\GED\PycharmProjects\Aixelo_Project_DataLab_2025\data\odac\pristine_CO2\ZUXPOZ\ZUXPOZ_w_CO2_1_relaxed.cif,-0.30882496333343096
C:\Users\GED\PycharmProjects\Aixelo_Project_DataLab_2025\data\odac\pristine_CO2\ac403674p_si_001\ac403674p_si_001_w_CO2_1_relaxed.cif,-0.11835045600005283
C:\Users\GED\PycharmProjects\Aixelo_Project_DataLab_2025\data\odac\pristine_CO2\acs.cgd.5b01686_WAHFUJ1434675\acs.cgd.5b01686_WAHFUJ1434675_w_CO2_1_relaxed.cif,-0.17336743285730852
C:\Users\GED\PycharmProjects\Aixelo_Project_DataLab_2025\data\odac\pristine_CO2\acs.chemrev.6b00346_cr6b00346_si_001\acs.chemrev.6b00346_cr6b00346_si_001_w_CO2_1_relaxed.cif,-0.0632344550000425
C:\Users\GED\PycharmProjects\Aixelo_Project_DataLab_2025\data\odac\pristine_CO2\acs.inorgchem.5b02108_ic5b02108_si_002\acs.inorgchem.5b02108_ic5b02108_si_002_w_CO2_1_relaxed.cif,-0.30913047285717504
C:\Users\GED\PycharmProjects\Aixelo_Project_DataLab_2025\data\odac\pristine_CO2\acs.inorgchem.5b02973_ic5b02973_si_002\acs.inorgchem.5b02973_ic5b02973_si_002_w_CO2_1_relaxed.cif,-0.04556549833360651
C:\Users\GED\PycharmProjects\Aixelo_Project_DataLab_2025\data\odac\pristine_CO2\acs.inorgchem.6b00433_ic6b00433_si_002\acs.inorgchem.6b00433_ic6b00433_si_002_w_CO2_1_relaxed.cif,-0.45485139875009395
C:\Users\GED\PycharmProjects\Aixelo_Project_DataLab_2025\data\odac\pristine_CO2\acs.inorgchem.6b02407_ic6b02407_si_003\acs.inorgchem.6b02407_ic6b02407_si_003_w_CO2_1_relaxed.cif,-0.3992078128572497
C:\Users\GED\PycharmProjects\Aixelo_Project_DataLab_2025\data\odac\pristine_CO2\acs.inorgchem.6b02514_ic6b02514_si_002\acs.inorgchem.6b02514_ic6b02514_si_002_w_CO2_random_1_relaxed.cif,0.25555174499993427
C:\Users\GED\PycharmProjects\Aixelo_Project_DataLab_2025\data\odac\pristine_CO2\acs.jchemed.6b00258_ed6b00258_si_005\acs.jchemed.6b00258_ed6b00258_si_005_w_CO2_1_relaxed.cif,-0.20607358857169597
C:\Users\GED\PycharmProjects\Aixelo_Project_DataLab_2025\data\odac\pristine_CO2\acs.jpcc.6b08594_UiO66_Ce2Zr4_opt\acs.jpcc.6b08594_UiO66_Ce2Zr4_opt_w_CO2_1_relaxed.cif,-0.2075753850001547
C:\Users\GED\PycharmProjects\Aixelo_Project_DataLab_2025\data\odac\pristine_CO2\acs.jpcc.6b08594_Zn2Cd6MOF5_opt\acs.jpcc.6b08594_Zn2Cd6MOF5_opt_w_CO2_1_relaxed.cif,-0.09017668749993385
C:\Users\GED\PycharmProjects\Aixelo_Project_DataLab_2025\data\odac\pristine_CO2\acscombsci.5b00188_24205\acscombsci.5b00188_24205_w_CO2_1_relaxed.cif,-0.21923884142858335
C:\Users\GED\PycharmProjects\Aixelo_Project_DataLab_2025\data\odac\pristine_CO2\acscombsci.5b00188_5013797\acscombsci.5b00188_5013797_w_CO2_1_relaxed.cif,-0.2949621933333901
C:\Users\GED\PycharmProjects\Aixelo_Project_DataLab_2025\data\odac\pristine_CO2\acscombsci.5b00188_5020072\acscombsci.5b00188_5020072_w_CO2_1_relaxed.cif,-0.4288671559999557
C:\Users\GED\PycharmProjects\Aixelo_Project_DataLab_2025\data\odac\pristine_CO2\acscombsci.5b00188_5024922\acscombsci.5b00188_5024922_w_CO2_1_relaxed.cif,-0.6755888440000035
C:\Users\GED\PycharmProjects\Aixelo_Project_DataLab_2025\data\odac\pristine_CO2\acscombsci.5b00188_5036495\acscombsci.5b00188_5036495_w_CO2_1_relaxed.cif,-0.17533682666665598
C:\Users\GED\PycharmProjects\Aixelo_Project_DataLab_2025\data\odac\pristine_CO2\acscombsci.5b00188_5040209\acscombsci.5b00188_5040209_w_CO2_1_relaxed.cif,-0.39547891833340526
C:\Users\GED\PycharmProjects\Aixelo_Project_DataLab_2025\data\odac\pristine_CO2\acscombsci.5b00188_8372\acscombsci.5b00188_8372_w_CO2_1_relaxed.cif,-0.24801360400002745
C:\Users\GED\PycharmProjects\Aixelo_Project_DataLab_2025\data\odac\pristine_CO2\am301365h_si_002\am301365h_si_002_w_CO2_3_relaxed.cif,0.06454829500000869
C:\Users\GED\PycharmProjects\Aixelo_Project_DataLab_2025\data\odac\pristine_CO2\c4dt03702b_c4dt03702b2\c4dt03702b_c4dt03702b2_w_CO2_random_2_relaxed.cif,-0.0365057399999386
C:\Users\GED\PycharmProjects\Aixelo_Project_DataLab_2025\data\odac\pristine_CO2\c5cc04223b_c5cc04223b2\c5cc04223b_c5cc04223b2_w_CO2_1_relaxed.cif,-0.20680561999995456
C:\Users\GED\PycharmProjects\Aixelo_Project_DataLab_2025\data\odac\pristine_CO2\c5cc10203k_c5cc10203k2\c5cc10203k_c5cc10203k2_w_CO2_random_2_relaxed.cif,-0.3177959399999963
C:\Users\GED\PycharmProjects\Aixelo_Project_DataLab_2025\data\odac\pristine_CO2\c5ce01948f_c5ce01948f2\c5ce01948f_c5ce01948f2_w_CO2_1_relaxed.cif,-0.29557305833335096
C:\Users\GED\PycharmProjects\Aixelo_Project_DataLab_2025\data\odac\pristine_CO2\c5cp03920g_c5cp03920g2\c5cp03920g_c5cp03920g2_w_CO2_1_relaxed.cif,-0.23107508499998627
C:\Users\GED\PycharmProjects\Aixelo_Project_DataLab_2025\data\odac\pristine_CO2\c5dt01100k_c5dt01100k2\c5dt01100k_c5dt01100k2_w_CO2_1_relaxed.cif,-0.3480667360000552
C:\Users\GED\PycharmProjects\Aixelo_Project_DataLab_2025\data\odac\pristine_CO2\c5gc02393a_c5gc02393a2\c5gc02393a_c5gc02393a2_w_CO2_1_relaxed.cif,-0.3446888285712443
C:\Users\GED\PycharmProjects\Aixelo_Project_DataLab_2025\data\odac\pristine_CO2\c5nj02634b_c5nj02634b2\c5nj02634b_c5nj02634b2_w_CO2_1_relaxed.cif,-0.31128346499970877
C:\Users\GED\PycharmProjects\Aixelo_Project_DataLab_2025\data\odac\pristine_CO2\c5ta03835a_c5ta03835a2\c5ta03835a_c5ta03835a2_w_CO2_1_relaxed.cif,-0.3753586316666618
C:\Users\GED\PycharmProjects\Aixelo_Project_DataLab_2025\data\odac\pristine_CO2\c5ta04989j_c5ta04989j2\c5ta04989j_c5ta04989j2_w_CO2_1_relaxed.cif,-0.25595347166665755
C:\Users\GED\PycharmProjects\Aixelo_Project_DataLab_2025\data\odac\pristine_CO2\c6cc00589f_c6cc00589f3\c6cc00589f_c6cc00589f3_w_CO2_1_relaxed.cif,0.350341040000103
C:\Users\GED\PycharmProjects\Aixelo_Project_DataLab_2025\data\odac\pristine_CO2\c6cc00862c_c6cc00862c2\c6cc00862c_c6cc00862c2_w_CO2_1_relaxed.cif,1.649834781666679
C:\Users\GED\PycharmProjects\Aixelo_Project_DataLab_2025\data\odac\pristine_CO2\c6cc02494g_c6cc02494g4\c6cc02494g_c6cc02494g4_w_CO2_random_2_relaxed.cif,-0.1421235399998295
C:\Users\GED\PycharmProjects\Aixelo_Project_DataLab_2025\data\odac\pristine_CO2\c6cc02494g_c6cc02494g5\c6cc02494g_c6cc02494g5_w_CO2_3_relaxed.cif,3.32569298000044
C:\Users\GED\PycharmProjects\Aixelo_Project_DataLab_2025\data\odac\pristine_CO2\c6ce00126b_c6ce00126b2\c6ce00126b_c6ce00126b2_w_CO2_1_relaxed.cif,-0.2933925842854867
C:\Users\GED\PycharmProjects\Aixelo_Project_DataLab_2025\data\odac\pristine_CO2\c6ce00407e_c6ce00407e1\c6ce00407e_c6ce00407e1_w_CO2_1_relaxed.cif,-0.15070897000013397
C:\Users\GED\PycharmProjects\Aixelo_Project_DataLab_2025\data\odac\pristine_CO2\c6ce00407e_c6ce00407e2\c6ce00407e_c6ce00407e2_w_CO2_1_relaxed.cif,-0.21249764500006066
C:\Users\GED\PycharmProjects\Aixelo_Project_DataLab_2025\data\odac\pristine_CO2\c6ce00407e_c6ce00407e3\c6ce00407e_c6ce00407e3_w_CO2_1_relaxed.cif,-0.12079352500018099
C:\Users\GED\PycharmProjects\Aixelo_Project_DataLab_2025\data\odac\pristine_CO2\c6ce00407e_c6ce00407e8\c6ce00407e_c6ce00407e8_w_CO2_1_relaxed.cif,-0.20051330142861648
C:\Users\GED\PycharmProjects\Aixelo_Project_DataLab_2025\data\odac\pristine_CO2\c6ce00407e_c6ce00407e9\c6ce00407e_c6ce00407e9_w_CO2_1_relaxed.cif,-0.3567158333333395
C:\Users\GED\PycharmProjects\Aixelo_Project_DataLab_2025\data\odac\pristine_CO2\cg034025wsi20030214_115651\cg034025wsi20030214_115651_w_CO2_1_relaxed.cif,-0.3298167579999699
C:\Users\GED\PycharmProjects\Aixelo_Project_DataLab_2025\data\odac\pristine_CO2\cg200332y_si_002\cg200332y_si_002_w_CO2_1_relaxed.cif,-0.23183848571432003
C:\Users\GED\PycharmProjects\Aixelo_Project_DataLab_2025\data\odac\pristine_CO2\cg200606r_si_001\cg200606r_si_001_w_CO2_1_relaxed.cif,-0.21021370874981923
C:\Users\GED\PycharmProjects\Aixelo_Project_DataLab_2025\data\odac\pristine_CO2\cg300302n_si_004\cg300302n_si_004_w_CO2_1_relaxed.cif,-0.4285425933332287
C:\Users\GED\PycharmProjects\Aixelo_Project_DataLab_2025\data\odac\pristine_CO2\cg301725z_si_004\cg301725z_si_004_w_CO2_1_relaxed.cif,0.09003988142857056
C:\Users\GED\PycharmProjects\Aixelo_Project_DataLab_2025\data\odac\pristine_CO2\cg401858s_si_002\cg401858s_si_002_w_CO2_1_relaxed.cif,0.0019708366664493502
C:\Users\GED\PycharmProjects\Aixelo_Project_DataLab_2025\data\odac\pristine_CO2\cg401887b_si_004\cg401887b_si_004_w_CO2_1_relaxed.cif,-0.27229544000010714
C:\Users\GED\PycharmProjects\Aixelo_Project_DataLab_2025\data\odac\pristine_CO2\cg500033b_si_002\cg500033b_si_002_w_CO2_1_relaxed.cif,-0.03704611999994865
C:\Users\GED\PycharmProjects\Aixelo_Project_DataLab_2025\data\odac\pristine_CO2\cg500033b_si_003\cg500033b_si_003_w_CO2_1_relaxed.cif,-0.3466152150000425
C:\Users\GED\PycharmProjects\Aixelo_Project_DataLab_2025\data\odac\pristine_CO2\cg500091k_si_002\cg500091k_si_002_w_CO2_2_relaxed.cif,0.30630729800009243
C:\Users\GED\PycharmProjects\Aixelo_Project_DataLab_2025\data\odac\pristine_CO2\cg500121f_si_004\cg500121f_si_004_w_CO2_1_relaxed.cif,-0.2206764371429049
C:\Users\GED\PycharmProjects\Aixelo_Project_DataLab_2025\data\odac\pristine_CO2\cg500149s_si_002\cg500149s_si_002_w_CO2_1_relaxed.cif,-0.27823386666659644
C:\Users\GED\PycharmProjects\Aixelo_Project_DataLab_2025\data\odac\pristine_CO2\cg500192d_si_003\cg500192d_si_003_w_CO2_1_relaxed.cif,-0.25734303599992925
C:\Users\GED\PycharmProjects\Aixelo_Project_DataLab_2025\data\odac\pristine_CO2\cg501012e_si_002\cg501012e_si_002_w_CO2_1_relaxed.cif,-0.3053618866668633
C:\Users\GED\PycharmProjects\Aixelo_Project_DataLab_2025\data\odac\pristine_CO2\cg5010616_si_003\cg5010616_si_003_w_CO2_random_1_relaxed.cif,-0.027477274999910102
C:\Users\GED\PycharmProjects\Aixelo_Project_DataLab_2025\data\odac\pristine_CO2\cg5010616_si_007\cg5010616_si_007_w_CO2_1_relaxed.cif,-0.21815085333325138
C:\Users\GED\PycharmProjects\Aixelo_Project_DataLab_2025\data\odac\pristine_CO2\cg501279y_si_002\cg501279y_si_002_w_CO2_3_relaxed.cif,-0.469281379999984
C:\Users\GED\PycharmProjects\Aixelo_Project_DataLab_2025\data\odac\pristine_CO2\cg501332u_si_002\cg501332u_si_002_w_CO2_1_relaxed.cif,-0.2661793400001594
C:\Users\GED\PycharmProjects\Aixelo_Project_DataLab_2025\data\odac\pristine_CO2\cg501730q_si_002\cg501730q_si_002_w_CO2_1_relaxed.cif,-0.20744787166673473
C:\Users\GED\PycharmProjects\Aixelo_Project_DataLab_2025\data\odac\pristine_CO2\cg8002564_si_008\cg8002564_si_008_w_CO2_1_relaxed.cif,1.2086589916667283
C:\Users\GED\PycharmProjects\Aixelo_Project_DataLab_2025\data\odac\pristine_CO2\cg800424t_si_002\cg800424t_si_002_w_CO2_1_relaxed.cif,-0.2457508099999283
C:\Users\GED\PycharmProjects\Aixelo_Project_DataLab_2025\data\odac\pristine_CO2\cg901114e_si_002\cg901114e_si_002_w_CO2_1_relaxed.cif,-0.12626883499994312
C:\Users\GED\PycharmProjects\Aixelo_Project_DataLab_2025\data\odac\pristine_CO2\cg901128k_si_004\cg901128k_si_004_w_CO2_1_relaxed.cif,-0.40555660833331325
C:\Users\GED\PycharmProjects\Aixelo_Project_DataLab_2025\data\odac\pristine_CO2\cm071462f-file004\cm071462f-file004_w_CO2_1_relaxed.cif,-0.3653268871428768
C:\Users\GED\PycharmProjects\Aixelo_Project_DataLab_2025\data\odac\pristine_CO2\cm1008587_si_003\cm1008587_si_003_w_CO2_1_relaxed.cif,-0.09615470000004693
C:\Users\GED\PycharmProjects\Aixelo_Project_DataLab_2025\data\odac\pristine_CO2\cm202876r_si_002\cm202876r_si_002_w_CO2_1_relaxed.cif,0.4262716099999295
C:\Users\GED\PycharmProjects\Aixelo_Project_DataLab_2025\data\odac\pristine_CO2\cm301726k_si_004\cm301726k_si_004_w_CO2_1_relaxed.cif,-0.27833292833328943
C:\Users\GED\PycharmProjects\Aixelo_Project_DataLab_2025\data\odac\pristine_CO2\cm303749m_si_001\cm303749m_si_001_w_CO2_1_relaxed.cif,-0.24692586399996794
C:\Users\GED\PycharmProjects\Aixelo_Project_DataLab_2025\data\odac\pristine_CO2\cm303749m_si_002\cm303749m_si_002_w_CO2_1_relaxed.cif,-0.14974820000002179
C:\Users\GED\PycharmProjects\Aixelo_Project_DataLab_2025\data\odac\pristine_CO2\cm501138g_si_002\cm501138g_si_002_w_CO2_1_relaxed.cif,-0.4794582416668618
C:\Users\GED\PycharmProjects\Aixelo_Project_DataLab_2025\data\odac\pristine_CO2\cm501138g_si_004\cm501138g_si_004_w_CO2_1_relaxed.cif,-0.36180631624992543
C:\Users\GED\PycharmProjects\Aixelo_Project_DataLab_2025\data\odac\pristine_CO2\cm501138g_si_005\cm501138g_si_005_w_CO2_1_relaxed.cif,0.048135636666453735
C:\Users\GED\PycharmProjects\Aixelo_Project_DataLab_2025\data\odac\pristine_CO2\cm501138g_si_006\cm501138g_si_006_w_CO2_1_relaxed.cif,-0.16955435000011218
C:\Users\GED\PycharmProjects\Aixelo_Project_DataLab_2025\data\odac\pristine_CO2\cm501138g_si_008\cm501138g_si_008_w_CO2_1_relaxed.cif,-0.03642883833337387
C:\Users\GED\PycharmProjects\Aixelo_Project_DataLab_2025\data\odac\pristine_CO2\cm501138g_si_009\cm501138g_si_009_w_CO2_1_relaxed.cif,0.01616009833302692
C:\Users\GED\PycharmProjects\Aixelo_Project_DataLab_2025\data\odac\pristine_CO2\cm501138g_si_010\cm501138g_si_010_w_CO2_1_relaxed.cif,0.029479817999936125
C:\Users\GED\PycharmProjects\Aixelo_Project_DataLab_2025\data\odac\pristine_CO2\cm501138g_si_011\cm501138g_si_011_w_CO2_1_relaxed.cif,-0.1288406383334859
C:\Users\GED\PycharmProjects\Aixelo_Project_DataLab_2025\data\odac\pristine_CO2\cm501138g_si_012\cm501138g_si_012_w_CO2_1_relaxed.cif,-0.14315085333339536
C:\Users\GED\PycharmProjects\Aixelo_Project_DataLab_2025\data\odac\pristine_CO2\cm503311x_F-mil-53-Al-lp-mono\cm503311x_F-mil-53-Al-lp-mono_w_CO2_1_relaxed.cif,-0.15921236000012104
C:\Users\GED\PycharmProjects\Aixelo_Project_DataLab_2025\data\odac\pristine_CO2\cm503311x_F-mil-53-Al-lp-ortho\cm503311x_F-mil-53-Al-lp-ortho_w_CO2_1_relaxed.cif,-0.17728539500001259
C:\Users\GED\PycharmProjects\Aixelo_Project_DataLab_2025\data\odac\pristine_CO2\cm503311x_OH-mil-53-Al-lp-ortho\cm503311x_OH-mil-53-Al-lp-ortho_w_CO2_1_relaxed.cif,-0.1875618316667745
C:\Users\GED\PycharmProjects\Aixelo_Project_DataLab_2025\data\odac\pristine_CO2\cm503311x_alf100K\cm503311x_alf100K_w_CO2_1_relaxed.cif,-0.18167380333330618
C:\Users\GED\PycharmProjects\Aixelo_Project_DataLab_2025\data\odac\pristine_CO2\cm503311x_alf11K\cm503311x_alf11K_w_CO2_1_relaxed.cif,-0.17876987000000588
C:\Users\GED\PycharmProjects\Aixelo_Project_DataLab_2025\data\odac\pristine_CO2\cm503311x_alf125K\cm503311x_alf125K_w_CO2_1_relaxed.cif,-0.23516222666671635
C:\Users\GED\PycharmProjects\Aixelo_Project_DataLab_2025\data\odac\pristine_CO2\cm503311x_alf175K\cm503311x_alf175K_w_CO2_2_relaxed.cif,0.19115711249999376
C:\Users\GED\PycharmProjects\Aixelo_Project_DataLab_2025\data\odac\pristine_CO2\cm503311x_alf200K\cm503311x_alf200K_w_CO2_1_relaxed.cif,-0.12875999333330881
C:\Users\GED\PycharmProjects\Aixelo_Project_DataLab_2025\data\odac\pristine_CO2\cm503311x_alf225K\cm503311x_alf225K_w_CO2_1_relaxed.cif,-0.15885430599998923
C:\Users\GED\PycharmProjects\Aixelo_Project_DataLab_2025\data\odac\pristine_CO2\cm503311x_alf250K\cm503311x_alf250K_w_CO2_1_relaxed.cif,-0.1839219600000206
C:\Users\GED\PycharmProjects\Aixelo_Project_DataLab_2025\data\odac\pristine_CO2\cm503311x_alf275K\cm503311x_alf275K_w_CO2_1_relaxed.cif,-0.15686130600000747
C:\Users\GED\PycharmProjects\Aixelo_Project_DataLab_2025\data\odac\pristine_CO2\cm503311x_alf290K\cm503311x_alf290K_w_CO2_1_relaxed.cif,-0.2437969860000407
C:\Users\GED\PycharmProjects\Aixelo_Project_DataLab_2025\data\odac\pristine_CO2\cm503311x_alf300K\cm503311x_alf300K_w_CO2_1_relaxed.cif,0.6649483439999357
C:\Users\GED\PycharmProjects\Aixelo_Project_DataLab_2025\data\odac\pristine_CO2\cm503311x_alf325K\cm503311x_alf325K_w_CO2_1_relaxed.cif,-0.21587208600003574
C:\Users\GED\PycharmProjects\Aixelo_Project_DataLab_2025\data\odac\pristine_CO2\cm503311x_alf350K\cm503311x_alf350K_w_CO2_1_relaxed.cif,-0.4798813900000255
C:\Users\GED\PycharmProjects\Aixelo_Project_DataLab_2025\data\odac\pristine_CO2\cm503311x_alf400K\cm503311x_alf400K_w_CO2_1_relaxed.cif,-0.211889157500039
C:\Users\GED\PycharmProjects\Aixelo_Project_DataLab_2025\data\odac\pristine_CO2\cm503311x_alf40K\cm503311x_alf40K_w_CO2_1_relaxed.cif,-0.19263901833334288
C:\Users\GED\PycharmProjects\Aixelo_Project_DataLab_2025\data\odac\pristine_CO2\cm503311x_alf425K\cm503311x_alf425K_w_CO2_1_relaxed.cif,-0.3387015020000376
C:\Users\GED\PycharmProjects\Aixelo_Project_DataLab_2025\data\odac\pristine_CO2\cm503311x_alf450K\cm503311x_alf450K_w_CO2_1_relaxed.cif,0.1606002620000254
C:\Users\GED\PycharmProjects\Aixelo_Project_DataLab_2025\data\odac\pristine_CO2\cm503311x_alf475K\cm503311x_alf475K_w_CO2_1_relaxed.cif,-0.1812271180000607
C:\Users\GED\PycharmProjects\Aixelo_Project_DataLab_2025\data\odac\pristine_CO2\cm503311x_alf500K\cm503311x_alf500K_w_CO2_1_relaxed.cif,0.39679006249998844
C:\Users\GED\PycharmProjects\Aixelo_Project_DataLab_2025\data\odac\pristine_CO2\cm503311x_alf70K\cm503311x_alf70K_w_CO2_1_relaxed.cif,-0.18161162833326705
C:\Users\GED\PycharmProjects\Aixelo_Project_DataLab_2025\data\odac\pristine_CO2\cm503311x_aloh150K\cm503311x_aloh150K_w_CO2_1_relaxed.cif,0.035864067999989424
C:\Users\GED\PycharmProjects\Aixelo_Project_DataLab_2025\data\odac\pristine_CO2\cm503311x_aloh175K\cm503311x_aloh175K_w_CO2_1_relaxed.cif,-0.24722233800005142
C:\Users\GED\PycharmProjects\Aixelo_Project_DataLab_2025\data\odac\pristine_CO2\cm503311x_aloh200K\cm503311x_aloh200K_w_CO2_1_relaxed.cif,-0.10494455200004034
C:\Users\GED\PycharmProjects\Aixelo_Project_DataLab_2025\data\odac\pristine_CO2\cm503311x_aloh225K\cm503311x_aloh225K_w_CO2_1_relaxed.cif,-0.40132798400004505
C:\Users\GED\PycharmProjects\Aixelo_Project_DataLab_2025\data\odac\pristine_CO2\cm503311x_aloh250K\cm503311x_aloh250K_w_CO2_1_relaxed.cif,-0.12464321200001219
C:\Users\GED\PycharmProjects\Aixelo_Project_DataLab_2025\data\odac\pristine_CO2\cm503311x_aloh275K\cm503311x_aloh275K_w_CO2_1_relaxed.cif,-0.07872397000004407
C:\Users\GED\PycharmProjects\Aixelo_Project_DataLab_2025\data\odac\pristine_CO2\cm503311x_aloh300K\cm503311x_aloh300K_w_CO2_1_relaxed.cif,-0.20200378200005384
C:\Users\GED\PycharmProjects\Aixelo_Project_DataLab_2025\data\odac\pristine_CO2\cm503311x_aloh325K\cm503311x_aloh325K_w_CO2_1_relaxed.cif,-0.1050605860000132
C:\Users\GED\PycharmProjects\Aixelo_Project_DataLab_2025\data\odac\pristine_CO2\cm503311x_aloh350K\cm503311x_aloh350K_w_CO2_1_relaxed.cif,-0.10985088000002177
C:\Users\GED\PycharmProjects\Aixelo_Project_DataLab_2025\data\odac\pristine_CO2\cm503311x_aloh375K\cm503311x_aloh375K_w_CO2_1_relaxed.cif,-0.1547490880000623
C:\Users\GED\PycharmProjects\Aixelo_Project_DataLab_2025\data\odac\pristine_CO2\cm503311x_aloh400K\cm503311x_aloh400K_w_CO2_1_relaxed.cif,-0.15783133000002178
C:\Users\GED\PycharmProjects\Aixelo_Project_DataLab_2025\data\odac\pristine_CO2\cm503311x_aloh425K\cm503311x_aloh425K_w_CO2_1_relaxed.cif,-0.10258002200008601
C:\Users\GED\PycharmProjects\Aixelo_Project_DataLab_2025\data\odac\pristine_CO2\cm503311x_aloh450K\cm503311x_aloh450K_w_CO2_1_relaxed.cif,-0.36147125200004665
C:\Users\GED\PycharmProjects\Aixelo_Project_DataLab_2025\data\odac\pristine_CO2\cm503311x_aloh475K\cm503311x_aloh475K_w_CO2_1_relaxed.cif,-0.22560505200008266
C:\Users\GED\PycharmProjects\Aixelo_Project_DataLab_2025\data\odac\pristine_CO2\cm503311x_aloh500K\cm503311x_aloh500K_w_CO2_1_relaxed.cif,-0.40452953800006525
C:\Users\GED\PycharmProjects\Aixelo_Project_DataLab_2025\data\odac\pristine_CO2\ic025743v_s1\ic025743v_s1_w_CO2_1_relaxed.cif,-0.2843968433333543
C:\Users\GED\PycharmProjects\Aixelo_Project_DataLab_2025\data\odac\pristine_CO2\ic034943jsi20030807_040506\ic034943jsi20030807_040506_w_CO2_1_relaxed.cif,-0.2676083650002662
C:\Users\GED\PycharmProjects\Aixelo_Project_DataLab_2025\data\odac\pristine_CO2\ic050064gsi20050115_040515\ic050064gsi20050115_040515_w_CO2_1_relaxed.cif,-0.31020518857133084
C:\Users\GED\PycharmProjects\Aixelo_Project_DataLab_2025\data\odac\pristine_CO2\ic051810ksi20060220_094504\ic051810ksi20060220_094504_w_CO2_1_relaxed.cif,-0.20338835800007474
C:\Users\GED\PycharmProjects\Aixelo_Project_DataLab_2025\data\odac\pristine_CO2\ic0520162si20051122_054836\ic0520162si20051122_054836_w_CO2_1_relaxed.cif,-0.44703635800015035
C:\Users\GED\PycharmProjects\Aixelo_Project_DataLab_2025\data\odac\pristine_CO2\ic060608urom20060410_101638\ic060608urom20060410_101638_w_CO2_1_relaxed.cif,-0.31053374142859574
C:\Users\GED\PycharmProjects\Aixelo_Project_DataLab_2025\data\odac\pristine_CO2\ic060771psi20060614_113937\ic060771psi20060614_113937_w_CO2_1_relaxed.cif,-0.05412932166668343
C:\Users\GED\PycharmProjects\Aixelo_Project_DataLab_2025\data\odac\pristine_CO2\ic070274o-file006\ic070274o-file006_w_CO2_random_2_relaxed.cif,0.2773198699999284
C:\Users\GED\PycharmProjects\Aixelo_Project_DataLab_2025\data\odac\pristine_CO2\ic100188w_si_002\ic100188w_si_002_w_CO2_1_relaxed.cif,1.1482937166664822
C:\Users\GED\PycharmProjects\Aixelo_Project_DataLab_2025\data\odac\pristine_CO2\ic101789u_si_002\ic101789u_si_002_w_CO2_1_relaxed.cif,-0.39209848749993625
C:\Users\GED\PycharmProjects\Aixelo_Project_DataLab_2025\data\odac\pristine_CO2\ic101935f_si_002_auto\ic101935f_si_002_auto_w_CO2_1_relaxed.cif,-0.4460865449998437
C:\Users\GED\PycharmProjects\Aixelo_Project_DataLab_2025\data\odac\pristine_CO2\ic102347b_si_001\ic102347b_si_001_w_CO2_1_relaxed.cif,-0.23468238600003133
C:\Users\GED\PycharmProjects\Aixelo_Project_DataLab_2025\data\odac\pristine_CO2\ic2017598_si_001_clean_h\ic2017598_si_001_clean_h_w_CO2_1_relaxed.cif,-0.29318903749995684
C:\Users\GED\PycharmProjects\Aixelo_Project_DataLab_2025\data\odac\pristine_CO2\ic202626c_si_002\ic202626c_si_002_w_CO2_1_relaxed.cif,-0.35648725499999045
C:\Users\GED\PycharmProjects\Aixelo_Project_DataLab_2025\data\odac\pristine_CO2\ic202769e_si_002\ic202769e_si_002_w_CO2_1_relaxed.cif,-0.20887426333373085
C:\Users\GED\PycharmProjects\Aixelo_Project_DataLab_2025\data\odac\pristine_CO2\ic300665a_si_002\ic300665a_si_002_w_CO2_1_relaxed.cif,-0.31489982142842826
C:\Users\GED\PycharmProjects\Aixelo_Project_DataLab_2025\data\odac\pristine_CO2\ic3019502_si_002\ic3019502_si_002_w_CO2_2_relaxed.cif,0.3738309450001225
C:\Users\GED\PycharmProjects\Aixelo_Project_DataLab_2025\data\odac\pristine_CO2\ic400607w_si_001\ic400607w_si_001_w_CO2_1_relaxed.cif,-0.24224623285707428
C:\Users\GED\PycharmProjects\Aixelo_Project_DataLab_2025\data\odac\pristine_CO2\ic401157n_si_003\ic401157n_si_003_w_CO2_1_relaxed.cif,-0.3600338442858758
C:\Users\GED\PycharmProjects\Aixelo_Project_DataLab_2025\data\odac\pristine_CO2\ic402058f_si_002\ic402058f_si_002_w_CO2_1_relaxed.cif,-0.15409992857163549
C:\Users\GED\PycharmProjects\Aixelo_Project_DataLab_2025\data\odac\pristine_CO2\ic402058f_si_003\ic402058f_si_003_w_CO2_1_relaxed.cif,-0.3483806928571929
C:\Users\GED\PycharmProjects\Aixelo_Project_DataLab_2025\data\odac\pristine_CO2\ic402058f_si_004\ic402058f_si_004_w_CO2_1_relaxed.cif,0.16711162285696443
C:\Users\GED\PycharmProjects\Aixelo_Project_DataLab_2025\data\odac\pristine_CO2\ic402058f_si_005\ic402058f_si_005_w_CO2_1_relaxed.cif,-0.5278951342857648
C:\Users\GED\PycharmProjects\Aixelo_Project_DataLab_2025\data\odac\pristine_CO2\ic402692p_si_002\ic402692p_si_002_w_CO2_1_relaxed.cif,-0.23292368142866895
C:\Users\GED\PycharmProjects\Aixelo_Project_DataLab_2025\data\odac\pristine_CO2\ic402692p_si_003\ic402692p_si_003_w_CO2_1_relaxed.cif,-0.32365136333324546
C:\Users\GED\PycharmProjects\Aixelo_Project_DataLab_2025\data\odac\pristine_CO2\ic402692p_si_004\ic402692p_si_004_w_CO2_1_relaxed.cif,-0.051047306000054936
C:\Users\GED\PycharmProjects\Aixelo_Project_DataLab_2025\data\odac\pristine_CO2\ic402692p_si_005\ic402692p_si_005_w_CO2_1_relaxed.cif,-0.2691322059999493
C:\Users\GED\PycharmProjects\Aixelo_Project_DataLab_2025\data\odac\pristine_CO2\ic403134c_si_002\ic403134c_si_002_w_CO2_1_relaxed.cif,-0.2620813962500179
C:\Users\GED\PycharmProjects\Aixelo_Project_DataLab_2025\data\odac\pristine_CO2\ic500323r_si_001\ic500323r_si_001_w_CO2_1_relaxed.cif,-0.30479589166664783
C:\Users\GED\PycharmProjects\Aixelo_Project_DataLab_2025\data\odac\pristine_CO2\ic500323r_si_002\ic500323r_si_002_w_CO2_1_relaxed.cif,0.04190429833329292
C:\Users\GED\PycharmProjects\Aixelo_Project_DataLab_2025\data\odac\pristine_CO2\ic5008457_si_002\ic5008457_si_002_w_CO2_1_relaxed.cif,-0.1988514699999314
C:\Users\GED\PycharmProjects\Aixelo_Project_DataLab_2025\data\odac\pristine_CO2\ic5011133_si_003\ic5011133_si_003_w_CO2_1_relaxed.cif,-0.06596761000001075
C:\Users\GED\PycharmProjects\Aixelo_Project_DataLab_2025\data\odac\pristine_CO2\ic501477u_si_002\ic501477u_si_002_w_CO2_1_relaxed.cif,-0.37799699200013487
C:\Users\GED\PycharmProjects\Aixelo_Project_DataLab_2025\data\odac\pristine_CO2\ic501801f_si_002\ic501801f_si_002_w_CO2_1_relaxed.cif,0.22062501857174405
C:\Users\GED\PycharmProjects\Aixelo_Project_DataLab_2025\data\odac\pristine_CO2\ic501849g_si_002\ic501849g_si_002_w_CO2_1_relaxed.cif,-0.03317664833332402
C:\Users\GED\PycharmProjects\Aixelo_Project_DataLab_2025\data\odac\pristine_CO2\ic502254c_si_002\ic502254c_si_002_w_CO2_1_relaxed.cif,-0.14333702166625997
C:\Users\GED\PycharmProjects\Aixelo_Project_DataLab_2025\data\odac\pristine_CO2\ic502643m_si_003\ic502643m_si_003_w_CO2_1_relaxed.cif,-0.2600724783333513
C:\Users\GED\PycharmProjects\Aixelo_Project_DataLab_2025\data\odac\pristine_CO2\ic502643m_si_006\ic502643m_si_006_w_CO2_1_relaxed.cif,-0.21302614833280129
C:\Users\GED\PycharmProjects\Aixelo_Project_DataLab_2025\data\odac\pristine_CO2\ic502643m_si_007\ic502643m_si_007_w_CO2_1_relaxed.cif,-0.35092449666694847
C:\Users\GED\PycharmProjects\Aixelo_Project_DataLab_2025\data\odac\pristine_CO2\ic502643m_si_008\ic502643m_si_008_w_CO2_1_relaxed.cif,-0.3149793116666236
C:\Users\GED\PycharmProjects\Aixelo_Project_DataLab_2025\data\odac\pristine_CO2\ic502643m_si_009\ic502643m_si_009_w_CO2_1_relaxed.cif,-0.26382851999990936
C:\Users\GED\PycharmProjects\Aixelo_Project_DataLab_2025\data\odac\pristine_CO2\ic502643m_si_010\ic502643m_si_010_w_CO2_1_relaxed.cif,-0.3600346633334084
C:\Users\GED\PycharmProjects\Aixelo_Project_DataLab_2025\data\odac\pristine_CO2\ic502725y_si_004\ic502725y_si_004_w_CO2_1_relaxed.cif,-0.19880798199994837
C:\Users\GED\PycharmProjects\Aixelo_Project_DataLab_2025\data\odac\pristine_CO2\ic502730y_si_002\ic502730y_si_002_w_CO2_1_relaxed.cif,-0.23991121800004295
C:\Users\GED\PycharmProjects\Aixelo_Project_DataLab_2025\data\odac\pristine_CO2\ic5028256_si_002\ic5028256_si_002_w_CO2_1_relaxed.cif,-0.24819702749994116
C:\Users\GED\PycharmProjects\Aixelo_Project_DataLab_2025\data\odac\pristine_CO2\ic502921j_si_002\ic502921j_si_002_w_CO2_1_relaxed.cif,-0.35255529000035796
C:\Users\GED\PycharmProjects\Aixelo_Project_DataLab_2025\data\odac\pristine_CO2\ic5b00130_si_002\ic5b00130_si_002_w_CO2_1_relaxed.cif,-0.19306223333345918
C:\Users\GED\PycharmProjects\Aixelo_Project_DataLab_2025\data\odac\pristine_CO2\ic5b00535_si_002\ic5b00535_si_002_w_CO2_1_relaxed.cif,-0.34878086333302843
C:\Users\GED\PycharmProjects\Aixelo_Project_DataLab_2025\data\odac\pristine_CO2\ic700893w-file001\ic700893w-file001_w_CO2_1_relaxed.cif,-0.24834220571432294
C:\Users\GED\PycharmProjects\Aixelo_Project_DataLab_2025\data\odac\pristine_CO2\ic7014034-file001\ic7014034-file001_w_CO2_1_relaxed.cif,-0.3391801799999333
C:\Users\GED\PycharmProjects\Aixelo_Project_DataLab_2025\data\odac\pristine_CO2\ic7025158-file001\ic7025158-file001_w_CO2_1_relaxed.cif,0.7961926840000003
C:\Users\GED\PycharmProjects\Aixelo_Project_DataLab_2025\data\odac\pristine_CO2\ic8004536-file004\ic8004536-file004_w_CO2_1_relaxed.cif,-0.25254399000003025
C:\Users\GED\PycharmProjects\Aixelo_Project_DataLab_2025\data\odac\pristine_CO2\ic9002115_si_001\ic9002115_si_001_w_CO2_1_relaxed.cif,-0.6089250857144829
C:\Users\GED\PycharmProjects\Aixelo_Project_DataLab_2025\data\odac\pristine_CO2\j.ica.2016.05.002_2\j.ica.2016.05.002_2_w_CO2_1_relaxed.cif,0.14448959333321906
C:\Users\GED\PycharmProjects\Aixelo_Project_DataLab_2025\data\odac\pristine_CO2\j.ica.2016.08.030_3\j.ica.2016.08.030_3_w_CO2_1_relaxed.cif,-0.4125161860001299
C:\Users\GED\PycharmProjects\Aixelo_Project_DataLab_2025\data\odac\pristine_CO2\j.inoche.2015.01.025_INC05862-mmc2\j.inoche.2015.01.025_INC05862-mmc2_w_CO2_1_relaxed.cif,-0.31122686571427494
C:\Users\GED\PycharmProjects\Aixelo_Project_DataLab_2025\data\odac\pristine_CO2\j.inoche.2015.02.023_INC05895-mmc1\j.inoche.2015.02.023_INC05895-mmc1_w_CO2_1_relaxed.cif,-0.5064565962499756
C:\Users\GED\PycharmProjects\Aixelo_Project_DataLab_2025\data\odac\pristine_CO2\j.inoche.2015.03.028_inc05925-mmc2\j.inoche.2015.03.028_inc05925-mmc2_w_CO2_1_relaxed.cif,-0.24098995833340572
C:\Users\GED\PycharmProjects\Aixelo_Project_DataLab_2025\data\odac\pristine_CO2\j.inoche.2015.03.054_CIFs\j.inoche.2015.03.054_CIFs_w_CO2_1_relaxed.cif,-0.3087209499999896
C:\Users\GED\PycharmProjects\Aixelo_Project_DataLab_2025\data\odac\pristine_CO2\j.inoche.2015.06.036_inc06102-mmc1\j.inoche.2015.06.036_inc06102-mmc1_w_CO2_1_relaxed.cif,0.16683222624993732
C:\Users\GED\PycharmProjects\Aixelo_Project_DataLab_2025\data\odac\pristine_CO2\j.inoche.2015.12.019_1\j.inoche.2015.12.019_1_w_CO2_1_relaxed.cif,-0.3181306385714768
C:\Users\GED\PycharmProjects\Aixelo_Project_DataLab_2025\data\odac\pristine_CO2\j.jssc.2014.11.015_mmc2\j.jssc.2014.11.015_mmc2_w_CO2_1_relaxed.cif,-0.32039828714294216
C:\Users\GED\PycharmProjects\Aixelo_Project_DataLab_2025\data\odac\pristine_CO2\j.jssc.2015.05.012_mmc6\j.jssc.2015.05.012_mmc6_w_CO2_1_relaxed.cif,-0.5374729844443714
C:\Users\GED\PycharmProjects\Aixelo_Project_DataLab_2025\data\odac\pristine_CO2\j.jssc.2016.09.008_mmc8\j.jssc.2016.09.008_mmc8_w_CO2_1_relaxed.cif,-0.1945573142856379
C:\Users\GED\PycharmProjects\Aixelo_Project_DataLab_2025\data\odac\pristine_CO2\ja0660047si20060818_060256\ja0660047si20060818_060256_w_CO2_3_relaxed.cif,-0.0106900099995073
C:\Users\GED\PycharmProjects\Aixelo_Project_DataLab_2025\data\odac\pristine_CO2\ja074366osi20070816_031204\ja074366osi20070816_031204_w_CO2_1_relaxed.cif,-0.2187375299999985
C:\Users\GED\PycharmProjects\Aixelo_Project_DataLab_2025\data\odac\pristine_CO2\ja109659k_si_002\ja109659k_si_002_w_CO2_1_relaxed.cif,-0.15641026166701974
C:\Users\GED\PycharmProjects\Aixelo_Project_DataLab_2025\data\odac\pristine_CO2\ja111042f_si_002\ja111042f_si_002_w_CO2_2_relaxed.cif,12.28947243500005
C:\Users\GED\PycharmProjects\Aixelo_Project_DataLab_2025\data\odac\pristine_CO2\ja203898s_si_004\ja203898s_si_004_w_CO2_1_relaxed.cif,-0.1658228633333465
C:\Users\GED\PycharmProjects\Aixelo_Project_DataLab_2025\data\odac\pristine_CO2\ja205976v_si_004\ja205976v_si_004_w_CO2_1_relaxed.cif,-0.23766649000007187
C:\Users\GED\PycharmProjects\Aixelo_Project_DataLab_2025\data\odac\pristine_CO2\ja206917z_si_001\ja206917z_si_001_w_CO2_1_relaxed.cif,-0.44761889750014916
C:\Users\GED\PycharmProjects\Aixelo_Project_DataLab_2025\data\odac\pristine_CO2\ja300034j_si_002\ja300034j_si_002_w_CO2_1_relaxed.cif,-0.3504988739999817
C:\Users\GED\PycharmProjects\Aixelo_Project_DataLab_2025\data\odac\pristine_CO2\ja302110d_si_001\ja302110d_si_001_w_CO2_1_relaxed.cif,-0.2237919228574745
C:\Users\GED\PycharmProjects\Aixelo_Project_DataLab_2025\data\odac\pristine_CO2\ja302380x_si_003\ja302380x_si_003_w_CO2_1_relaxed.cif,-0.08229104500060205
C:\Users\GED\PycharmProjects\Aixelo_Project_DataLab_2025\data\odac\pristine_CO2\ja308995t_si_002\ja308995t_si_002_w_CO2_1_relaxed.cif,-0.01611476428580057
C:\Users\GED\PycharmProjects\Aixelo_Project_DataLab_2025\data\odac\pristine_CO2\ja4012707_si_003\ja4012707_si_003_w_CO2_1_relaxed.cif,-0.2504834499999973
C:\Users\GED\PycharmProjects\Aixelo_Project_DataLab_2025\data\odac\pristine_CO2\ja4012707_si_004\ja4012707_si_004_w_CO2_1_relaxed.cif,18.665836020000018
C:\Users\GED\PycharmProjects\Aixelo_Project_DataLab_2025\data\odac\pristine_CO2\ja4015666_si_002\ja4015666_si_002_w_CO2_1_relaxed.cif,-0.17125378399989583
C:\Users\GED\PycharmProjects\Aixelo_Project_DataLab_2025\data\odac\pristine_CO2\ja406030p_si_002_manual\ja406030p_si_002_manual_w_CO2_1_relaxed.cif,-0.41380777571436866
C:\Users\GED\PycharmProjects\Aixelo_Project_DataLab_2025\data\odac\pristine_CO2\ja406030p_si_003\ja406030p_si_003_w_CO2_1_relaxed.cif,-0.4950124842856504
C:\Users\GED\PycharmProjects\Aixelo_Project_DataLab_2025\data\odac\pristine_CO2\ja406030p_si_004\ja406030p_si_004_w_CO2_1_relaxed.cif,-0.5498339066663599
C:\Users\GED\PycharmProjects\Aixelo_Project_DataLab_2025\data\odac\pristine_CO2\ja406030p_si_005_manual\ja406030p_si_005_manual_w_CO2_1_relaxed.cif,-0.4339636385717703
C:\Users\GED\PycharmProjects\Aixelo_Project_DataLab_2025\data\odac\pristine_CO2\ja406030p_si_006_manual\ja406030p_si_006_manual_w_CO2_1_relaxed.cif,-0.8604030628571309
C:\Users\GED\PycharmProjects\Aixelo_Project_DataLab_2025\data\odac\pristine_CO2\ja406030p_si_008_manual\ja406030p_si_008_manual_w_CO2_1_relaxed.cif,-0.5963655499998973
C:\Users\GED\PycharmProjects\Aixelo_Project_DataLab_2025\data\odac\pristine_CO2\ja406030p_si_009_manual\ja406030p_si_009_manual_w_CO2_1_relaxed.cif,-0.24063296000024686
C:\Users\GED\PycharmProjects\Aixelo_Project_DataLab_2025\data\odac\pristine_CO2\ja407778a_si_003\ja407778a_si_003_w_CO2_1_relaxed.cif,-0.14240792000000668
C:\Users\GED\PycharmProjects\Aixelo_Project_DataLab_2025\data\odac\pristine_CO2\ja500330a_si_005\ja500330a_si_005_w_CO2_1_relaxed.cif,-0.27681311499956485
C:\Users\GED\PycharmProjects\Aixelo_Project_DataLab_2025\data\odac\pristine_CO2\ja501810r_si_002\ja501810r_si_002_w_CO2_1_relaxed.cif,2.9848026299999217
C:\Users\GED\PycharmProjects\Aixelo_Project_DataLab_2025\data\odac\pristine_CO2\ja5063423_si_002\ja5063423_si_002_w_CO2_1_relaxed.cif,-0.215523397499993
C:\Users\GED\PycharmProjects\Aixelo_Project_DataLab_2025\data\odac\pristine_CO2\ja506357n_si_002\ja506357n_si_002_w_CO2_1_relaxed.cif,-0.4568329442856144
C:\Users\GED\PycharmProjects\Aixelo_Project_DataLab_2025\data\odac\pristine_CO2\ja507269n_si_002\ja507269n_si_002_w_CO2_1_relaxed.cif,0.017971616000159
C:\Users\GED\PycharmProjects\Aixelo_Project_DataLab_2025\data\odac\pristine_CO2\ja507269n_si_003\ja507269n_si_003_w_CO2_1_relaxed.cif,-0.08087368666679136
C:\Users\GED\PycharmProjects\Aixelo_Project_DataLab_2025\data\odac\pristine_CO2\ja512437u_si_004\ja512437u_si_004_w_CO2_1_relaxed.cif,-0.010047045714080527
C:\Users\GED\PycharmProjects\Aixelo_Project_DataLab_2025\data\odac\pristine_CO2\ja512762r_si_002_auto\ja512762r_si_002_auto_w_CO2_1_relaxed.cif,-0.32668610166683715
C:\Users\GED\PycharmProjects\Aixelo_Project_DataLab_2025\data\odac\pristine_CO2\ja512973b_si_002_auto\ja512973b_si_002_auto_w_CO2_1_relaxed.cif,-0.46132460000004966
C:\Users\GED\PycharmProjects\Aixelo_Project_DataLab_2025\data\odac\pristine_CO2\ja512973b_si_003_auto\ja512973b_si_003_auto_w_CO2_1_relaxed.cif,-0.3500531180001417
C:\Users\GED\PycharmProjects\Aixelo_Project_DataLab_2025\data\odac\pristine_CO2\ja512973b_si_004_auto\ja512973b_si_004_auto_w_CO2_2_relaxed.cif,-0.2688608999998223
C:\Users\GED\PycharmProjects\Aixelo_Project_DataLab_2025\data\odac\pristine_CO2\ja5131269_si_002\ja5131269_si_002_w_CO2_1_relaxed.cif,-0.6574831150000667
C:\Users\GED\PycharmProjects\Aixelo_Project_DataLab_2025\data\odac\pristine_CO2\ja5131269_si_003\ja5131269_si_003_w_CO2_1_relaxed.cif,0.013416495714117068
C:\Users\GED\PycharmProjects\Aixelo_Project_DataLab_2025\data\odac\pristine_CO2\ja5b02556_si_002\ja5b02556_si_002_w_CO2_1_relaxed.cif,-0.23261212444447837
C:\Users\GED\PycharmProjects\Aixelo_Project_DataLab_2025\data\odac\pristine_CO2\ja5b02897_si_003\ja5b02897_si_003_w_CO2_1_relaxed.cif,-0.12623155666667188
C:\Users\GED\PycharmProjects\Aixelo_Project_DataLab_2025\data\odac\pristine_CO2\ja5b02999_si_002\ja5b02999_si_002_w_CO2_1_relaxed.cif,2.502533471666652
C:\Users\GED\PycharmProjects\Aixelo_Project_DataLab_2025\data\odac\pristine_CO2\ja5b02999_si_006\ja5b02999_si_006_w_CO2_1_relaxed.cif,-0.2802552833334554
C:\Users\GED\PycharmProjects\Aixelo_Project_DataLab_2025\data\odac\pristine_CO2\ja5b02999_si_007\ja5b02999_si_007_w_CO2_1_relaxed.cif,13.82193534749996
C:\Users\GED\PycharmProjects\Aixelo_Project_DataLab_2025\data\odac\pristine_CO2\ja903726m_si_002\ja903726m_si_002_w_CO2_1_relaxed.cif,-0.17091907999989073
C:\Users\GED\PycharmProjects\Aixelo_Project_DataLab_2025\data\odac\pristine_CO2\ja994186h\ja994186h_w_CO2_1_relaxed.cif,-0.223456105999935
C:\Users\GED\PycharmProjects\Aixelo_Project_DataLab_2025\data\odac\pristine_CO2\jacs.5b13491_ja5b13491_si_002\jacs.5b13491_ja5b13491_si_002_w_CO2_1_relaxed.cif,-0.41827463333296083
C:\Users\GED\PycharmProjects\Aixelo_Project_DataLab_2025\data\odac\pristine_CO2\jacs.6b02030_ja6b02030_si_003\jacs.6b02030_ja6b02030_si_003_w_CO2_1_relaxed.cif,-0.23658001833291561
C:\Users\GED\PycharmProjects\Aixelo_Project_DataLab_2025\data\odac\pristine_CO2\jacs.6b08724_ja6b08724_si_014\jacs.6b08724_ja6b08724_si_014_w_CO2_1_relaxed.cif,-0.21626491000006354
C:\Users\GED\PycharmProjects\Aixelo_Project_DataLab_2025\data\odac\pristine_CO2\jacs.6b09113_ja6b09113_si_002\jacs.6b09113_ja6b09113_si_002_w_CO2_1_relaxed.cif,0.13329672666657186
C:\Users\GED\PycharmProjects\Aixelo_Project_DataLab_2025\data\odac\pristine_CO2\jacs.6b09155_ja6b09155_si_009\jacs.6b09155_ja6b09155_si_009_w_CO2_1_relaxed.cif,0.03906770000001337
C:\Users\GED\PycharmProjects\Aixelo_Project_DataLab_2025\data\odac\pristine_CO2\jp102463p_si_002\jp102463p_si_002_w_CO2_1_relaxed.cif,-0.16294118999996948
C:\Users\GED\PycharmProjects\Aixelo_Project_DataLab_2025\data\odac\pristine_CO2\jp2064408_si_002\jp2064408_si_002_w_CO2_1_relaxed.cif,-0.34090189333335275
C:\Users\GED\PycharmProjects\Aixelo_Project_DataLab_2025\data\odac\pristine_CO2\jp302979a_si_002\jp302979a_si_002_w_CO2_1_relaxed.cif,-0.8060341100001551
C:\Users\GED\PycharmProjects\Aixelo_Project_DataLab_2025\data\odac\pristine_CO2\jz4002345_si_002\jz4002345_si_002_w_CO2_1_relaxed.cif,-0.21114569833326866
C:\Users\GED\PycharmProjects\Aixelo_Project_DataLab_2025\data\odac\pristine_CO2\jz4002345_si_003\jz4002345_si_003_w_CO2_1_relaxed.cif,-0.23226972333335041
C:\Users\GED\PycharmProjects\Aixelo_Project_DataLab_2025\data\odac\pristine_CO2\jz4002345_si_004\jz4002345_si_004_w_CO2_1_relaxed.cif,-0.2015261949999285
C:\Users\GED\PycharmProjects\Aixelo_Project_DataLab_2025\data\odac\pristine_CO2\jz4002345_si_005\jz4002345_si_005_w_CO2_1_relaxed.cif,-0.25434081833325684
C:\Users\GED\PycharmProjects\Aixelo_Project_DataLab_2025\data\odac\pristine_CO2\jz4002345_si_006\jz4002345_si_006_w_CO2_1_relaxed.cif,-0.07794291333328823
C:\Users\GED\PycharmProjects\Aixelo_Project_DataLab_2025\data\odac\pristine_CO2\ncomms11831_ncomms11831-s2\ncomms11831_ncomms11831-s2_w_CO2_1_relaxed.cif,-0.13192135333333171
C:\Users\GED\PycharmProjects\Aixelo_Project_DataLab_2025\data\odac\pristine_CO2\ncomms11831_ncomms11831-s3\ncomms11831_ncomms11831-s3_w_CO2_random_1_relaxed.cif,-0.11692285999998825
C:\Users\GED\PycharmProjects\Aixelo_Project_DataLab_2025\data\odac\pristine_CO2\ncomms7350-s2\ncomms7350-s2_w_CO2_1_relaxed.cif,-0.2876566499999929
C:\Users\GED\PycharmProjects\Aixelo_Project_DataLab_2025\data\odac\pristine_CO2\om701262m-file004\om701262m-file004_w_CO2_1_relaxed.cif,-0.285888186000011
C:\Users\GED\PycharmProjects\Aixelo_Project_DataLab_2025\data\odac\pristine_CO2\science.1056698_manual\science.1056698_manual_w_CO2_1_relaxed.cif,-0.46756418800014216
