file_path,energy
C:\Users\GED\PycharmProjects\Aixelo_Project_DataLab_2025\data\odac\pristine_H2O\ABEFUL\ABEFUL_w_H2O_1_relaxed.cif,-0.49699903999991574
C:\Users\GED\PycharmProjects\Aixelo_Project_DataLab_2025\data\odac\pristine_H2O\ABESUX\ABESUX_w_H2O_1_relaxed.cif,1.807776578000039
C:\Users\GED\PycharmProjects\Aixelo_Project_DataLab_2025\data\odac\pristine_H2O\ABEXEM\ABEXEM_w_H2O_1_relaxed.cif,-0.6293549899999107
C:\Users\GED\PycharmProjects\Aixelo_Project_DataLab_2025\data\odac\pristine_H2O\ABEXIQ\ABEXIQ_w_H2O_1_relaxed.cif,0.394688872000188
C:\Users\GED\PycharmProjects\Aixelo_Project_DataLab_2025\data\odac\pristine_H2O\ABEXOW\ABEXOW_w_H2O_3_relaxed.cif,-0.5674577799996428
C:\Users\GED\PycharmProjects\Aixelo_Project_DataLab_2025\data\odac\pristine_H2O\ABEYAJ\ABEYAJ_w_H2O_1_relaxed.cif,-0.5796086783332157
C:\Users\GED\PycharmProjects\Aixelo_Project_DataLab_2025\data\odac\pristine_H2O\ABEYIR\ABEYIR_w_H2O_1_relaxed.cif,-0.4976270300000124
C:\Users\GED\PycharmProjects\Aixelo_Project_DataLab_2025\data\odac\pristine_H2O\ABIXOZ\ABIXOZ_w_H2O_2_relaxed.cif,2.2839695566667237
C:\Users\GED\PycharmProjects\Aixelo_Project_DataLab_2025\data\odac\pristine_H2O\ABULOB\ABULOB_w_H2O_1_relaxed.cif,0.08428075999993322
C:\Users\GED\PycharmProjects\Aixelo_Project_DataLab_2025\data\odac\pristine_H2O\ABUWOJ\ABUWOJ_w_H2O_1_relaxed.cif,-0.4918754879999142
C:\Users\GED\PycharmProjects\Aixelo_Project_DataLab_2025\data\odac\pristine_H2O\ACAJIY\ACAJIY_w_H2O_1_relaxed.cif,-0.3016801060003672
C:\Users\GED\PycharmProjects\Aixelo_Project_DataLab_2025\data\odac\pristine_H2O\ACAJIZ\ACAJIZ_w_H2O_1_relaxed.cif,-0.3694647625001153
C:\Users\GED\PycharmProjects\Aixelo_Project_DataLab_2025\data\odac\pristine_H2O\ACAJOF\ACAJOF_w_H2O_1_relaxed.cif,-0.47408320750014354
C:\Users\GED\PycharmProjects\Aixelo_Project_DataLab_2025\data\odac\pristine_H2O\ACIBOE\ACIBOE_w_H2O_1_relaxed.cif,-0.345155949999878
C:\Users\GED\PycharmProjects\Aixelo_Project_DataLab_2025\data\odac\pristine_H2O\ACODON\ACODON_w_H2O_1_relaxed.cif,-0.2385061424998866
C:\Users\GED\PycharmProjects\Aixelo_Project_DataLab_2025\data\odac\pristine_H2O\ACOGAB\ACOGAB_w_H2O_1_relaxed.cif,-0.46962811599992166
C:\Users\GED\PycharmProjects\Aixelo_Project_DataLab_2025\data\odac\pristine_H2O\ACOGEF\ACOGEF_w_H2O_1_relaxed.cif,-0.5331784919998881
C:\Users\GED\PycharmProjects\Aixelo_Project_DataLab_2025\data\odac\pristine_H2O\ACOLIP\ACOLIP_w_H2O_1_relaxed.cif,-0.5108190739999372
C:\Users\GED\PycharmProjects\Aixelo_Project_DataLab_2025\data\odac\pristine_H2O\ACUBAB\ACUBAB_w_H2O_1_relaxed.cif,-0.4185279424999777
C:\Users\GED\PycharmProjects\Aixelo_Project_DataLab_2025\data\odac\pristine_H2O\ACUTOI\ACUTOI_w_H2O_1_relaxed.cif,-0.40220871499985833
C:\Users\GED\PycharmProjects\Aixelo_Project_DataLab_2025\data\odac\pristine_H2O\ADABUE\ADABUE_w_H2O_1_relaxed.cif,-0.23059233400008447
C:\Users\GED\PycharmProjects\Aixelo_Project_DataLab_2025\data\odac\pristine_H2O\ADAXEK\ADAXEK_w_H2O_1_relaxed.cif,-0.1558390980000013
C:\Users\GED\PycharmProjects\Aixelo_Project_DataLab_2025\data\odac\pristine_H2O\ADAXIO\ADAXIO_w_H2O_3_relaxed.cif,-0.1310309600000891
C:\Users\GED\PycharmProjects\Aixelo_Project_DataLab_2025\data\odac\pristine_H2O\ADIQEL\ADIQEL_w_H2O_1_relaxed.cif,-0.2561116233333488
C:\Users\GED\PycharmProjects\Aixelo_Project_DataLab_2025\data\odac\pristine_H2O\ADOBAX_charged\ADOBAX_charged_w_H2O_1_relaxed.cif,-0.5048440119998304
C:\Users\GED\PycharmProjects\Aixelo_Project_DataLab_2025\data\odac\pristine_H2O\ADOBEB_charged\ADOBEB_charged_w_H2O_1_relaxed.cif,-0.187777532000382
C:\Users\GED\PycharmProjects\Aixelo_Project_DataLab_2025\data\odac\pristine_H2O\ADOBOL_charged\ADOBOL_charged_w_H2O_1_relaxed.cif,0.1184743159994468
C:\Users\GED\PycharmProjects\Aixelo_Project_DataLab_2025\data\odac\pristine_H2O\ADOCEC\ADOCEC_w_H2O_1_relaxed.cif,-0.045912508000083105
C:\Users\GED\PycharmProjects\Aixelo_Project_DataLab_2025\data\odac\pristine_H2O\ADODAA_charged\ADODAA_charged_w_H2O_1_relaxed.cif,-0.23492763600011127
C:\Users\GED\PycharmProjects\Aixelo_Project_DataLab_2025\data\odac\pristine_H2O\ADODII\ADODII_w_H2O_1_relaxed.cif,-0.2767513199999314
C:\Users\GED\PycharmProjects\Aixelo_Project_DataLab_2025\data\odac\pristine_H2O\ADODOO\ADODOO_w_H2O_1_relaxed.cif,-0.3377089324999645
C:\Users\GED\PycharmProjects\Aixelo_Project_DataLab_2025\data\odac\pristine_H2O\ADODUU\ADODUU_w_H2O_1_relaxed.cif,-0.254711135999878
C:\Users\GED\PycharmProjects\Aixelo_Project_DataLab_2025\data\odac\pristine_H2O\ADUWIH\ADUWIH_w_H2O_1_relaxed.cif,-0.5493859866669482
C:\Users\GED\PycharmProjects\Aixelo_Project_DataLab_2025\data\odac\pristine_H2O\AFEJOK_ion_b\AFEJOK_ion_b_w_H2O_1_relaxed.cif,-0.5623240380001334
C:\Users\GED\PycharmProjects\Aixelo_Project_DataLab_2025\data\odac\pristine_H2O\AFENEE\AFENEE_w_H2O_1_relaxed.cif,-0.2886100859999487
C:\Users\GED\PycharmProjects\Aixelo_Project_DataLab_2025\data\odac\pristine_H2O\AFIPAH\AFIPAH_w_H2O_1_relaxed.cif,-0.5813197074999721
C:\Users\GED\PycharmProjects\Aixelo_Project_DataLab_2025\data\odac\pristine_H2O\AFITEP\AFITEP_w_H2O_1_relaxed.cif,-0.16751325799991715
C:\Users\GED\PycharmProjects\Aixelo_Project_DataLab_2025\data\odac\pristine_H2O\AFITUF\AFITUF_w_H2O_1_relaxed.cif,-0.34634301000028245
C:\Users\GED\PycharmProjects\Aixelo_Project_DataLab_2025\data\odac\pristine_H2O\AFIXAO\AFIXAO_w_H2O_1_relaxed.cif,-0.23100574800027968
C:\Users\GED\PycharmProjects\Aixelo_Project_DataLab_2025\data\odac\pristine_H2O\AFOTOF\AFOTOF_w_H2O_1_relaxed.cif,0.701625297999908
C:\Users\GED\PycharmProjects\Aixelo_Project_DataLab_2025\data\odac\pristine_H2O\AFOTUL\AFOTUL_w_H2O_1_relaxed.cif,1.0646270100000002
C:\Users\GED\PycharmProjects\Aixelo_Project_DataLab_2025\data\odac\pristine_H2O\AFOVAT\AFOVAT_w_H2O_1_relaxed.cif,-0.06647841199992396
C:\Users\GED\PycharmProjects\Aixelo_Project_DataLab_2025\data\odac\pristine_H2O\AFOVEX\AFOVEX_w_H2O_1_relaxed.cif,-0.29813713599999114
C:\Users\GED\PycharmProjects\Aixelo_Project_DataLab_2025\data\odac\pristine_H2O\AFOVIB\AFOVIB_w_H2O_1_relaxed.cif,-0.06969523833326244
C:\Users\GED\PycharmProjects\Aixelo_Project_DataLab_2025\data\odac\pristine_H2O\AFOVOH\AFOVOH_w_H2O_1_relaxed.cif,0.16382016999987173
C:\Users\GED\PycharmProjects\Aixelo_Project_DataLab_2025\data\odac\pristine_H2O\AFOYIE\AFOYIE_w_H2O_1_relaxed.cif,-0.3052665724999883
C:\Users\GED\PycharmProjects\Aixelo_Project_DataLab_2025\data\odac\pristine_H2O\AFOYOK\AFOYOK_w_H2O_1_relaxed.cif,-0.7323269975000244
C:\Users\GED\PycharmProjects\Aixelo_Project_DataLab_2025\data\odac\pristine_H2O\AGABIU\AGABIU_w_H2O_random_1_relaxed.cif,-0.6191266699999005
C:\Users\GED\PycharmProjects\Aixelo_Project_DataLab_2025\data\odac\pristine_H2O\AGARUW\AGARUW_w_H2O_1_relaxed.cif,0.21196974599995427
C:\Users\GED\PycharmProjects\Aixelo_Project_DataLab_2025\data\odac\pristine_H2O\AGONAM\AGONAM_w_H2O_1_relaxed.cif,-0.07421103799997578
C:\Users\GED\PycharmProjects\Aixelo_Project_DataLab_2025\data\odac\pristine_H2O\AGONEQ\AGONEQ_w_H2O_1_relaxed.cif,-0.20168722499997213
C:\Users\GED\PycharmProjects\Aixelo_Project_DataLab_2025\data\odac\pristine_H2O\AHAMAY\AHAMAY_w_H2O_1_relaxed.cif,-0.7033246519999921
C:\Users\GED\PycharmProjects\Aixelo_Project_DataLab_2025\data\odac\pristine_H2O\AHOKIR\AHOKIR_w_H2O_1_relaxed.cif,-0.6193767100000164
C:\Users\GED\PycharmProjects\Aixelo_Project_DataLab_2025\data\odac\pristine_H2O\AHOKIR01\AHOKIR01_w_H2O_1_relaxed.cif,-0.687278466000015
C:\Users\GED\PycharmProjects\Aixelo_Project_DataLab_2025\data\odac\pristine_H2O\AHOKOX\AHOKOX_w_H2O_1_relaxed.cif,-0.2747779079999873
C:\Users\GED\PycharmProjects\Aixelo_Project_DataLab_2025\data\odac\pristine_H2O\AJAKON\AJAKON_w_H2O_1_relaxed.cif,-0.674703574000523
C:\Users\GED\PycharmProjects\Aixelo_Project_DataLab_2025\data\odac\pristine_H2O\AJOTEY\AJOTEY_w_H2O_1_relaxed.cif,-1.0595131624999965
C:\Users\GED\PycharmProjects\Aixelo_Project_DataLab_2025\data\odac\pristine_H2O\AJOVEB\AJOVEB_w_H2O_1_relaxed.cif,-0.6897563619999346
C:\Users\GED\PycharmProjects\Aixelo_Project_DataLab_2025\data\odac\pristine_H2O\AKEDIF\AKEDIF_w_H2O_1_relaxed.cif,-0.10690650400001686
C:\Users\GED\PycharmProjects\Aixelo_Project_DataLab_2025\data\odac\pristine_H2O\AKOBAF\AKOBAF_w_H2O_1_relaxed.cif,-0.4022942020003029
C:\Users\GED\PycharmProjects\Aixelo_Project_DataLab_2025\data\odac\pristine_H2O\AKUKUO\AKUKUO_w_H2O_1_relaxed.cif,-0.4896232939999436
C:\Users\GED\PycharmProjects\Aixelo_Project_DataLab_2025\data\odac\pristine_H2O\ALAMUW\ALAMUW_w_H2O_1_relaxed.cif,-0.05919640399993111
C:\Users\GED\PycharmProjects\Aixelo_Project_DataLab_2025\data\odac\pristine_H2O\ALEQIT\ALEQIT_w_H2O_1_relaxed.cif,-0.33885818399999146
C:\Users\GED\PycharmProjects\Aixelo_Project_DataLab_2025\data\odac\pristine_H2O\ALIXAU_clean_h\ALIXAU_clean_h_w_H2O_1_relaxed.cif,-0.27847937000015005
C:\Users\GED\PycharmProjects\Aixelo_Project_DataLab_2025\data\odac\pristine_H2O\ALIXOJ\ALIXOJ_w_H2O_1_relaxed.cif,-0.3897967074997837
C:\Users\GED\PycharmProjects\Aixelo_Project_DataLab_2025\data\odac\pristine_H2O\ALIXUP\ALIXUP_w_H2O_1_relaxed.cif,-0.549880352500054
C:\Users\GED\PycharmProjects\Aixelo_Project_DataLab_2025\data\odac\pristine_H2O\ALOLIY\ALOLIY_w_H2O_1_relaxed.cif,-0.9731238980002672
C:\Users\GED\PycharmProjects\Aixelo_Project_DataLab_2025\data\odac\pristine_H2O\ALUJEX\ALUJEX_w_H2O_1_relaxed.cif,0.5336992479996298
C:\Users\GED\PycharmProjects\Aixelo_Project_DataLab_2025\data\odac\pristine_H2O\ALUKIC\ALUKIC_w_H2O_1_relaxed.cif,-0.0363287449998779
C:\Users\GED\PycharmProjects\Aixelo_Project_DataLab_2025\data\odac\pristine_H2O\ALULAV\ALULAV_w_H2O_1_relaxed.cif,-0.14765482000007066
C:\Users\GED\PycharmProjects\Aixelo_Project_DataLab_2025\data\odac\pristine_H2O\ALULID\ALULID_w_H2O_1_relaxed.cif,-0.4582808866665194
C:\Users\GED\PycharmProjects\Aixelo_Project_DataLab_2025\data\odac\pristine_H2O\AMAFOK\AMAFOK_w_H2O_1_relaxed.cif,-0.2870914425000137
C:\Users\GED\PycharmProjects\Aixelo_Project_DataLab_2025\data\odac\pristine_H2O\AMAGAX\AMAGAX_w_H2O_1_relaxed.cif,-0.28093630800030944
C:\Users\GED\PycharmProjects\Aixelo_Project_DataLab_2025\data\odac\pristine_H2O\AMILUE\AMILUE_w_H2O_1_relaxed.cif,-0.3522433800001181
C:\Users\GED\PycharmProjects\Aixelo_Project_DataLab_2025\data\odac\pristine_H2O\AMIMEP\AMIMEP_w_H2O_1_relaxed.cif,-0.3531993620000776
C:\Users\GED\PycharmProjects\Aixelo_Project_DataLab_2025\data\odac\pristine_H2O\AMIWID\AMIWID_w_H2O_1_relaxed.cif,-0.6457050139999865
C:\Users\GED\PycharmProjects\Aixelo_Project_DataLab_2025\data\odac\pristine_H2O\AMIWOJ\AMIWOJ_w_H2O_1_relaxed.cif,-0.49342854399992575
C:\Users\GED\PycharmProjects\Aixelo_Project_DataLab_2025\data\odac\pristine_H2O\AMIWUP\AMIWUP_w_H2O_1_relaxed.cif,-0.6095021325000971
C:\Users\GED\PycharmProjects\Aixelo_Project_DataLab_2025\data\odac\pristine_H2O\AMIXAW\AMIXAW_w_H2O_1_relaxed.cif,-0.7516120259998388
C:\Users\GED\PycharmProjects\Aixelo_Project_DataLab_2025\data\odac\pristine_H2O\AMOYOR\AMOYOR_w_H2O_1_relaxed.cif,-0.05191061399993938
C:\Users\GED\PycharmProjects\Aixelo_Project_DataLab_2025\data\odac\pristine_H2O\AMUFOF\AMUFOF_w_H2O_1_relaxed.cif,-0.5270632679999835
C:\Users\GED\PycharmProjects\Aixelo_Project_DataLab_2025\data\odac\pristine_H2O\AMUWUB\AMUWUB_w_H2O_1_relaxed.cif,-0.3071098675000598
C:\Users\GED\PycharmProjects\Aixelo_Project_DataLab_2025\data\odac\pristine_H2O\AMUXAI\AMUXAI_w_H2O_1_relaxed.cif,-0.5783046649999051
C:\Users\GED\PycharmProjects\Aixelo_Project_DataLab_2025\data\odac\pristine_H2O\ANENEN\ANENEN_w_H2O_1_relaxed.cif,-0.39312770599997293
C:\Users\GED\PycharmProjects\Aixelo_Project_DataLab_2025\data\odac\pristine_H2O\ANENIR\ANENIR_w_H2O_1_relaxed.cif,-0.3362232919999996
C:\Users\GED\PycharmProjects\Aixelo_Project_DataLab_2025\data\odac\pristine_H2O\ANOMUM\ANOMUM_w_H2O_1_relaxed.cif,-0.33863358249999465
C:\Users\GED\PycharmProjects\Aixelo_Project_DataLab_2025\data\odac\pristine_H2O\ANONAT_manual\ANONAT_manual_w_H2O_1_relaxed.cif,-0.2312260550000644
C:\Users\GED\PycharmProjects\Aixelo_Project_DataLab_2025\data\odac\pristine_H2O\ANUGIA\ANUGIA_w_H2O_1_relaxed.cif,-0.23495010999988605
C:\Users\GED\PycharmProjects\Aixelo_Project_DataLab_2025\data\odac\pristine_H2O\ANUGOG\ANUGOG_w_H2O_1_relaxed.cif,-0.16017137749997798
C:\Users\GED\PycharmProjects\Aixelo_Project_DataLab_2025\data\odac\pristine_H2O\APACAX\APACAX_w_H2O_1_relaxed.cif,-0.06975429500050723
C:\Users\GED\PycharmProjects\Aixelo_Project_DataLab_2025\data\odac\pristine_H2O\APARAM\APARAM_w_H2O_1_relaxed.cif,-0.39963743499996934
C:\Users\GED\PycharmProjects\Aixelo_Project_DataLab_2025\data\odac\pristine_H2O\APAYOH\APAYOH_w_H2O_random_1_relaxed.cif,-0.2747622800000044
C:\Users\GED\PycharmProjects\Aixelo_Project_DataLab_2025\data\odac\pristine_H2O\APAYUN\APAYUN_w_H2O_1_relaxed.cif,-0.2876268450003181
C:\Users\GED\PycharmProjects\Aixelo_Project_DataLab_2025\data\odac\pristine_H2O\APAZIC\APAZIC_w_H2O_1_relaxed.cif,-0.4734743140002138
C:\Users\GED\PycharmProjects\Aixelo_Project_DataLab_2025\data\odac\pristine_H2O\APAZOI\APAZOI_w_H2O_1_relaxed.cif,-0.41943071999986614
C:\Users\GED\PycharmProjects\Aixelo_Project_DataLab_2025\data\odac\pristine_H2O\APEBED\APEBED_w_H2O_1_relaxed.cif,-0.33983046800001376
C:\Users\GED\PycharmProjects\Aixelo_Project_DataLab_2025\data\odac\pristine_H2O\APEBEE\APEBEE_w_H2O_1_relaxed.cif,-0.4487894640000377
C:\Users\GED\PycharmProjects\Aixelo_Project_DataLab_2025\data\odac\pristine_H2O\AQEQES\AQEQES_w_H2O_1_relaxed.cif,-0.04369545000008655
C:\Users\GED\PycharmProjects\Aixelo_Project_DataLab_2025\data\odac\pristine_H2O\AQEQIW\AQEQIW_w_H2O_1_relaxed.cif,-0.3164214549999258
C:\Users\GED\PycharmProjects\Aixelo_Project_DataLab_2025\data\odac\pristine_H2O\AQIQAU\AQIQAU_w_H2O_1_relaxed.cif,-0.509587673333499
C:\Users\GED\PycharmProjects\Aixelo_Project_DataLab_2025\data\odac\pristine_H2O\AQOLEZ\AQOLEZ_w_H2O_1_relaxed.cif,0.8669097440002134
C:\Users\GED\PycharmProjects\Aixelo_Project_DataLab_2025\data\odac\pristine_H2O\AQOTIK\AQOTIK_w_H2O_2_relaxed.cif,-0.31802329666667595
C:\Users\GED\PycharmProjects\Aixelo_Project_DataLab_2025\data\odac\pristine_H2O\AQUCOF\AQUCOF_w_H2O_1_relaxed.cif,-0.36484155399998597
C:\Users\GED\PycharmProjects\Aixelo_Project_DataLab_2025\data\odac\pristine_H2O\AQUCOG\AQUCOG_w_H2O_1_relaxed.cif,-0.1799356925000097
C:\Users\GED\PycharmProjects\Aixelo_Project_DataLab_2025\data\odac\pristine_H2O\AQUCUM\AQUCUM_w_H2O_1_relaxed.cif,-0.11800338749998218
C:\Users\GED\PycharmProjects\Aixelo_Project_DataLab_2025\data\odac\pristine_H2O\AQUDAS\AQUDAS_w_H2O_1_relaxed.cif,-0.422302449999961
C:\Users\GED\PycharmProjects\Aixelo_Project_DataLab_2025\data\odac\pristine_H2O\AQUDAT\AQUDAT_w_H2O_1_relaxed.cif,-0.4711115799998879
C:\Users\GED\PycharmProjects\Aixelo_Project_DataLab_2025\data\odac\pristine_H2O\AQUDEX\AQUDEX_w_H2O_1_relaxed.cif,-0.48043683800005965
C:\Users\GED\PycharmProjects\Aixelo_Project_DataLab_2025\data\odac\pristine_H2O\AQUDIB\AQUDIB_w_H2O_1_relaxed.cif,-0.2774515700000961
C:\Users\GED\PycharmProjects\Aixelo_Project_DataLab_2025\data\odac\pristine_H2O\AQUDOH\AQUDOH_w_H2O_1_relaxed.cif,-0.45488011799984635
C:\Users\GED\PycharmProjects\Aixelo_Project_DataLab_2025\data\odac\pristine_H2O\ARADEE\ARADEE_w_H2O_1_relaxed.cif,-0.483233870000106
C:\Users\GED\PycharmProjects\Aixelo_Project_DataLab_2025\data\odac\pristine_H2O\ARAFEF\ARAFEF_w_H2O_1_relaxed.cif,0.6316190149999557
C:\Users\GED\PycharmProjects\Aixelo_Project_DataLab_2025\data\odac\pristine_H2O\ARAFIJ\ARAFIJ_w_H2O_1_relaxed.cif,0.8152118275000078
C:\Users\GED\PycharmProjects\Aixelo_Project_DataLab_2025\data\odac\pristine_H2O\ARAFOP\ARAFOP_w_H2O_1_relaxed.cif,-0.27224445000004494
C:\Users\GED\PycharmProjects\Aixelo_Project_DataLab_2025\data\odac\pristine_H2O\ARAGOR\ARAGOR_w_H2O_1_relaxed.cif,-0.6699049083334406
C:\Users\GED\PycharmProjects\Aixelo_Project_DataLab_2025\data\odac\pristine_H2O\ARINOF\ARINOF_w_H2O_1_relaxed.cif,-0.08053212199990863
C:\Users\GED\PycharmProjects\Aixelo_Project_DataLab_2025\data\odac\pristine_H2O\ARINUL\ARINUL_w_H2O_1_relaxed.cif,0.0005929866666368339
C:\Users\GED\PycharmProjects\Aixelo_Project_DataLab_2025\data\odac\pristine_H2O\AROFAP\AROFAP_w_H2O_1_relaxed.cif,-0.2903383119999944
C:\Users\GED\PycharmProjects\Aixelo_Project_DataLab_2025\data\odac\pristine_H2O\AROFET\AROFET_w_H2O_1_relaxed.cif,-0.30535176199996383
C:\Users\GED\PycharmProjects\Aixelo_Project_DataLab_2025\data\odac\pristine_H2O\ARUYES\ARUYES_w_H2O_1_relaxed.cif,-0.28022491749999284
C:\Users\GED\PycharmProjects\Aixelo_Project_DataLab_2025\data\odac\pristine_H2O\ARUYOB\ARUYOB_w_H2O_random_1_relaxed.cif,-0.36808895499996197
C:\Users\GED\PycharmProjects\Aixelo_Project_DataLab_2025\data\odac\pristine_H2O\ARUYUH\ARUYUH_w_H2O_1_relaxed.cif,-0.2163597419999405
C:\Users\GED\PycharmProjects\Aixelo_Project_DataLab_2025\data\odac\pristine_H2O\ARUYUH01\ARUYUH01_w_H2O_1_relaxed.cif,-0.47157278000004227
C:\Users\GED\PycharmProjects\Aixelo_Project_DataLab_2025\data\odac\pristine_H2O\ASACON\ASACON_w_H2O_1_relaxed.cif,0.23142504799989178
C:\Users\GED\PycharmProjects\Aixelo_Project_DataLab_2025\data\odac\pristine_H2O\ASADAA\ASADAA_w_H2O_1_relaxed.cif,-0.41342961999981753
C:\Users\GED\PycharmProjects\Aixelo_Project_DataLab_2025\data\odac\pristine_H2O\ASEJOZ\ASEJOZ_w_H2O_1_relaxed.cif,-1.0178797300000497
C:\Users\GED\PycharmProjects\Aixelo_Project_DataLab_2025\data\odac\pristine_H2O\ASEJOZ01\ASEJOZ01_w_H2O_1_relaxed.cif,-0.5544955980001305
C:\Users\GED\PycharmProjects\Aixelo_Project_DataLab_2025\data\odac\pristine_H2O\ASEKAM\ASEKAM_w_H2O_1_relaxed.cif,-0.10924020000012054
C:\Users\GED\PycharmProjects\Aixelo_Project_DataLab_2025\data\odac\pristine_H2O\ASINAT\ASINAT_w_H2O_1_relaxed.cif,-0.3283359349999273
C:\Users\GED\PycharmProjects\Aixelo_Project_DataLab_2025\data\odac\pristine_H2O\ASIQEA\ASIQEA_w_H2O_1_relaxed.cif,-0.3792916240001432
C:\Users\GED\PycharmProjects\Aixelo_Project_DataLab_2025\data\odac\pristine_H2O\ASIQIE\ASIQIE_w_H2O_1_relaxed.cif,-0.7707084040001064
C:\Users\GED\PycharmProjects\Aixelo_Project_DataLab_2025\data\odac\pristine_H2O\ASOHUL\ASOHUL_w_H2O_1_relaxed.cif,-0.1582686674999536
C:\Users\GED\PycharmProjects\Aixelo_Project_DataLab_2025\data\odac\pristine_H2O\ASOSUY\ASOSUY_w_H2O_1_relaxed.cif,-0.06373533249995941
C:\Users\GED\PycharmProjects\Aixelo_Project_DataLab_2025\data\odac\pristine_H2O\ASOVEL\ASOVEL_w_H2O_1_relaxed.cif,-0.7484015900000486
C:\Users\GED\PycharmProjects\Aixelo_Project_DataLab_2025\data\odac\pristine_H2O\ASUWUI\ASUWUI_w_H2O_1_relaxed.cif,-0.21440092600023491
C:\Users\GED\PycharmProjects\Aixelo_Project_DataLab_2025\data\odac\pristine_H2O\ATAFIK\ATAFIK_w_H2O_1_relaxed.cif,-0.14580206500005488
C:\Users\GED\PycharmProjects\Aixelo_Project_DataLab_2025\data\odac\pristine_H2O\ATAYAX\ATAYAX_w_H2O_1_relaxed.cif,-0.24034156500005105
C:\Users\GED\PycharmProjects\Aixelo_Project_DataLab_2025\data\odac\pristine_H2O\ATAYEB\ATAYEB_w_H2O_1_relaxed.cif,-0.4678260799997436
C:\Users\GED\PycharmProjects\Aixelo_Project_DataLab_2025\data\odac\pristine_H2O\ATEYED\ATEYED_w_H2O_1_relaxed.cif,-0.34589486750007836
C:\Users\GED\PycharmProjects\Aixelo_Project_DataLab_2025\data\odac\pristine_H2O\ATIBAG\ATIBAG_w_H2O_1_relaxed.cif,0.4524694325000098
C:\Users\GED\PycharmProjects\Aixelo_Project_DataLab_2025\data\odac\pristine_H2O\ATIBOU\ATIBOU_w_H2O_1_relaxed.cif,-0.426602614999922
C:\Users\GED\PycharmProjects\Aixelo_Project_DataLab_2025\data\odac\pristine_H2O\ATIBOU01\ATIBOU01_w_H2O_1_relaxed.cif,-0.0363134950000301
C:\Users\GED\PycharmProjects\Aixelo_Project_DataLab_2025\data\odac\pristine_H2O\ATIBOU02\ATIBOU02_w_H2O_1_relaxed.cif,-0.1524247999999772
C:\Users\GED\PycharmProjects\Aixelo_Project_DataLab_2025\data\odac\pristine_H2O\ATIBUA\ATIBUA_w_H2O_1_relaxed.cif,0.3672427374999075
C:\Users\GED\PycharmProjects\Aixelo_Project_DataLab_2025\data\odac\pristine_H2O\ATICAH\ATICAH_w_H2O_1_relaxed.cif,0.20196573250012761
C:\Users\GED\PycharmProjects\Aixelo_Project_DataLab_2025\data\odac\pristine_H2O\ATICEL\ATICEL_w_H2O_1_relaxed.cif,0.04050257500006185
C:\Users\GED\PycharmProjects\Aixelo_Project_DataLab_2025\data\odac\pristine_H2O\ATIXAE\ATIXAE_w_H2O_1_relaxed.cif,-0.11443625000003979
C:\Users\GED\PycharmProjects\Aixelo_Project_DataLab_2025\data\odac\pristine_H2O\ATIXUX\ATIXUX_w_H2O_1_relaxed.cif,-0.21992797799980507
C:\Users\GED\PycharmProjects\Aixelo_Project_DataLab_2025\data\odac\pristine_H2O\ATOGEV\ATOGEV_w_H2O_1_relaxed.cif,2.7260844133334103
C:\Users\GED\PycharmProjects\Aixelo_Project_DataLab_2025\data\odac\pristine_H2O\ATOWIQ\ATOWIQ_w_H2O_1_relaxed.cif,-0.6154130079999958
C:\Users\GED\PycharmProjects\Aixelo_Project_DataLab_2025\data\odac\pristine_H2O\ATOWOW\ATOWOW_w_H2O_1_relaxed.cif,-0.2317971019999959
C:\Users\GED\PycharmProjects\Aixelo_Project_DataLab_2025\data\odac\pristine_H2O\ATULIM\ATULIM_w_H2O_1_relaxed.cif,0.0892741580000347
C:\Users\GED\PycharmProjects\Aixelo_Project_DataLab_2025\data\odac\pristine_H2O\AVAGUB\AVAGUB_w_H2O_1_relaxed.cif,-0.3550209160000577
C:\Users\GED\PycharmProjects\Aixelo_Project_DataLab_2025\data\odac\pristine_H2O\AVAQIX\AVAQIX_w_H2O_1_relaxed.cif,-0.27313507999997455
C:\Users\GED\PycharmProjects\Aixelo_Project_DataLab_2025\data\odac\pristine_H2O\AVAQIX01\AVAQIX01_w_H2O_1_relaxed.cif,-0.39105682199983677
C:\Users\GED\PycharmProjects\Aixelo_Project_DataLab_2025\data\odac\pristine_H2O\AVEHAM\AVEHAM_w_H2O_1_relaxed.cif,-0.3166885050000019
C:\Users\GED\PycharmProjects\Aixelo_Project_DataLab_2025\data\odac\pristine_H2O\AVELOD\AVELOD_w_H2O_1_relaxed.cif,-0.1745170100000905
C:\Users\GED\PycharmProjects\Aixelo_Project_DataLab_2025\data\odac\pristine_H2O\AVELUJ\AVELUJ_w_H2O_1_relaxed.cif,0.13447923599983364
C:\Users\GED\PycharmProjects\Aixelo_Project_DataLab_2025\data\odac\pristine_H2O\AVEMAQ\AVEMAQ_w_H2O_1_relaxed.cif,0.3545162799999616
C:\Users\GED\PycharmProjects\Aixelo_Project_DataLab_2025\data\odac\pristine_H2O\AVEQID\AVEQID_w_H2O_1_relaxed.cif,-0.6984284824999918
C:\Users\GED\PycharmProjects\Aixelo_Project_DataLab_2025\data\odac\pristine_H2O\AVESOL\AVESOL_w_H2O_1_relaxed.cif,0.04569746199999824
C:\Users\GED\PycharmProjects\Aixelo_Project_DataLab_2025\data\odac\pristine_H2O\AVESUR\AVESUR_w_H2O_1_relaxed.cif,-0.5656669300003159
C:\Users\GED\PycharmProjects\Aixelo_Project_DataLab_2025\data\odac\pristine_H2O\AVETAY\AVETAY_w_H2O_2_relaxed.cif,-0.5615803800010326
C:\Users\GED\PycharmProjects\Aixelo_Project_DataLab_2025\data\odac\pristine_H2O\AVEVEE\AVEVEE_w_H2O_1_relaxed.cif,-0.4290499559999944
C:\Users\GED\PycharmProjects\Aixelo_Project_DataLab_2025\data\odac\pristine_H2O\AVIHIY\AVIHIY_w_H2O_1_relaxed.cif,-0.24863970000001245
C:\Users\GED\PycharmProjects\Aixelo_Project_DataLab_2025\data\odac\pristine_H2O\AVIHOE\AVIHOE_w_H2O_1_relaxed.cif,-0.31488372500010087
C:\Users\GED\PycharmProjects\Aixelo_Project_DataLab_2025\data\odac\pristine_H2O\AVIMIC\AVIMIC_w_H2O_1_relaxed.cif,-0.36776027750005363
C:\Users\GED\PycharmProjects\Aixelo_Project_DataLab_2025\data\odac\pristine_H2O\AVIMOI\AVIMOI_w_H2O_1_relaxed.cif,-0.492919319999919
C:\Users\GED\PycharmProjects\Aixelo_Project_DataLab_2025\data\odac\pristine_H2O\AVIMUO\AVIMUO_w_H2O_1_relaxed.cif,-0.18950325199989487
C:\Users\GED\PycharmProjects\Aixelo_Project_DataLab_2025\data\odac\pristine_H2O\AVIPAX\AVIPAX_w_H2O_1_relaxed.cif,-0.3934921999999915
C:\Users\GED\PycharmProjects\Aixelo_Project_DataLab_2025\data\odac\pristine_H2O\AVIPOL\AVIPOL_w_H2O_1_relaxed.cif,-0.26515106499996927
C:\Users\GED\PycharmProjects\Aixelo_Project_DataLab_2025\data\odac\pristine_H2O\AVOSIO_charged\AVOSIO_charged_w_H2O_1_relaxed.cif,-0.1643561225005214
C:\Users\GED\PycharmProjects\Aixelo_Project_DataLab_2025\data\odac\pristine_H2O\AWAGEL\AWAGEL_w_H2O_1_relaxed.cif,-0.12639646249999711
C:\Users\GED\PycharmProjects\Aixelo_Project_DataLab_2025\data\odac\pristine_H2O\AWAKEQ\AWAKEQ_w_H2O_1_relaxed.cif,-0.1060738199999832
C:\Users\GED\PycharmProjects\Aixelo_Project_DataLab_2025\data\odac\pristine_H2O\AWEJIW\AWEJIW_w_H2O_1_relaxed.cif,-0.18666348333340466
C:\Users\GED\PycharmProjects\Aixelo_Project_DataLab_2025\data\odac\pristine_H2O\AWIBAL\AWIBAL_w_H2O_1_relaxed.cif,-0.5023774820000313
C:\Users\GED\PycharmProjects\Aixelo_Project_DataLab_2025\data\odac\pristine_H2O\AWOFOI\AWOFOI_w_H2O_1_relaxed.cif,0.06690334200015965
C:\Users\GED\PycharmProjects\Aixelo_Project_DataLab_2025\data\odac\pristine_H2O\AXIMUP\AXIMUP_w_H2O_1_relaxed.cif,-0.6287176900003487
C:\Users\GED\PycharmProjects\Aixelo_Project_DataLab_2025\data\odac\pristine_H2O\AXIPEE\AXIPEE_w_H2O_1_relaxed.cif,-0.11592550750003733
C:\Users\GED\PycharmProjects\Aixelo_Project_DataLab_2025\data\odac\pristine_H2O\AXIPEE03\AXIPEE03_w_H2O_1_relaxed.cif,-0.28100389000042014
C:\Users\GED\PycharmProjects\Aixelo_Project_DataLab_2025\data\odac\pristine_H2O\AXUBAW_manual\AXUBAW_manual_w_H2O_1_relaxed.cif,-0.3343523449998997
C:\Users\GED\PycharmProjects\Aixelo_Project_DataLab_2025\data\odac\pristine_H2O\AXUBOL\AXUBOL_w_H2O_1_relaxed.cif,-0.0429895000000215
C:\Users\GED\PycharmProjects\Aixelo_Project_DataLab_2025\data\odac\pristine_H2O\AZAFIS\AZAFIS_w_H2O_1_relaxed.cif,-0.41764927499999516
C:\Users\GED\PycharmProjects\Aixelo_Project_DataLab_2025\data\odac\pristine_H2O\AZEWEH\AZEWEH_w_H2O_1_relaxed.cif,-0.4569721299999969
C:\Users\GED\PycharmProjects\Aixelo_Project_DataLab_2025\data\odac\pristine_H2O\AZIVAI\AZIVAI_w_H2O_1_relaxed.cif,-0.38911650250008734
C:\Users\GED\PycharmProjects\Aixelo_Project_DataLab_2025\data\odac\pristine_H2O\AZIXUD\AZIXUD_w_H2O_1_relaxed.cif,-0.4908869820000746
C:\Users\GED\PycharmProjects\Aixelo_Project_DataLab_2025\data\odac\pristine_H2O\BACGAQ\BACGAQ_w_H2O_1_relaxed.cif,-0.33186887999994497
C:\Users\GED\PycharmProjects\Aixelo_Project_DataLab_2025\data\odac\pristine_H2O\BAEDTA01\BAEDTA01_w_H2O_1_relaxed.cif,-0.04469855199986344
C:\Users\GED\PycharmProjects\Aixelo_Project_DataLab_2025\data\odac\pristine_H2O\BAFHAU\BAFHAU_w_H2O_1_relaxed.cif,-0.5692315366665829
C:\Users\GED\PycharmProjects\Aixelo_Project_DataLab_2025\data\odac\pristine_H2O\BAKJII\BAKJII_w_H2O_1_relaxed.cif,-0.13974156000006127
C:\Users\GED\PycharmProjects\Aixelo_Project_DataLab_2025\data\odac\pristine_H2O\BAKYOE\BAKYOE_w_H2O_1_relaxed.cif,-0.20064763599980323
C:\Users\GED\PycharmProjects\Aixelo_Project_DataLab_2025\data\odac\pristine_H2O\BAMKIM\BAMKIM_w_H2O_1_relaxed.cif,-0.5218990500000018
C:\Users\GED\PycharmProjects\Aixelo_Project_DataLab_2025\data\odac\pristine_H2O\BAMKOS\BAMKOS_w_H2O_1_relaxed.cif,-0.5542431699998929
C:\Users\GED\PycharmProjects\Aixelo_Project_DataLab_2025\data\odac\pristine_H2O\BAPDAA\BAPDAA_w_H2O_1_relaxed.cif,-0.43203272250002556
C:\Users\GED\PycharmProjects\Aixelo_Project_DataLab_2025\data\odac\pristine_H2O\BAQWIC\BAQWIC_w_H2O_1_relaxed.cif,-0.4131857225000033
C:\Users\GED\PycharmProjects\Aixelo_Project_DataLab_2025\data\odac\pristine_H2O\BARZUR\BARZUR_w_H2O_1_relaxed.cif,-0.004741846666775033
C:\Users\GED\PycharmProjects\Aixelo_Project_DataLab_2025\data\odac\pristine_H2O\BAXFIR01\BAXFIR01_w_H2O_1_relaxed.cif,-0.4314624259999619
C:\Users\GED\PycharmProjects\Aixelo_Project_DataLab_2025\data\odac\pristine_H2O\BAXFIR02\BAXFIR02_w_H2O_1_relaxed.cif,-0.43641851999996106
C:\Users\GED\PycharmProjects\Aixelo_Project_DataLab_2025\data\odac\pristine_H2O\BAXFUD\BAXFUD_w_H2O_1_relaxed.cif,-0.510165951999852
C:\Users\GED\PycharmProjects\Aixelo_Project_DataLab_2025\data\odac\pristine_H2O\BAXGAK\BAXGAK_w_H2O_1_relaxed.cif,-0.43601869999999965
C:\Users\GED\PycharmProjects\Aixelo_Project_DataLab_2025\data\odac\pristine_H2O\BAXSIE\BAXSIE_w_H2O_1_relaxed.cif,-0.535832819999996
C:\Users\GED\PycharmProjects\Aixelo_Project_DataLab_2025\data\odac\pristine_H2O\BAZFUF\BAZFUF_w_H2O_1_relaxed.cif,-0.6002649000004112
C:\Users\GED\PycharmProjects\Aixelo_Project_DataLab_2025\data\odac\pristine_H2O\BAZFUF01\BAZFUF01_w_H2O_1_relaxed.cif,-0.44421260999994655
C:\Users\GED\PycharmProjects\Aixelo_Project_DataLab_2025\data\odac\pristine_H2O\BAZJET\BAZJET_w_H2O_1_relaxed.cif,0.19649740599993487
C:\Users\GED\PycharmProjects\Aixelo_Project_DataLab_2025\data\odac\pristine_H2O\BAZJIX\BAZJIX_w_H2O_1_relaxed.cif,-0.5836936179999611
C:\Users\GED\PycharmProjects\Aixelo_Project_DataLab_2025\data\odac\pristine_H2O\BEFLUV\BEFLUV_w_H2O_1_relaxed.cif,-0.23922233142853394
C:\Users\GED\PycharmProjects\Aixelo_Project_DataLab_2025\data\odac\pristine_H2O\BEFMAC\BEFMAC_w_H2O_1_relaxed.cif,-0.10170945285715653
C:\Users\GED\PycharmProjects\Aixelo_Project_DataLab_2025\data\odac\pristine_H2O\BEFPAF\BEFPAF_w_H2O_1_relaxed.cif,-0.35130523833326305
C:\Users\GED\PycharmProjects\Aixelo_Project_DataLab_2025\data\odac\pristine_H2O\BEJZAS\BEJZAS_w_H2O_1_relaxed.cif,-0.6385344324999949
C:\Users\GED\PycharmProjects\Aixelo_Project_DataLab_2025\data\odac\pristine_H2O\BEKSAM\BEKSAM_w_H2O_1_relaxed.cif,-0.5257501457143202
C:\Users\GED\PycharmProjects\Aixelo_Project_DataLab_2025\data\odac\pristine_H2O\BEKYOG\BEKYOG_w_H2O_1_relaxed.cif,0.05369034250006166
C:\Users\GED\PycharmProjects\Aixelo_Project_DataLab_2025\data\odac\pristine_H2O\BELJIL\BELJIL_w_H2O_1_relaxed.cif,-0.426126145000012
C:\Users\GED\PycharmProjects\Aixelo_Project_DataLab_2025\data\odac\pristine_H2O\BELVEV_charged\BELVEV_charged_w_H2O_1_relaxed.cif,-0.2511155824997786
C:\Users\GED\PycharmProjects\Aixelo_Project_DataLab_2025\data\odac\pristine_H2O\BENXUP\BENXUP_w_H2O_1_relaxed.cif,-0.6387529519999589
C:\Users\GED\PycharmProjects\Aixelo_Project_DataLab_2025\data\odac\pristine_H2O\BENZOL\BENZOL_w_H2O_1_relaxed.cif,-0.17155704400004193
C:\Users\GED\PycharmProjects\Aixelo_Project_DataLab_2025\data\odac\pristine_H2O\BENZUR\BENZUR_w_H2O_1_relaxed.cif,-0.36756753999995906
C:\Users\GED\PycharmProjects\Aixelo_Project_DataLab_2025\data\odac\pristine_H2O\BEPBAB\BEPBAB_w_H2O_1_relaxed.cif,-0.3827163480000081
C:\Users\GED\PycharmProjects\Aixelo_Project_DataLab_2025\data\odac\pristine_H2O\BEPLUF\BEPLUF_w_H2O_1_relaxed.cif,-0.35024058999999846
C:\Users\GED\PycharmProjects\Aixelo_Project_DataLab_2025\data\odac\pristine_H2O\BEPMAM\BEPMAM_w_H2O_1_relaxed.cif,-0.40180759250006304
C:\Users\GED\PycharmProjects\Aixelo_Project_DataLab_2025\data\odac\pristine_H2O\BEPMIU\BEPMIU_w_H2O_1_relaxed.cif,-0.5127084149999632
C:\Users\GED\PycharmProjects\Aixelo_Project_DataLab_2025\data\odac\pristine_H2O\BEPNIV\BEPNIV_w_H2O_1_relaxed.cif,-0.5417653999999743
C:\Users\GED\PycharmProjects\Aixelo_Project_DataLab_2025\data\odac\pristine_H2O\BEPNOB\BEPNOB_w_H2O_1_relaxed.cif,-0.4863962674999698
C:\Users\GED\PycharmProjects\Aixelo_Project_DataLab_2025\data\odac\pristine_H2O\BEPNUH\BEPNUH_w_H2O_1_relaxed.cif,-0.393932352500002
C:\Users\GED\PycharmProjects\Aixelo_Project_DataLab_2025\data\odac\pristine_H2O\BEPPAP\BEPPAP_w_H2O_1_relaxed.cif,-0.4833753200000217
C:\Users\GED\PycharmProjects\Aixelo_Project_DataLab_2025\data\odac\pristine_H2O\BEPPIX\BEPPIX_w_H2O_1_relaxed.cif,-0.35400694750001094
C:\Users\GED\PycharmProjects\Aixelo_Project_DataLab_2025\data\odac\pristine_H2O\BEPPOD\BEPPOD_w_H2O_1_relaxed.cif,-0.5378620699999033
C:\Users\GED\PycharmProjects\Aixelo_Project_DataLab_2025\data\odac\pristine_H2O\BEPVEZ\BEPVEZ_w_H2O_1_relaxed.cif,-0.25346928499999416
C:\Users\GED\PycharmProjects\Aixelo_Project_DataLab_2025\data\odac\pristine_H2O\BEPVID\BEPVID_w_H2O_1_relaxed.cif,-0.27292190599994226
C:\Users\GED\PycharmProjects\Aixelo_Project_DataLab_2025\data\odac\pristine_H2O\BEPVOJ\BEPVOJ_w_H2O_1_relaxed.cif,-0.38955482250000273
C:\Users\GED\PycharmProjects\Aixelo_Project_DataLab_2025\data\odac\pristine_H2O\BEPVOJ01\BEPVOJ01_w_H2O_1_relaxed.cif,-0.21209245799998366
C:\Users\GED\PycharmProjects\Aixelo_Project_DataLab_2025\data\odac\pristine_H2O\BETDAH\BETDAH_w_H2O_2_relaxed.cif,-0.5967421249999347
C:\Users\GED\PycharmProjects\Aixelo_Project_DataLab_2025\data\odac\pristine_H2O\BETDEL\BETDEL_w_H2O_1_relaxed.cif,-0.33356476249994665
C:\Users\GED\PycharmProjects\Aixelo_Project_DataLab_2025\data\odac\pristine_H2O\BETDIP\BETDIP_w_H2O_1_relaxed.cif,-0.38287232250002035
C:\Users\GED\PycharmProjects\Aixelo_Project_DataLab_2025\data\odac\pristine_H2O\BETDUB\BETDUB_w_H2O_1_relaxed.cif,-0.2771318849999034
C:\Users\GED\PycharmProjects\Aixelo_Project_DataLab_2025\data\odac\pristine_H2O\BETFAJ\BETFAJ_w_H2O_1_relaxed.cif,0.2868678460000183
C:\Users\GED\PycharmProjects\Aixelo_Project_DataLab_2025\data\odac\pristine_H2O\BETFEN\BETFEN_w_H2O_1_relaxed.cif,-0.15492810399998688
C:\Users\GED\PycharmProjects\Aixelo_Project_DataLab_2025\data\odac\pristine_H2O\BETFUD\BETFUD_w_H2O_1_relaxed.cif,-0.27666305199991253
C:\Users\GED\PycharmProjects\Aixelo_Project_DataLab_2025\data\odac\pristine_H2O\BETGAK\BETGAK_w_H2O_1_relaxed.cif,-0.16824656500000396
C:\Users\GED\PycharmProjects\Aixelo_Project_DataLab_2025\data\odac\pristine_H2O\BETGEO\BETGEO_w_H2O_1_relaxed.cif,-0.4897413216667322
C:\Users\GED\PycharmProjects\Aixelo_Project_DataLab_2025\data\odac\pristine_H2O\BETGIS\BETGIS_w_H2O_1_relaxed.cif,0.15199637249980918
C:\Users\GED\PycharmProjects\Aixelo_Project_DataLab_2025\data\odac\pristine_H2O\BETGOY\BETGOY_w_H2O_1_relaxed.cif,-0.29378042599996657
C:\Users\GED\PycharmProjects\Aixelo_Project_DataLab_2025\data\odac\pristine_H2O\BETHEP\BETHEP_w_H2O_1_relaxed.cif,0.41788068799987743
C:\Users\GED\PycharmProjects\Aixelo_Project_DataLab_2025\data\odac\pristine_H2O\BEWVOQ\BEWVOQ_w_H2O_1_relaxed.cif,-0.23614652666674374
C:\Users\GED\PycharmProjects\Aixelo_Project_DataLab_2025\data\odac\pristine_H2O\BEWWEH\BEWWEH_w_H2O_1_relaxed.cif,-0.0774394400000347
C:\Users\GED\PycharmProjects\Aixelo_Project_DataLab_2025\data\odac\pristine_H2O\BEXQIF\BEXQIF_w_H2O_1_relaxed.cif,-0.5677279375001376
C:\Users\GED\PycharmProjects\Aixelo_Project_DataLab_2025\data\odac\pristine_H2O\BEXQOL\BEXQOL_w_H2O_1_relaxed.cif,-0.20113681000009362
C:\Users\GED\PycharmProjects\Aixelo_Project_DataLab_2025\data\odac\pristine_H2O\BEXQUR\BEXQUR_w_H2O_1_relaxed.cif,-0.17128939749989058
C:\Users\GED\PycharmProjects\Aixelo_Project_DataLab_2025\data\odac\pristine_H2O\BEXRAY\BEXRAY_w_H2O_2_relaxed.cif,-0.26838617500015965
C:\Users\GED\PycharmProjects\Aixelo_Project_DataLab_2025\data\odac\pristine_H2O\BEXREC\BEXREC_w_H2O_1_relaxed.cif,-0.22242605500008494
C:\Users\GED\PycharmProjects\Aixelo_Project_DataLab_2025\data\odac\pristine_H2O\BEXRIG\BEXRIG_w_H2O_1_relaxed.cif,0.29928996249998363
C:\Users\GED\PycharmProjects\Aixelo_Project_DataLab_2025\data\odac\pristine_H2O\BEXRUT\BEXRUT_w_H2O_1_relaxed.cif,-0.11133742999993497
C:\Users\GED\PycharmProjects\Aixelo_Project_DataLab_2025\data\odac\pristine_H2O\BEXSAA\BEXSAA_w_H2O_1_relaxed.cif,-0.48635094400001433
C:\Users\GED\PycharmProjects\Aixelo_Project_DataLab_2025\data\odac\pristine_H2O\BEXSEE\BEXSEE_w_H2O_1_relaxed.cif,-0.4445321199999853
C:\Users\GED\PycharmProjects\Aixelo_Project_DataLab_2025\data\odac\pristine_H2O\BEXSII\BEXSII_w_H2O_1_relaxed.cif,-0.5673952974999281
C:\Users\GED\PycharmProjects\Aixelo_Project_DataLab_2025\data\odac\pristine_H2O\BEYKEX\BEYKEX_w_H2O_random_1_relaxed.cif,-0.16898898500016915
C:\Users\GED\PycharmProjects\Aixelo_Project_DataLab_2025\data\odac\pristine_H2O\BEYSEF\BEYSEF_w_H2O_1_relaxed.cif,-0.5012992019998819
C:\Users\GED\PycharmProjects\Aixelo_Project_DataLab_2025\data\odac\pristine_H2O\BIBBUL\BIBBUL_w_H2O_1_relaxed.cif,-0.2786441739998736
C:\Users\GED\PycharmProjects\Aixelo_Project_DataLab_2025\data\odac\pristine_H2O\BIBXOB\BIBXOB_w_H2O_1_relaxed.cif,-0.19708967249982834
C:\Users\GED\PycharmProjects\Aixelo_Project_DataLab_2025\data\odac\pristine_H2O\BIBXUH\BIBXUH_w_H2O_1_relaxed.cif,-0.419188824999992
C:\Users\GED\PycharmProjects\Aixelo_Project_DataLab_2025\data\odac\pristine_H2O\BICDAU\BICDAU_w_H2O_1_relaxed.cif,-0.14961106999999169
C:\Users\GED\PycharmProjects\Aixelo_Project_DataLab_2025\data\odac\pristine_H2O\BICPOT\BICPOT_w_H2O_1_relaxed.cif,-0.5728666799998662
C:\Users\GED\PycharmProjects\Aixelo_Project_DataLab_2025\data\odac\pristine_H2O\BIFKEI\BIFKEI_w_H2O_1_relaxed.cif,-0.5824076159999094
C:\Users\GED\PycharmProjects\Aixelo_Project_DataLab_2025\data\odac\pristine_H2O\BIMDEF\BIMDEF_w_H2O_1_relaxed.cif,-0.2964571119999732
C:\Users\GED\PycharmProjects\Aixelo_Project_DataLab_2025\data\odac\pristine_H2O\BIMDIL\BIMDIL_w_H2O_1_relaxed.cif,-0.41944126249998703
C:\Users\GED\PycharmProjects\Aixelo_Project_DataLab_2025\data\odac\pristine_H2O\BIQHEQ\BIQHEQ_w_H2O_1_relaxed.cif,-0.21186998600014703
C:\Users\GED\PycharmProjects\Aixelo_Project_DataLab_2025\data\odac\pristine_H2O\BIQVII\BIQVII_w_H2O_1_relaxed.cif,-0.20769681399992806
C:\Users\GED\PycharmProjects\Aixelo_Project_DataLab_2025\data\odac\pristine_H2O\BIRMUM\BIRMUM_w_H2O_1_relaxed.cif,-0.3169609040000978
C:\Users\GED\PycharmProjects\Aixelo_Project_DataLab_2025\data\odac\pristine_H2O\BIRSEC\BIRSEC_w_H2O_1_relaxed.cif,-0.40045454499988864
C:\Users\GED\PycharmProjects\Aixelo_Project_DataLab_2025\data\odac\pristine_H2O\BIRSIG\BIRSIG_w_H2O_1_relaxed.cif,-0.30457925250021844
C:\Users\GED\PycharmProjects\Aixelo_Project_DataLab_2025\data\odac\pristine_H2O\BIWYAH10\BIWYAH10_w_H2O_1_relaxed.cif,0.004402867500004959
C:\Users\GED\PycharmProjects\Aixelo_Project_DataLab_2025\data\odac\pristine_H2O\BIXXIR\BIXXIR_w_H2O_1_relaxed.cif,-0.44649574749996646
C:\Users\GED\PycharmProjects\Aixelo_Project_DataLab_2025\data\odac\pristine_H2O\BIYSUZ\BIYSUZ_w_H2O_1_relaxed.cif,-0.3362966999999571
C:\Users\GED\PycharmProjects\Aixelo_Project_DataLab_2025\data\odac\pristine_H2O\BIYTOU\BIYTOU_w_H2O_1_relaxed.cif,-0.2503979974999879
C:\Users\GED\PycharmProjects\Aixelo_Project_DataLab_2025\data\odac\pristine_H2O\BOCKOT\BOCKOT_w_H2O_1_relaxed.cif,-0.5663143759999911
C:\Users\GED\PycharmProjects\Aixelo_Project_DataLab_2025\data\odac\pristine_H2O\BOHJOZ_auto\BOHJOZ_auto_w_H2O_1_relaxed.cif,-0.2042697850005197
C:\Users\GED\PycharmProjects\Aixelo_Project_DataLab_2025\data\odac\pristine_H2O\BOJCIN\BOJCIN_w_H2O_1_relaxed.cif,-0.11489957400044655
C:\Users\GED\PycharmProjects\Aixelo_Project_DataLab_2025\data\odac\pristine_H2O\BOKQEZ\BOKQEZ_w_H2O_1_relaxed.cif,-0.23777885000011645
C:\Users\GED\PycharmProjects\Aixelo_Project_DataLab_2025\data\odac\pristine_H2O\BOMCOX\BOMCOX_w_H2O_1_relaxed.cif,0.02376033799992
C:\Users\GED\PycharmProjects\Aixelo_Project_DataLab_2025\data\odac\pristine_H2O\BOPHEV\BOPHEV_w_H2O_1_relaxed.cif,-0.28761100999995504
C:\Users\GED\PycharmProjects\Aixelo_Project_DataLab_2025\data\odac\pristine_H2O\BOPHIZ\BOPHIZ_w_H2O_1_relaxed.cif,-0.7177092219999395
C:\Users\GED\PycharmProjects\Aixelo_Project_DataLab_2025\data\odac\pristine_H2O\BORBEQ\BORBEQ_w_H2O_1_relaxed.cif,-0.4445991240000694
C:\Users\GED\PycharmProjects\Aixelo_Project_DataLab_2025\data\odac\pristine_H2O\BOVHEB\BOVHEB_w_H2O_1_relaxed.cif,-0.4602158266665886
C:\Users\GED\PycharmProjects\Aixelo_Project_DataLab_2025\data\odac\pristine_H2O\BOWNUY\BOWNUY_w_H2O_1_relaxed.cif,-0.49652402400006396
C:\Users\GED\PycharmProjects\Aixelo_Project_DataLab_2025\data\odac\pristine_H2O\BOWRAH\BOWRAH_w_H2O_1_relaxed.cif,-0.6180150849999771
C:\Users\GED\PycharmProjects\Aixelo_Project_DataLab_2025\data\odac\pristine_H2O\BOWZUK\BOWZUK_w_H2O_1_relaxed.cif,-0.20589268400044597
C:\Users\GED\PycharmProjects\Aixelo_Project_DataLab_2025\data\odac\pristine_H2O\BOXYIY\BOXYIY_w_H2O_1_relaxed.cif,0.027024021999932257
C:\Users\GED\PycharmProjects\Aixelo_Project_DataLab_2025\data\odac\pristine_H2O\BOYTEQ\BOYTEQ_w_H2O_1_relaxed.cif,-0.14022533400006973
C:\Users\GED\PycharmProjects\Aixelo_Project_DataLab_2025\data\odac\pristine_H2O\BOZFIH\BOZFIH_w_H2O_1_relaxed.cif,0.5305475740000475
C:\Users\GED\PycharmProjects\Aixelo_Project_DataLab_2025\data\odac\pristine_H2O\BUBQOE\BUBQOE_w_H2O_random_1_relaxed.cif,0.38356380500005116
C:\Users\GED\PycharmProjects\Aixelo_Project_DataLab_2025\data\odac\pristine_H2O\BUCSEY\BUCSEY_w_H2O_1_relaxed.cif,-0.6273469400001886
C:\Users\GED\PycharmProjects\Aixelo_Project_DataLab_2025\data\odac\pristine_H2O\BUCWAZ\BUCWAZ_w_H2O_1_relaxed.cif,-0.157605311999896
C:\Users\GED\PycharmProjects\Aixelo_Project_DataLab_2025\data\odac\pristine_H2O\BUGSAY\BUGSAY_w_H2O_1_relaxed.cif,-0.2859391300000197
C:\Users\GED\PycharmProjects\Aixelo_Project_DataLab_2025\data\odac\pristine_H2O\BUGSEC\BUGSEC_w_H2O_1_relaxed.cif,0.15256255500003135
C:\Users\GED\PycharmProjects\Aixelo_Project_DataLab_2025\data\odac\pristine_H2O\BUGSIG\BUGSIG_w_H2O_1_relaxed.cif,0.07909861800005727
C:\Users\GED\PycharmProjects\Aixelo_Project_DataLab_2025\data\odac\pristine_H2O\BUGSOM\BUGSOM_w_H2O_1_relaxed.cif,-0.3491324879998956
C:\Users\GED\PycharmProjects\Aixelo_Project_DataLab_2025\data\odac\pristine_H2O\BUKMUQ\BUKMUQ_w_H2O_1_relaxed.cif,-0.34959688749999884
C:\Users\GED\PycharmProjects\Aixelo_Project_DataLab_2025\data\odac\pristine_H2O\BUKMUQ01\BUKMUQ01_w_H2O_1_relaxed.cif,-0.38683107499996083
C:\Users\GED\PycharmProjects\Aixelo_Project_DataLab_2025\data\odac\pristine_H2O\BUKRUW01\BUKRUW01_w_H2O_1_relaxed.cif,0.44770724000005657
C:\Users\GED\PycharmProjects\Aixelo_Project_DataLab_2025\data\odac\pristine_H2O\BUKRUW03\BUKRUW03_w_H2O_1_relaxed.cif,1.4345998750000035
C:\Users\GED\PycharmProjects\Aixelo_Project_DataLab_2025\data\odac\pristine_H2O\BUKYAJ\BUKYAJ_w_H2O_1_relaxed.cif,-0.3211594699999523
C:\Users\GED\PycharmProjects\Aixelo_Project_DataLab_2025\data\odac\pristine_H2O\BUPVEP\BUPVEP_w_H2O_1_relaxed.cif,-0.21692923249992185
C:\Users\GED\PycharmProjects\Aixelo_Project_DataLab_2025\data\odac\pristine_H2O\BUQWER\BUQWER_w_H2O_1_relaxed.cif,0.15244813600006635
C:\Users\GED\PycharmProjects\Aixelo_Project_DataLab_2025\data\odac\pristine_H2O\BURQIQ\BURQIQ_w_H2O_1_relaxed.cif,-0.31197632399998837
C:\Users\GED\PycharmProjects\Aixelo_Project_DataLab_2025\data\odac\pristine_H2O\BUSGOM\BUSGOM_w_H2O_1_relaxed.cif,-0.4689833849999445
C:\Users\GED\PycharmProjects\Aixelo_Project_DataLab_2025\data\odac\pristine_H2O\BUSQEM\BUSQEM_w_H2O_1_relaxed.cif,-0.04556391600006009
C:\Users\GED\PycharmProjects\Aixelo_Project_DataLab_2025\data\odac\pristine_H2O\BUSQIQ\BUSQIQ_w_H2O_1_relaxed.cif,-0.5764025783333105
C:\Users\GED\PycharmProjects\Aixelo_Project_DataLab_2025\data\odac\pristine_H2O\BUSRUE\BUSRUE_w_H2O_1_relaxed.cif,-0.20627751500023803
C:\Users\GED\PycharmProjects\Aixelo_Project_DataLab_2025\data\odac\pristine_H2O\BUVHEH\BUVHEH_w_H2O_1_relaxed.cif,-0.5624559799999929
C:\Users\GED\PycharmProjects\Aixelo_Project_DataLab_2025\data\odac\pristine_H2O\BUVWOF02\BUVWOF02_w_H2O_1_relaxed.cif,-0.15172479000000288
C:\Users\GED\PycharmProjects\Aixelo_Project_DataLab_2025\data\odac\pristine_H2O\BUVWOF03\BUVWOF03_w_H2O_1_relaxed.cif,-0.2589558419998866
C:\Users\GED\PycharmProjects\Aixelo_Project_DataLab_2025\data\odac\pristine_H2O\BUVXOG\BUVXOG_w_H2O_1_relaxed.cif,-0.27943126999997503
C:\Users\GED\PycharmProjects\Aixelo_Project_DataLab_2025\data\odac\pristine_H2O\BUVYEX\BUVYEX_w_H2O_1_relaxed.cif,-0.3042907400003969
C:\Users\GED\PycharmProjects\Aixelo_Project_DataLab_2025\data\odac\pristine_H2O\BUVYIB\BUVYIB_w_H2O_1_relaxed.cif,-0.2627375774998768
C:\Users\GED\PycharmProjects\Aixelo_Project_DataLab_2025\data\odac\pristine_H2O\BUVYIB01\BUVYIB01_w_H2O_1_relaxed.cif,-0.22389442250005231
C:\Users\GED\PycharmProjects\Aixelo_Project_DataLab_2025\data\odac\pristine_H2O\BUWMEN\BUWMEN_w_H2O_random_1_relaxed.cif,-0.6864854250000008
C:\Users\GED\PycharmProjects\Aixelo_Project_DataLab_2025\data\odac\pristine_H2O\BUWMIR\BUWMIR_w_H2O_1_relaxed.cif,-1.0696138766667598
C:\Users\GED\PycharmProjects\Aixelo_Project_DataLab_2025\data\odac\pristine_H2O\BUYNAL_charged\BUYNAL_charged_w_H2O_1_relaxed.cif,0.11578562200008946
C:\Users\GED\PycharmProjects\Aixelo_Project_DataLab_2025\data\odac\pristine_H2O\CACBUG\CACBUG_w_H2O_1_relaxed.cif,-0.6527774319999367
C:\Users\GED\PycharmProjects\Aixelo_Project_DataLab_2025\data\odac\pristine_H2O\CADPII\CADPII_w_H2O_1_relaxed.cif,-0.28501423000005843
C:\Users\GED\PycharmProjects\Aixelo_Project_DataLab_2025\data\odac\pristine_H2O\CADQAB\CADQAB_w_H2O_1_relaxed.cif,-0.17067762200000514
C:\Users\GED\PycharmProjects\Aixelo_Project_DataLab_2025\data\odac\pristine_H2O\CADQOP\CADQOP_w_H2O_1_relaxed.cif,-0.3760658249999693
C:\Users\GED\PycharmProjects\Aixelo_Project_DataLab_2025\data\odac\pristine_H2O\CADZIT\CADZIT_w_H2O_1_relaxed.cif,-0.7616672359999483
C:\Users\GED\PycharmProjects\Aixelo_Project_DataLab_2025\data\odac\pristine_H2O\CAGSAG\CAGSAG_w_H2O_1_relaxed.cif,-0.31443555800001377
C:\Users\GED\PycharmProjects\Aixelo_Project_DataLab_2025\data\odac\pristine_H2O\CAGXIU\CAGXIU_w_H2O_1_relaxed.cif,-0.23302811799997017
C:\Users\GED\PycharmProjects\Aixelo_Project_DataLab_2025\data\odac\pristine_H2O\CAHVAJ\CAHVAJ_w_H2O_1_relaxed.cif,-0.952568620000011
C:\Users\GED\PycharmProjects\Aixelo_Project_DataLab_2025\data\odac\pristine_H2O\CAJQEL\CAJQEL_w_H2O_1_relaxed.cif,-0.2341198699998131
C:\Users\GED\PycharmProjects\Aixelo_Project_DataLab_2025\data\odac\pristine_H2O\CAJQIP\CAJQIP_w_H2O_1_relaxed.cif,-0.09799912499983064
C:\Users\GED\PycharmProjects\Aixelo_Project_DataLab_2025\data\odac\pristine_H2O\CAMROA\CAMROA_w_H2O_1_relaxed.cif,-0.3185671160003949
C:\Users\GED\PycharmProjects\Aixelo_Project_DataLab_2025\data\odac\pristine_H2O\CANRIU\CANRIU_w_H2O_1_relaxed.cif,-0.2832426579998355
C:\Users\GED\PycharmProjects\Aixelo_Project_DataLab_2025\data\odac\pristine_H2O\CANRUG\CANRUG_w_H2O_1_relaxed.cif,-0.4034123859998999
C:\Users\GED\PycharmProjects\Aixelo_Project_DataLab_2025\data\odac\pristine_H2O\CAPLOX\CAPLOX_w_H2O_1_relaxed.cif,0.09434479800002009
C:\Users\GED\PycharmProjects\Aixelo_Project_DataLab_2025\data\odac\pristine_H2O\CAVNOE\CAVNOE_w_H2O_1_relaxed.cif,-0.16070517000014206
C:\Users\GED\PycharmProjects\Aixelo_Project_DataLab_2025\data\odac\pristine_H2O\CAVRAU\CAVRAU_w_H2O_1_relaxed.cif,-0.31995806200029614
C:\Users\GED\PycharmProjects\Aixelo_Project_DataLab_2025\data\odac\pristine_H2O\CAVREY\CAVREY_w_H2O_3_relaxed.cif,0.1067928749996554
C:\Users\GED\PycharmProjects\Aixelo_Project_DataLab_2025\data\odac\pristine_H2O\CAVSUP\CAVSUP_w_H2O_1_relaxed.cif,-0.17966929000005882
C:\Users\GED\PycharmProjects\Aixelo_Project_DataLab_2025\data\odac\pristine_H2O\CAVVUS\CAVVUS_w_H2O_1_relaxed.cif,-0.37652886399998803
C:\Users\GED\PycharmProjects\Aixelo_Project_DataLab_2025\data\odac\pristine_H2O\CAWDOU02\CAWDOU02_w_H2O_1_relaxed.cif,-0.578130831999988
C:\Users\GED\PycharmProjects\Aixelo_Project_DataLab_2025\data\odac\pristine_H2O\CAWDOU_charged\CAWDOU_charged_w_H2O_1_relaxed.cif,0.377625050000006
C:\Users\GED\PycharmProjects\Aixelo_Project_DataLab_2025\data\odac\pristine_H2O\CAWVIH_SL\CAWVIH_SL_w_H2O_1_relaxed.cif,-0.3593139880000308
C:\Users\GED\PycharmProjects\Aixelo_Project_DataLab_2025\data\odac\pristine_H2O\CAXSUR_SL\CAXSUR_SL_w_H2O_1_relaxed.cif,-0.20123947500013623
C:\Users\GED\PycharmProjects\Aixelo_Project_DataLab_2025\data\odac\pristine_H2O\CAXVII\CAXVII_w_H2O_1_relaxed.cif,-0.25366003999997133
C:\Users\GED\PycharmProjects\Aixelo_Project_DataLab_2025\data\odac\pristine_H2O\CAXVOO\CAXVOO_w_H2O_1_relaxed.cif,-0.6867879949999605
C:\Users\GED\PycharmProjects\Aixelo_Project_DataLab_2025\data\odac\pristine_H2O\CAXVUU\CAXVUU_w_H2O_1_relaxed.cif,-0.17183828999996817
C:\Users\GED\PycharmProjects\Aixelo_Project_DataLab_2025\data\odac\pristine_H2O\CAXWAB\CAXWAB_w_H2O_1_relaxed.cif,-0.9022856849999812
C:\Users\GED\PycharmProjects\Aixelo_Project_DataLab_2025\data\odac\pristine_H2O\CAXWEF\CAXWEF_w_H2O_1_relaxed.cif,-0.3332344433332915
C:\Users\GED\PycharmProjects\Aixelo_Project_DataLab_2025\data\odac\pristine_H2O\CAXWIJ\CAXWIJ_w_H2O_1_relaxed.cif,-0.28017090499996294
C:\Users\GED\PycharmProjects\Aixelo_Project_DataLab_2025\data\odac\pristine_H2O\CAYDEN\CAYDEN_w_H2O_1_relaxed.cif,-0.5172310200000254
C:\Users\GED\PycharmProjects\Aixelo_Project_DataLab_2025\data\odac\pristine_H2O\CAYDUD\CAYDUD_w_H2O_1_relaxed.cif,-0.44272841250003125
C:\Users\GED\PycharmProjects\Aixelo_Project_DataLab_2025\data\odac\pristine_H2O\CAYMIZ\CAYMIZ_w_H2O_1_relaxed.cif,-0.37788199999995414
C:\Users\GED\PycharmProjects\Aixelo_Project_DataLab_2025\data\odac\pristine_H2O\CAYQAV\CAYQAV_w_H2O_random_1_relaxed.cif,-0.13278054499983225
C:\Users\GED\PycharmProjects\Aixelo_Project_DataLab_2025\data\odac\pristine_H2O\CAYSOK\CAYSOK_w_H2O_1_relaxed.cif,-0.6299449880000338
C:\Users\GED\PycharmProjects\Aixelo_Project_DataLab_2025\data\odac\pristine_H2O\CAYYEG\CAYYEG_w_H2O_1_relaxed.cif,-0.6432144640000843
C:\Users\GED\PycharmProjects\Aixelo_Project_DataLab_2025\data\odac\pristine_H2O\CEBDOD\CEBDOD_w_H2O_1_relaxed.cif,-0.7592102774999177
C:\Users\GED\PycharmProjects\Aixelo_Project_DataLab_2025\data\odac\pristine_H2O\CEDFIC\CEDFIC_w_H2O_random_1_relaxed.cif,-0.4931318699999565
C:\Users\GED\PycharmProjects\Aixelo_Project_DataLab_2025\data\odac\pristine_H2O\CEGFAW\CEGFAW_w_H2O_1_relaxed.cif,-0.044119237999893826
C:\Users\GED\PycharmProjects\Aixelo_Project_DataLab_2025\data\odac\pristine_H2O\CEGWER\CEGWER_w_H2O_1_relaxed.cif,-0.7285986240000284
C:\Users\GED\PycharmProjects\Aixelo_Project_DataLab_2025\data\odac\pristine_H2O\CEJCAW\CEJCAW_w_H2O_1_relaxed.cif,-0.538762960000031
C:\Users\GED\PycharmProjects\Aixelo_Project_DataLab_2025\data\odac\pristine_H2O\CELZEA\CELZEA_w_H2O_1_relaxed.cif,-0.45259037750000175
C:\Users\GED\PycharmProjects\Aixelo_Project_DataLab_2025\data\odac\pristine_H2O\CENJIQ\CENJIQ_w_H2O_1_relaxed.cif,0.20643403750000286
C:\Users\GED\PycharmProjects\Aixelo_Project_DataLab_2025\data\odac\pristine_H2O\CENKAJ\CENKAJ_w_H2O_1_relaxed.cif,0.233387967500164
C:\Users\GED\PycharmProjects\Aixelo_Project_DataLab_2025\data\odac\pristine_H2O\CENPUI\CENPUI_w_H2O_1_relaxed.cif,-0.29045520599997865
C:\Users\GED\PycharmProjects\Aixelo_Project_DataLab_2025\data\odac\pristine_H2O\CEQBUV_charged\CEQBUV_charged_w_H2O_1_relaxed.cif,-0.19957141249989258
C:\Users\GED\PycharmProjects\Aixelo_Project_DataLab_2025\data\odac\pristine_H2O\CETFOX\CETFOX_w_H2O_1_relaxed.cif,-0.1219170524998958
C:\Users\GED\PycharmProjects\Aixelo_Project_DataLab_2025\data\odac\pristine_H2O\CETFUD\CETFUD_w_H2O_1_relaxed.cif,-0.4901886900000022
C:\Users\GED\PycharmProjects\Aixelo_Project_DataLab_2025\data\odac\pristine_H2O\CETGOY\CETGOY_w_H2O_random_2_relaxed.cif,-0.2175028900001052
C:\Users\GED\PycharmProjects\Aixelo_Project_DataLab_2025\data\odac\pristine_H2O\CETHEQ\CETHEQ_w_H2O_1_relaxed.cif,-0.24945796250005967
C:\Users\GED\PycharmProjects\Aixelo_Project_DataLab_2025\data\odac\pristine_H2O\CETNUL\CETNUL_w_H2O_1_relaxed.cif,-0.6568317540003591
C:\Users\GED\PycharmProjects\Aixelo_Project_DataLab_2025\data\odac\pristine_H2O\CEYPUT\CEYPUT_w_H2O_2_relaxed.cif,-0.2172229649999906
C:\Users\GED\PycharmProjects\Aixelo_Project_DataLab_2025\data\odac\pristine_H2O\CEYPUT01\CEYPUT01_w_H2O_1_relaxed.cif,-0.3588333274999797
C:\Users\GED\PycharmProjects\Aixelo_Project_DataLab_2025\data\odac\pristine_H2O\CIDKUX\CIDKUX_w_H2O_1_relaxed.cif,0.5431604319999224
C:\Users\GED\PycharmProjects\Aixelo_Project_DataLab_2025\data\odac\pristine_H2O\CIFDOM\CIFDOM_w_H2O_2_relaxed.cif,-0.39841911250005063
C:\Users\GED\PycharmProjects\Aixelo_Project_DataLab_2025\data\odac\pristine_H2O\CIFDUS\CIFDUS_w_H2O_1_relaxed.cif,-0.7194870199999969
C:\Users\GED\PycharmProjects\Aixelo_Project_DataLab_2025\data\odac\pristine_H2O\CIFJAE\CIFJAE_w_H2O_1_relaxed.cif,-0.5870843140000261
C:\Users\GED\PycharmProjects\Aixelo_Project_DataLab_2025\data\odac\pristine_H2O\CIFMEL\CIFMEL_w_H2O_1_relaxed.cif,-0.3275829233333525
C:\Users\GED\PycharmProjects\Aixelo_Project_DataLab_2025\data\odac\pristine_H2O\CIFMIP\CIFMIP_w_H2O_1_relaxed.cif,-0.14275752499992217
C:\Users\GED\PycharmProjects\Aixelo_Project_DataLab_2025\data\odac\pristine_H2O\CIGFEF\CIGFEF_w_H2O_1_relaxed.cif,-0.3124454479999258
C:\Users\GED\PycharmProjects\Aixelo_Project_DataLab_2025\data\odac\pristine_H2O\CIJVOH\CIJVOH_w_H2O_random_1_relaxed.cif,-0.3820140899999842
C:\Users\GED\PycharmProjects\Aixelo_Project_DataLab_2025\data\odac\pristine_H2O\CIJVOH01\CIJVOH01_w_H2O_random_1_relaxed.cif,-0.0498481549999496
C:\Users\GED\PycharmProjects\Aixelo_Project_DataLab_2025\data\odac\pristine_H2O\CILFIN\CILFIN_w_H2O_1_relaxed.cif,-0.12923038750005839
C:\Users\GED\PycharmProjects\Aixelo_Project_DataLab_2025\data\odac\pristine_H2O\CIPCUB\CIPCUB_w_H2O_1_relaxed.cif,-0.4489600259999406
C:\Users\GED\PycharmProjects\Aixelo_Project_DataLab_2025\data\odac\pristine_H2O\CISLUN\CISLUN_w_H2O_1_relaxed.cif,-0.1913356775000068
C:\Users\GED\PycharmProjects\Aixelo_Project_DataLab_2025\data\odac\pristine_H2O\CITZIP_manual\CITZIP_manual_w_H2O_1_relaxed.cif,-0.27131088999997244
C:\Users\GED\PycharmProjects\Aixelo_Project_DataLab_2025\data\odac\pristine_H2O\CIVTEH\CIVTEH_w_H2O_1_relaxed.cif,-0.5228599725000436
C:\Users\GED\PycharmProjects\Aixelo_Project_DataLab_2025\data\odac\pristine_H2O\CIWYUD\CIWYUD_w_H2O_1_relaxed.cif,-0.17978853599993275
C:\Users\GED\PycharmProjects\Aixelo_Project_DataLab_2025\data\odac\pristine_H2O\CIXCOC\CIXCOC_w_H2O_1_relaxed.cif,-0.31588772999998577
C:\Users\GED\PycharmProjects\Aixelo_Project_DataLab_2025\data\odac\pristine_H2O\CIYZUG\CIYZUG_w_H2O_1_relaxed.cif,0.251087662000009
C:\Users\GED\PycharmProjects\Aixelo_Project_DataLab_2025\data\odac\pristine_H2O\COBWEV\COBWEV_w_H2O_3_relaxed.cif,-0.4713914933333096
C:\Users\GED\PycharmProjects\Aixelo_Project_DataLab_2025\data\odac\pristine_H2O\COCMAJ\COCMAJ_w_H2O_1_relaxed.cif,-0.31088885249999976
C:\Users\GED\PycharmProjects\Aixelo_Project_DataLab_2025\data\odac\pristine_H2O\COCMOY\COCMOY_w_H2O_1_relaxed.cif,0.06449518666659057
C:\Users\GED\PycharmProjects\Aixelo_Project_DataLab_2025\data\odac\pristine_H2O\CODFEH\CODFEH_w_H2O_1_relaxed.cif,-0.38775254499995526
C:\Users\GED\PycharmProjects\Aixelo_Project_DataLab_2025\data\odac\pristine_H2O\CODFUX\CODFUX_w_H2O_1_relaxed.cif,-0.3998506559999896
C:\Users\GED\PycharmProjects\Aixelo_Project_DataLab_2025\data\odac\pristine_H2O\CODMUF\CODMUF_w_H2O_1_relaxed.cif,-0.2410769500000242
C:\Users\GED\PycharmProjects\Aixelo_Project_DataLab_2025\data\odac\pristine_H2O\CODNAM\CODNAM_w_H2O_1_relaxed.cif,-0.5435378220000076
C:\Users\GED\PycharmProjects\Aixelo_Project_DataLab_2025\data\odac\pristine_H2O\CODROD\CODROD_w_H2O_1_relaxed.cif,-0.6865996900000141
C:\Users\GED\PycharmProjects\Aixelo_Project_DataLab_2025\data\odac\pristine_H2O\CODRUJ\CODRUJ_w_H2O_1_relaxed.cif,-0.19701068999999052
C:\Users\GED\PycharmProjects\Aixelo_Project_DataLab_2025\data\odac\pristine_H2O\COJGEO\COJGEO_w_H2O_1_relaxed.cif,-0.4798004599999331
C:\Users\GED\PycharmProjects\Aixelo_Project_DataLab_2025\data\odac\pristine_H2O\COJHIT\COJHIT_w_H2O_1_relaxed.cif,-0.6024561749999009
C:\Users\GED\PycharmProjects\Aixelo_Project_DataLab_2025\data\odac\pristine_H2O\COKFAK\COKFAK_w_H2O_2_relaxed.cif,0.12749298000017
C:\Users\GED\PycharmProjects\Aixelo_Project_DataLab_2025\data\odac\pristine_H2O\COKMEW\COKMEW_w_H2O_1_relaxed.cif,0.21006867666687867
C:\Users\GED\PycharmProjects\Aixelo_Project_DataLab_2025\data\odac\pristine_H2O\COKMIA\COKMIA_w_H2O_1_relaxed.cif,-0.26742107000001164
C:\Users\GED\PycharmProjects\Aixelo_Project_DataLab_2025\data\odac\pristine_H2O\COKMOG\COKMOG_w_H2O_1_relaxed.cif,-0.08300024250002017
C:\Users\GED\PycharmProjects\Aixelo_Project_DataLab_2025\data\odac\pristine_H2O\COKMUM\COKMUM_w_H2O_1_relaxed.cif,-0.23081317250000663
C:\Users\GED\PycharmProjects\Aixelo_Project_DataLab_2025\data\odac\pristine_H2O\COKNAT\COKNAT_w_H2O_1_relaxed.cif,-0.5010550250000847
C:\Users\GED\PycharmProjects\Aixelo_Project_DataLab_2025\data\odac\pristine_H2O\COKPEZ\COKPEZ_w_H2O_1_relaxed.cif,-0.5700297399999386
C:\Users\GED\PycharmProjects\Aixelo_Project_DataLab_2025\data\odac\pristine_H2O\COKPID\COKPID_w_H2O_1_relaxed.cif,-0.16083157749989138
C:\Users\GED\PycharmProjects\Aixelo_Project_DataLab_2025\data\odac\pristine_H2O\COKPOJ\COKPOJ_w_H2O_2_relaxed.cif,-0.3728669100000843
C:\Users\GED\PycharmProjects\Aixelo_Project_DataLab_2025\data\odac\pristine_H2O\COKPUP\COKPUP_w_H2O_1_relaxed.cif,-0.3286670424999443
C:\Users\GED\PycharmProjects\Aixelo_Project_DataLab_2025\data\odac\pristine_H2O\COKQAW\COKQAW_w_H2O_1_relaxed.cif,-0.32856197500012735
C:\Users\GED\PycharmProjects\Aixelo_Project_DataLab_2025\data\odac\pristine_H2O\COKQEA\COKQEA_w_H2O_1_relaxed.cif,-0.43740318750002416
C:\Users\GED\PycharmProjects\Aixelo_Project_DataLab_2025\data\odac\pristine_H2O\COKQIE\COKQIE_w_H2O_1_relaxed.cif,-0.4760717099998715
C:\Users\GED\PycharmProjects\Aixelo_Project_DataLab_2025\data\odac\pristine_H2O\COKQOK\COKQOK_w_H2O_1_relaxed.cif,-0.49059735999992427
C:\Users\GED\PycharmProjects\Aixelo_Project_DataLab_2025\data\odac\pristine_H2O\COMDOY\COMDOY_w_H2O_1_relaxed.cif,-0.19763316800000436
C:\Users\GED\PycharmProjects\Aixelo_Project_DataLab_2025\data\odac\pristine_H2O\COQGAS\COQGAS_w_H2O_1_relaxed.cif,-0.31088942250016766
C:\Users\GED\PycharmProjects\Aixelo_Project_DataLab_2025\data\odac\pristine_H2O\COQNIF\COQNIF_w_H2O_1_relaxed.cif,-0.22670069999995798
C:\Users\GED\PycharmProjects\Aixelo_Project_DataLab_2025\data\odac\pristine_H2O\COQTEJ\COQTEJ_w_H2O_1_relaxed.cif,-0.38171876249998604
C:\Users\GED\PycharmProjects\Aixelo_Project_DataLab_2025\data\odac\pristine_H2O\COTXEQ\COTXEQ_w_H2O_1_relaxed.cif,-0.21762619600067407
C:\Users\GED\PycharmProjects\Aixelo_Project_DataLab_2025\data\odac\pristine_H2O\COTXIU\COTXIU_w_H2O_1_relaxed.cif,-0.21025588400043485
C:\Users\GED\PycharmProjects\Aixelo_Project_DataLab_2025\data\odac\pristine_H2O\COTXOA\COTXOA_w_H2O_1_relaxed.cif,-0.32581601200017757
C:\Users\GED\PycharmProjects\Aixelo_Project_DataLab_2025\data\odac\pristine_H2O\COWBEX\COWBEX_w_H2O_1_relaxed.cif,-0.32365714999991724
C:\Users\GED\PycharmProjects\Aixelo_Project_DataLab_2025\data\odac\pristine_H2O\COWMAD\COWMAD_w_H2O_1_relaxed.cif,-0.5092530199999885
C:\Users\GED\PycharmProjects\Aixelo_Project_DataLab_2025\data\odac\pristine_H2O\COWMEH\COWMEH_w_H2O_1_relaxed.cif,-0.3832109249999007
C:\Users\GED\PycharmProjects\Aixelo_Project_DataLab_2025\data\odac\pristine_H2O\COWMIL\COWMIL_w_H2O_1_relaxed.cif,-0.015338772500001596
C:\Users\GED\PycharmProjects\Aixelo_Project_DataLab_2025\data\odac\pristine_H2O\COWMUX\COWMUX_w_H2O_1_relaxed.cif,-0.5516354674999775
C:\Users\GED\PycharmProjects\Aixelo_Project_DataLab_2025\data\odac\pristine_H2O\COXDIE\COXDIE_w_H2O_1_relaxed.cif,-0.1856463640002403
C:\Users\GED\PycharmProjects\Aixelo_Project_DataLab_2025\data\odac\pristine_H2O\COXHED\COXHED_w_H2O_1_relaxed.cif,0.5860991266667194
C:\Users\GED\PycharmProjects\Aixelo_Project_DataLab_2025\data\odac\pristine_H2O\COXHIH\COXHIH_w_H2O_1_relaxed.cif,-0.16363385000007227
C:\Users\GED\PycharmProjects\Aixelo_Project_DataLab_2025\data\odac\pristine_H2O\COXHON\COXHON_w_H2O_1_relaxed.cif,-0.6727128233332375
C:\Users\GED\PycharmProjects\Aixelo_Project_DataLab_2025\data\odac\pristine_H2O\COXXIX\COXXIX_w_H2O_1_relaxed.cif,-0.49210303599991223
C:\Users\GED\PycharmProjects\Aixelo_Project_DataLab_2025\data\odac\pristine_H2O\COYCEZ\COYCEZ_w_H2O_1_relaxed.cif,-0.46694181249989697
C:\Users\GED\PycharmProjects\Aixelo_Project_DataLab_2025\data\odac\pristine_H2O\COYCID\COYCID_w_H2O_1_relaxed.cif,-0.39511312500002305
C:\Users\GED\PycharmProjects\Aixelo_Project_DataLab_2025\data\odac\pristine_H2O\COYTEQ\COYTEQ_w_H2O_1_relaxed.cif,-0.5433647759999986
C:\Users\GED\PycharmProjects\Aixelo_Project_DataLab_2025\data\odac\pristine_H2O\COYTIU\COYTIU_w_H2O_1_relaxed.cif,-0.6059019479999961
C:\Users\GED\PycharmProjects\Aixelo_Project_DataLab_2025\data\odac\pristine_H2O\CUBHOY\CUBHOY_w_H2O_1_relaxed.cif,-0.7049846700001581
C:\Users\GED\PycharmProjects\Aixelo_Project_DataLab_2025\data\odac\pristine_H2O\CUCKIV_charged\CUCKIV_charged_w_H2O_1_relaxed.cif,-0.4508652099999608
C:\Users\GED\PycharmProjects\Aixelo_Project_DataLab_2025\data\odac\pristine_H2O\CUCSAU\CUCSAU_w_H2O_1_relaxed.cif,-0.07263113400003932
C:\Users\GED\PycharmProjects\Aixelo_Project_DataLab_2025\data\odac\pristine_H2O\CUGVUW\CUGVUW_w_H2O_1_relaxed.cif,-0.4476659649998851
C:\Users\GED\PycharmProjects\Aixelo_Project_DataLab_2025\data\odac\pristine_H2O\CUIMDZ01_clean_h\CUIMDZ01_clean_h_w_H2O_1_relaxed.cif,0.0031723380000130406
C:\Users\GED\PycharmProjects\Aixelo_Project_DataLab_2025\data\odac\pristine_H2O\CUKXAJ\CUKXAJ_w_H2O_1_relaxed.cif,-0.06266466799993392
C:\Users\GED\PycharmProjects\Aixelo_Project_DataLab_2025\data\odac\pristine_H2O\CUKXIR\CUKXIR_w_H2O_random_1_relaxed.cif,-0.5478518749999921
C:\Users\GED\PycharmProjects\Aixelo_Project_DataLab_2025\data\odac\pristine_H2O\CUKXOW\CUKXOW_w_H2O_1_relaxed.cif,-0.11335979200014204
C:\Users\GED\PycharmProjects\Aixelo_Project_DataLab_2025\data\odac\pristine_H2O\CUKZOY\CUKZOY_w_H2O_random_1_relaxed.cif,0.24274761999993186
C:\Users\GED\PycharmProjects\Aixelo_Project_DataLab_2025\data\odac\pristine_H2O\CUMDIY\CUMDIY_w_H2O_1_relaxed.cif,-0.46977492999999415
C:\Users\GED\PycharmProjects\Aixelo_Project_DataLab_2025\data\odac\pristine_H2O\CUMJEB\CUMJEB_w_H2O_1_relaxed.cif,-0.6020065260002412
C:\Users\GED\PycharmProjects\Aixelo_Project_DataLab_2025\data\odac\pristine_H2O\CUMLUT\CUMLUT_w_H2O_1_relaxed.cif,-0.19744865400007253
C:\Users\GED\PycharmProjects\Aixelo_Project_DataLab_2025\data\odac\pristine_H2O\CUMQOQ\CUMQOQ_w_H2O_1_relaxed.cif,-0.2073866766667057
C:\Users\GED\PycharmProjects\Aixelo_Project_DataLab_2025\data\odac\pristine_H2O\CUNFOH\CUNFOH_w_H2O_1_relaxed.cif,-0.18371954333334392
C:\Users\GED\PycharmProjects\Aixelo_Project_DataLab_2025\data\odac\pristine_H2O\CUNFOH01\CUNFOH01_w_H2O_1_relaxed.cif,-0.0889434666666678
C:\Users\GED\PycharmProjects\Aixelo_Project_DataLab_2025\data\odac\pristine_H2O\CUNQOT\CUNQOT_w_H2O_random_1_relaxed.cif,-0.2826438249999512
C:\Users\GED\PycharmProjects\Aixelo_Project_DataLab_2025\data\odac\pristine_H2O\CUNQUZ\CUNQUZ_w_H2O_random_1_relaxed.cif,-0.9355614399999865
C:\Users\GED\PycharmProjects\Aixelo_Project_DataLab_2025\data\odac\pristine_H2O\CUNWEO\CUNWEO_w_H2O_1_relaxed.cif,-0.22830157399989726
C:\Users\GED\PycharmProjects\Aixelo_Project_DataLab_2025\data\odac\pristine_H2O\CUQRIR\CUQRIR_w_H2O_1_relaxed.cif,-0.48398854799993385
C:\Users\GED\PycharmProjects\Aixelo_Project_DataLab_2025\data\odac\pristine_H2O\CUQROX\CUQROX_w_H2O_1_relaxed.cif,-0.5075491039998269
C:\Users\GED\PycharmProjects\Aixelo_Project_DataLab_2025\data\odac\pristine_H2O\CUQRUD\CUQRUD_w_H2O_1_relaxed.cif,-0.19616612999989227
C:\Users\GED\PycharmProjects\Aixelo_Project_DataLab_2025\data\odac\pristine_H2O\CUQXUI\CUQXUI_w_H2O_1_relaxed.cif,-0.443578237499878
C:\Users\GED\PycharmProjects\Aixelo_Project_DataLab_2025\data\odac\pristine_H2O\CURBOH\CURBOH_w_H2O_1_relaxed.cif,-0.3863953474999562
C:\Users\GED\PycharmProjects\Aixelo_Project_DataLab_2025\data\odac\pristine_H2O\CURQEN\CURQEN_w_H2O_1_relaxed.cif,-0.29707161400056065
C:\Users\GED\PycharmProjects\Aixelo_Project_DataLab_2025\data\odac\pristine_H2O\CURYOE01\CURYOE01_w_H2O_1_relaxed.cif,-0.25583659000003534
C:\Users\GED\PycharmProjects\Aixelo_Project_DataLab_2025\data\odac\pristine_H2O\CUSDIE_charged\CUSDIE_charged_w_H2O_1_relaxed.cif,-0.3205606975000137
C:\Users\GED\PycharmProjects\Aixelo_Project_DataLab_2025\data\odac\pristine_H2O\CUSYIA\CUSYIA_w_H2O_1_relaxed.cif,-0.0111044574998118
C:\Users\GED\PycharmProjects\Aixelo_Project_DataLab_2025\data\odac\pristine_H2O\CUSZEX\CUSZEX_w_H2O_1_relaxed.cif,-0.17344611249995973
C:\Users\GED\PycharmProjects\Aixelo_Project_DataLab_2025\data\odac\pristine_H2O\CUSZIB\CUSZIB_w_H2O_1_relaxed.cif,-0.12642771999986732
C:\Users\GED\PycharmProjects\Aixelo_Project_DataLab_2025\data\odac\pristine_H2O\CUTGEE\CUTGEE_w_H2O_random_1_relaxed.cif,-0.269192965000002
C:\Users\GED\PycharmProjects\Aixelo_Project_DataLab_2025\data\odac\pristine_H2O\CUTGII\CUTGII_w_H2O_random_1_relaxed.cif,1.8046823199999835
C:\Users\GED\PycharmProjects\Aixelo_Project_DataLab_2025\data\odac\pristine_H2O\CUVGIK\CUVGIK_w_H2O_1_relaxed.cif,-0.15824436799997554
C:\Users\GED\PycharmProjects\Aixelo_Project_DataLab_2025\data\odac\pristine_H2O\CUVGOQ\CUVGOQ_w_H2O_1_relaxed.cif,-0.14567663800002034
C:\Users\GED\PycharmProjects\Aixelo_Project_DataLab_2025\data\odac\pristine_H2O\CUVHIL01\CUVHIL01_w_H2O_2_relaxed.cif,-0.3446223699999109
C:\Users\GED\PycharmProjects\Aixelo_Project_DataLab_2025\data\odac\pristine_H2O\CUVTUJ\CUVTUJ_w_H2O_1_relaxed.cif,-0.3559290824999834
C:\Users\GED\PycharmProjects\Aixelo_Project_DataLab_2025\data\odac\pristine_H2O\CUWTUL\CUWTUL_w_H2O_2_relaxed.cif,4.446308994999981
C:\Users\GED\PycharmProjects\Aixelo_Project_DataLab_2025\data\odac\pristine_H2O\CUWVEX\CUWVEX_w_H2O_1_relaxed.cif,0.5747384260000217
C:\Users\GED\PycharmProjects\Aixelo_Project_DataLab_2025\data\odac\pristine_H2O\CUWVIB\CUWVIB_w_H2O_1_relaxed.cif,4.746049092000203
C:\Users\GED\PycharmProjects\Aixelo_Project_DataLab_2025\data\odac\pristine_H2O\CUWZIF\CUWZIF_w_H2O_1_relaxed.cif,-0.25637154400010326
C:\Users\GED\PycharmProjects\Aixelo_Project_DataLab_2025\data\odac\pristine_H2O\CUXFIL\CUXFIL_w_H2O_1_relaxed.cif,-0.3666527860000769
C:\Users\GED\PycharmProjects\Aixelo_Project_DataLab_2025\data\odac\pristine_H2O\CUXJEM\CUXJEM_w_H2O_1_relaxed.cif,0.7857454639999333
C:\Users\GED\PycharmProjects\Aixelo_Project_DataLab_2025\data\odac\pristine_H2O\CUXLEO\CUXLEO_w_H2O_random_1_relaxed.cif,-0.1969330050000053
C:\Users\GED\PycharmProjects\Aixelo_Project_DataLab_2025\data\odac\pristine_H2O\CUYWUP\CUYWUP_w_H2O_1_relaxed.cif,-0.5711065399998916
C:\Users\GED\PycharmProjects\Aixelo_Project_DataLab_2025\data\odac\pristine_H2O\CUYYAX\CUYYAX_w_H2O_1_relaxed.cif,-0.07461695000006328
C:\Users\GED\PycharmProjects\Aixelo_Project_DataLab_2025\data\odac\pristine_H2O\CUYYEB\CUYYEB_w_H2O_random_1_relaxed.cif,-0.3747230449999961
C:\Users\GED\PycharmProjects\Aixelo_Project_DataLab_2025\data\odac\pristine_H2O\CUZBUW\CUZBUW_w_H2O_1_relaxed.cif,-0.30829480499998846
C:\Users\GED\PycharmProjects\Aixelo_Project_DataLab_2025\data\odac\pristine_H2O\DACFAR\DACFAR_w_H2O_1_relaxed.cif,-0.5261306966666931
C:\Users\GED\PycharmProjects\Aixelo_Project_DataLab_2025\data\odac\pristine_H2O\DACYUE\DACYUE_w_H2O_1_relaxed.cif,-0.008744322499921978
C:\Users\GED\PycharmProjects\Aixelo_Project_DataLab_2025\data\odac\pristine_H2O\DADLIG\DADLIG_w_H2O_1_relaxed.cif,-0.47855649399998584
C:\Users\GED\PycharmProjects\Aixelo_Project_DataLab_2025\data\odac\pristine_H2O\DAFSOV\DAFSOV_w_H2O_1_relaxed.cif,-0.4995880779999652
C:\Users\GED\PycharmProjects\Aixelo_Project_DataLab_2025\data\odac\pristine_H2O\DAFYAN\DAFYAN_w_H2O_1_relaxed.cif,-0.2862718300000324
C:\Users\GED\PycharmProjects\Aixelo_Project_DataLab_2025\data\odac\pristine_H2O\DAFYOB\DAFYOB_w_H2O_1_relaxed.cif,-0.2802086024998971
C:\Users\GED\PycharmProjects\Aixelo_Project_DataLab_2025\data\odac\pristine_H2O\DAGDIZ\DAGDIZ_w_H2O_1_relaxed.cif,-0.28935173249993795
C:\Users\GED\PycharmProjects\Aixelo_Project_DataLab_2025\data\odac\pristine_H2O\DAGDUL\DAGDUL_w_H2O_1_relaxed.cif,-0.4255487699999776
C:\Users\GED\PycharmProjects\Aixelo_Project_DataLab_2025\data\odac\pristine_H2O\DAGJED\DAGJED_w_H2O_1_relaxed.cif,-0.3376266580000447
C:\Users\GED\PycharmProjects\Aixelo_Project_DataLab_2025\data\odac\pristine_H2O\DAJHOM_manual\DAJHOM_manual_w_H2O_random_1_relaxed.cif,-0.2072443600000042
C:\Users\GED\PycharmProjects\Aixelo_Project_DataLab_2025\data\odac\pristine_H2O\DAKVIW\DAKVIW_w_H2O_1_relaxed.cif,-0.46745603999988816
C:\Users\GED\PycharmProjects\Aixelo_Project_DataLab_2025\data\odac\pristine_H2O\DAKVOC\DAKVOC_w_H2O_1_relaxed.cif,-0.33094704600016484
C:\Users\GED\PycharmProjects\Aixelo_Project_DataLab_2025\data\odac\pristine_H2O\DAKVUI\DAKVUI_w_H2O_3_relaxed.cif,-0.17511550500057635
C:\Users\GED\PycharmProjects\Aixelo_Project_DataLab_2025\data\odac\pristine_H2O\DALVAQ\DALVAQ_w_H2O_1_relaxed.cif,-0.5447011800000041
C:\Users\GED\PycharmProjects\Aixelo_Project_DataLab_2025\data\odac\pristine_H2O\DAMZEZ\DAMZEZ_w_H2O_1_relaxed.cif,-0.47346218000029694
C:\Users\GED\PycharmProjects\Aixelo_Project_DataLab_2025\data\odac\pristine_H2O\DANZAV_charged\DANZAV_charged_w_H2O_2_relaxed.cif,-0.25085987000026455
C:\Users\GED\PycharmProjects\Aixelo_Project_DataLab_2025\data\odac\pristine_H2O\DANZID_charged\DANZID_charged_w_H2O_1_relaxed.cif,-0.14179832500053635
C:\Users\GED\PycharmProjects\Aixelo_Project_DataLab_2025\data\odac\pristine_H2O\DANZOJ_neutral\DANZOJ_neutral_w_H2O_1_relaxed.cif,0.013218522000033761
C:\Users\GED\PycharmProjects\Aixelo_Project_DataLab_2025\data\odac\pristine_H2O\DAPBIH_neutral\DAPBIH_neutral_w_H2O_1_relaxed.cif,3.283952419999969
C:\Users\GED\PycharmProjects\Aixelo_Project_DataLab_2025\data\odac\pristine_H2O\DAPYAW\DAPYAW_w_H2O_1_relaxed.cif,-0.3562047140000686
C:\Users\GED\PycharmProjects\Aixelo_Project_DataLab_2025\data\odac\pristine_H2O\DARBUU\DARBUU_w_H2O_1_relaxed.cif,-0.3566715600000094
C:\Users\GED\PycharmProjects\Aixelo_Project_DataLab_2025\data\odac\pristine_H2O\DARSEV_SL\DARSEV_SL_w_H2O_1_relaxed.cif,-0.3844184160000622
C:\Users\GED\PycharmProjects\Aixelo_Project_DataLab_2025\data\odac\pristine_H2O\DAWBIO\DAWBIO_w_H2O_1_relaxed.cif,-0.013857557999949699
C:\Users\GED\PycharmProjects\Aixelo_Project_DataLab_2025\data\odac\pristine_H2O\DAWBOU\DAWBOU_w_H2O_1_relaxed.cif,-0.23343968999995468
C:\Users\GED\PycharmProjects\Aixelo_Project_DataLab_2025\data\odac\pristine_H2O\DAWCAH\DAWCAH_w_H2O_1_relaxed.cif,0.0020654920000424794
C:\Users\GED\PycharmProjects\Aixelo_Project_DataLab_2025\data\odac\pristine_H2O\DAWCOV\DAWCOV_w_H2O_1_relaxed.cif,-0.34731387999977414
C:\Users\GED\PycharmProjects\Aixelo_Project_DataLab_2025\data\odac\pristine_H2O\DAWDAI\DAWDAI_w_H2O_1_relaxed.cif,-0.48717277400005515
C:\Users\GED\PycharmProjects\Aixelo_Project_DataLab_2025\data\odac\pristine_H2O\DAWWEF\DAWWEF_w_H2O_1_relaxed.cif,0.06174329500015569
C:\Users\GED\PycharmProjects\Aixelo_Project_DataLab_2025\data\odac\pristine_H2O\DAXHIV\DAXHIV_w_H2O_1_relaxed.cif,-0.15376640250002535
C:\Users\GED\PycharmProjects\Aixelo_Project_DataLab_2025\data\odac\pristine_H2O\DAXHIV01\DAXHIV01_w_H2O_1_relaxed.cif,-0.17043984500006099
C:\Users\GED\PycharmProjects\Aixelo_Project_DataLab_2025\data\odac\pristine_H2O\DAXHUH\DAXHUH_w_H2O_1_relaxed.cif,-0.4098876774999098
C:\Users\GED\PycharmProjects\Aixelo_Project_DataLab_2025\data\odac\pristine_H2O\DAXHUH01\DAXHUH01_w_H2O_1_relaxed.cif,-0.1999536749999322
C:\Users\GED\PycharmProjects\Aixelo_Project_DataLab_2025\data\odac\pristine_H2O\DEBGIA\DEBGIA_w_H2O_1_relaxed.cif,0.24605142666685723
C:\Users\GED\PycharmProjects\Aixelo_Project_DataLab_2025\data\odac\pristine_H2O\DEBWAK\DEBWAK_w_H2O_1_relaxed.cif,-0.25043397000035833
C:\Users\GED\PycharmProjects\Aixelo_Project_DataLab_2025\data\odac\pristine_H2O\DEFKUU\DEFKUU_w_H2O_1_relaxed.cif,-0.4303390124999993
C:\Users\GED\PycharmProjects\Aixelo_Project_DataLab_2025\data\odac\pristine_H2O\DEFRIR\DEFRIR_w_H2O_1_relaxed.cif,-0.26083596000012216
C:\Users\GED\PycharmProjects\Aixelo_Project_DataLab_2025\data\odac\pristine_H2O\DEGJIK\DEGJIK_w_H2O_1_relaxed.cif,-0.38520005499999854
C:\Users\GED\PycharmProjects\Aixelo_Project_DataLab_2025\data\odac\pristine_H2O\DEJCIF\DEJCIF_w_H2O_1_relaxed.cif,-0.26054836333330894
C:\Users\GED\PycharmProjects\Aixelo_Project_DataLab_2025\data\odac\pristine_H2O\DEJJIN\DEJJIN_w_H2O_1_relaxed.cif,0.17917026499992514
C:\Users\GED\PycharmProjects\Aixelo_Project_DataLab_2025\data\odac\pristine_H2O\DEJRUH\DEJRUH_w_H2O_1_relaxed.cif,-0.2252078899999787
C:\Users\GED\PycharmProjects\Aixelo_Project_DataLab_2025\data\odac\pristine_H2O\DEKHEH\DEKHEH_w_H2O_1_relaxed.cif,-0.0856923400001051
C:\Users\GED\PycharmProjects\Aixelo_Project_DataLab_2025\data\odac\pristine_H2O\DEKHUX\DEKHUX_w_H2O_1_relaxed.cif,0.5287896819999787
C:\Users\GED\PycharmProjects\Aixelo_Project_DataLab_2025\data\odac\pristine_H2O\DEKPUF\DEKPUF_w_H2O_1_relaxed.cif,-0.6000486899999373
C:\Users\GED\PycharmProjects\Aixelo_Project_DataLab_2025\data\odac\pristine_H2O\DELGEI_manual\DELGEI_manual_w_H2O_1_relaxed.cif,-0.24250072749993026
C:\Users\GED\PycharmProjects\Aixelo_Project_DataLab_2025\data\odac\pristine_H2O\DEPSEW\DEPSEW_w_H2O_1_relaxed.cif,-0.2023547866666793
C:\Users\GED\PycharmProjects\Aixelo_Project_DataLab_2025\data\odac\pristine_H2O\DEPTOH\DEPTOH_w_H2O_1_relaxed.cif,-0.1316959833333726
C:\Users\GED\PycharmProjects\Aixelo_Project_DataLab_2025\data\odac\pristine_H2O\DEPXAY\DEPXAY_w_H2O_1_relaxed.cif,-0.49216948999998067
C:\Users\GED\PycharmProjects\Aixelo_Project_DataLab_2025\data\odac\pristine_H2O\DEPXIG\DEPXIG_w_H2O_1_relaxed.cif,-0.6917617339997377
C:\Users\GED\PycharmProjects\Aixelo_Project_DataLab_2025\data\odac\pristine_H2O\DEPXOM\DEPXOM_w_H2O_1_relaxed.cif,-1.0164905560000534
C:\Users\GED\PycharmProjects\Aixelo_Project_DataLab_2025\data\odac\pristine_H2O\DEQVIF\DEQVIF_w_H2O_1_relaxed.cif,-0.22765857599970327
C:\Users\GED\PycharmProjects\Aixelo_Project_DataLab_2025\data\odac\pristine_H2O\DEYDOA\DEYDOA_w_H2O_1_relaxed.cif,-0.3673850299999799
C:\Users\GED\PycharmProjects\Aixelo_Project_DataLab_2025\data\odac\pristine_H2O\DEYJIC\DEYJIC_w_H2O_1_relaxed.cif,-0.5065345279999747
C:\Users\GED\PycharmProjects\Aixelo_Project_DataLab_2025\data\odac\pristine_H2O\DEYJOI\DEYJOI_w_H2O_1_relaxed.cif,-0.46831688500000723
C:\Users\GED\PycharmProjects\Aixelo_Project_DataLab_2025\data\odac\pristine_H2O\DEYNIG\DEYNIG_w_H2O_1_relaxed.cif,-0.5573867639999662
C:\Users\GED\PycharmProjects\Aixelo_Project_DataLab_2025\data\odac\pristine_H2O\DEZCER\DEZCER_w_H2O_1_relaxed.cif,-0.38848042200006605
C:\Users\GED\PycharmProjects\Aixelo_Project_DataLab_2025\data\odac\pristine_H2O\DEZKAW\DEZKAW_w_H2O_1_relaxed.cif,-0.22557770999987947
C:\Users\GED\PycharmProjects\Aixelo_Project_DataLab_2025\data\odac\pristine_H2O\DIBPAH\DIBPAH_w_H2O_1_relaxed.cif,0.08173610800004094
C:\Users\GED\PycharmProjects\Aixelo_Project_DataLab_2025\data\odac\pristine_H2O\DICKEH\DICKEH_w_H2O_1_relaxed.cif,-0.25592172499989374
C:\Users\GED\PycharmProjects\Aixelo_Project_DataLab_2025\data\odac\pristine_H2O\DICVAO\DICVAO_w_H2O_1_relaxed.cif,-0.47919115200015766
C:\Users\GED\PycharmProjects\Aixelo_Project_DataLab_2025\data\odac\pristine_H2O\DICVES\DICVES_w_H2O_1_relaxed.cif,-0.32397610399998483
C:\Users\GED\PycharmProjects\Aixelo_Project_DataLab_2025\data\odac\pristine_H2O\DICVIW\DICVIW_w_H2O_1_relaxed.cif,-0.28408298000003923
C:\Users\GED\PycharmProjects\Aixelo_Project_DataLab_2025\data\odac\pristine_H2O\DIDDOK\DIDDOK_w_H2O_1_relaxed.cif,-0.42663562750016126
C:\Users\GED\PycharmProjects\Aixelo_Project_DataLab_2025\data\odac\pristine_H2O\DIKJUD\DIKJUD_w_H2O_1_relaxed.cif,-0.8858364480000092
C:\Users\GED\PycharmProjects\Aixelo_Project_DataLab_2025\data\odac\pristine_H2O\DIKPOD\DIKPOD_w_H2O_1_relaxed.cif,-0.23809303799996537
C:\Users\GED\PycharmProjects\Aixelo_Project_DataLab_2025\data\odac\pristine_H2O\DINNIZ\DINNIZ_w_H2O_1_relaxed.cif,-0.7309516799999074
C:\Users\GED\PycharmProjects\Aixelo_Project_DataLab_2025\data\odac\pristine_H2O\DIPMAS\DIPMAS_w_H2O_1_relaxed.cif,-0.8175802300000441
C:\Users\GED\PycharmProjects\Aixelo_Project_DataLab_2025\data\odac\pristine_H2O\DIRPIF\DIRPIF_w_H2O_1_relaxed.cif,-0.3786312579999048
C:\Users\GED\PycharmProjects\Aixelo_Project_DataLab_2025\data\odac\pristine_H2O\DITJIB\DITJIB_w_H2O_1_relaxed.cif,-0.17974082500006716
C:\Users\GED\PycharmProjects\Aixelo_Project_DataLab_2025\data\odac\pristine_H2O\DITJOH\DITJOH_w_H2O_1_relaxed.cif,-0.28809062749996883
C:\Users\GED\PycharmProjects\Aixelo_Project_DataLab_2025\data\odac\pristine_H2O\DITTEH\DITTEH_w_H2O_1_relaxed.cif,-0.34293684249990974
C:\Users\GED\PycharmProjects\Aixelo_Project_DataLab_2025\data\odac\pristine_H2O\DITXOU\DITXOU_w_H2O_1_relaxed.cif,-0.3405518519999532
C:\Users\GED\PycharmProjects\Aixelo_Project_DataLab_2025\data\odac\pristine_H2O\DITYEM\DITYEM_w_H2O_1_relaxed.cif,-0.18151637199997592
C:\Users\GED\PycharmProjects\Aixelo_Project_DataLab_2025\data\odac\pristine_H2O\DITYOW\DITYOW_w_H2O_1_relaxed.cif,-0.2586920916667926
C:\Users\GED\PycharmProjects\Aixelo_Project_DataLab_2025\data\odac\pristine_H2O\DIVNIH\DIVNIH_w_H2O_1_relaxed.cif,0.09070772749998923
C:\Users\GED\PycharmProjects\Aixelo_Project_DataLab_2025\data\odac\pristine_H2O\DIVPUU\DIVPUU_w_H2O_random_1_relaxed.cif,0.013402249999984399
C:\Users\GED\PycharmProjects\Aixelo_Project_DataLab_2025\data\odac\pristine_H2O\DIWNAA\DIWNAA_w_H2O_1_relaxed.cif,1.1744719540000006
C:\Users\GED\PycharmProjects\Aixelo_Project_DataLab_2025\data\odac\pristine_H2O\DIXKOL\DIXKOL_w_H2O_1_relaxed.cif,-0.22847997499988537
C:\Users\GED\PycharmProjects\Aixelo_Project_DataLab_2025\data\odac\pristine_H2O\DIYKAZ\DIYKAZ_w_H2O_1_relaxed.cif,-0.35744306399997183
C:\Users\GED\PycharmProjects\Aixelo_Project_DataLab_2025\data\odac\pristine_H2O\DIYKED\DIYKED_w_H2O_2_relaxed.cif,1.2552364500001356
C:\Users\GED\PycharmProjects\Aixelo_Project_DataLab_2025\data\odac\pristine_H2O\DIYTEM\DIYTEM_w_H2O_1_relaxed.cif,0.1962152283333959
C:\Users\GED\PycharmProjects\Aixelo_Project_DataLab_2025\data\odac\pristine_H2O\DOCKOW\DOCKOW_w_H2O_1_relaxed.cif,-0.2425025899999127
C:\Users\GED\PycharmProjects\Aixelo_Project_DataLab_2025\data\odac\pristine_H2O\DODMIT\DODMIT_w_H2O_1_relaxed.cif,-0.1506634359999907
C:\Users\GED\PycharmProjects\Aixelo_Project_DataLab_2025\data\odac\pristine_H2O\DOGZIJ\DOGZIJ_w_H2O_1_relaxed.cif,-0.23806452199994504
C:\Users\GED\PycharmProjects\Aixelo_Project_DataLab_2025\data\odac\pristine_H2O\DOHNUL\DOHNUL_w_H2O_1_relaxed.cif,-0.5122261380000055
C:\Users\GED\PycharmProjects\Aixelo_Project_DataLab_2025\data\odac\pristine_H2O\DOHYIJ01\DOHYIJ01_w_H2O_1_relaxed.cif,-0.7420037520000051
C:\Users\GED\PycharmProjects\Aixelo_Project_DataLab_2025\data\odac\pristine_H2O\DOKDEN\DOKDEN_w_H2O_1_relaxed.cif,-0.24774025750014061
C:\Users\GED\PycharmProjects\Aixelo_Project_DataLab_2025\data\odac\pristine_H2O\DOKHIV\DOKHIV_w_H2O_1_relaxed.cif,-0.2553508560000864
C:\Users\GED\PycharmProjects\Aixelo_Project_DataLab_2025\data\odac\pristine_H2O\DOLPIF\DOLPIF_w_H2O_1_relaxed.cif,4.438940330000008
C:\Users\GED\PycharmProjects\Aixelo_Project_DataLab_2025\data\odac\pristine_H2O\DOLRAZ\DOLRAZ_w_H2O_1_relaxed.cif,-0.06679529999983061
C:\Users\GED\PycharmProjects\Aixelo_Project_DataLab_2025\data\odac\pristine_H2O\DOLXOR\DOLXOR_w_H2O_1_relaxed.cif,-0.22610893666669082
C:\Users\GED\PycharmProjects\Aixelo_Project_DataLab_2025\data\odac\pristine_H2O\DOLXOR01\DOLXOR01_w_H2O_1_relaxed.cif,-0.31048460333334066
C:\Users\GED\PycharmProjects\Aixelo_Project_DataLab_2025\data\odac\pristine_H2O\DOLXOR02\DOLXOR02_w_H2O_1_relaxed.cif,-0.3182616733333532
C:\Users\GED\PycharmProjects\Aixelo_Project_DataLab_2025\data\odac\pristine_H2O\DOMKEX\DOMKEX_w_H2O_1_relaxed.cif,-0.19280502999997676
C:\Users\GED\PycharmProjects\Aixelo_Project_DataLab_2025\data\odac\pristine_H2O\DONKOI\DONKOI_w_H2O_1_relaxed.cif,-0.5100915560002249
C:\Users\GED\PycharmProjects\Aixelo_Project_DataLab_2025\data\odac\pristine_H2O\DONKUO\DONKUO_w_H2O_1_relaxed.cif,-0.44060907599996424
C:\Users\GED\PycharmProjects\Aixelo_Project_DataLab_2025\data\odac\pristine_H2O\DONNAW\DONNAW_w_H2O_1_relaxed.cif,0.2921824475000108
C:\Users\GED\PycharmProjects\Aixelo_Project_DataLab_2025\data\odac\pristine_H2O\DONNAW01_SL\DONNAW01_SL_w_H2O_1_relaxed.cif,0.2787699774999908
C:\Users\GED\PycharmProjects\Aixelo_Project_DataLab_2025\data\odac\pristine_H2O\DONNEA\DONNEA_w_H2O_random_1_relaxed.cif,-0.48014683499999933
C:\Users\GED\PycharmProjects\Aixelo_Project_DataLab_2025\data\odac\pristine_H2O\DONNIE\DONNIE_w_H2O_1_relaxed.cif,0.06705944000003686
C:\Users\GED\PycharmProjects\Aixelo_Project_DataLab_2025\data\odac\pristine_H2O\DORFOG\DORFOG_w_H2O_1_relaxed.cif,-0.11536801333329545
C:\Users\GED\PycharmProjects\Aixelo_Project_DataLab_2025\data\odac\pristine_H2O\DORYUG\DORYUG_w_H2O_1_relaxed.cif,-0.47465863000070385
C:\Users\GED\PycharmProjects\Aixelo_Project_DataLab_2025\data\odac\pristine_H2O\DOYBEA\DOYBEA_w_H2O_1_relaxed.cif,-0.23954670249996463
C:\Users\GED\PycharmProjects\Aixelo_Project_DataLab_2025\data\odac\pristine_H2O\DOYBUQ01\DOYBUQ01_w_H2O_1_relaxed.cif,-0.41622436200023005
C:\Users\GED\PycharmProjects\Aixelo_Project_DataLab_2025\data\odac\pristine_H2O\DOYHOQ\DOYHOQ_w_H2O_1_relaxed.cif,0.24352511499992602
C:\Users\GED\PycharmProjects\Aixelo_Project_DataLab_2025\data\odac\pristine_H2O\DOYHUW\DOYHUW_w_H2O_1_relaxed.cif,-0.23367389399982125
C:\Users\GED\PycharmProjects\Aixelo_Project_DataLab_2025\data\odac\pristine_H2O\DOYLEI\DOYLEI_w_H2O_1_relaxed.cif,-0.3269054025000173
C:\Users\GED\PycharmProjects\Aixelo_Project_DataLab_2025\data\odac\pristine_H2O\DOZCEC\DOZCEC_w_H2O_1_relaxed.cif,-0.3523616440000751
C:\Users\GED\PycharmProjects\Aixelo_Project_DataLab_2025\data\odac\pristine_H2O\DOZKIO\DOZKIO_w_H2O_2_relaxed.cif,-0.3659089874998642
C:\Users\GED\PycharmProjects\Aixelo_Project_DataLab_2025\data\odac\pristine_H2O\DUBKAO\DUBKAO_w_H2O_random_2_relaxed.cif,-0.0895350700000108
C:\Users\GED\PycharmProjects\Aixelo_Project_DataLab_2025\data\odac\pristine_H2O\DUBWON\DUBWON_w_H2O_1_relaxed.cif,-0.42892240000006154
C:\Users\GED\PycharmProjects\Aixelo_Project_DataLab_2025\data\odac\pristine_H2O\DUDKEU\DUDKEU_w_H2O_random_2_relaxed.cif,-0.4009168299999146
C:\Users\GED\PycharmProjects\Aixelo_Project_DataLab_2025\data\odac\pristine_H2O\DUDKUK\DUDKUK_w_H2O_1_relaxed.cif,-0.4189450349999504
C:\Users\GED\PycharmProjects\Aixelo_Project_DataLab_2025\data\odac\pristine_H2O\DUJRAD\DUJRAD_w_H2O_1_relaxed.cif,0.024487786000076995
C:\Users\GED\PycharmProjects\Aixelo_Project_DataLab_2025\data\odac\pristine_H2O\DUMXEQ\DUMXEQ_w_H2O_1_relaxed.cif,-0.473782576000076
C:\Users\GED\PycharmProjects\Aixelo_Project_DataLab_2025\data\odac\pristine_H2O\DUMXIU\DUMXIU_w_H2O_1_relaxed.cif,-0.48005261199987215
C:\Users\GED\PycharmProjects\Aixelo_Project_DataLab_2025\data\odac\pristine_H2O\DUNXUH\DUNXUH_w_H2O_1_relaxed.cif,-0.4650297219999402
C:\Users\GED\PycharmProjects\Aixelo_Project_DataLab_2025\data\odac\pristine_H2O\DUNXUH01\DUNXUH01_w_H2O_1_relaxed.cif,-0.3809834159998672
C:\Users\GED\PycharmProjects\Aixelo_Project_DataLab_2025\data\odac\pristine_H2O\DUNXUH02\DUNXUH02_w_H2O_1_relaxed.cif,-0.42072174600011747
C:\Users\GED\PycharmProjects\Aixelo_Project_DataLab_2025\data\odac\pristine_H2O\DUNXUH03\DUNXUH03_w_H2O_1_relaxed.cif,-0.36395592599988047
C:\Users\GED\PycharmProjects\Aixelo_Project_DataLab_2025\data\odac\pristine_H2O\DUNXUH04\DUNXUH04_w_H2O_1_relaxed.cif,-0.3882328139999572
C:\Users\GED\PycharmProjects\Aixelo_Project_DataLab_2025\data\odac\pristine_H2O\DUNXUH05\DUNXUH05_w_H2O_1_relaxed.cif,-0.4214796440000555
C:\Users\GED\PycharmProjects\Aixelo_Project_DataLab_2025\data\odac\pristine_H2O\DUNXUH12\DUNXUH12_w_H2O_1_relaxed.cif,-0.5710242839999182
C:\Users\GED\PycharmProjects\Aixelo_Project_DataLab_2025\data\odac\pristine_H2O\DUNXUH13\DUNXUH13_w_H2O_1_relaxed.cif,-0.3436527239999805
C:\Users\GED\PycharmProjects\Aixelo_Project_DataLab_2025\data\odac\pristine_H2O\DUNXUH14\DUNXUH14_w_H2O_1_relaxed.cif,-0.40458343400000557
C:\Users\GED\PycharmProjects\Aixelo_Project_DataLab_2025\data\odac\pristine_H2O\DUNXUH15\DUNXUH15_w_H2O_1_relaxed.cif,-0.4307247439999628
C:\Users\GED\PycharmProjects\Aixelo_Project_DataLab_2025\data\odac\pristine_H2O\DUNXUH21\DUNXUH21_w_H2O_1_relaxed.cif,-0.3988526939999929
C:\Users\GED\PycharmProjects\Aixelo_Project_DataLab_2025\data\odac\pristine_H2O\DUPVER\DUPVER_w_H2O_1_relaxed.cif,-0.3809108649999189
C:\Users\GED\PycharmProjects\Aixelo_Project_DataLab_2025\data\odac\pristine_H2O\DUQSEO\DUQSEO_w_H2O_random_1_relaxed.cif,-0.4923530599999708
C:\Users\GED\PycharmProjects\Aixelo_Project_DataLab_2025\data\odac\pristine_H2O\DUQYEU\DUQYEU_w_H2O_2_relaxed.cif,1.3863851400000538
C:\Users\GED\PycharmProjects\Aixelo_Project_DataLab_2025\data\odac\pristine_H2O\DUQYEU01\DUQYEU01_w_H2O_1_relaxed.cif,0.5471721600000023
C:\Users\GED\PycharmProjects\Aixelo_Project_DataLab_2025\data\odac\pristine_H2O\DURDAX\DURDAX_w_H2O_1_relaxed.cif,-0.22853166750007858
C:\Users\GED\PycharmProjects\Aixelo_Project_DataLab_2025\data\odac\pristine_H2O\DURDIF\DURDIF_w_H2O_1_relaxed.cif,-0.22835659000000413
C:\Users\GED\PycharmProjects\Aixelo_Project_DataLab_2025\data\odac\pristine_H2O\DUTKAG\DUTKAG_w_H2O_1_relaxed.cif,-0.15065316999988448
C:\Users\GED\PycharmProjects\Aixelo_Project_DataLab_2025\data\odac\pristine_H2O\DUWFOS\DUWFOS_w_H2O_3_relaxed.cif,-0.2621528199999829
C:\Users\GED\PycharmProjects\Aixelo_Project_DataLab_2025\data\odac\pristine_H2O\DUWGEJ\DUWGEJ_w_H2O_1_relaxed.cif,-0.5359525319999193
C:\Users\GED\PycharmProjects\Aixelo_Project_DataLab_2025\data\odac\pristine_H2O\DUWROE\DUWROE_w_H2O_1_relaxed.cif,-0.5608428649999837
C:\Users\GED\PycharmProjects\Aixelo_Project_DataLab_2025\data\odac\pristine_H2O\DUXKUD\DUXKUD_w_H2O_1_relaxed.cif,-0.2837060599999859
C:\Users\GED\PycharmProjects\Aixelo_Project_DataLab_2025\data\odac\pristine_H2O\DUXMAL\DUXMAL_w_H2O_1_relaxed.cif,-0.3487759540000752
C:\Users\GED\PycharmProjects\Aixelo_Project_DataLab_2025\data\odac\pristine_H2O\DUXZIG01\DUXZIG01_w_H2O_1_relaxed.cif,-0.16023291333333603
C:\Users\GED\PycharmProjects\Aixelo_Project_DataLab_2025\data\odac\pristine_H2O\DUYJIS\DUYJIS_w_H2O_1_relaxed.cif,-0.3507323700006054
C:\Users\GED\PycharmProjects\Aixelo_Project_DataLab_2025\data\odac\pristine_H2O\DUYVEA\DUYVEA_w_H2O_1_relaxed.cif,-0.6774453099998936
C:\Users\GED\PycharmProjects\Aixelo_Project_DataLab_2025\data\odac\pristine_H2O\DUZPUL\DUZPUL_w_H2O_1_relaxed.cif,-0.25017097500006
C:\Users\GED\PycharmProjects\Aixelo_Project_DataLab_2025\data\odac\pristine_H2O\DUZWOM\DUZWOM_w_H2O_1_relaxed.cif,-0.11355943249986922
C:\Users\GED\PycharmProjects\Aixelo_Project_DataLab_2025\data\odac\pristine_H2O\EBATUY\EBATUY_w_H2O_1_relaxed.cif,-0.5791551660000096
C:\Users\GED\PycharmProjects\Aixelo_Project_DataLab_2025\data\odac\pristine_H2O\EBELUU\EBELUU_w_H2O_1_relaxed.cif,-0.48610956600003874
C:\Users\GED\PycharmProjects\Aixelo_Project_DataLab_2025\data\odac\pristine_H2O\EBEMEE\EBEMEE_w_H2O_1_relaxed.cif,-0.6029665140000816
C:\Users\GED\PycharmProjects\Aixelo_Project_DataLab_2025\data\odac\pristine_H2O\EBEMEF\EBEMEF_w_H2O_1_relaxed.cif,-0.21697696250002702
C:\Users\GED\PycharmProjects\Aixelo_Project_DataLab_2025\data\odac\pristine_H2O\EBEMII\EBEMII_w_H2O_1_relaxed.cif,-0.41971432800000913
C:\Users\GED\PycharmProjects\Aixelo_Project_DataLab_2025\data\odac\pristine_H2O\EBEWIT\EBEWIT_w_H2O_1_relaxed.cif,-0.17563282500000804
C:\Users\GED\PycharmProjects\Aixelo_Project_DataLab_2025\data\odac\pristine_H2O\EBEXAM\EBEXAM_w_H2O_1_relaxed.cif,-0.08130317249998595
C:\Users\GED\PycharmProjects\Aixelo_Project_DataLab_2025\data\odac\pristine_H2O\EBEXEQ\EBEXEQ_w_H2O_1_relaxed.cif,-0.24360448750002206
C:\Users\GED\PycharmProjects\Aixelo_Project_DataLab_2025\data\odac\pristine_H2O\EBEXEQ01\EBEXEQ01_w_H2O_1_relaxed.cif,-0.18993869499993818
C:\Users\GED\PycharmProjects\Aixelo_Project_DataLab_2025\data\odac\pristine_H2O\EBEXIU02\EBEXIU02_w_H2O_1_relaxed.cif,-0.3857834779999621
C:\Users\GED\PycharmProjects\Aixelo_Project_DataLab_2025\data\odac\pristine_H2O\EBEZUI_ion_b\EBEZUI_ion_b_w_H2O_1_relaxed.cif,0.09577983666675516
C:\Users\GED\PycharmProjects\Aixelo_Project_DataLab_2025\data\odac\pristine_H2O\EBIHII\EBIHII_w_H2O_1_relaxed.cif,0.6276680550002425
C:\Users\GED\PycharmProjects\Aixelo_Project_DataLab_2025\data\odac\pristine_H2O\EBIMEJ\EBIMEJ_w_H2O_1_relaxed.cif,-0.4733499750000192
C:\Users\GED\PycharmProjects\Aixelo_Project_DataLab_2025\data\odac\pristine_H2O\EBIPOX\EBIPOX_w_H2O_1_relaxed.cif,0.3148779639999929
C:\Users\GED\PycharmProjects\Aixelo_Project_DataLab_2025\data\odac\pristine_H2O\EBIZUN\EBIZUN_w_H2O_2_relaxed.cif,-0.6414878900000076
C:\Users\GED\PycharmProjects\Aixelo_Project_DataLab_2025\data\odac\pristine_H2O\EBOBIJ\EBOBIJ_w_H2O_1_relaxed.cif,-0.23211282250002796
C:\Users\GED\PycharmProjects\Aixelo_Project_DataLab_2025\data\odac\pristine_H2O\EBOCOQ\EBOCOQ_w_H2O_1_relaxed.cif,-0.27894171249999994
C:\Users\GED\PycharmProjects\Aixelo_Project_DataLab_2025\data\odac\pristine_H2O\EBUREA\EBUREA_w_H2O_1_relaxed.cif,-0.23461756800004419
C:\Users\GED\PycharmProjects\Aixelo_Project_DataLab_2025\data\odac\pristine_H2O\ECAHAT\ECAHAT_w_H2O_1_relaxed.cif,-0.32163726166671336
C:\Users\GED\PycharmProjects\Aixelo_Project_DataLab_2025\data\odac\pristine_H2O\ECAHEX\ECAHEX_w_H2O_1_relaxed.cif,-0.1463088299999526
C:\Users\GED\PycharmProjects\Aixelo_Project_DataLab_2025\data\odac\pristine_H2O\ECAHOH\ECAHOH_w_H2O_1_relaxed.cif,-0.2983111540000209
C:\Users\GED\PycharmProjects\Aixelo_Project_DataLab_2025\data\odac\pristine_H2O\ECASAD\ECASAD_w_H2O_1_relaxed.cif,-0.5757584739999743
C:\Users\GED\PycharmProjects\Aixelo_Project_DataLab_2025\data\odac\pristine_H2O\ECEDAU\ECEDAU_w_H2O_1_relaxed.cif,-0.39396716000000725
C:\Users\GED\PycharmProjects\Aixelo_Project_DataLab_2025\data\odac\pristine_H2O\ECEDEY\ECEDEY_w_H2O_1_relaxed.cif,-0.33805286400011025
C:\Users\GED\PycharmProjects\Aixelo_Project_DataLab_2025\data\odac\pristine_H2O\ECEZAO\ECEZAO_w_H2O_1_relaxed.cif,-0.31970325799994725
C:\Users\GED\PycharmProjects\Aixelo_Project_DataLab_2025\data\odac\pristine_H2O\ECEZAO01\ECEZAO01_w_H2O_1_relaxed.cif,-0.7839609979999522
C:\Users\GED\PycharmProjects\Aixelo_Project_DataLab_2025\data\odac\pristine_H2O\ECIWOC\ECIWOC_w_H2O_1_relaxed.cif,-0.3471173020000606
C:\Users\GED\PycharmProjects\Aixelo_Project_DataLab_2025\data\odac\pristine_H2O\ECODEG\ECODEG_w_H2O_1_relaxed.cif,-0.740774866000038
C:\Users\GED\PycharmProjects\Aixelo_Project_DataLab_2025\data\odac\pristine_H2O\ECODIK\ECODIK_w_H2O_1_relaxed.cif,-0.5579003383332785
C:\Users\GED\PycharmProjects\Aixelo_Project_DataLab_2025\data\odac\pristine_H2O\ECOGEI\ECOGEI_w_H2O_1_relaxed.cif,-0.3638536524997562
C:\Users\GED\PycharmProjects\Aixelo_Project_DataLab_2025\data\odac\pristine_H2O\ECOLEP\ECOLEP_w_H2O_1_relaxed.cif,-0.2620498033333358
C:\Users\GED\PycharmProjects\Aixelo_Project_DataLab_2025\data\odac\pristine_H2O\ECOLOX\ECOLOX_w_H2O_1_relaxed.cif,-1.0248493333333026
C:\Users\GED\PycharmProjects\Aixelo_Project_DataLab_2025\data\odac\pristine_H2O\ECUDIR_charged\ECUDIR_charged_w_H2O_1_relaxed.cif,12.550643850000085
C:\Users\GED\PycharmProjects\Aixelo_Project_DataLab_2025\data\odac\pristine_H2O\ECUFEP_charged\ECUFEP_charged_w_H2O_1_relaxed.cif,-0.40204763799995363
C:\Users\GED\PycharmProjects\Aixelo_Project_DataLab_2025\data\odac\pristine_H2O\ECUGEQ\ECUGEQ_w_H2O_1_relaxed.cif,-1.3817414074998737
C:\Users\GED\PycharmProjects\Aixelo_Project_DataLab_2025\data\odac\pristine_H2O\EDADIX\EDADIX_w_H2O_1_relaxed.cif,-0.3913113899999871
C:\Users\GED\PycharmProjects\Aixelo_Project_DataLab_2025\data\odac\pristine_H2O\EDAFUM\EDAFUM_w_H2O_1_relaxed.cif,-0.2590777180000032
C:\Users\GED\PycharmProjects\Aixelo_Project_DataLab_2025\data\odac\pristine_H2O\EDAGAT\EDAGAT_w_H2O_2_relaxed.cif,-0.1943707500000755
C:\Users\GED\PycharmProjects\Aixelo_Project_DataLab_2025\data\odac\pristine_H2O\EDAGEX\EDAGEX_w_H2O_1_relaxed.cif,-0.06574782199998024
C:\Users\GED\PycharmProjects\Aixelo_Project_DataLab_2025\data\odac\pristine_H2O\EDAPIK_clean_h\EDAPIK_clean_h_w_H2O_1_relaxed.cif,-0.13172832799991738
C:\Users\GED\PycharmProjects\Aixelo_Project_DataLab_2025\data\odac\pristine_H2O\EDATOT\EDATOT_w_H2O_1_relaxed.cif,-0.21998680333346476
C:\Users\GED\PycharmProjects\Aixelo_Project_DataLab_2025\data\odac\pristine_H2O\EDAVOV\EDAVOV_w_H2O_1_relaxed.cif,-0.5063209699999334
C:\Users\GED\PycharmProjects\Aixelo_Project_DataLab_2025\data\odac\pristine_H2O\EDEPAG\EDEPAG_w_H2O_1_relaxed.cif,1.03305400250008
C:\Users\GED\PycharmProjects\Aixelo_Project_DataLab_2025\data\odac\pristine_H2O\EDIKIL\EDIKIL_w_H2O_1_relaxed.cif,-0.6569310724999724
C:\Users\GED\PycharmProjects\Aixelo_Project_DataLab_2025\data\odac\pristine_H2O\EDOMAM\EDOMAM_w_H2O_1_relaxed.cif,-0.5837258499999507
C:\Users\GED\PycharmProjects\Aixelo_Project_DataLab_2025\data\odac\pristine_H2O\EDOYOL\EDOYOL_w_H2O_1_relaxed.cif,0.1338590920000115
C:\Users\GED\PycharmProjects\Aixelo_Project_DataLab_2025\data\odac\pristine_H2O\EDUSIF\EDUSIF_w_H2O_1_relaxed.cif,-0.16433418999997682
C:\Users\GED\PycharmProjects\Aixelo_Project_DataLab_2025\data\odac\pristine_H2O\EDUSUR\EDUSUR_w_H2O_2_relaxed.cif,-0.8873637066670502
C:\Users\GED\PycharmProjects\Aixelo_Project_DataLab_2025\data\odac\pristine_H2O\EDUVAA\EDUVAA_w_H2O_1_relaxed.cif,-0.24208870200027377
C:\Users\GED\PycharmProjects\Aixelo_Project_DataLab_2025\data\odac\pristine_H2O\EDUVOO\EDUVOO_w_H2O_1_relaxed.cif,-0.159121912499927
C:\Users\GED\PycharmProjects\Aixelo_Project_DataLab_2025\data\odac\pristine_H2O\EFIMOV\EFIMOV_w_H2O_1_relaxed.cif,-0.5971929119998549
C:\Users\GED\PycharmProjects\Aixelo_Project_DataLab_2025\data\odac\pristine_H2O\EFOSUO\EFOSUO_w_H2O_random_1_relaxed.cif,-0.201071660000025
C:\Users\GED\PycharmProjects\Aixelo_Project_DataLab_2025\data\odac\pristine_H2O\EGABAR\EGABAR_w_H2O_1_relaxed.cif,-0.5158604074999857
C:\Users\GED\PycharmProjects\Aixelo_Project_DataLab_2025\data\odac\pristine_H2O\EGAFOJ\EGAFOJ_w_H2O_random_1_relaxed.cif,-0.21300684499996692
C:\Users\GED\PycharmProjects\Aixelo_Project_DataLab_2025\data\odac\pristine_H2O\EGAFUP\EGAFUP_w_H2O_random_1_relaxed.cif,0.12233235499996911
C:\Users\GED\PycharmProjects\Aixelo_Project_DataLab_2025\data\odac\pristine_H2O\EGAGAW\EGAGAW_w_H2O_1_relaxed.cif,-0.42737128599999324
C:\Users\GED\PycharmProjects\Aixelo_Project_DataLab_2025\data\odac\pristine_H2O\EGAGEA\EGAGEA_w_H2O_random_1_relaxed.cif,-0.2531352200000185
C:\Users\GED\PycharmProjects\Aixelo_Project_DataLab_2025\data\odac\pristine_H2O\EGELUY01_manual\EGELUY01_manual_w_H2O_1_relaxed.cif,0.5118799550000119
C:\Users\GED\PycharmProjects\Aixelo_Project_DataLab_2025\data\odac\pristine_H2O\EGELUY_SL\EGELUY_SL_w_H2O_1_relaxed.cif,0.10834009999996397
C:\Users\GED\PycharmProjects\Aixelo_Project_DataLab_2025\data\odac\pristine_H2O\EGIFUV\EGIFUV_w_H2O_1_relaxed.cif,-0.3198857849997694
C:\Users\GED\PycharmProjects\Aixelo_Project_DataLab_2025\data\odac\pristine_H2O\EGOXII\EGOXII_w_H2O_1_relaxed.cif,-0.8436779799999954
C:\Users\GED\PycharmProjects\Aixelo_Project_DataLab_2025\data\odac\pristine_H2O\EGOZAB\EGOZAB_w_H2O_1_relaxed.cif,-0.10117041750004317
C:\Users\GED\PycharmProjects\Aixelo_Project_DataLab_2025\data\odac\pristine_H2O\EHAFOK\EHAFOK_w_H2O_random_1_relaxed.cif,0.8299113300000727
C:\Users\GED\PycharmProjects\Aixelo_Project_DataLab_2025\data\odac\pristine_H2O\EHALOP_manual\EHALOP_manual_w_H2O_1_relaxed.cif,0.6058740749999743
C:\Users\GED\PycharmProjects\Aixelo_Project_DataLab_2025\data\odac\pristine_H2O\EHEKUY\EHEKUY_w_H2O_1_relaxed.cif,-0.3240297980002651
C:\Users\GED\PycharmProjects\Aixelo_Project_DataLab_2025\data\odac\pristine_H2O\EHIPOC\EHIPOC_w_H2O_1_relaxed.cif,-0.7528679749999867
C:\Users\GED\PycharmProjects\Aixelo_Project_DataLab_2025\data\odac\pristine_H2O\EJIDUW01\EJIDUW01_w_H2O_1_relaxed.cif,-0.48705466599998315
C:\Users\GED\PycharmProjects\Aixelo_Project_DataLab_2025\data\odac\pristine_H2O\EJIDUW02\EJIDUW02_w_H2O_1_relaxed.cif,-0.5071899760000065
C:\Users\GED\PycharmProjects\Aixelo_Project_DataLab_2025\data\odac\pristine_H2O\EJONOH\EJONOH_w_H2O_1_relaxed.cif,-0.7166793599999627
C:\Users\GED\PycharmProjects\Aixelo_Project_DataLab_2025\data\odac\pristine_H2O\EJORAY\EJORAY_w_H2O_1_relaxed.cif,-0.38607276999999834
C:\Users\GED\PycharmProjects\Aixelo_Project_DataLab_2025\data\odac\pristine_H2O\EKETOF\EKETOF_w_H2O_2_relaxed.cif,-0.35934422499985885
C:\Users\GED\PycharmProjects\Aixelo_Project_DataLab_2025\data\odac\pristine_H2O\EKETUL\EKETUL_w_H2O_1_relaxed.cif,-0.12342636999983365
C:\Users\GED\PycharmProjects\Aixelo_Project_DataLab_2025\data\odac\pristine_H2O\EKEVAT\EKEVAT_w_H2O_1_relaxed.cif,-0.3614154874997553
C:\Users\GED\PycharmProjects\Aixelo_Project_DataLab_2025\data\odac\pristine_H2O\EKOKIA\EKOKIA_w_H2O_1_relaxed.cif,-0.2947536979998858
C:\Users\GED\PycharmProjects\Aixelo_Project_DataLab_2025\data\odac\pristine_H2O\EKOPEA\EKOPEA_w_H2O_1_relaxed.cif,-1.018058123333314
C:\Users\GED\PycharmProjects\Aixelo_Project_DataLab_2025\data\odac\pristine_H2O\EKOPIE\EKOPIE_w_H2O_1_relaxed.cif,-0.11322374199999104
C:\Users\GED\PycharmProjects\Aixelo_Project_DataLab_2025\data\odac\pristine_H2O\EKOPUQ\EKOPUQ_w_H2O_1_relaxed.cif,-0.48636918499988724
C:\Users\GED\PycharmProjects\Aixelo_Project_DataLab_2025\data\odac\pristine_H2O\ELIJOZ\ELIJOZ_w_H2O_1_relaxed.cif,-0.3235828620000347
C:\Users\GED\PycharmProjects\Aixelo_Project_DataLab_2025\data\odac\pristine_H2O\ELIJUF\ELIJUF_w_H2O_1_relaxed.cif,-0.40503897400000144
C:\Users\GED\PycharmProjects\Aixelo_Project_DataLab_2025\data\odac\pristine_H2O\ELIKAM\ELIKAM_w_H2O_1_relaxed.cif,-0.21991613400001592
C:\Users\GED\PycharmProjects\Aixelo_Project_DataLab_2025\data\odac\pristine_H2O\ELIKEQ\ELIKEQ_w_H2O_1_relaxed.cif,-0.14818588399992902
C:\Users\GED\PycharmProjects\Aixelo_Project_DataLab_2025\data\odac\pristine_H2O\ELIKIU\ELIKIU_w_H2O_1_relaxed.cif,-0.31787305399994914
C:\Users\GED\PycharmProjects\Aixelo_Project_DataLab_2025\data\odac\pristine_H2O\ELIKOA\ELIKOA_w_H2O_1_relaxed.cif,-0.39165072399999873
C:\Users\GED\PycharmProjects\Aixelo_Project_DataLab_2025\data\odac\pristine_H2O\ELIKUG\ELIKUG_w_H2O_1_relaxed.cif,-0.18779228600000117
C:\Users\GED\PycharmProjects\Aixelo_Project_DataLab_2025\data\odac\pristine_H2O\ELILAN\ELILAN_w_H2O_1_relaxed.cif,-0.18004349499993566
C:\Users\GED\PycharmProjects\Aixelo_Project_DataLab_2025\data\odac\pristine_H2O\ELILER\ELILER_w_H2O_1_relaxed.cif,-0.22104409399998987
C:\Users\GED\PycharmProjects\Aixelo_Project_DataLab_2025\data\odac\pristine_H2O\ELILIV\ELILIV_w_H2O_1_relaxed.cif,-0.1936699340000018
C:\Users\GED\PycharmProjects\Aixelo_Project_DataLab_2025\data\odac\pristine_H2O\ELOGUJ\ELOGUJ_w_H2O_1_relaxed.cif,-0.5383831780001855
C:\Users\GED\PycharmProjects\Aixelo_Project_DataLab_2025\data\odac\pristine_H2O\ELOHOE\ELOHOE_w_H2O_1_relaxed.cif,-0.22011407800000593
C:\Users\GED\PycharmProjects\Aixelo_Project_DataLab_2025\data\odac\pristine_H2O\ELUZES\ELUZES_w_H2O_1_relaxed.cif,-0.4641291349998369
C:\Users\GED\PycharmProjects\Aixelo_Project_DataLab_2025\data\odac\pristine_H2O\EMAGAB\EMAGAB_w_H2O_1_relaxed.cif,-0.36338764599995554
C:\Users\GED\PycharmProjects\Aixelo_Project_DataLab_2025\data\odac\pristine_H2O\EMAPAK\EMAPAK_w_H2O_1_relaxed.cif,-0.4191129650000107
C:\Users\GED\PycharmProjects\Aixelo_Project_DataLab_2025\data\odac\pristine_H2O\EMOFIX\EMOFIX_w_H2O_1_relaxed.cif,-0.7992586060000122
C:\Users\GED\PycharmProjects\Aixelo_Project_DataLab_2025\data\odac\pristine_H2O\EMOHIZ\EMOHIZ_w_H2O_1_relaxed.cif,-0.6476070360000449
C:\Users\GED\PycharmProjects\Aixelo_Project_DataLab_2025\data\odac\pristine_H2O\EMUBIZ\EMUBIZ_w_H2O_1_relaxed.cif,-0.29880118799999306
C:\Users\GED\PycharmProjects\Aixelo_Project_DataLab_2025\data\odac\pristine_H2O\EMUBOF\EMUBOF_w_H2O_1_relaxed.cif,-0.05708294000021396
C:\Users\GED\PycharmProjects\Aixelo_Project_DataLab_2025\data\odac\pristine_H2O\ENANIS\ENANIS_w_H2O_1_relaxed.cif,-0.43384045599977983
C:\Users\GED\PycharmProjects\Aixelo_Project_DataLab_2025\data\odac\pristine_H2O\ENISUQ\ENISUQ_w_H2O_1_relaxed.cif,-0.3047594466666321
C:\Users\GED\PycharmProjects\Aixelo_Project_DataLab_2025\data\odac\pristine_H2O\ENITAX\ENITAX_w_H2O_1_relaxed.cif,0.05758443750005425
C:\Users\GED\PycharmProjects\Aixelo_Project_DataLab_2025\data\odac\pristine_H2O\ENITEB\ENITEB_w_H2O_1_relaxed.cif,-0.24084432499989816
C:\Users\GED\PycharmProjects\Aixelo_Project_DataLab_2025\data\odac\pristine_H2O\ENITIF\ENITIF_w_H2O_1_relaxed.cif,-0.4810918860002403
C:\Users\GED\PycharmProjects\Aixelo_Project_DataLab_2025\data\odac\pristine_H2O\ENITOL\ENITOL_w_H2O_1_relaxed.cif,-0.3328608124999164
C:\Users\GED\PycharmProjects\Aixelo_Project_DataLab_2025\data\odac\pristine_H2O\EPEWAY\EPEWAY_w_H2O_1_relaxed.cif,-0.49539198600000417
C:\Users\GED\PycharmProjects\Aixelo_Project_DataLab_2025\data\odac\pristine_H2O\EPEWEC\EPEWEC_w_H2O_1_relaxed.cif,-0.4049509939998643
C:\Users\GED\PycharmProjects\Aixelo_Project_DataLab_2025\data\odac\pristine_H2O\EPISOM\EPISOM_w_H2O_1_relaxed.cif,-0.031276193333875796
C:\Users\GED\PycharmProjects\Aixelo_Project_DataLab_2025\data\odac\pristine_H2O\EPONAA\EPONAA_w_H2O_1_relaxed.cif,-1.567189943333157
C:\Users\GED\PycharmProjects\Aixelo_Project_DataLab_2025\data\odac\pristine_H2O\EPONEE\EPONEE_w_H2O_1_relaxed.cif,-1.5501521099999234
C:\Users\GED\PycharmProjects\Aixelo_Project_DataLab_2025\data\odac\pristine_H2O\EPOPEG\EPOPEG_w_H2O_1_relaxed.cif,4.181042760000037
C:\Users\GED\PycharmProjects\Aixelo_Project_DataLab_2025\data\odac\pristine_H2O\EPOTAF\EPOTAF_w_H2O_1_relaxed.cif,-0.5198868700000219
C:\Users\GED\PycharmProjects\Aixelo_Project_DataLab_2025\data\odac\pristine_H2O\EPOXAJ\EPOXAJ_w_H2O_1_relaxed.cif,-1.036757315999978
C:\Users\GED\PycharmProjects\Aixelo_Project_DataLab_2025\data\odac\pristine_H2O\EQERAU\EQERAU_w_H2O_1_relaxed.cif,-0.2474190025001235
C:\Users\GED\PycharmProjects\Aixelo_Project_DataLab_2025\data\odac\pristine_H2O\EQEREY\EQEREY_w_H2O_1_relaxed.cif,-0.596497657999862
C:\Users\GED\PycharmProjects\Aixelo_Project_DataLab_2025\data\odac\pristine_H2O\EQERIC\EQERIC_w_H2O_1_relaxed.cif,-0.35529607600010416
C:\Users\GED\PycharmProjects\Aixelo_Project_DataLab_2025\data\odac\pristine_H2O\EQETAX\EQETAX_w_H2O_1_relaxed.cif,-0.17988842199993085
C:\Users\GED\PycharmProjects\Aixelo_Project_DataLab_2025\data\odac\pristine_H2O\EQOXIT\EQOXIT_w_H2O_1_relaxed.cif,-0.3150546820002091
C:\Users\GED\PycharmProjects\Aixelo_Project_DataLab_2025\data\odac\pristine_H2O\EQUBUO\EQUBUO_w_H2O_1_relaxed.cif,-0.5901958620000187
C:\Users\GED\PycharmProjects\Aixelo_Project_DataLab_2025\data\odac\pristine_H2O\ERAHOV\ERAHOV_w_H2O_1_relaxed.cif,-0.5319148099999135
C:\Users\GED\PycharmProjects\Aixelo_Project_DataLab_2025\data\odac\pristine_H2O\ERAMER\ERAMER_w_H2O_1_relaxed.cif,-0.5551163675000907
C:\Users\GED\PycharmProjects\Aixelo_Project_DataLab_2025\data\odac\pristine_H2O\EREFEN01_SL\EREFEN01_SL_w_H2O_1_relaxed.cif,-0.32112602199986207
C:\Users\GED\PycharmProjects\Aixelo_Project_DataLab_2025\data\odac\pristine_H2O\EREGOY\EREGOY_w_H2O_1_relaxed.cif,-0.573876544999905
C:\Users\GED\PycharmProjects\Aixelo_Project_DataLab_2025\data\odac\pristine_H2O\ERELIX\ERELIX_w_H2O_1_relaxed.cif,-0.1941623839999465
C:\Users\GED\PycharmProjects\Aixelo_Project_DataLab_2025\data\odac\pristine_H2O\ERIWAF\ERIWAF_w_H2O_1_relaxed.cif,-0.5858316124998737
C:\Users\GED\PycharmProjects\Aixelo_Project_DataLab_2025\data\odac\pristine_H2O\ERUFUS\ERUFUS_w_H2O_1_relaxed.cif,-0.43813688200000345
C:\Users\GED\PycharmProjects\Aixelo_Project_DataLab_2025\data\odac\pristine_H2O\ESANET\ESANET_w_H2O_1_relaxed.cif,-0.7525746100001621
C:\Users\GED\PycharmProjects\Aixelo_Project_DataLab_2025\data\odac\pristine_H2O\ESAROH\ESAROH_w_H2O_1_relaxed.cif,-0.47485240200030604
C:\Users\GED\PycharmProjects\Aixelo_Project_DataLab_2025\data\odac\pristine_H2O\ESARUN\ESARUN_w_H2O_1_relaxed.cif,-0.3697584760000154
C:\Users\GED\PycharmProjects\Aixelo_Project_DataLab_2025\data\odac\pristine_H2O\ESASAU\ESASAU_w_H2O_1_relaxed.cif,-0.23491143800019926
C:\Users\GED\PycharmProjects\Aixelo_Project_DataLab_2025\data\odac\pristine_H2O\ESASEY\ESASEY_w_H2O_1_relaxed.cif,-0.519773032499927
C:\Users\GED\PycharmProjects\Aixelo_Project_DataLab_2025\data\odac\pristine_H2O\ESEDIQ\ESEDIQ_w_H2O_random_1_relaxed.cif,-0.5116922749998594
C:\Users\GED\PycharmProjects\Aixelo_Project_DataLab_2025\data\odac\pristine_H2O\ESEHIV\ESEHIV_w_H2O_random_1_relaxed.cif,-0.2944560450000608
C:\Users\GED\PycharmProjects\Aixelo_Project_DataLab_2025\data\odac\pristine_H2O\ESEQUO\ESEQUO_w_H2O_1_relaxed.cif,-0.12730058800000274
C:\Users\GED\PycharmProjects\Aixelo_Project_DataLab_2025\data\odac\pristine_H2O\ESIFET\ESIFET_w_H2O_1_relaxed.cif,-0.41008097750034267
C:\Users\GED\PycharmProjects\Aixelo_Project_DataLab_2025\data\odac\pristine_H2O\ESIGES\ESIGES_w_H2O_1_relaxed.cif,-0.7914979859999448
C:\Users\GED\PycharmProjects\Aixelo_Project_DataLab_2025\data\odac\pristine_H2O\ESIGES01\ESIGES01_w_H2O_1_relaxed.cif,-0.7458621459999677
C:\Users\GED\PycharmProjects\Aixelo_Project_DataLab_2025\data\odac\pristine_H2O\ESIGES02\ESIGES02_w_H2O_1_relaxed.cif,-0.3838302659999499
C:\Users\GED\PycharmProjects\Aixelo_Project_DataLab_2025\data\odac\pristine_H2O\ESIWAF\ESIWAF_w_H2O_1_relaxed.cif,-0.4382400483333792
C:\Users\GED\PycharmProjects\Aixelo_Project_DataLab_2025\data\odac\pristine_H2O\ESURER\ESURER_w_H2O_1_relaxed.cif,-0.14528333200005358
C:\Users\GED\PycharmProjects\Aixelo_Project_DataLab_2025\data\odac\pristine_H2O\ESURER01\ESURER01_w_H2O_1_relaxed.cif,-0.320154420000199
C:\Users\GED\PycharmProjects\Aixelo_Project_DataLab_2025\data\odac\pristine_H2O\ESURER02\ESURER02_w_H2O_1_relaxed.cif,-0.2645648539999911
C:\Users\GED\PycharmProjects\Aixelo_Project_DataLab_2025\data\odac\pristine_H2O\ESURER04\ESURER04_w_H2O_1_relaxed.cif,-0.12514892800004412
C:\Users\GED\PycharmProjects\Aixelo_Project_DataLab_2025\data\odac\pristine_H2O\ESUSAO01\ESUSAO01_w_H2O_1_relaxed.cif,-0.2726434919999974
C:\Users\GED\PycharmProjects\Aixelo_Project_DataLab_2025\data\odac\pristine_H2O\ESUSIW\ESUSIW_w_H2O_1_relaxed.cif,0.0023052199999710797
C:\Users\GED\PycharmProjects\Aixelo_Project_DataLab_2025\data\odac\pristine_H2O\ESUSOC\ESUSOC_w_H2O_1_relaxed.cif,-0.5556741019999436
C:\Users\GED\PycharmProjects\Aixelo_Project_DataLab_2025\data\odac\pristine_H2O\ESUSOC01\ESUSOC01_w_H2O_1_relaxed.cif,-0.37545945250002427
C:\Users\GED\PycharmProjects\Aixelo_Project_DataLab_2025\data\odac\pristine_H2O\ESUSOC02\ESUSOC02_w_H2O_1_relaxed.cif,-0.2872346049999521
C:\Users\GED\PycharmProjects\Aixelo_Project_DataLab_2025\data\odac\pristine_H2O\ESUTAP\ESUTAP_w_H2O_1_relaxed.cif,-0.08436373000012054
C:\Users\GED\PycharmProjects\Aixelo_Project_DataLab_2025\data\odac\pristine_H2O\ESUVAR\ESUVAR_w_H2O_1_relaxed.cif,-0.39673701999993227
C:\Users\GED\PycharmProjects\Aixelo_Project_DataLab_2025\data\odac\pristine_H2O\ESUVAR01\ESUVAR01_w_H2O_1_relaxed.cif,-0.44339101600005504
C:\Users\GED\PycharmProjects\Aixelo_Project_DataLab_2025\data\odac\pristine_H2O\ESUVOF\ESUVOF_w_H2O_1_relaxed.cif,-0.2790200759999607
C:\Users\GED\PycharmProjects\Aixelo_Project_DataLab_2025\data\odac\pristine_H2O\ETEJIX\ETEJIX_w_H2O_1_relaxed.cif,-0.14116680750001362
C:\Users\GED\PycharmProjects\Aixelo_Project_DataLab_2025\data\odac\pristine_H2O\ETEJIX01\ETEJIX01_w_H2O_1_relaxed.cif,-0.502383980000036
C:\Users\GED\PycharmProjects\Aixelo_Project_DataLab_2025\data\odac\pristine_H2O\ETEJOD\ETEJOD_w_H2O_1_relaxed.cif,-0.0955036039999413
C:\Users\GED\PycharmProjects\Aixelo_Project_DataLab_2025\data\odac\pristine_H2O\ETEJOD01\ETEJOD01_w_H2O_1_relaxed.cif,-0.2958852524999287
C:\Users\GED\PycharmProjects\Aixelo_Project_DataLab_2025\data\odac\pristine_H2O\ETEKAQ\ETEKAQ_w_H2O_1_relaxed.cif,-0.16743513249998893
C:\Users\GED\PycharmProjects\Aixelo_Project_DataLab_2025\data\odac\pristine_H2O\ETEKAQ01_manual\ETEKAQ01_manual_w_H2O_1_relaxed.cif,-0.31150074199993016
C:\Users\GED\PycharmProjects\Aixelo_Project_DataLab_2025\data\odac\pristine_H2O\ETEKEU\ETEKEU_w_H2O_1_relaxed.cif,-0.18807123499999528
C:\Users\GED\PycharmProjects\Aixelo_Project_DataLab_2025\data\odac\pristine_H2O\ETEQUQ\ETEQUQ_w_H2O_1_relaxed.cif,1.09099210000007
C:\Users\GED\PycharmProjects\Aixelo_Project_DataLab_2025\data\odac\pristine_H2O\ETESIG\ETESIG_w_H2O_1_relaxed.cif,-0.036408330000131175
C:\Users\GED\PycharmProjects\Aixelo_Project_DataLab_2025\data\odac\pristine_H2O\ETEXEI\ETEXEI_w_H2O_1_relaxed.cif,-0.25460882999985296
C:\Users\GED\PycharmProjects\Aixelo_Project_DataLab_2025\data\odac\pristine_H2O\ETEXEI01\ETEXEI01_w_H2O_1_relaxed.cif,-0.4373139799999137
C:\Users\GED\PycharmProjects\Aixelo_Project_DataLab_2025\data\odac\pristine_H2O\ETUWEW\ETUWEW_w_H2O_1_relaxed.cif,-0.47051452399994104
C:\Users\GED\PycharmProjects\Aixelo_Project_DataLab_2025\data\odac\pristine_H2O\ETUXEW\ETUXEW_w_H2O_1_relaxed.cif,-0.4985333480000236
C:\Users\GED\PycharmProjects\Aixelo_Project_DataLab_2025\data\odac\pristine_H2O\EVEGOB\EVEGOB_w_H2O_1_relaxed.cif,-0.5525860719998491
C:\Users\GED\PycharmProjects\Aixelo_Project_DataLab_2025\data\odac\pristine_H2O\EVEGUH\EVEGUH_w_H2O_1_relaxed.cif,-0.37940141199987915
C:\Users\GED\PycharmProjects\Aixelo_Project_DataLab_2025\data\odac\pristine_H2O\EVIMUT\EVIMUT_w_H2O_1_relaxed.cif,-0.5316413625000109
C:\Users\GED\PycharmProjects\Aixelo_Project_DataLab_2025\data\odac\pristine_H2O\EVUDAA\EVUDAA_w_H2O_1_relaxed.cif,-0.2508086059998732
C:\Users\GED\PycharmProjects\Aixelo_Project_DataLab_2025\data\odac\pristine_H2O\EVUPOC\EVUPOC_w_H2O_1_relaxed.cif,-0.04463716199993536
C:\Users\GED\PycharmProjects\Aixelo_Project_DataLab_2025\data\odac\pristine_H2O\EVUQOC\EVUQOC_w_H2O_random_1_relaxed.cif,0.0746804450000127
C:\Users\GED\PycharmProjects\Aixelo_Project_DataLab_2025\data\odac\pristine_H2O\EVUQUI\EVUQUI_w_H2O_1_relaxed.cif,-0.5076458279999656
C:\Users\GED\PycharmProjects\Aixelo_Project_DataLab_2025\data\odac\pristine_H2O\EVURAP\EVURAP_w_H2O_1_relaxed.cif,-0.34304070600002207
C:\Users\GED\PycharmProjects\Aixelo_Project_DataLab_2025\data\odac\pristine_H2O\EWASIG\EWASIG_w_H2O_1_relaxed.cif,1.0695277824999891
C:\Users\GED\PycharmProjects\Aixelo_Project_DataLab_2025\data\odac\pristine_H2O\EWASIG01\EWASIG01_w_H2O_1_relaxed.cif,1.268940780000051
C:\Users\GED\PycharmProjects\Aixelo_Project_DataLab_2025\data\odac\pristine_H2O\EWECOY\EWECOY_w_H2O_1_relaxed.cif,-0.5259202100002653
C:\Users\GED\PycharmProjects\Aixelo_Project_DataLab_2025\data\odac\pristine_H2O\EWETUW\EWETUW_w_H2O_1_relaxed.cif,-0.13442083000002938
C:\Users\GED\PycharmProjects\Aixelo_Project_DataLab_2025\data\odac\pristine_H2O\EWEWUZ_charged\EWEWUZ_charged_w_H2O_1_relaxed.cif,-0.25158791599988034
C:\Users\GED\PycharmProjects\Aixelo_Project_DataLab_2025\data\odac\pristine_H2O\EWIMIH_charged\EWIMIH_charged_w_H2O_1_relaxed.cif,-0.5841579140000703
C:\Users\GED\PycharmProjects\Aixelo_Project_DataLab_2025\data\odac\pristine_H2O\EWIPIL\EWIPIL_w_H2O_1_relaxed.cif,-0.356380812000134
C:\Users\GED\PycharmProjects\Aixelo_Project_DataLab_2025\data\odac\pristine_H2O\EWUCOP\EWUCOP_w_H2O_1_relaxed.cif,-0.49141886499998577
C:\Users\GED\PycharmProjects\Aixelo_Project_DataLab_2025\data\odac\pristine_H2O\EWUGEK\EWUGEK_w_H2O_1_relaxed.cif,-0.22553890799999862
C:\Users\GED\PycharmProjects\Aixelo_Project_DataLab_2025\data\odac\pristine_H2O\EWUKIS\EWUKIS_w_H2O_1_relaxed.cif,-0.21096338500018416
C:\Users\GED\PycharmProjects\Aixelo_Project_DataLab_2025\data\odac\pristine_H2O\EWUTEW\EWUTEW_w_H2O_3_relaxed.cif,-0.1559071000001495
C:\Users\GED\PycharmProjects\Aixelo_Project_DataLab_2025\data\odac\pristine_H2O\EXALAR\EXALAR_w_H2O_1_relaxed.cif,-0.7452245225001661
C:\Users\GED\PycharmProjects\Aixelo_Project_DataLab_2025\data\odac\pristine_H2O\EXALIZ\EXALIZ_w_H2O_1_relaxed.cif,-0.31440956600013126
C:\Users\GED\PycharmProjects\Aixelo_Project_DataLab_2025\data\odac\pristine_H2O\EXAPEA\EXAPEA_w_H2O_1_relaxed.cif,-0.463937478333321
C:\Users\GED\PycharmProjects\Aixelo_Project_DataLab_2025\data\odac\pristine_H2O\EXAXAE\EXAXAE_w_H2O_1_relaxed.cif,-0.3782083260000263
C:\Users\GED\PycharmProjects\Aixelo_Project_DataLab_2025\data\odac\pristine_H2O\EXAXAE01\EXAXAE01_w_H2O_1_relaxed.cif,-0.301034795999999
C:\Users\GED\PycharmProjects\Aixelo_Project_DataLab_2025\data\odac\pristine_H2O\EXEMUR\EXEMUR_w_H2O_1_relaxed.cif,-0.245075055999996
C:\Users\GED\PycharmProjects\Aixelo_Project_DataLab_2025\data\odac\pristine_H2O\EXENAX\EXENAX_w_H2O_random_1_relaxed.cif,-0.5236507949999805
C:\Users\GED\PycharmProjects\Aixelo_Project_DataLab_2025\data\odac\pristine_H2O\EXEQAA\EXEQAA_w_H2O_1_relaxed.cif,-0.42588857999987795
C:\Users\GED\PycharmProjects\Aixelo_Project_DataLab_2025\data\odac\pristine_H2O\EXEQII_SL\EXEQII_SL_w_H2O_1_relaxed.cif,-0.2536626899999135
C:\Users\GED\PycharmProjects\Aixelo_Project_DataLab_2025\data\odac\pristine_H2O\EXEXAH\EXEXAH_w_H2O_1_relaxed.cif,-0.2593210050000323
C:\Users\GED\PycharmProjects\Aixelo_Project_DataLab_2025\data\odac\pristine_H2O\EXOTUH_SL\EXOTUH_SL_w_H2O_1_relaxed.cif,-0.3005816424998784
C:\Users\GED\PycharmProjects\Aixelo_Project_DataLab_2025\data\odac\pristine_H2O\EXOZIB\EXOZIB_w_H2O_1_relaxed.cif,-0.5418873019999637
C:\Users\GED\PycharmProjects\Aixelo_Project_DataLab_2025\data\odac\pristine_H2O\EXUHEM\EXUHEM_w_H2O_1_relaxed.cif,-0.23551275999993776
C:\Users\GED\PycharmProjects\Aixelo_Project_DataLab_2025\data\odac\pristine_H2O\EZABEN\EZABEN_w_H2O_1_relaxed.cif,-0.3812743859999841
C:\Users\GED\PycharmProjects\Aixelo_Project_DataLab_2025\data\odac\pristine_H2O\EZEQEH\EZEQEH_w_H2O_1_relaxed.cif,-0.4842487239998263
C:\Users\GED\PycharmProjects\Aixelo_Project_DataLab_2025\data\odac\pristine_H2O\EZEQIL\EZEQIL_w_H2O_1_relaxed.cif,-0.3912909060001311
C:\Users\GED\PycharmProjects\Aixelo_Project_DataLab_2025\data\odac\pristine_H2O\EZEQUX\EZEQUX_w_H2O_1_relaxed.cif,-0.4151140139999825
C:\Users\GED\PycharmProjects\Aixelo_Project_DataLab_2025\data\odac\pristine_H2O\EZESAF\EZESAF_w_H2O_1_relaxed.cif,-0.313515273999883
C:\Users\GED\PycharmProjects\Aixelo_Project_DataLab_2025\data\odac\pristine_H2O\EZITUE\EZITUE_w_H2O_1_relaxed.cif,-0.4743215100004818
C:\Users\GED\PycharmProjects\Aixelo_Project_DataLab_2025\data\odac\pristine_H2O\EZIVAM\EZIVAM_w_H2O_1_relaxed.cif,-0.44205051400031153
C:\Users\GED\PycharmProjects\Aixelo_Project_DataLab_2025\data\odac\pristine_H2O\EZOFEF\EZOFEF_w_H2O_1_relaxed.cif,0.18102768400003696
C:\Users\GED\PycharmProjects\Aixelo_Project_DataLab_2025\data\odac\pristine_H2O\EZUCIM\EZUCIM_w_H2O_1_relaxed.cif,-0.40440392799996516
C:\Users\GED\PycharmProjects\Aixelo_Project_DataLab_2025\data\odac\pristine_H2O\EZULAO\EZULAO_w_H2O_1_relaxed.cif,-0.36584776400001146
C:\Users\GED\PycharmProjects\Aixelo_Project_DataLab_2025\data\odac\pristine_H2O\FABGUM\FABGUM_w_H2O_1_relaxed.cif,-0.3783722980000448
C:\Users\GED\PycharmProjects\Aixelo_Project_DataLab_2025\data\odac\pristine_H2O\FAFMAC\FAFMAC_w_H2O_1_relaxed.cif,-0.04720717499998277
C:\Users\GED\PycharmProjects\Aixelo_Project_DataLab_2025\data\odac\pristine_H2O\FAGQAI\FAGQAI_w_H2O_1_relaxed.cif,-0.6079059099999995
C:\Users\GED\PycharmProjects\Aixelo_Project_DataLab_2025\data\odac\pristine_H2O\FAGREM\FAGREM_w_H2O_1_relaxed.cif,-0.1772028179999324
C:\Users\GED\PycharmProjects\Aixelo_Project_DataLab_2025\data\odac\pristine_H2O\FAGXIX\FAGXIX_w_H2O_1_relaxed.cif,-0.4694800740003302
C:\Users\GED\PycharmProjects\Aixelo_Project_DataLab_2025\data\odac\pristine_H2O\FAHPOV\FAHPOV_w_H2O_1_relaxed.cif,-0.29272854999990156
C:\Users\GED\PycharmProjects\Aixelo_Project_DataLab_2025\data\odac\pristine_H2O\FAKLIO\FAKLIO_w_H2O_1_relaxed.cif,0.08817170250001988
C:\Users\GED\PycharmProjects\Aixelo_Project_DataLab_2025\data\odac\pristine_H2O\FAKLOU\FAKLOU_w_H2O_1_relaxed.cif,-0.180662247499967
C:\Users\GED\PycharmProjects\Aixelo_Project_DataLab_2025\data\odac\pristine_H2O\FAKLUA\FAKLUA_w_H2O_1_relaxed.cif,-0.2110803499999747
C:\Users\GED\PycharmProjects\Aixelo_Project_DataLab_2025\data\odac\pristine_H2O\FAKMAH\FAKMAH_w_H2O_1_relaxed.cif,0.6610452774999658
C:\Users\GED\PycharmProjects\Aixelo_Project_DataLab_2025\data\odac\pristine_H2O\FAKNIR\FAKNIR_w_H2O_1_relaxed.cif,-0.4734942820000015
C:\Users\GED\PycharmProjects\Aixelo_Project_DataLab_2025\data\odac\pristine_H2O\FALDAA\FALDAA_w_H2O_1_relaxed.cif,-0.45034916800032077
C:\Users\GED\PycharmProjects\Aixelo_Project_DataLab_2025\data\odac\pristine_H2O\FALLOT\FALLOT_w_H2O_random_1_relaxed.cif,-0.6664974799999186
C:\Users\GED\PycharmProjects\Aixelo_Project_DataLab_2025\data\odac\pristine_H2O\FALPOY\FALPOY_w_H2O_1_relaxed.cif,0.479710290000033
C:\Users\GED\PycharmProjects\Aixelo_Project_DataLab_2025\data\odac\pristine_H2O\FALZAU\FALZAU_w_H2O_1_relaxed.cif,-0.5449021657142664
C:\Users\GED\PycharmProjects\Aixelo_Project_DataLab_2025\data\odac\pristine_H2O\FAMHAE\FAMHAE_w_H2O_1_relaxed.cif,-0.7152966239999955
C:\Users\GED\PycharmProjects\Aixelo_Project_DataLab_2025\data\odac\pristine_H2O\FAMHAE01\FAMHAE01_w_H2O_1_relaxed.cif,-0.3849184220000211
C:\Users\GED\PycharmProjects\Aixelo_Project_DataLab_2025\data\odac\pristine_H2O\FAMPUH\FAMPUH_w_H2O_2_relaxed.cif,-0.04318215000057535
C:\Users\GED\PycharmProjects\Aixelo_Project_DataLab_2025\data\odac\pristine_H2O\FAMQAO\FAMQAO_w_H2O_1_relaxed.cif,-0.08790007500033425
C:\Users\GED\PycharmProjects\Aixelo_Project_DataLab_2025\data\odac\pristine_H2O\FAMQES\FAMQES_w_H2O_1_relaxed.cif,-0.2433761349998349
C:\Users\GED\PycharmProjects\Aixelo_Project_DataLab_2025\data\odac\pristine_H2O\FANCOP\FANCOP_w_H2O_1_relaxed.cif,-0.44035535000000436
C:\Users\GED\PycharmProjects\Aixelo_Project_DataLab_2025\data\odac\pristine_H2O\FANDEG\FANDEG_w_H2O_1_relaxed.cif,-0.36572604333334385
C:\Users\GED\PycharmProjects\Aixelo_Project_DataLab_2025\data\odac\pristine_H2O\FANQER\FANQER_w_H2O_1_relaxed.cif,-0.6179753620000611
C:\Users\GED\PycharmProjects\Aixelo_Project_DataLab_2025\data\odac\pristine_H2O\FAPXEC\FAPXEC_w_H2O_1_relaxed.cif,-0.6621064625001054
C:\Users\GED\PycharmProjects\Aixelo_Project_DataLab_2025\data\odac\pristine_H2O\FAPXIG\FAPXIG_w_H2O_1_relaxed.cif,-0.15598575499996054
C:\Users\GED\PycharmProjects\Aixelo_Project_DataLab_2025\data\odac\pristine_H2O\FAPXOM\FAPXOM_w_H2O_1_relaxed.cif,-0.20204133999993695
C:\Users\GED\PycharmProjects\Aixelo_Project_DataLab_2025\data\odac\pristine_H2O\FAQGEL\FAQGEL_w_H2O_1_relaxed.cif,-0.432735638000122
C:\Users\GED\PycharmProjects\Aixelo_Project_DataLab_2025\data\odac\pristine_H2O\FAQGIP\FAQGIP_w_H2O_1_relaxed.cif,-0.7549195739999505
C:\Users\GED\PycharmProjects\Aixelo_Project_DataLab_2025\data\odac\pristine_H2O\FAQLUH\FAQLUH_w_H2O_1_relaxed.cif,-0.3885434074998102
C:\Users\GED\PycharmProjects\Aixelo_Project_DataLab_2025\data\odac\pristine_H2O\FAQYUR\FAQYUR_w_H2O_1_relaxed.cif,-0.4297179000000142
C:\Users\GED\PycharmProjects\Aixelo_Project_DataLab_2025\data\odac\pristine_H2O\FARFIO\FARFIO_w_H2O_1_relaxed.cif,-0.323716025000408
C:\Users\GED\PycharmProjects\Aixelo_Project_DataLab_2025\data\odac\pristine_H2O\FARFOU\FARFOU_w_H2O_1_relaxed.cif,-0.3610744699998349
C:\Users\GED\PycharmProjects\Aixelo_Project_DataLab_2025\data\odac\pristine_H2O\FARFUA\FARFUA_w_H2O_1_relaxed.cif,-0.34909852000055247
C:\Users\GED\PycharmProjects\Aixelo_Project_DataLab_2025\data\odac\pristine_H2O\FASFOX\FASFOX_w_H2O_1_relaxed.cif,-0.6106928566665223
C:\Users\GED\PycharmProjects\Aixelo_Project_DataLab_2025\data\odac\pristine_H2O\FASFUD\FASFUD_w_H2O_3_relaxed.cif,1.0326747750000322
C:\Users\GED\PycharmProjects\Aixelo_Project_DataLab_2025\data\odac\pristine_H2O\FASHAK\FASHAK_w_H2O_1_relaxed.cif,-0.7265657199999017
C:\Users\GED\PycharmProjects\Aixelo_Project_DataLab_2025\data\odac\pristine_H2O\FASHOX\FASHOX_w_H2O_2_relaxed.cif,-1.806197582499962
C:\Users\GED\PycharmProjects\Aixelo_Project_DataLab_2025\data\odac\pristine_H2O\FASVIH\FASVIH_w_H2O_1_relaxed.cif,-0.13632299250005528
C:\Users\GED\PycharmProjects\Aixelo_Project_DataLab_2025\data\odac\pristine_H2O\FATKAO\FATKAO_w_H2O_1_relaxed.cif,-0.9811805899999854
C:\Users\GED\PycharmProjects\Aixelo_Project_DataLab_2025\data\odac\pristine_H2O\FATKIW\FATKIW_w_H2O_1_relaxed.cif,-0.8990561260001414
C:\Users\GED\PycharmProjects\Aixelo_Project_DataLab_2025\data\odac\pristine_H2O\FATKUI\FATKUI_w_H2O_1_relaxed.cif,-0.8105551533332497
C:\Users\GED\PycharmProjects\Aixelo_Project_DataLab_2025\data\odac\pristine_H2O\FATLUJ\FATLUJ_w_H2O_1_relaxed.cif,-0.4010785379998879
C:\Users\GED\PycharmProjects\Aixelo_Project_DataLab_2025\data\odac\pristine_H2O\FATVOM\FATVOM_w_H2O_random_1_relaxed.cif,0.14961867000010895
C:\Users\GED\PycharmProjects\Aixelo_Project_DataLab_2025\data\odac\pristine_H2O\FAVGIV\FAVGIV_w_H2O_1_relaxed.cif,-0.565906181999867
C:\Users\GED\PycharmProjects\Aixelo_Project_DataLab_2025\data\odac\pristine_H2O\FAVGOB\FAVGOB_w_H2O_1_relaxed.cif,-0.5762775239999882
C:\Users\GED\PycharmProjects\Aixelo_Project_DataLab_2025\data\odac\pristine_H2O\FAVGUH\FAVGUH_w_H2O_2_relaxed.cif,-0.6171507699998813
C:\Users\GED\PycharmProjects\Aixelo_Project_DataLab_2025\data\odac\pristine_H2O\FAVHAO\FAVHAO_w_H2O_2_relaxed.cif,-0.2690871999999444
C:\Users\GED\PycharmProjects\Aixelo_Project_DataLab_2025\data\odac\pristine_H2O\FAVHES\FAVHES_w_H2O_1_relaxed.cif,-0.5525004799999806
C:\Users\GED\PycharmProjects\Aixelo_Project_DataLab_2025\data\odac\pristine_H2O\FAVHIW\FAVHIW_w_H2O_1_relaxed.cif,-0.4366550859999734
C:\Users\GED\PycharmProjects\Aixelo_Project_DataLab_2025\data\odac\pristine_H2O\FAVKAP\FAVKAP_w_H2O_1_relaxed.cif,-0.19177406499998992
C:\Users\GED\PycharmProjects\Aixelo_Project_DataLab_2025\data\odac\pristine_H2O\FAWCEN01_SL\FAWCEN01_SL_w_H2O_1_relaxed.cif,-0.25984619999996994
C:\Users\GED\PycharmProjects\Aixelo_Project_DataLab_2025\data\odac\pristine_H2O\FAWCEN02_SL\FAWCEN02_SL_w_H2O_1_relaxed.cif,-0.23561170000002105
C:\Users\GED\PycharmProjects\Aixelo_Project_DataLab_2025\data\odac\pristine_H2O\FAYPIG\FAYPIG_w_H2O_1_relaxed.cif,-0.32016695400006934
C:\Users\GED\PycharmProjects\Aixelo_Project_DataLab_2025\data\odac\pristine_H2O\FAYPOM\FAYPOM_w_H2O_1_relaxed.cif,-0.30199181400012093
C:\Users\GED\PycharmProjects\Aixelo_Project_DataLab_2025\data\odac\pristine_H2O\FAZPED\FAZPED_w_H2O_1_relaxed.cif,-0.12488852499984657
C:\Users\GED\PycharmProjects\Aixelo_Project_DataLab_2025\data\odac\pristine_H2O\FAZRAA_charged\FAZRAA_charged_w_H2O_1_relaxed.cif,-0.28504617399999005
C:\Users\GED\PycharmProjects\Aixelo_Project_DataLab_2025\data\odac\pristine_H2O\FAZZEM\FAZZEM_w_H2O_1_relaxed.cif,-0.44065400600002247
C:\Users\GED\PycharmProjects\Aixelo_Project_DataLab_2025\data\odac\pristine_H2O\FEBPUY\FEBPUY_w_H2O_1_relaxed.cif,0.6658053120000205
C:\Users\GED\PycharmProjects\Aixelo_Project_DataLab_2025\data\odac\pristine_H2O\FECCIZ\FECCIZ_w_H2O_1_relaxed.cif,-0.30657814714288634
C:\Users\GED\PycharmProjects\Aixelo_Project_DataLab_2025\data\odac\pristine_H2O\FECKAA\FECKAA_w_H2O_1_relaxed.cif,-0.7301950419998775
C:\Users\GED\PycharmProjects\Aixelo_Project_DataLab_2025\data\odac\pristine_H2O\FECXAO\FECXAO_w_H2O_1_relaxed.cif,-0.3033687175003479
C:\Users\GED\PycharmProjects\Aixelo_Project_DataLab_2025\data\odac\pristine_H2O\FECXES\FECXES_w_H2O_3_relaxed.cif,-0.24230736000049546
C:\Users\GED\PycharmProjects\Aixelo_Project_DataLab_2025\data\odac\pristine_H2O\FECYIX\FECYIX_w_H2O_1_relaxed.cif,-0.648878751999996
C:\Users\GED\PycharmProjects\Aixelo_Project_DataLab_2025\data\odac\pristine_H2O\FECYUJ\FECYUJ_w_H2O_1_relaxed.cif,-0.20900087499986356
C:\Users\GED\PycharmProjects\Aixelo_Project_DataLab_2025\data\odac\pristine_H2O\FECZAQ_manual\FECZAQ_manual_w_H2O_1_relaxed.cif,-0.23883104399988037
C:\Users\GED\PycharmProjects\Aixelo_Project_DataLab_2025\data\odac\pristine_H2O\FEDJUU_charged\FEDJUU_charged_w_H2O_1_relaxed.cif,-0.26401850333324245
C:\Users\GED\PycharmProjects\Aixelo_Project_DataLab_2025\data\odac\pristine_H2O\FEFCUQ\FEFCUQ_w_H2O_1_relaxed.cif,-0.3467340025001704
C:\Users\GED\PycharmProjects\Aixelo_Project_DataLab_2025\data\odac\pristine_H2O\FEFDAX\FEFDAX_w_H2O_1_relaxed.cif,-0.3352534349999985
C:\Users\GED\PycharmProjects\Aixelo_Project_DataLab_2025\data\odac\pristine_H2O\FEFDEB_manual\FEFDEB_manual_w_H2O_1_relaxed.cif,-0.199561124999974
C:\Users\GED\PycharmProjects\Aixelo_Project_DataLab_2025\data\odac\pristine_H2O\FEFZOF\FEFZOF_w_H2O_1_relaxed.cif,-0.44558770500002254
C:\Users\GED\PycharmProjects\Aixelo_Project_DataLab_2025\data\odac\pristine_H2O\FEGNIQ\FEGNIQ_w_H2O_1_relaxed.cif,0.0814953619996231
C:\Users\GED\PycharmProjects\Aixelo_Project_DataLab_2025\data\odac\pristine_H2O\FEHCIG_manual\FEHCIG_manual_w_H2O_1_relaxed.cif,-0.9064824419999695
C:\Users\GED\PycharmProjects\Aixelo_Project_DataLab_2025\data\odac\pristine_H2O\FEJDII\FEJDII_w_H2O_1_relaxed.cif,-0.43328152599998476
C:\Users\GED\PycharmProjects\Aixelo_Project_DataLab_2025\data\odac\pristine_H2O\FEJDII01\FEJDII01_w_H2O_1_relaxed.cif,-0.3090878159999647
C:\Users\GED\PycharmProjects\Aixelo_Project_DataLab_2025\data\odac\pristine_H2O\FENROG\FENROG_w_H2O_1_relaxed.cif,-0.3810667825000138
C:\Users\GED\PycharmProjects\Aixelo_Project_DataLab_2025\data\odac\pristine_H2O\FENVOL_charged\FENVOL_charged_w_H2O_1_relaxed.cif,-0.48561254399996867
C:\Users\GED\PycharmProjects\Aixelo_Project_DataLab_2025\data\odac\pristine_H2O\FEQSIF\FEQSIF_w_H2O_1_relaxed.cif,-0.3182613719999608
C:\Users\GED\PycharmProjects\Aixelo_Project_DataLab_2025\data\odac\pristine_H2O\FERHAN\FERHAN_w_H2O_1_relaxed.cif,-0.35073572199989933
C:\Users\GED\PycharmProjects\Aixelo_Project_DataLab_2025\data\odac\pristine_H2O\FERVEF\FERVEF_w_H2O_1_relaxed.cif,-0.5487384600000041
C:\Users\GED\PycharmProjects\Aixelo_Project_DataLab_2025\data\odac\pristine_H2O\FERVIJ\FERVIJ_w_H2O_1_relaxed.cif,-0.03582238799999684
C:\Users\GED\PycharmProjects\Aixelo_Project_DataLab_2025\data\odac\pristine_H2O\FERVUV\FERVUV_w_H2O_1_relaxed.cif,0.30613086799921796
C:\Users\GED\PycharmProjects\Aixelo_Project_DataLab_2025\data\odac\pristine_H2O\FERWAC\FERWAC_w_H2O_1_relaxed.cif,-0.06385098000005196
C:\Users\GED\PycharmProjects\Aixelo_Project_DataLab_2025\data\odac\pristine_H2O\FESTUT\FESTUT_w_H2O_1_relaxed.cif,-0.4225033539999913
C:\Users\GED\PycharmProjects\Aixelo_Project_DataLab_2025\data\odac\pristine_H2O\FEVVIM_charged\FEVVIM_charged_w_H2O_1_relaxed.cif,-0.35590664399996963
C:\Users\GED\PycharmProjects\Aixelo_Project_DataLab_2025\data\odac\pristine_H2O\FEWGUL\FEWGUL_w_H2O_1_relaxed.cif,-0.3204417379999086
C:\Users\GED\PycharmProjects\Aixelo_Project_DataLab_2025\data\odac\pristine_H2O\FEWQOP\FEWQOP_w_H2O_1_relaxed.cif,-0.7235616980000259
C:\Users\GED\PycharmProjects\Aixelo_Project_DataLab_2025\data\odac\pristine_H2O\FEYJOJ\FEYJOJ_w_H2O_1_relaxed.cif,-0.4993380374999105
C:\Users\GED\PycharmProjects\Aixelo_Project_DataLab_2025\data\odac\pristine_H2O\FEYQIK\FEYQIK_w_H2O_1_relaxed.cif,-0.3868523499999886
C:\Users\GED\PycharmProjects\Aixelo_Project_DataLab_2025\data\odac\pristine_H2O\FEZQEI\FEZQEI_w_H2O_1_relaxed.cif,-0.03830567200029687
C:\Users\GED\PycharmProjects\Aixelo_Project_DataLab_2025\data\odac\pristine_H2O\FEZREJ\FEZREJ_w_H2O_1_relaxed.cif,-0.7427916424999808
C:\Users\GED\PycharmProjects\Aixelo_Project_DataLab_2025\data\odac\pristine_H2O\FEZTIP\FEZTIP_w_H2O_1_relaxed.cif,-0.438012309999948
C:\Users\GED\PycharmProjects\Aixelo_Project_DataLab_2025\data\odac\pristine_H2O\FIBHIJ\FIBHIJ_w_H2O_1_relaxed.cif,-0.3559097599999631
C:\Users\GED\PycharmProjects\Aixelo_Project_DataLab_2025\data\odac\pristine_H2O\FIFMIS\FIFMIS_w_H2O_2_relaxed.cif,-0.3527785900000708
C:\Users\GED\PycharmProjects\Aixelo_Project_DataLab_2025\data\odac\pristine_H2O\FIFMOY\FIFMOY_w_H2O_1_relaxed.cif,0.49526995499991244
C:\Users\GED\PycharmProjects\Aixelo_Project_DataLab_2025\data\odac\pristine_H2O\FIFNUE\FIFNUE_w_H2O_random_1_relaxed.cif,0.201585510000001
C:\Users\GED\PycharmProjects\Aixelo_Project_DataLab_2025\data\odac\pristine_H2O\FIFPAM\FIFPAM_w_H2O_random_1_relaxed.cif,-0.06745230999999305
C:\Users\GED\PycharmProjects\Aixelo_Project_DataLab_2025\data\odac\pristine_H2O\FIHFAF\FIHFAF_w_H2O_1_relaxed.cif,-0.3631815599999015
C:\Users\GED\PycharmProjects\Aixelo_Project_DataLab_2025\data\odac\pristine_H2O\FIJCUX\FIJCUX_w_H2O_1_relaxed.cif,-0.3158636159999787
C:\Users\GED\PycharmProjects\Aixelo_Project_DataLab_2025\data\odac\pristine_H2O\FIJCUX01\FIJCUX01_w_H2O_1_relaxed.cif,-0.1931501475000345
C:\Users\GED\PycharmProjects\Aixelo_Project_DataLab_2025\data\odac\pristine_H2O\FIJDEI\FIJDEI_w_H2O_1_relaxed.cif,-0.49118001799993183
C:\Users\GED\PycharmProjects\Aixelo_Project_DataLab_2025\data\odac\pristine_H2O\FIJDIM\FIJDIM_w_H2O_1_relaxed.cif,-0.5040170649999425
C:\Users\GED\PycharmProjects\Aixelo_Project_DataLab_2025\data\odac\pristine_H2O\FIJDIM01\FIJDIM01_w_H2O_1_relaxed.cif,-0.5470242924998843
C:\Users\GED\PycharmProjects\Aixelo_Project_DataLab_2025\data\odac\pristine_H2O\FIJDIM02\FIJDIM02_w_H2O_1_relaxed.cif,0.2668599033333596
C:\Users\GED\PycharmProjects\Aixelo_Project_DataLab_2025\data\odac\pristine_H2O\FIJDIM03\FIJDIM03_w_H2O_1_relaxed.cif,-0.5216546225000513
C:\Users\GED\PycharmProjects\Aixelo_Project_DataLab_2025\data\odac\pristine_H2O\FIJDIM04\FIJDIM04_w_H2O_1_relaxed.cif,-0.36277850499999426
C:\Users\GED\PycharmProjects\Aixelo_Project_DataLab_2025\data\odac\pristine_H2O\FIJDIM05\FIJDIM05_w_H2O_1_relaxed.cif,-0.0665472624998813
C:\Users\GED\PycharmProjects\Aixelo_Project_DataLab_2025\data\odac\pristine_H2O\FIJDIM06\FIJDIM06_w_H2O_1_relaxed.cif,-0.33660392000004435
C:\Users\GED\PycharmProjects\Aixelo_Project_DataLab_2025\data\odac\pristine_H2O\FIJDIM07\FIJDIM07_w_H2O_1_relaxed.cif,-0.41753761999996186
C:\Users\GED\PycharmProjects\Aixelo_Project_DataLab_2025\data\odac\pristine_H2O\FIJDIM08\FIJDIM08_w_H2O_1_relaxed.cif,-0.3485169399999392
C:\Users\GED\PycharmProjects\Aixelo_Project_DataLab_2025\data\odac\pristine_H2O\FIJDIM09\FIJDIM09_w_H2O_1_relaxed.cif,-0.41122940749997383
C:\Users\GED\PycharmProjects\Aixelo_Project_DataLab_2025\data\odac\pristine_H2O\FIJDIM10\FIJDIM10_w_H2O_1_relaxed.cif,-0.49891379749999487
C:\Users\GED\PycharmProjects\Aixelo_Project_DataLab_2025\data\odac\pristine_H2O\FIJDIM12\FIJDIM12_w_H2O_1_relaxed.cif,0.18509087500007126
C:\Users\GED\PycharmProjects\Aixelo_Project_DataLab_2025\data\odac\pristine_H2O\FIJDOS\FIJDOS_w_H2O_1_relaxed.cif,-0.4084330124999837
C:\Users\GED\PycharmProjects\Aixelo_Project_DataLab_2025\data\odac\pristine_H2O\FIJFEK_manual\FIJFEK_manual_w_H2O_1_relaxed.cif,-0.23052776500003347
C:\Users\GED\PycharmProjects\Aixelo_Project_DataLab_2025\data\odac\pristine_H2O\FIJFOU\FIJFOU_w_H2O_1_relaxed.cif,-0.27709734999993996
C:\Users\GED\PycharmProjects\Aixelo_Project_DataLab_2025\data\odac\pristine_H2O\FIJFUA\FIJFUA_w_H2O_1_relaxed.cif,-0.7198530920001076
C:\Users\GED\PycharmProjects\Aixelo_Project_DataLab_2025\data\odac\pristine_H2O\FIJXUR\FIJXUR_w_H2O_1_relaxed.cif,0.0979566699998031
C:\Users\GED\PycharmProjects\Aixelo_Project_DataLab_2025\data\odac\pristine_H2O\FIJYED\FIJYED_w_H2O_1_relaxed.cif,-0.6235113733334477
C:\Users\GED\PycharmProjects\Aixelo_Project_DataLab_2025\data\odac\pristine_H2O\FIJZEE\FIJZEE_w_H2O_1_relaxed.cif,-0.34633796399989475
C:\Users\GED\PycharmProjects\Aixelo_Project_DataLab_2025\data\odac\pristine_H2O\FIMNIA\FIMNIA_w_H2O_1_relaxed.cif,-0.5025941550001107
C:\Users\GED\PycharmProjects\Aixelo_Project_DataLab_2025\data\odac\pristine_H2O\FIMXUW\FIMXUW_w_H2O_1_relaxed.cif,-0.7249480099998891
C:\Users\GED\PycharmProjects\Aixelo_Project_DataLab_2025\data\odac\pristine_H2O\FINQOK\FINQOK_w_H2O_1_relaxed.cif,-0.42889787199978857
C:\Users\GED\PycharmProjects\Aixelo_Project_DataLab_2025\data\odac\pristine_H2O\FINQUQ\FINQUQ_w_H2O_1_relaxed.cif,-0.443474371999946
C:\Users\GED\PycharmProjects\Aixelo_Project_DataLab_2025\data\odac\pristine_H2O\FIPJAR\FIPJAR_w_H2O_1_relaxed.cif,-0.48333933599999457
C:\Users\GED\PycharmProjects\Aixelo_Project_DataLab_2025\data\odac\pristine_H2O\FIPJEV\FIPJEV_w_H2O_1_relaxed.cif,0.30605623600008586
C:\Users\GED\PycharmProjects\Aixelo_Project_DataLab_2025\data\odac\pristine_H2O\FIPKOG\FIPKOG_w_H2O_1_relaxed.cif,-0.39010378199993734
C:\Users\GED\PycharmProjects\Aixelo_Project_DataLab_2025\data\odac\pristine_H2O\FIPKOG01\FIPKOG01_w_H2O_1_relaxed.cif,-0.3621074219999627
C:\Users\GED\PycharmProjects\Aixelo_Project_DataLab_2025\data\odac\pristine_H2O\FIPKUM\FIPKUM_w_H2O_1_relaxed.cif,-0.3075037880000081
C:\Users\GED\PycharmProjects\Aixelo_Project_DataLab_2025\data\odac\pristine_H2O\FIPWOS\FIPWOS_w_H2O_1_relaxed.cif,-0.3553441779999957
C:\Users\GED\PycharmProjects\Aixelo_Project_DataLab_2025\data\odac\pristine_H2O\FIPWUY\FIPWUY_w_H2O_1_relaxed.cif,-0.3347239539999691
C:\Users\GED\PycharmProjects\Aixelo_Project_DataLab_2025\data\odac\pristine_H2O\FIPXAF\FIPXAF_w_H2O_1_relaxed.cif,-0.45759303199996565
C:\Users\GED\PycharmProjects\Aixelo_Project_DataLab_2025\data\odac\pristine_H2O\FIPXEJ\FIPXEJ_w_H2O_1_relaxed.cif,-0.6607452099999136
C:\Users\GED\PycharmProjects\Aixelo_Project_DataLab_2025\data\odac\pristine_H2O\FIQCEN\FIQCEN_w_H2O_1_relaxed.cif,0.10275725500014232
C:\Users\GED\PycharmProjects\Aixelo_Project_DataLab_2025\data\odac\pristine_H2O\FIQYOU\FIQYOU_w_H2O_1_relaxed.cif,-0.16050623200003428
C:\Users\GED\PycharmProjects\Aixelo_Project_DataLab_2025\data\odac\pristine_H2O\FIQYUA\FIQYUA_w_H2O_1_relaxed.cif,-0.3532582740000407
C:\Users\GED\PycharmProjects\Aixelo_Project_DataLab_2025\data\odac\pristine_H2O\FIQZAH\FIQZAH_w_H2O_1_relaxed.cif,-0.4500370340000018
C:\Users\GED\PycharmProjects\Aixelo_Project_DataLab_2025\data\odac\pristine_H2O\FIRZOX\FIRZOX_w_H2O_1_relaxed.cif,-0.06910355999997364
C:\Users\GED\PycharmProjects\Aixelo_Project_DataLab_2025\data\odac\pristine_H2O\FISGOF\FISGOF_w_H2O_1_relaxed.cif,-0.11499894749988468
C:\Users\GED\PycharmProjects\Aixelo_Project_DataLab_2025\data\odac\pristine_H2O\FITHIA\FITHIA_w_H2O_1_relaxed.cif,-0.4276608333332206
C:\Users\GED\PycharmProjects\Aixelo_Project_DataLab_2025\data\odac\pristine_H2O\FIVNAZ\FIVNAZ_w_H2O_1_relaxed.cif,-0.4711022274999763
C:\Users\GED\PycharmProjects\Aixelo_Project_DataLab_2025\data\odac\pristine_H2O\FIVQOR\FIVQOR_w_H2O_1_relaxed.cif,-0.6918662220000386
C:\Users\GED\PycharmProjects\Aixelo_Project_DataLab_2025\data\odac\pristine_H2O\FIVYUF\FIVYUF_w_H2O_1_relaxed.cif,-0.3928197599998839
C:\Users\GED\PycharmProjects\Aixelo_Project_DataLab_2025\data\odac\pristine_H2O\FIYDOH\FIYDOH_w_H2O_1_relaxed.cif,-0.27231372399996867
C:\Users\GED\PycharmProjects\Aixelo_Project_DataLab_2025\data\odac\pristine_H2O\FIZPOV\FIZPOV_w_H2O_1_relaxed.cif,-0.5862303275000613
C:\Users\GED\PycharmProjects\Aixelo_Project_DataLab_2025\data\odac\pristine_H2O\FOCZAA\FOCZAA_w_H2O_1_relaxed.cif,-0.370263755999963
C:\Users\GED\PycharmProjects\Aixelo_Project_DataLab_2025\data\odac\pristine_H2O\FOFCOU\FOFCOU_w_H2O_1_relaxed.cif,-0.12718770199999196
C:\Users\GED\PycharmProjects\Aixelo_Project_DataLab_2025\data\odac\pristine_H2O\FOFHAK\FOFHAK_w_H2O_1_relaxed.cif,-0.4547653983333267
C:\Users\GED\PycharmProjects\Aixelo_Project_DataLab_2025\data\odac\pristine_H2O\FOFTIF\FOFTIF_w_H2O_1_relaxed.cif,-0.384001821999891
C:\Users\GED\PycharmProjects\Aixelo_Project_DataLab_2025\data\odac\pristine_H2O\FOFTOL\FOFTOL_w_H2O_1_relaxed.cif,-0.3577270739998767
C:\Users\GED\PycharmProjects\Aixelo_Project_DataLab_2025\data\odac\pristine_H2O\FOFTUR\FOFTUR_w_H2O_1_relaxed.cif,-0.041009087999918835
C:\Users\GED\PycharmProjects\Aixelo_Project_DataLab_2025\data\odac\pristine_H2O\FOHCIP\FOHCIP_w_H2O_1_relaxed.cif,-0.3765016474999783
C:\Users\GED\PycharmProjects\Aixelo_Project_DataLab_2025\data\odac\pristine_H2O\FOHQUO\FOHQUO_w_H2O_random_1_relaxed.cif,-0.7220232949999854
C:\Users\GED\PycharmProjects\Aixelo_Project_DataLab_2025\data\odac\pristine_H2O\FOHSAW01\FOHSAW01_w_H2O_1_relaxed.cif,-0.5568564533333529
C:\Users\GED\PycharmProjects\Aixelo_Project_DataLab_2025\data\odac\pristine_H2O\FOJKIA\FOJKIA_w_H2O_1_relaxed.cif,-0.5910339239999758
C:\Users\GED\PycharmProjects\Aixelo_Project_DataLab_2025\data\odac\pristine_H2O\FOKWIN\FOKWIN_w_H2O_1_relaxed.cif,-0.13813455666642457
C:\Users\GED\PycharmProjects\Aixelo_Project_DataLab_2025\data\odac\pristine_H2O\FOLLEZ\FOLLEZ_w_H2O_1_relaxed.cif,-0.12319616333331851
C:\Users\GED\PycharmProjects\Aixelo_Project_DataLab_2025\data\odac\pristine_H2O\FONKEA\FONKEA_w_H2O_1_relaxed.cif,-0.511061609999994
C:\Users\GED\PycharmProjects\Aixelo_Project_DataLab_2025\data\odac\pristine_H2O\FONPUV\FONPUV_w_H2O_1_relaxed.cif,-0.02165555800006582
C:\Users\GED\PycharmProjects\Aixelo_Project_DataLab_2025\data\odac\pristine_H2O\FONQIJ\FONQIJ_w_H2O_1_relaxed.cif,-0.6676800539999249
C:\Users\GED\PycharmProjects\Aixelo_Project_DataLab_2025\data\odac\pristine_H2O\FOQPAE\FOQPAE_w_H2O_1_relaxed.cif,-0.4450141799997255
C:\Users\GED\PycharmProjects\Aixelo_Project_DataLab_2025\data\odac\pristine_H2O\FORKUU\FORKUU_w_H2O_1_relaxed.cif,-0.3347775050000052
C:\Users\GED\PycharmProjects\Aixelo_Project_DataLab_2025\data\odac\pristine_H2O\FORPIM\FORPIM_w_H2O_1_relaxed.cif,-0.4602173074999314
C:\Users\GED\PycharmProjects\Aixelo_Project_DataLab_2025\data\odac\pristine_H2O\FOVPOX\FOVPOX_w_H2O_1_relaxed.cif,-0.44660806200026854
C:\Users\GED\PycharmProjects\Aixelo_Project_DataLab_2025\data\odac\pristine_H2O\FOVPUD\FOVPUD_w_H2O_1_relaxed.cif,0.016372098000010736
C:\Users\GED\PycharmProjects\Aixelo_Project_DataLab_2025\data\odac\pristine_H2O\FOXHUX\FOXHUX_w_H2O_1_relaxed.cif,-0.631980779999958
C:\Users\GED\PycharmProjects\Aixelo_Project_DataLab_2025\data\odac\pristine_H2O\FUBNOH\FUBNOH_w_H2O_1_relaxed.cif,-0.17086399999998317
C:\Users\GED\PycharmProjects\Aixelo_Project_DataLab_2025\data\odac\pristine_H2O\FUDGES\FUDGES_w_H2O_1_relaxed.cif,-0.2360759150000433
C:\Users\GED\PycharmProjects\Aixelo_Project_DataLab_2025\data\odac\pristine_H2O\FUDHAP\FUDHAP_w_H2O_1_relaxed.cif,-0.32178703999994696
C:\Users\GED\PycharmProjects\Aixelo_Project_DataLab_2025\data\odac\pristine_H2O\FUDHET\FUDHET_w_H2O_1_relaxed.cif,-0.38958639000012835
C:\Users\GED\PycharmProjects\Aixelo_Project_DataLab_2025\data\odac\pristine_H2O\FUDQIF\FUDQIF_w_H2O_1_relaxed.cif,-0.4758427316666693
C:\Users\GED\PycharmProjects\Aixelo_Project_DataLab_2025\data\odac\pristine_H2O\FUHMOM\FUHMOM_w_H2O_1_relaxed.cif,-0.34499623599999724
C:\Users\GED\PycharmProjects\Aixelo_Project_DataLab_2025\data\odac\pristine_H2O\FUHNED\FUHNED_w_H2O_1_relaxed.cif,-0.5174353974999519
C:\Users\GED\PycharmProjects\Aixelo_Project_DataLab_2025\data\odac\pristine_H2O\FUHNIH\FUHNIH_w_H2O_1_relaxed.cif,-0.3537065319999328
C:\Users\GED\PycharmProjects\Aixelo_Project_DataLab_2025\data\odac\pristine_H2O\FULQOT\FULQOT_w_H2O_random_1_relaxed.cif,-0.0604289349998907
C:\Users\GED\PycharmProjects\Aixelo_Project_DataLab_2025\data\odac\pristine_H2O\FULQUZ\FULQUZ_w_H2O_random_1_relaxed.cif,-0.8151974849999988
C:\Users\GED\PycharmProjects\Aixelo_Project_DataLab_2025\data\odac\pristine_H2O\FUMJAA\FUMJAA_w_H2O_1_relaxed.cif,-0.16943613999995927
C:\Users\GED\PycharmProjects\Aixelo_Project_DataLab_2025\data\odac\pristine_H2O\FUNBAS\FUNBAS_w_H2O_1_relaxed.cif,-0.3282731439999679
C:\Users\GED\PycharmProjects\Aixelo_Project_DataLab_2025\data\odac\pristine_H2O\FUNCAT\FUNCAT_w_H2O_1_relaxed.cif,-0.3024471600000197
C:\Users\GED\PycharmProjects\Aixelo_Project_DataLab_2025\data\odac\pristine_H2O\FUNCEX\FUNCEX_w_H2O_1_relaxed.cif,-0.24475606999999397
C:\Users\GED\PycharmProjects\Aixelo_Project_DataLab_2025\data\odac\pristine_H2O\FUNLAD\FUNLAD_w_H2O_1_relaxed.cif,-0.41441646400007814
C:\Users\GED\PycharmProjects\Aixelo_Project_DataLab_2025\data\odac\pristine_H2O\FUQJUX\FUQJUX_w_H2O_1_relaxed.cif,-0.5314824500001123
C:\Users\GED\PycharmProjects\Aixelo_Project_DataLab_2025\data\odac\pristine_H2O\FURFIJ\FURFIJ_w_H2O_1_relaxed.cif,-0.3022388739999769
C:\Users\GED\PycharmProjects\Aixelo_Project_DataLab_2025\data\odac\pristine_H2O\FURFIJ01\FURFIJ01_w_H2O_1_relaxed.cif,-0.41655763800004025
C:\Users\GED\PycharmProjects\Aixelo_Project_DataLab_2025\data\odac\pristine_H2O\FURFOP\FURFOP_w_H2O_1_relaxed.cif,-0.37814116000004105
C:\Users\GED\PycharmProjects\Aixelo_Project_DataLab_2025\data\odac\pristine_H2O\FURRAM\FURRAM_w_H2O_1_relaxed.cif,0.4459520124992195
C:\Users\GED\PycharmProjects\Aixelo_Project_DataLab_2025\data\odac\pristine_H2O\FURREQ\FURREQ_w_H2O_1_relaxed.cif,0.5202158074996532
C:\Users\GED\PycharmProjects\Aixelo_Project_DataLab_2025\data\odac\pristine_H2O\FURRIU\FURRIU_w_H2O_1_relaxed.cif,-0.12229892750019646
C:\Users\GED\PycharmProjects\Aixelo_Project_DataLab_2025\data\odac\pristine_H2O\FURROA\FURROA_w_H2O_1_relaxed.cif,-0.10122168000028368
C:\Users\GED\PycharmProjects\Aixelo_Project_DataLab_2025\data\odac\pristine_H2O\FURSES\FURSES_w_H2O_1_relaxed.cif,-0.6111175779999712
C:\Users\GED\PycharmProjects\Aixelo_Project_DataLab_2025\data\odac\pristine_H2O\FUSGOR\FUSGOR_w_H2O_1_relaxed.cif,-0.33987195333334813
C:\Users\GED\PycharmProjects\Aixelo_Project_DataLab_2025\data\odac\pristine_H2O\FUSMOW\FUSMOW_w_H2O_1_relaxed.cif,-0.999578393333195
C:\Users\GED\PycharmProjects\Aixelo_Project_DataLab_2025\data\odac\pristine_H2O\FUSMUC\FUSMUC_w_H2O_1_relaxed.cif,-0.6291424324999753
C:\Users\GED\PycharmProjects\Aixelo_Project_DataLab_2025\data\odac\pristine_H2O\FUSNIR\FUSNIR_w_H2O_1_relaxed.cif,-0.9503882574999807
C:\Users\GED\PycharmProjects\Aixelo_Project_DataLab_2025\data\odac\pristine_H2O\FUSWIA\FUSWIA_w_H2O_1_relaxed.cif,-0.14267927249994725
C:\Users\GED\PycharmProjects\Aixelo_Project_DataLab_2025\data\odac\pristine_H2O\FUTCAZ\FUTCAZ_w_H2O_1_relaxed.cif,-0.3137396200000069
C:\Users\GED\PycharmProjects\Aixelo_Project_DataLab_2025\data\odac\pristine_H2O\FUTDII\FUTDII_w_H2O_1_relaxed.cif,-0.07922353750018372
C:\Users\GED\PycharmProjects\Aixelo_Project_DataLab_2025\data\odac\pristine_H2O\FUTKEL_manual\FUTKEL_manual_w_H2O_1_relaxed.cif,-0.3963955200001692
C:\Users\GED\PycharmProjects\Aixelo_Project_DataLab_2025\data\odac\pristine_H2O\FUTYEA\FUTYEA_w_H2O_1_relaxed.cif,-0.09705810249988643
C:\Users\GED\PycharmProjects\Aixelo_Project_DataLab_2025\data\odac\pristine_H2O\FUTYOK\FUTYOK_w_H2O_1_relaxed.cif,-0.3181396274999315
C:\Users\GED\PycharmProjects\Aixelo_Project_DataLab_2025\data\odac\pristine_H2O\FUTYUQ\FUTYUQ_w_H2O_1_relaxed.cif,0.2820309524999516
C:\Users\GED\PycharmProjects\Aixelo_Project_DataLab_2025\data\odac\pristine_H2O\FUTZAX\FUTZAX_w_H2O_1_relaxed.cif,0.13946573749984734
C:\Users\GED\PycharmProjects\Aixelo_Project_DataLab_2025\data\odac\pristine_H2O\FUTZEB\FUTZEB_w_H2O_1_relaxed.cif,-0.09328303166673396
C:\Users\GED\PycharmProjects\Aixelo_Project_DataLab_2025\data\odac\pristine_H2O\FUTZOK\FUTZOK_w_H2O_1_relaxed.cif,-0.2958061000000498
C:\Users\GED\PycharmProjects\Aixelo_Project_DataLab_2025\data\odac\pristine_H2O\FUTZOL\FUTZOL_w_H2O_1_relaxed.cif,-0.41500341500011473
C:\Users\GED\PycharmProjects\Aixelo_Project_DataLab_2025\data\odac\pristine_H2O\FUVBAB\FUVBAB_w_H2O_1_relaxed.cif,-0.12921891499996715
C:\Users\GED\PycharmProjects\Aixelo_Project_DataLab_2025\data\odac\pristine_H2O\FUVDEH\FUVDEH_w_H2O_1_relaxed.cif,-0.08372002600008269
C:\Users\GED\PycharmProjects\Aixelo_Project_DataLab_2025\data\odac\pristine_H2O\FUVDEH03\FUVDEH03_w_H2O_1_relaxed.cif,-0.027575141666905733
C:\Users\GED\PycharmProjects\Aixelo_Project_DataLab_2025\data\odac\pristine_H2O\FUVDEH04\FUVDEH04_w_H2O_1_relaxed.cif,-0.1990085800000088
C:\Users\GED\PycharmProjects\Aixelo_Project_DataLab_2025\data\odac\pristine_H2O\FUVDEH05\FUVDEH05_w_H2O_1_relaxed.cif,-0.3054579759999797
C:\Users\GED\PycharmProjects\Aixelo_Project_DataLab_2025\data\odac\pristine_H2O\FUVDEH06\FUVDEH06_w_H2O_1_relaxed.cif,-0.559918172499863
C:\Users\GED\PycharmProjects\Aixelo_Project_DataLab_2025\data\odac\pristine_H2O\FUVDEH07\FUVDEH07_w_H2O_1_relaxed.cif,-0.19342275000002468
C:\Users\GED\PycharmProjects\Aixelo_Project_DataLab_2025\data\odac\pristine_H2O\FUVDEH08\FUVDEH08_w_H2O_1_relaxed.cif,-0.09660873249993071
C:\Users\GED\PycharmProjects\Aixelo_Project_DataLab_2025\data\odac\pristine_H2O\FUVFUZ\FUVFUZ_w_H2O_1_relaxed.cif,-0.3798781849999955
C:\Users\GED\PycharmProjects\Aixelo_Project_DataLab_2025\data\odac\pristine_H2O\FUVGAG\FUVGAG_w_H2O_1_relaxed.cif,-0.15094854499994878
C:\Users\GED\PycharmProjects\Aixelo_Project_DataLab_2025\data\odac\pristine_H2O\FUVGAG01\FUVGAG01_w_H2O_1_relaxed.cif,-0.3049631399999839
C:\Users\GED\PycharmProjects\Aixelo_Project_DataLab_2025\data\odac\pristine_H2O\FUVGAG02\FUVGAG02_w_H2O_1_relaxed.cif,-0.35416571249999146
C:\Users\GED\PycharmProjects\Aixelo_Project_DataLab_2025\data\odac\pristine_H2O\FUWFIO\FUWFIO_w_H2O_1_relaxed.cif,-0.48616913250077687
C:\Users\GED\PycharmProjects\Aixelo_Project_DataLab_2025\data\odac\pristine_H2O\FUWXOL_SL\FUWXOL_SL_w_H2O_1_relaxed.cif,-0.3603927699999303
C:\Users\GED\PycharmProjects\Aixelo_Project_DataLab_2025\data\odac\pristine_H2O\FUWYAY\FUWYAY_w_H2O_random_1_relaxed.cif,0.3814897650000546
C:\Users\GED\PycharmProjects\Aixelo_Project_DataLab_2025\data\odac\pristine_H2O\FUYCEJ\FUYCEJ_w_H2O_1_relaxed.cif,-0.42360682250011905
C:\Users\GED\PycharmProjects\Aixelo_Project_DataLab_2025\data\odac\pristine_H2O\FUZPUN\FUZPUN_w_H2O_1_relaxed.cif,-0.5257417275000762
C:\Users\GED\PycharmProjects\Aixelo_Project_DataLab_2025\data\odac\pristine_H2O\GACBOE\GACBOE_w_H2O_1_relaxed.cif,0.06525042999965076
C:\Users\GED\PycharmProjects\Aixelo_Project_DataLab_2025\data\odac\pristine_H2O\GACPUX\GACPUX_w_H2O_1_relaxed.cif,-0.5815755339999213
C:\Users\GED\PycharmProjects\Aixelo_Project_DataLab_2025\data\odac\pristine_H2O\GACQAE\GACQAE_w_H2O_1_relaxed.cif,0.03179374749998945
C:\Users\GED\PycharmProjects\Aixelo_Project_DataLab_2025\data\odac\pristine_H2O\GACVIS\GACVIS_w_H2O_2_relaxed.cif,-0.037928603333284565
C:\Users\GED\PycharmProjects\Aixelo_Project_DataLab_2025\data\odac\pristine_H2O\GADDOH\GADDOH_w_H2O_1_relaxed.cif,-0.43437489599999707
C:\Users\GED\PycharmProjects\Aixelo_Project_DataLab_2025\data\odac\pristine_H2O\GADFAV\GADFAV_w_H2O_1_relaxed.cif,-0.32536170399996533
C:\Users\GED\PycharmProjects\Aixelo_Project_DataLab_2025\data\odac\pristine_H2O\GADMAA\GADMAA_w_H2O_1_relaxed.cif,0.3297552924999536
C:\Users\GED\PycharmProjects\Aixelo_Project_DataLab_2025\data\odac\pristine_H2O\GADMAA01\GADMAA01_w_H2O_1_relaxed.cif,-0.021174024000083603
C:\Users\GED\PycharmProjects\Aixelo_Project_DataLab_2025\data\odac\pristine_H2O\GADRAH\GADRAH_w_H2O_1_relaxed.cif,0.05864708499996138
C:\Users\GED\PycharmProjects\Aixelo_Project_DataLab_2025\data\odac\pristine_H2O\GAFROX\GAFROX_w_H2O_1_relaxed.cif,1.5006544825000105
C:\Users\GED\PycharmProjects\Aixelo_Project_DataLab_2025\data\odac\pristine_H2O\GAFRUD\GAFRUD_w_H2O_1_relaxed.cif,-0.43484887749991685
C:\Users\GED\PycharmProjects\Aixelo_Project_DataLab_2025\data\odac\pristine_H2O\GAGQAI\GAGQAI_w_H2O_1_relaxed.cif,-0.35864697799993334
C:\Users\GED\PycharmProjects\Aixelo_Project_DataLab_2025\data\odac\pristine_H2O\GAGSUF\GAGSUF_w_H2O_1_relaxed.cif,-0.11630678249986207
C:\Users\GED\PycharmProjects\Aixelo_Project_DataLab_2025\data\odac\pristine_H2O\GAGTEQ\GAGTEQ_w_H2O_1_relaxed.cif,-0.4323414150000531
C:\Users\GED\PycharmProjects\Aixelo_Project_DataLab_2025\data\odac\pristine_H2O\GAJVEU_charged\GAJVEU_charged_w_H2O_1_relaxed.cif,-0.4604201839999405
C:\Users\GED\PycharmProjects\Aixelo_Project_DataLab_2025\data\odac\pristine_H2O\GAJYUN\GAJYUN_w_H2O_1_relaxed.cif,-0.2780889840000782
C:\Users\GED\PycharmProjects\Aixelo_Project_DataLab_2025\data\odac\pristine_H2O\GAJZAU\GAJZAU_w_H2O_1_relaxed.cif,-0.655490040000086
C:\Users\GED\PycharmProjects\Aixelo_Project_DataLab_2025\data\odac\pristine_H2O\GAJZIC\GAJZIC_w_H2O_1_relaxed.cif,-0.5439094660000137
C:\Users\GED\PycharmProjects\Aixelo_Project_DataLab_2025\data\odac\pristine_H2O\GAJZOI\GAJZOI_w_H2O_1_relaxed.cif,0.031799361999969675
C:\Users\GED\PycharmProjects\Aixelo_Project_DataLab_2025\data\odac\pristine_H2O\GAJZUO\GAJZUO_w_H2O_1_relaxed.cif,0.01676443399996968
C:\Users\GED\PycharmProjects\Aixelo_Project_DataLab_2025\data\odac\pristine_H2O\GALCAZ\GALCAZ_w_H2O_1_relaxed.cif,0.3368898939998871
C:\Users\GED\PycharmProjects\Aixelo_Project_DataLab_2025\data\odac\pristine_H2O\GAMXAV\GAMXAV_w_H2O_1_relaxed.cif,-0.2093312774998708
C:\Users\GED\PycharmProjects\Aixelo_Project_DataLab_2025\data\odac\pristine_H2O\GAPNOD\GAPNOD_w_H2O_random_1_relaxed.cif,0.40436734000007846
C:\Users\GED\PycharmProjects\Aixelo_Project_DataLab_2025\data\odac\pristine_H2O\GARLET\GARLET_w_H2O_1_relaxed.cif,-0.22481524199993141
C:\Users\GED\PycharmProjects\Aixelo_Project_DataLab_2025\data\odac\pristine_H2O\GARLUJ\GARLUJ_w_H2O_1_relaxed.cif,-0.6085293849998834
C:\Users\GED\PycharmProjects\Aixelo_Project_DataLab_2025\data\odac\pristine_H2O\GARMAQ\GARMAQ_w_H2O_1_relaxed.cif,-0.5073959699998796
C:\Users\GED\PycharmProjects\Aixelo_Project_DataLab_2025\data\odac\pristine_H2O\GARSUQ\GARSUQ_w_H2O_1_relaxed.cif,0.6586462980000192
C:\Users\GED\PycharmProjects\Aixelo_Project_DataLab_2025\data\odac\pristine_H2O\GARTAX\GARTAX_w_H2O_1_relaxed.cif,-0.27234656399998586
C:\Users\GED\PycharmProjects\Aixelo_Project_DataLab_2025\data\odac\pristine_H2O\GARTEB\GARTEB_w_H2O_1_relaxed.cif,-0.3772700939999936
C:\Users\GED\PycharmProjects\Aixelo_Project_DataLab_2025\data\odac\pristine_H2O\GARTIF\GARTIF_w_H2O_1_relaxed.cif,-0.3971825739999872
C:\Users\GED\PycharmProjects\Aixelo_Project_DataLab_2025\data\odac\pristine_H2O\GASSEB\GASSEB_w_H2O_1_relaxed.cif,-0.09419193333330134
C:\Users\GED\PycharmProjects\Aixelo_Project_DataLab_2025\data\odac\pristine_H2O\GASSUR\GASSUR_w_H2O_1_relaxed.cif,-0.4357447974999218
C:\Users\GED\PycharmProjects\Aixelo_Project_DataLab_2025\data\odac\pristine_H2O\GATBUZ_charged\GATBUZ_charged_w_H2O_1_relaxed.cif,-0.38760852399987017
C:\Users\GED\PycharmProjects\Aixelo_Project_DataLab_2025\data\odac\pristine_H2O\GAVYAG\GAVYAG_w_H2O_1_relaxed.cif,-0.42826565400000616
C:\Users\GED\PycharmProjects\Aixelo_Project_DataLab_2025\data\odac\pristine_H2O\GAWCUF\GAWCUF_w_H2O_1_relaxed.cif,-0.5624522719998822
C:\Users\GED\PycharmProjects\Aixelo_Project_DataLab_2025\data\odac\pristine_H2O\GAWJEV\GAWJEV_w_H2O_1_relaxed.cif,0.04007637500005027
C:\Users\GED\PycharmProjects\Aixelo_Project_DataLab_2025\data\odac\pristine_H2O\GAXDIS10\GAXDIS10_w_H2O_1_relaxed.cif,3.195600926666676
C:\Users\GED\PycharmProjects\Aixelo_Project_DataLab_2025\data\odac\pristine_H2O\GAXQIH\GAXQIH_w_H2O_2_relaxed.cif,-0.2965204033331853
C:\Users\GED\PycharmProjects\Aixelo_Project_DataLab_2025\data\odac\pristine_H2O\GAYFOD\GAYFOD_w_H2O_1_relaxed.cif,-0.2878371650000204
C:\Users\GED\PycharmProjects\Aixelo_Project_DataLab_2025\data\odac\pristine_H2O\GAYFUJ\GAYFUJ_w_H2O_1_relaxed.cif,-0.306967874999998
C:\Users\GED\PycharmProjects\Aixelo_Project_DataLab_2025\data\odac\pristine_H2O\GAYGAQ_clean_h\GAYGAQ_clean_h_w_H2O_1_relaxed.cif,-0.34599704799999814
C:\Users\GED\PycharmProjects\Aixelo_Project_DataLab_2025\data\odac\pristine_H2O\GAZLAW\GAZLAW_w_H2O_1_relaxed.cif,1.0790419520000796
C:\Users\GED\PycharmProjects\Aixelo_Project_DataLab_2025\data\odac\pristine_H2O\GEDDAW\GEDDAW_w_H2O_2_relaxed.cif,0.13091630666682852
C:\Users\GED\PycharmProjects\Aixelo_Project_DataLab_2025\data\odac\pristine_H2O\GEDDEA\GEDDEA_w_H2O_1_relaxed.cif,-0.2861746749999838
C:\Users\GED\PycharmProjects\Aixelo_Project_DataLab_2025\data\odac\pristine_H2O\GEDLIM\GEDLIM_w_H2O_1_relaxed.cif,-0.4279401499999949
C:\Users\GED\PycharmProjects\Aixelo_Project_DataLab_2025\data\odac\pristine_H2O\GEDQIR\GEDQIR_w_H2O_1_relaxed.cif,-0.3315429649999259
C:\Users\GED\PycharmProjects\Aixelo_Project_DataLab_2025\data\odac\pristine_H2O\GEDQOX\GEDQOX_w_H2O_1_relaxed.cif,-0.3303000724999094
C:\Users\GED\PycharmProjects\Aixelo_Project_DataLab_2025\data\odac\pristine_H2O\GEDRAK\GEDRAK_w_H2O_1_relaxed.cif,-0.07755669000005126
C:\Users\GED\PycharmProjects\Aixelo_Project_DataLab_2025\data\odac\pristine_H2O\GEDROY\GEDROY_w_H2O_1_relaxed.cif,0.07818660799994173
C:\Users\GED\PycharmProjects\Aixelo_Project_DataLab_2025\data\odac\pristine_H2O\GEDRUE\GEDRUE_w_H2O_1_relaxed.cif,-0.218732316666698
C:\Users\GED\PycharmProjects\Aixelo_Project_DataLab_2025\data\odac\pristine_H2O\GEDSAL\GEDSAL_w_H2O_1_relaxed.cif,0.11997750750012416
C:\Users\GED\PycharmProjects\Aixelo_Project_DataLab_2025\data\odac\pristine_H2O\GEDSEP\GEDSEP_w_H2O_1_relaxed.cif,-0.20620966599999518
C:\Users\GED\PycharmProjects\Aixelo_Project_DataLab_2025\data\odac\pristine_H2O\GEDSOZ\GEDSOZ_w_H2O_1_relaxed.cif,0.39612177749998523
C:\Users\GED\PycharmProjects\Aixelo_Project_DataLab_2025\data\odac\pristine_H2O\GEDSUF\GEDSUF_w_H2O_1_relaxed.cif,-0.1681925725001747
C:\Users\GED\PycharmProjects\Aixelo_Project_DataLab_2025\data\odac\pristine_H2O\GEDTAM\GEDTAM_w_H2O_1_relaxed.cif,0.6976621274999957
C:\Users\GED\PycharmProjects\Aixelo_Project_DataLab_2025\data\odac\pristine_H2O\GEFZAU\GEFZAU_w_H2O_1_relaxed.cif,-0.45313339400008773
C:\Users\GED\PycharmProjects\Aixelo_Project_DataLab_2025\data\odac\pristine_H2O\GEGDED\GEGDED_w_H2O_2_relaxed.cif,-0.171535220000654
C:\Users\GED\PycharmProjects\Aixelo_Project_DataLab_2025\data\odac\pristine_H2O\GEGGEG01\GEGGEG01_w_H2O_1_relaxed.cif,-0.5406151460000501
C:\Users\GED\PycharmProjects\Aixelo_Project_DataLab_2025\data\odac\pristine_H2O\GEGGIK\GEGGIK_w_H2O_1_relaxed.cif,-0.4440626420000626
C:\Users\GED\PycharmProjects\Aixelo_Project_DataLab_2025\data\odac\pristine_H2O\GEGGIK01\GEGGIK01_w_H2O_1_relaxed.cif,0.15884090999998077
C:\Users\GED\PycharmProjects\Aixelo_Project_DataLab_2025\data\odac\pristine_H2O\GEGGUW\GEGGUW_w_H2O_1_relaxed.cif,-0.6904524533332506
C:\Users\GED\PycharmProjects\Aixelo_Project_DataLab_2025\data\odac\pristine_H2O\GEGHAD\GEGHAD_w_H2O_1_relaxed.cif,0.07327941000003564
C:\Users\GED\PycharmProjects\Aixelo_Project_DataLab_2025\data\odac\pristine_H2O\GEJJEL01\GEJJEL01_w_H2O_1_relaxed.cif,0.21098470999993424
C:\Users\GED\PycharmProjects\Aixelo_Project_DataLab_2025\data\odac\pristine_H2O\GEPDEM\GEPDEM_w_H2O_1_relaxed.cif,-0.15147662333329961
C:\Users\GED\PycharmProjects\Aixelo_Project_DataLab_2025\data\odac\pristine_H2O\GERNOI\GERNOI_w_H2O_1_relaxed.cif,0.0779255719998218
C:\Users\GED\PycharmProjects\Aixelo_Project_DataLab_2025\data\odac\pristine_H2O\GERWEH\GERWEH_w_H2O_1_relaxed.cif,-0.07425326499998165
C:\Users\GED\PycharmProjects\Aixelo_Project_DataLab_2025\data\odac\pristine_H2O\GESFAN\GESFAN_w_H2O_random_2_relaxed.cif,-0.6530667700001231
C:\Users\GED\PycharmProjects\Aixelo_Project_DataLab_2025\data\odac\pristine_H2O\GEVXIQ\GEVXIQ_w_H2O_1_relaxed.cif,-0.767560912499988
C:\Users\GED\PycharmProjects\Aixelo_Project_DataLab_2025\data\odac\pristine_H2O\GEWXAJ\GEWXAJ_w_H2O_1_relaxed.cif,-0.42196103799994944
C:\Users\GED\PycharmProjects\Aixelo_Project_DataLab_2025\data\odac\pristine_H2O\GEZYOB\GEZYOB_w_H2O_1_relaxed.cif,-0.6236664099998961
C:\Users\GED\PycharmProjects\Aixelo_Project_DataLab_2025\data\odac\pristine_H2O\GIDKOU\GIDKOU_w_H2O_1_relaxed.cif,0.21543276000003667
C:\Users\GED\PycharmProjects\Aixelo_Project_DataLab_2025\data\odac\pristine_H2O\GIFKEL\GIFKEL_w_H2O_1_relaxed.cif,-0.38612765749999056
C:\Users\GED\PycharmProjects\Aixelo_Project_DataLab_2025\data\odac\pristine_H2O\GIFKIP\GIFKIP_w_H2O_1_relaxed.cif,-0.4703231375000314
C:\Users\GED\PycharmProjects\Aixelo_Project_DataLab_2025\data\odac\pristine_H2O\GIJXAA\GIJXAA_w_H2O_2_relaxed.cif,-0.2776244775002396
C:\Users\GED\PycharmProjects\Aixelo_Project_DataLab_2025\data\odac\pristine_H2O\GIKQIC\GIKQIC_w_H2O_random_1_relaxed.cif,-0.41157230000004574
C:\Users\GED\PycharmProjects\Aixelo_Project_DataLab_2025\data\odac\pristine_H2O\GIMSIG\GIMSIG_w_H2O_1_relaxed.cif,-0.3571575824999797
C:\Users\GED\PycharmProjects\Aixelo_Project_DataLab_2025\data\odac\pristine_H2O\GINLIA\GINLIA_w_H2O_1_relaxed.cif,-0.40944585599995664
C:\Users\GED\PycharmProjects\Aixelo_Project_DataLab_2025\data\odac\pristine_H2O\GIQXEK\GIQXEK_w_H2O_1_relaxed.cif,-1.0678362374999466
C:\Users\GED\PycharmProjects\Aixelo_Project_DataLab_2025\data\odac\pristine_H2O\GIQXIO\GIQXIO_w_H2O_1_relaxed.cif,-0.5810291125000049
C:\Users\GED\PycharmProjects\Aixelo_Project_DataLab_2025\data\odac\pristine_H2O\GIQXUA\GIQXUA_w_H2O_1_relaxed.cif,-0.4458542674999819
C:\Users\GED\PycharmProjects\Aixelo_Project_DataLab_2025\data\odac\pristine_H2O\GIQYEL\GIQYEL_w_H2O_1_relaxed.cif,-0.3746869024999455
C:\Users\GED\PycharmProjects\Aixelo_Project_DataLab_2025\data\odac\pristine_H2O\GIQYOV\GIQYOV_w_H2O_1_relaxed.cif,-0.3477789774999849
C:\Users\GED\PycharmProjects\Aixelo_Project_DataLab_2025\data\odac\pristine_H2O\GIRDUI\GIRDUI_w_H2O_1_relaxed.cif,-0.20325213199996592
C:\Users\GED\PycharmProjects\Aixelo_Project_DataLab_2025\data\odac\pristine_H2O\GIRHEW\GIRHEW_w_H2O_1_relaxed.cif,-0.5726355100000546
C:\Users\GED\PycharmProjects\Aixelo_Project_DataLab_2025\data\odac\pristine_H2O\GIRXUC\GIRXUC_w_H2O_1_relaxed.cif,-0.23847620000003641
C:\Users\GED\PycharmProjects\Aixelo_Project_DataLab_2025\data\odac\pristine_H2O\GIRYAJ\GIRYAJ_w_H2O_1_relaxed.cif,-0.4045987550000518
C:\Users\GED\PycharmProjects\Aixelo_Project_DataLab_2025\data\odac\pristine_H2O\GIRYEN\GIRYEN_w_H2O_1_relaxed.cif,-0.07022487200001704
C:\Users\GED\PycharmProjects\Aixelo_Project_DataLab_2025\data\odac\pristine_H2O\GIRYIR\GIRYIR_w_H2O_1_relaxed.cif,-0.4265723100000741
C:\Users\GED\PycharmProjects\Aixelo_Project_DataLab_2025\data\odac\pristine_H2O\GIRYUD\GIRYUD_w_H2O_1_relaxed.cif,-0.670935671999905
C:\Users\GED\PycharmProjects\Aixelo_Project_DataLab_2025\data\odac\pristine_H2O\GIRZAK\GIRZAK_w_H2O_1_relaxed.cif,-0.3608990740000081
C:\Users\GED\PycharmProjects\Aixelo_Project_DataLab_2025\data\odac\pristine_H2O\GISWEM\GISWEM_w_H2O_3_relaxed.cif,-0.4205526250004823
C:\Users\GED\PycharmProjects\Aixelo_Project_DataLab_2025\data\odac\pristine_H2O\GISZUD\GISZUD_w_H2O_1_relaxed.cif,0.5349186700000317
C:\Users\GED\PycharmProjects\Aixelo_Project_DataLab_2025\data\odac\pristine_H2O\GITPIK\GITPIK_w_H2O_1_relaxed.cif,-0.4632461679998869
C:\Users\GED\PycharmProjects\Aixelo_Project_DataLab_2025\data\odac\pristine_H2O\GITVEL\GITVEL_w_H2O_1_relaxed.cif,-0.3949199025001917
C:\Users\GED\PycharmProjects\Aixelo_Project_DataLab_2025\data\odac\pristine_H2O\GITVEL01\GITVEL01_w_H2O_1_relaxed.cif,-0.27782186750039267
C:\Users\GED\PycharmProjects\Aixelo_Project_DataLab_2025\data\odac\pristine_H2O\GITWIQ\GITWIQ_w_H2O_1_relaxed.cif,-0.3994996040000387
C:\Users\GED\PycharmProjects\Aixelo_Project_DataLab_2025\data\odac\pristine_H2O\GIWBEU_charged\GIWBEU_charged_w_H2O_1_relaxed.cif,-0.450101380000054
C:\Users\GED\PycharmProjects\Aixelo_Project_DataLab_2025\data\odac\pristine_H2O\GIWCAR_ion_b\GIWCAR_ion_b_w_H2O_1_relaxed.cif,0.3512177316662625
C:\Users\GED\PycharmProjects\Aixelo_Project_DataLab_2025\data\odac\pristine_H2O\GIWNUV\GIWNUV_w_H2O_1_relaxed.cif,-0.2551403566667242
C:\Users\GED\PycharmProjects\Aixelo_Project_DataLab_2025\data\odac\pristine_H2O\GIXNAE\GIXNAE_w_H2O_1_relaxed.cif,-0.04196427999997353
C:\Users\GED\PycharmProjects\Aixelo_Project_DataLab_2025\data\odac\pristine_H2O\GIYSEN\GIYSEN_w_H2O_1_relaxed.cif,-0.232141712000066
C:\Users\GED\PycharmProjects\Aixelo_Project_DataLab_2025\data\odac\pristine_H2O\GIYSIR\GIYSIR_w_H2O_1_relaxed.cif,-0.4008405839999568
C:\Users\GED\PycharmProjects\Aixelo_Project_DataLab_2025\data\odac\pristine_H2O\GIYSUD\GIYSUD_w_H2O_1_relaxed.cif,-0.5710921860000099
C:\Users\GED\PycharmProjects\Aixelo_Project_DataLab_2025\data\odac\pristine_H2O\GIYTAK\GIYTAK_w_H2O_1_relaxed.cif,-0.5310325439999815
C:\Users\GED\PycharmProjects\Aixelo_Project_DataLab_2025\data\odac\pristine_H2O\GIYTIS_SL\GIYTIS_SL_w_H2O_1_relaxed.cif,-0.41526893599999537
C:\Users\GED\PycharmProjects\Aixelo_Project_DataLab_2025\data\odac\pristine_H2O\GIZXET\GIZXET_w_H2O_1_relaxed.cif,-0.6341553024998348
C:\Users\GED\PycharmProjects\Aixelo_Project_DataLab_2025\data\odac\pristine_H2O\GOBSUM\GOBSUM_w_H2O_1_relaxed.cif,-0.30382732600010054
C:\Users\GED\PycharmProjects\Aixelo_Project_DataLab_2025\data\odac\pristine_H2O\GOGSIF\GOGSIF_w_H2O_1_relaxed.cif,-0.08556029400001537
C:\Users\GED\PycharmProjects\Aixelo_Project_DataLab_2025\data\odac\pristine_H2O\GOGWAB\GOGWAB_w_H2O_random_2_relaxed.cif,-1.2116415999999504
C:\Users\GED\PycharmProjects\Aixelo_Project_DataLab_2025\data\odac\pristine_H2O\GOGWEF\GOGWEF_w_H2O_random_1_relaxed.cif,-0.6062887950000118
C:\Users\GED\PycharmProjects\Aixelo_Project_DataLab_2025\data\odac\pristine_H2O\GOKBUE\GOKBUE_w_H2O_1_relaxed.cif,-0.8091765249999412
C:\Users\GED\PycharmProjects\Aixelo_Project_DataLab_2025\data\odac\pristine_H2O\GOLQII\GOLQII_w_H2O_1_relaxed.cif,-0.4826941620000298
C:\Users\GED\PycharmProjects\Aixelo_Project_DataLab_2025\data\odac\pristine_H2O\GOMRAC\GOMRAC_w_H2O_1_relaxed.cif,-0.4252492916666976
C:\Users\GED\PycharmProjects\Aixelo_Project_DataLab_2025\data\odac\pristine_H2O\GOMREG\GOMREG_w_H2O_1_relaxed.cif,0.11644379000017575
C:\Users\GED\PycharmProjects\Aixelo_Project_DataLab_2025\data\odac\pristine_H2O\GONNAA\GONNAA_w_H2O_1_relaxed.cif,-0.425786470000105
C:\Users\GED\PycharmProjects\Aixelo_Project_DataLab_2025\data\odac\pristine_H2O\GONTAG\GONTAG_w_H2O_1_relaxed.cif,-0.9573156520000111
C:\Users\GED\PycharmProjects\Aixelo_Project_DataLab_2025\data\odac\pristine_H2O\GOQXAN\GOQXAN_w_H2O_1_relaxed.cif,-0.22972892500001763
C:\Users\GED\PycharmProjects\Aixelo_Project_DataLab_2025\data\odac\pristine_H2O\GORWUF\GORWUF_w_H2O_1_relaxed.cif,1.859603125000035
C:\Users\GED\PycharmProjects\Aixelo_Project_DataLab_2025\data\odac\pristine_H2O\GOSBOH\GOSBOH_w_H2O_1_relaxed.cif,-0.321066297499982
C:\Users\GED\PycharmProjects\Aixelo_Project_DataLab_2025\data\odac\pristine_H2O\GOSKEG\GOSKEG_w_H2O_2_relaxed.cif,-0.5618207633333441
C:\Users\GED\PycharmProjects\Aixelo_Project_DataLab_2025\data\odac\pristine_H2O\GOZNEQ\GOZNEQ_w_H2O_1_relaxed.cif,-0.486854951999976
C:\Users\GED\PycharmProjects\Aixelo_Project_DataLab_2025\data\odac\pristine_H2O\GUANZS\GUANZS_w_H2O_1_relaxed.cif,-0.4286710449999873
C:\Users\GED\PycharmProjects\Aixelo_Project_DataLab_2025\data\odac\pristine_H2O\GUBKUL\GUBKUL_w_H2O_1_relaxed.cif,-0.8788049874999615
C:\Users\GED\PycharmProjects\Aixelo_Project_DataLab_2025\data\odac\pristine_H2O\GUBZAF\GUBZAF_w_H2O_1_relaxed.cif,-0.5081720924998763
C:\Users\GED\PycharmProjects\Aixelo_Project_DataLab_2025\data\odac\pristine_H2O\GUCHUJ\GUCHUJ_w_H2O_1_relaxed.cif,-0.36866950400001314
C:\Users\GED\PycharmProjects\Aixelo_Project_DataLab_2025\data\odac\pristine_H2O\GUCJAQ\GUCJAQ_w_H2O_1_relaxed.cif,-0.44368031199983304
C:\Users\GED\PycharmProjects\Aixelo_Project_DataLab_2025\data\odac\pristine_H2O\GUFBOA\GUFBOA_w_H2O_1_relaxed.cif,-0.13324377599988108
C:\Users\GED\PycharmProjects\Aixelo_Project_DataLab_2025\data\odac\pristine_H2O\GUFREF\GUFREF_w_H2O_1_relaxed.cif,-0.2935817119998773
C:\Users\GED\PycharmProjects\Aixelo_Project_DataLab_2025\data\odac\pristine_H2O\GUFXEM\GUFXEM_w_H2O_1_relaxed.cif,0.3473674099999243
C:\Users\GED\PycharmProjects\Aixelo_Project_DataLab_2025\data\odac\pristine_H2O\GUGNON\GUGNON_w_H2O_1_relaxed.cif,-0.45987057799993636
C:\Users\GED\PycharmProjects\Aixelo_Project_DataLab_2025\data\odac\pristine_H2O\GUJREK01\GUJREK01_w_H2O_1_relaxed.cif,-0.0121346300006734
C:\Users\GED\PycharmProjects\Aixelo_Project_DataLab_2025\data\odac\pristine_H2O\GUKFEY\GUKFEY_w_H2O_2_relaxed.cif,-0.3627772099998765
C:\Users\GED\PycharmProjects\Aixelo_Project_DataLab_2025\data\odac\pristine_H2O\GUKYUI\GUKYUI_w_H2O_1_relaxed.cif,-0.7693411050000046
C:\Users\GED\PycharmProjects\Aixelo_Project_DataLab_2025\data\odac\pristine_H2O\GULBAR\GULBAR_w_H2O_1_relaxed.cif,-0.3398448860000826
C:\Users\GED\PycharmProjects\Aixelo_Project_DataLab_2025\data\odac\pristine_H2O\GULCAS\GULCAS_w_H2O_1_relaxed.cif,-0.43817344250004453
C:\Users\GED\PycharmProjects\Aixelo_Project_DataLab_2025\data\odac\pristine_H2O\GULPIN\GULPIN_w_H2O_1_relaxed.cif,-0.47926218800002973
C:\Users\GED\PycharmProjects\Aixelo_Project_DataLab_2025\data\odac\pristine_H2O\GULWOA\GULWOA_w_H2O_1_relaxed.cif,-0.6177331320000349
C:\Users\GED\PycharmProjects\Aixelo_Project_DataLab_2025\data\odac\pristine_H2O\GUMBIA\GUMBIA_w_H2O_1_relaxed.cif,-0.09091459800038139
C:\Users\GED\PycharmProjects\Aixelo_Project_DataLab_2025\data\odac\pristine_H2O\GUMDEZ\GUMDEZ_w_H2O_1_relaxed.cif,-0.5180291619999707
C:\Users\GED\PycharmProjects\Aixelo_Project_DataLab_2025\data\odac\pristine_H2O\GUNFAW01_neutral\GUNFAW01_neutral_w_H2O_1_relaxed.cif,-0.5593530733333409
C:\Users\GED\PycharmProjects\Aixelo_Project_DataLab_2025\data\odac\pristine_H2O\GUPBUP_SL\GUPBUP_SL_w_H2O_1_relaxed.cif,-0.26819656000005426
C:\Users\GED\PycharmProjects\Aixelo_Project_DataLab_2025\data\odac\pristine_H2O\GUPCAW\GUPCAW_w_H2O_2_relaxed.cif,-0.08563175999984195
C:\Users\GED\PycharmProjects\Aixelo_Project_DataLab_2025\data\odac\pristine_H2O\GUPJEG\GUPJEG_w_H2O_1_relaxed.cif,-0.4901888674999526
C:\Users\GED\PycharmProjects\Aixelo_Project_DataLab_2025\data\odac\pristine_H2O\GUPJEG01\GUPJEG01_w_H2O_1_relaxed.cif,-0.012080260000004728
C:\Users\GED\PycharmProjects\Aixelo_Project_DataLab_2025\data\odac\pristine_H2O\GURPIT\GURPIT_w_H2O_1_relaxed.cif,-0.11165303999988879
C:\Users\GED\PycharmProjects\Aixelo_Project_DataLab_2025\data\odac\pristine_H2O\GURPUF\GURPUF_w_H2O_1_relaxed.cif,-0.1610599833331131
C:\Users\GED\PycharmProjects\Aixelo_Project_DataLab_2025\data\odac\pristine_H2O\GUSJOU\GUSJOU_w_H2O_1_relaxed.cif,-0.2354609549999509
C:\Users\GED\PycharmProjects\Aixelo_Project_DataLab_2025\data\odac\pristine_H2O\GUTYIE\GUTYIE_w_H2O_1_relaxed.cif,-0.47987011249989564
C:\Users\GED\PycharmProjects\Aixelo_Project_DataLab_2025\data\odac\pristine_H2O\GUWDUY\GUWDUY_w_H2O_1_relaxed.cif,-0.0444446919999336
C:\Users\GED\PycharmProjects\Aixelo_Project_DataLab_2025\data\odac\pristine_H2O\GUXZIJ\GUXZIJ_w_H2O_random_1_relaxed.cif,0.46639573999999584
C:\Users\GED\PycharmProjects\Aixelo_Project_DataLab_2025\data\odac\pristine_H2O\HADLOQ01\HADLOQ01_w_H2O_1_relaxed.cif,-0.3085598750000429
C:\Users\GED\PycharmProjects\Aixelo_Project_DataLab_2025\data\odac\pristine_H2O\HADPOU\HADPOU_w_H2O_1_relaxed.cif,-0.43888367200002565
C:\Users\GED\PycharmProjects\Aixelo_Project_DataLab_2025\data\odac\pristine_H2O\HAFGUQ\HAFGUQ_w_H2O_1_relaxed.cif,-1.0434182039999995
C:\Users\GED\PycharmProjects\Aixelo_Project_DataLab_2025\data\odac\pristine_H2O\HAFQOW\HAFQOW_w_H2O_1_relaxed.cif,0.33013332000001583
C:\Users\GED\PycharmProjects\Aixelo_Project_DataLab_2025\data\odac\pristine_H2O\HAFQUC\HAFQUC_w_H2O_1_relaxed.cif,-0.21537752399997312
C:\Users\GED\PycharmProjects\Aixelo_Project_DataLab_2025\data\odac\pristine_H2O\HAFTOZ\HAFTOZ_w_H2O_1_relaxed.cif,0.47787411500002014
C:\Users\GED\PycharmProjects\Aixelo_Project_DataLab_2025\data\odac\pristine_H2O\HAFVOB\HAFVOB_w_H2O_1_relaxed.cif,-0.40287258000034853
C:\Users\GED\PycharmProjects\Aixelo_Project_DataLab_2025\data\odac\pristine_H2O\HAFVUH_SL\HAFVUH_SL_w_H2O_1_relaxed.cif,-0.3878673699998217
C:\Users\GED\PycharmProjects\Aixelo_Project_DataLab_2025\data\odac\pristine_H2O\HAFWUI01_charged\HAFWUI01_charged_w_H2O_1_relaxed.cif,-0.3612719200000356
C:\Users\GED\PycharmProjects\Aixelo_Project_DataLab_2025\data\odac\pristine_H2O\HAFWUI_charged\HAFWUI_charged_w_H2O_3_relaxed.cif,-0.1270155199999862
C:\Users\GED\PycharmProjects\Aixelo_Project_DataLab_2025\data\odac\pristine_H2O\HAHPIQ_charged\HAHPIQ_charged_w_H2O_1_relaxed.cif,0.023256186666306633
C:\Users\GED\PycharmProjects\Aixelo_Project_DataLab_2025\data\odac\pristine_H2O\HAHPOW\HAHPOW_w_H2O_1_relaxed.cif,-0.40591074400017535
C:\Users\GED\PycharmProjects\Aixelo_Project_DataLab_2025\data\odac\pristine_H2O\HAJLEK\HAJLEK_w_H2O_1_relaxed.cif,-0.507522082000196
C:\Users\GED\PycharmProjects\Aixelo_Project_DataLab_2025\data\odac\pristine_H2O\HAJLIO\HAJLIO_w_H2O_1_relaxed.cif,-0.42701720800005205
C:\Users\GED\PycharmProjects\Aixelo_Project_DataLab_2025\data\odac\pristine_H2O\HAJLOU\HAJLOU_w_H2O_1_relaxed.cif,-0.4689869400000589
C:\Users\GED\PycharmProjects\Aixelo_Project_DataLab_2025\data\odac\pristine_H2O\HAJLUA\HAJLUA_w_H2O_1_relaxed.cif,-0.334670393999886
C:\Users\GED\PycharmProjects\Aixelo_Project_DataLab_2025\data\odac\pristine_H2O\HAJMAH\HAJMAH_w_H2O_1_relaxed.cif,-0.5022967160000007
C:\Users\GED\PycharmProjects\Aixelo_Project_DataLab_2025\data\odac\pristine_H2O\HAJMEL\HAJMEL_w_H2O_1_relaxed.cif,-0.609887500000059
C:\Users\GED\PycharmProjects\Aixelo_Project_DataLab_2025\data\odac\pristine_H2O\HAKSIY\HAKSIY_w_H2O_1_relaxed.cif,-0.7194492880001235
C:\Users\GED\PycharmProjects\Aixelo_Project_DataLab_2025\data\odac\pristine_H2O\HAKVOH\HAKVOH_w_H2O_1_relaxed.cif,-0.4868967220000286
C:\Users\GED\PycharmProjects\Aixelo_Project_DataLab_2025\data\odac\pristine_H2O\HAKWAU\HAKWAU_w_H2O_1_relaxed.cif,-0.266225337499975
C:\Users\GED\PycharmProjects\Aixelo_Project_DataLab_2025\data\odac\pristine_H2O\HALVAU\HALVAU_w_H2O_1_relaxed.cif,-0.4721964600000774
C:\Users\GED\PycharmProjects\Aixelo_Project_DataLab_2025\data\odac\pristine_H2O\HAMJOW\HAMJOW_w_H2O_1_relaxed.cif,-0.2964241500000071
C:\Users\GED\PycharmProjects\Aixelo_Project_DataLab_2025\data\odac\pristine_H2O\HAMLIT\HAMLIT_w_H2O_1_relaxed.cif,-0.38750909400005185
C:\Users\GED\PycharmProjects\Aixelo_Project_DataLab_2025\data\odac\pristine_H2O\HAMREU\HAMREU_w_H2O_1_relaxed.cif,-0.3493261279998478
C:\Users\GED\PycharmProjects\Aixelo_Project_DataLab_2025\data\odac\pristine_H2O\HAPGIR\HAPGIR_w_H2O_1_relaxed.cif,-0.2631741240000337
C:\Users\GED\PycharmProjects\Aixelo_Project_DataLab_2025\data\odac\pristine_H2O\HAPHUD\HAPHUD_w_H2O_1_relaxed.cif,-0.394997512000009
C:\Users\GED\PycharmProjects\Aixelo_Project_DataLab_2025\data\odac\pristine_H2O\HAPPAS\HAPPAS_w_H2O_1_relaxed.cif,0.3480985419998433
C:\Users\GED\PycharmProjects\Aixelo_Project_DataLab_2025\data\odac\pristine_H2O\HAPVAX\HAPVAX_w_H2O_1_relaxed.cif,-0.6879591050000045
C:\Users\GED\PycharmProjects\Aixelo_Project_DataLab_2025\data\odac\pristine_H2O\HAPVEB\HAPVEB_w_H2O_1_relaxed.cif,-1.0096142200000258
C:\Users\GED\PycharmProjects\Aixelo_Project_DataLab_2025\data\odac\pristine_H2O\HASMIZ\HASMIZ_w_H2O_2_relaxed.cif,-0.479341340000019
C:\Users\GED\PycharmProjects\Aixelo_Project_DataLab_2025\data\odac\pristine_H2O\HATZOS\HATZOS_w_H2O_1_relaxed.cif,-0.4555413240000689
C:\Users\GED\PycharmProjects\Aixelo_Project_DataLab_2025\data\odac\pristine_H2O\HATZOS02\HATZOS02_w_H2O_1_relaxed.cif,-0.4079249124999933
C:\Users\GED\PycharmProjects\Aixelo_Project_DataLab_2025\data\odac\pristine_H2O\HAVVUX\HAVVUX_w_H2O_1_relaxed.cif,-0.5070591000000301
C:\Users\GED\PycharmProjects\Aixelo_Project_DataLab_2025\data\odac\pristine_H2O\HAWGIX_charged\HAWGIX_charged_w_H2O_1_relaxed.cif,-0.44653480800016043
C:\Users\GED\PycharmProjects\Aixelo_Project_DataLab_2025\data\odac\pristine_H2O\HAWREE\HAWREE_w_H2O_1_relaxed.cif,-0.5005141359999015
C:\Users\GED\PycharmProjects\Aixelo_Project_DataLab_2025\data\odac\pristine_H2O\HAWVAE\HAWVAE_w_H2O_2_relaxed.cif,-0.17805985249998454
C:\Users\GED\PycharmProjects\Aixelo_Project_DataLab_2025\data\odac\pristine_H2O\HAWVEI\HAWVEI_w_H2O_1_relaxed.cif,0.4395061780000333
C:\Users\GED\PycharmProjects\Aixelo_Project_DataLab_2025\data\odac\pristine_H2O\HAWVIM\HAWVIM_w_H2O_1_relaxed.cif,5.405211977999966
C:\Users\GED\PycharmProjects\Aixelo_Project_DataLab_2025\data\odac\pristine_H2O\HAWVOS\HAWVOS_w_H2O_2_relaxed.cif,-0.3346409466666955
C:\Users\GED\PycharmProjects\Aixelo_Project_DataLab_2025\data\odac\pristine_H2O\HAWWAF\HAWWAF_w_H2O_1_relaxed.cif,-0.3736911540000619
C:\Users\GED\PycharmProjects\Aixelo_Project_DataLab_2025\data\odac\pristine_H2O\HAWWEK\HAWWEK_w_H2O_1_relaxed.cif,-0.1859851699998671
C:\Users\GED\PycharmProjects\Aixelo_Project_DataLab_2025\data\odac\pristine_H2O\HAWZEM\HAWZEM_w_H2O_1_relaxed.cif,-0.06019195000001219
C:\Users\GED\PycharmProjects\Aixelo_Project_DataLab_2025\data\odac\pristine_H2O\HAXMUP\HAXMUP_w_H2O_1_relaxed.cif,-0.3831612239999231
C:\Users\GED\PycharmProjects\Aixelo_Project_DataLab_2025\data\odac\pristine_H2O\HAXNOJ\HAXNOJ_w_H2O_1_relaxed.cif,-0.4827347174999659
C:\Users\GED\PycharmProjects\Aixelo_Project_DataLab_2025\data\odac\pristine_H2O\HAYLIE\HAYLIE_w_H2O_1_relaxed.cif,0.4057999079999718
C:\Users\GED\PycharmProjects\Aixelo_Project_DataLab_2025\data\odac\pristine_H2O\HAZSIL\HAZSIL_w_H2O_1_relaxed.cif,-0.57966794999993
C:\Users\GED\PycharmProjects\Aixelo_Project_DataLab_2025\data\odac\pristine_H2O\HAZWIP\HAZWIP_w_H2O_1_relaxed.cif,-0.6556912140000122
C:\Users\GED\PycharmProjects\Aixelo_Project_DataLab_2025\data\odac\pristine_H2O\HEBKEG\HEBKEG_w_H2O_1_relaxed.cif,-0.3860038199999735
C:\Users\GED\PycharmProjects\Aixelo_Project_DataLab_2025\data\odac\pristine_H2O\HEDBEZ\HEDBEZ_w_H2O_1_relaxed.cif,-0.14377575999996373
C:\Users\GED\PycharmProjects\Aixelo_Project_DataLab_2025\data\odac\pristine_H2O\HEDBID\HEDBID_w_H2O_random_1_relaxed.cif,0.8415845949999721
C:\Users\GED\PycharmProjects\Aixelo_Project_DataLab_2025\data\odac\pristine_H2O\HEDCAW\HEDCAW_w_H2O_1_relaxed.cif,-0.007251921999886715
C:\Users\GED\PycharmProjects\Aixelo_Project_DataLab_2025\data\odac\pristine_H2O\HEDCIE\HEDCIE_w_H2O_1_relaxed.cif,0.049199036000163676
C:\Users\GED\PycharmProjects\Aixelo_Project_DataLab_2025\data\odac\pristine_H2O\HEFDON\HEFDON_w_H2O_1_relaxed.cif,-0.687775712000257
C:\Users\GED\PycharmProjects\Aixelo_Project_DataLab_2025\data\odac\pristine_H2O\HEFFEF\HEFFEF_w_H2O_1_relaxed.cif,-0.484274065999989
C:\Users\GED\PycharmProjects\Aixelo_Project_DataLab_2025\data\odac\pristine_H2O\HEFVAR\HEFVAR_w_H2O_1_relaxed.cif,-0.4782326319999811
C:\Users\GED\PycharmProjects\Aixelo_Project_DataLab_2025\data\odac\pristine_H2O\HEGCEB\HEGCEB_w_H2O_1_relaxed.cif,-0.5332403799999668
C:\Users\GED\PycharmProjects\Aixelo_Project_DataLab_2025\data\odac\pristine_H2O\HEGJUZ\HEGJUZ_w_H2O_1_relaxed.cif,-0.39910464000004137
C:\Users\GED\PycharmProjects\Aixelo_Project_DataLab_2025\data\odac\pristine_H2O\HEKTAU\HEKTAU_w_H2O_1_relaxed.cif,-0.5891168566665783
C:\Users\GED\PycharmProjects\Aixelo_Project_DataLab_2025\data\odac\pristine_H2O\HELDEJ_SL\HELDEJ_SL_w_H2O_1_relaxed.cif,-0.4367471819999764
C:\Users\GED\PycharmProjects\Aixelo_Project_DataLab_2025\data\odac\pristine_H2O\HETZOW\HETZOW_w_H2O_1_relaxed.cif,-0.5495206400000825
C:\Users\GED\PycharmProjects\Aixelo_Project_DataLab_2025\data\odac\pristine_H2O\HETZUC_charged\HETZUC_charged_w_H2O_1_relaxed.cif,-0.020267997999962963
C:\Users\GED\PycharmProjects\Aixelo_Project_DataLab_2025\data\odac\pristine_H2O\HEXNII\HEXNII_w_H2O_1_relaxed.cif,-0.49801843799996276
C:\Users\GED\PycharmProjects\Aixelo_Project_DataLab_2025\data\odac\pristine_H2O\HEZKIH\HEZKIH_w_H2O_1_relaxed.cif,-0.565751740000087
C:\Users\GED\PycharmProjects\Aixelo_Project_DataLab_2025\data\odac\pristine_H2O\HEZPIL01\HEZPIL01_w_H2O_random_1_relaxed.cif,-1.2625694899999758
C:\Users\GED\PycharmProjects\Aixelo_Project_DataLab_2025\data\odac\pristine_H2O\HGCNCO\HGCNCO_w_H2O_1_relaxed.cif,-0.17600492249998465
C:\Users\GED\PycharmProjects\Aixelo_Project_DataLab_2025\data\odac\pristine_H2O\HIBGEF\HIBGEF_w_H2O_1_relaxed.cif,-0.44290183399996297
C:\Users\GED\PycharmProjects\Aixelo_Project_DataLab_2025\data\odac\pristine_H2O\HIBGIJ\HIBGIJ_w_H2O_1_relaxed.cif,0.3023477250000042
C:\Users\GED\PycharmProjects\Aixelo_Project_DataLab_2025\data\odac\pristine_H2O\HICVOG\HICVOG_w_H2O_1_relaxed.cif,-0.4483087420001084
C:\Users\GED\PycharmProjects\Aixelo_Project_DataLab_2025\data\odac\pristine_H2O\HICVUM\HICVUM_w_H2O_1_relaxed.cif,-0.5298716120000335
C:\Users\GED\PycharmProjects\Aixelo_Project_DataLab_2025\data\odac\pristine_H2O\HICZIE\HICZIE_w_H2O_1_relaxed.cif,-0.2798742680005489
C:\Users\GED\PycharmProjects\Aixelo_Project_DataLab_2025\data\odac\pristine_H2O\HIFGIO_SL\HIFGIO_SL_w_H2O_1_relaxed.cif,-0.4005695439999727
C:\Users\GED\PycharmProjects\Aixelo_Project_DataLab_2025\data\odac\pristine_H2O\HIFTOG\HIFTOG_w_H2O_1_relaxed.cif,-0.19878560199990708
C:\Users\GED\PycharmProjects\Aixelo_Project_DataLab_2025\data\odac\pristine_H2O\HIFTOG01\HIFTOG01_w_H2O_1_relaxed.cif,-0.10979296749997042
C:\Users\GED\PycharmProjects\Aixelo_Project_DataLab_2025\data\odac\pristine_H2O\HIFTOG02\HIFTOG02_w_H2O_1_relaxed.cif,-0.23214728000002652
C:\Users\GED\PycharmProjects\Aixelo_Project_DataLab_2025\data\odac\pristine_H2O\HIFTUM\HIFTUM_w_H2O_1_relaxed.cif,-0.3803809074999549
C:\Users\GED\PycharmProjects\Aixelo_Project_DataLab_2025\data\odac\pristine_H2O\HIFVOI\HIFVOI_w_H2O_1_relaxed.cif,-0.45909567249981365
C:\Users\GED\PycharmProjects\Aixelo_Project_DataLab_2025\data\odac\pristine_H2O\HIFWAV\HIFWAV_w_H2O_1_relaxed.cif,-0.4109728100003167
C:\Users\GED\PycharmProjects\Aixelo_Project_DataLab_2025\data\odac\pristine_H2O\HIFZAY_charged\HIFZAY_charged_w_H2O_1_relaxed.cif,-0.48963085833319536
C:\Users\GED\PycharmProjects\Aixelo_Project_DataLab_2025\data\odac\pristine_H2O\HIGRIA\HIGRIA_w_H2O_random_1_relaxed.cif,0.3112219300001015
C:\Users\GED\PycharmProjects\Aixelo_Project_DataLab_2025\data\odac\pristine_H2O\HIHGUC\HIHGUC_w_H2O_1_relaxed.cif,-0.06476184249999045
C:\Users\GED\PycharmProjects\Aixelo_Project_DataLab_2025\data\odac\pristine_H2O\HIJSOK\HIJSOK_w_H2O_1_relaxed.cif,-0.7279114960002516
C:\Users\GED\PycharmProjects\Aixelo_Project_DataLab_2025\data\odac\pristine_H2O\HILJUJ\HILJUJ_w_H2O_1_relaxed.cif,-0.9813110475000713
C:\Users\GED\PycharmProjects\Aixelo_Project_DataLab_2025\data\odac\pristine_H2O\HIMSAY\HIMSAY_w_H2O_1_relaxed.cif,-0.2158605420000867
C:\Users\GED\PycharmProjects\Aixelo_Project_DataLab_2025\data\odac\pristine_H2O\HISGIB\HISGIB_w_H2O_2_relaxed.cif,-0.5458175099998925
C:\Users\GED\PycharmProjects\Aixelo_Project_DataLab_2025\data\odac\pristine_H2O\HITXUE\HITXUE_w_H2O_1_relaxed.cif,-0.25949789333340806
C:\Users\GED\PycharmProjects\Aixelo_Project_DataLab_2025\data\odac\pristine_H2O\HIWKEE\HIWKEE_w_H2O_1_relaxed.cif,-0.7910562800002481
C:\Users\GED\PycharmProjects\Aixelo_Project_DataLab_2025\data\odac\pristine_H2O\HIWKII\HIWKII_w_H2O_1_relaxed.cif,-0.8064721875000203
C:\Users\GED\PycharmProjects\Aixelo_Project_DataLab_2025\data\odac\pristine_H2O\HIWLIK\HIWLIK_w_H2O_1_relaxed.cif,-0.4890611199999739
C:\Users\GED\PycharmProjects\Aixelo_Project_DataLab_2025\data\odac\pristine_H2O\HIWLOQ\HIWLOQ_w_H2O_1_relaxed.cif,-0.41616507799994906
C:\Users\GED\PycharmProjects\Aixelo_Project_DataLab_2025\data\odac\pristine_H2O\HIWLUW\HIWLUW_w_H2O_1_relaxed.cif,-0.40674079599998547
C:\Users\GED\PycharmProjects\Aixelo_Project_DataLab_2025\data\odac\pristine_H2O\HIYBUN\HIYBUN_w_H2O_1_relaxed.cif,-0.03342157749983697
C:\Users\GED\PycharmProjects\Aixelo_Project_DataLab_2025\data\odac\pristine_H2O\HIYYEU\HIYYEU_w_H2O_1_relaxed.cif,-0.4721321499999931
C:\Users\GED\PycharmProjects\Aixelo_Project_DataLab_2025\data\odac\pristine_H2O\HIZQEN\HIZQEN_w_H2O_1_relaxed.cif,-0.25160306200001514
C:\Users\GED\PycharmProjects\Aixelo_Project_DataLab_2025\data\odac\pristine_H2O\HIZQEN01\HIZQEN01_w_H2O_1_relaxed.cif,-0.23324677600000424
C:\Users\GED\PycharmProjects\Aixelo_Project_DataLab_2025\data\odac\pristine_H2O\HIZQUD\HIZQUD_w_H2O_1_relaxed.cif,-0.41734744000001456
C:\Users\GED\PycharmProjects\Aixelo_Project_DataLab_2025\data\odac\pristine_H2O\HOBGAH\HOBGAH_w_H2O_2_relaxed.cif,-0.5709640050001781
C:\Users\GED\PycharmProjects\Aixelo_Project_DataLab_2025\data\odac\pristine_H2O\HOBGEL\HOBGEL_w_H2O_1_relaxed.cif,-0.3617221899999663
C:\Users\GED\PycharmProjects\Aixelo_Project_DataLab_2025\data\odac\pristine_H2O\HOBGIP\HOBGIP_w_H2O_1_relaxed.cif,-0.3279110579999497
C:\Users\GED\PycharmProjects\Aixelo_Project_DataLab_2025\data\odac\pristine_H2O\HOBGOV\HOBGOV_w_H2O_1_relaxed.cif,-0.165681221999921
C:\Users\GED\PycharmProjects\Aixelo_Project_DataLab_2025\data\odac\pristine_H2O\HOCDIO\HOCDIO_w_H2O_1_relaxed.cif,-0.17524493799998023
C:\Users\GED\PycharmProjects\Aixelo_Project_DataLab_2025\data\odac\pristine_H2O\HOCDOU\HOCDOU_w_H2O_1_relaxed.cif,0.16751970999999916
C:\Users\GED\PycharmProjects\Aixelo_Project_DataLab_2025\data\odac\pristine_H2O\HOFSOL\HOFSOL_w_H2O_random_1_relaxed.cif,0.038975325000023944
C:\Users\GED\PycharmProjects\Aixelo_Project_DataLab_2025\data\odac\pristine_H2O\HOFSUS\HOFSUS_w_H2O_1_relaxed.cif,-0.23606916399994585
C:\Users\GED\PycharmProjects\Aixelo_Project_DataLab_2025\data\odac\pristine_H2O\HOGJIX\HOGJIX_w_H2O_1_relaxed.cif,-0.16919739499991235
C:\Users\GED\PycharmProjects\Aixelo_Project_DataLab_2025\data\odac\pristine_H2O\HOGLEV01\HOGLEV01_w_H2O_1_relaxed.cif,0.06586056200021628
C:\Users\GED\PycharmProjects\Aixelo_Project_DataLab_2025\data\odac\pristine_H2O\HOGSIG\HOGSIG_w_H2O_1_relaxed.cif,-0.5291759325000385
C:\Users\GED\PycharmProjects\Aixelo_Project_DataLab_2025\data\odac\pristine_H2O\HOKGUJ\HOKGUJ_w_H2O_1_relaxed.cif,0.9193195680000372
C:\Users\GED\PycharmProjects\Aixelo_Project_DataLab_2025\data\odac\pristine_H2O\HOMRIL\HOMRIL_w_H2O_1_relaxed.cif,-0.36928560999990623
C:\Users\GED\PycharmProjects\Aixelo_Project_DataLab_2025\data\odac\pristine_H2O\HOMZEP\HOMZEP_w_H2O_1_relaxed.cif,-0.3140225916667229
C:\Users\GED\PycharmProjects\Aixelo_Project_DataLab_2025\data\odac\pristine_H2O\HOQMIL\HOQMIL_w_H2O_1_relaxed.cif,-0.48837911199993866
C:\Users\GED\PycharmProjects\Aixelo_Project_DataLab_2025\data\odac\pristine_H2O\HOQMIL01\HOQMIL01_w_H2O_1_relaxed.cif,-0.5079760800000258
C:\Users\GED\PycharmProjects\Aixelo_Project_DataLab_2025\data\odac\pristine_H2O\HOQMIL02\HOQMIL02_w_H2O_1_relaxed.cif,-0.4110350240000571
C:\Users\GED\PycharmProjects\Aixelo_Project_DataLab_2025\data\odac\pristine_H2O\HOQMIL03\HOQMIL03_w_H2O_1_relaxed.cif,-0.38870252400010935
C:\Users\GED\PycharmProjects\Aixelo_Project_DataLab_2025\data\odac\pristine_H2O\HOQMIL04\HOQMIL04_w_H2O_1_relaxed.cif,-0.38606892799998604
C:\Users\GED\PycharmProjects\Aixelo_Project_DataLab_2025\data\odac\pristine_H2O\HOQMUX\HOQMUX_w_H2O_1_relaxed.cif,-0.3329128999999284
C:\Users\GED\PycharmProjects\Aixelo_Project_DataLab_2025\data\odac\pristine_H2O\HOQNEI\HOQNEI_w_H2O_1_relaxed.cif,-0.4203650400000242
C:\Users\GED\PycharmProjects\Aixelo_Project_DataLab_2025\data\odac\pristine_H2O\HOTWUJ\HOTWUJ_w_H2O_1_relaxed.cif,-0.6690422180000268
C:\Users\GED\PycharmProjects\Aixelo_Project_DataLab_2025\data\odac\pristine_H2O\HOVGIK\HOVGIK_w_H2O_1_relaxed.cif,-0.041303753999955
C:\Users\GED\PycharmProjects\Aixelo_Project_DataLab_2025\data\odac\pristine_H2O\HOWJEK\HOWJEK_w_H2O_1_relaxed.cif,-0.4394506939999701
C:\Users\GED\PycharmProjects\Aixelo_Project_DataLab_2025\data\odac\pristine_H2O\HOWPEQ\HOWPEQ_w_H2O_1_relaxed.cif,-0.5561612375000209
C:\Users\GED\PycharmProjects\Aixelo_Project_DataLab_2025\data\odac\pristine_H2O\HOWPOZ\HOWPOZ_w_H2O_1_relaxed.cif,-0.06245255200005882
C:\Users\GED\PycharmProjects\Aixelo_Project_DataLab_2025\data\odac\pristine_H2O\HOWPUF\HOWPUF_w_H2O_1_relaxed.cif,-0.48684114999991834
C:\Users\GED\PycharmProjects\Aixelo_Project_DataLab_2025\data\odac\pristine_H2O\HOWQAM\HOWQAM_w_H2O_1_relaxed.cif,-0.25630284749991006
C:\Users\GED\PycharmProjects\Aixelo_Project_DataLab_2025\data\odac\pristine_H2O\HOWQEQ\HOWQEQ_w_H2O_1_relaxed.cif,-0.6001190640000914
C:\Users\GED\PycharmProjects\Aixelo_Project_DataLab_2025\data\odac\pristine_H2O\HOWSAP\HOWSAP_w_H2O_1_relaxed.cif,-0.14663139249995535
C:\Users\GED\PycharmProjects\Aixelo_Project_DataLab_2025\data\odac\pristine_H2O\HOXGEH\HOXGEH_w_H2O_1_relaxed.cif,-0.5468136499998195
C:\Users\GED\PycharmProjects\Aixelo_Project_DataLab_2025\data\odac\pristine_H2O\HOYREU\HOYREU_w_H2O_1_relaxed.cif,-0.44239631249999434
C:\Users\GED\PycharmProjects\Aixelo_Project_DataLab_2025\data\odac\pristine_H2O\HOYRIY\HOYRIY_w_H2O_1_relaxed.cif,-0.5179793650000306
C:\Users\GED\PycharmProjects\Aixelo_Project_DataLab_2025\data\odac\pristine_H2O\HOYROE\HOYROE_w_H2O_1_relaxed.cif,-0.6722492520000288
C:\Users\GED\PycharmProjects\Aixelo_Project_DataLab_2025\data\odac\pristine_H2O\HOZBUV\HOZBUV_w_H2O_1_relaxed.cif,-0.3590854950000448
C:\Users\GED\PycharmProjects\Aixelo_Project_DataLab_2025\data\odac\pristine_H2O\HOZFEJ\HOZFEJ_w_H2O_1_relaxed.cif,-0.25998319499984746
C:\Users\GED\PycharmProjects\Aixelo_Project_DataLab_2025\data\odac\pristine_H2O\HOZFIN\HOZFIN_w_H2O_1_relaxed.cif,-0.14939532250002685
C:\Users\GED\PycharmProjects\Aixelo_Project_DataLab_2025\data\odac\pristine_H2O\HOZXEB\HOZXEB_w_H2O_1_relaxed.cif,-0.27395150750004404
C:\Users\GED\PycharmProjects\Aixelo_Project_DataLab_2025\data\odac\pristine_H2O\HUCWUZ\HUCWUZ_w_H2O_1_relaxed.cif,-0.33815586799983066
C:\Users\GED\PycharmProjects\Aixelo_Project_DataLab_2025\data\odac\pristine_H2O\HUCXAG\HUCXAG_w_H2O_1_relaxed.cif,-0.38384601000007024
C:\Users\GED\PycharmProjects\Aixelo_Project_DataLab_2025\data\odac\pristine_H2O\HUCXEK\HUCXEK_w_H2O_1_relaxed.cif,0.015405762499995
C:\Users\GED\PycharmProjects\Aixelo_Project_DataLab_2025\data\odac\pristine_H2O\HUCXIO\HUCXIO_w_H2O_1_relaxed.cif,-0.3649492650001207
C:\Users\GED\PycharmProjects\Aixelo_Project_DataLab_2025\data\odac\pristine_H2O\HUDMAW\HUDMAW_w_H2O_1_relaxed.cif,-0.42985840399992414
C:\Users\GED\PycharmProjects\Aixelo_Project_DataLab_2025\data\odac\pristine_H2O\HUDWUA\HUDWUA_w_H2O_1_relaxed.cif,-0.613089376000039
C:\Users\GED\PycharmProjects\Aixelo_Project_DataLab_2025\data\odac\pristine_H2O\HUFHEX\HUFHEX_w_H2O_1_relaxed.cif,-0.3232378150005388
C:\Users\GED\PycharmProjects\Aixelo_Project_DataLab_2025\data\odac\pristine_H2O\HUFHIB\HUFHIB_w_H2O_2_relaxed.cif,-0.855625369999719
C:\Users\GED\PycharmProjects\Aixelo_Project_DataLab_2025\data\odac\pristine_H2O\HUFHOH\HUFHOH_w_H2O_1_relaxed.cif,-0.46930281000038576
C:\Users\GED\PycharmProjects\Aixelo_Project_DataLab_2025\data\odac\pristine_H2O\HUFHUN\HUFHUN_w_H2O_1_relaxed.cif,-0.2561429275007185
C:\Users\GED\PycharmProjects\Aixelo_Project_DataLab_2025\data\odac\pristine_H2O\HUFJAV\HUFJAV_w_H2O_1_relaxed.cif,-0.8293806033331445
C:\Users\GED\PycharmProjects\Aixelo_Project_DataLab_2025\data\odac\pristine_H2O\HUFJEZ\HUFJEZ_w_H2O_1_relaxed.cif,-0.6505002549997698
C:\Users\GED\PycharmProjects\Aixelo_Project_DataLab_2025\data\odac\pristine_H2O\HUFLUR\HUFLUR_w_H2O_1_relaxed.cif,-0.5241636924999824
C:\Users\GED\PycharmProjects\Aixelo_Project_DataLab_2025\data\odac\pristine_H2O\HUFMUS\HUFMUS_w_H2O_1_relaxed.cif,0.2395974399998977
C:\Users\GED\PycharmProjects\Aixelo_Project_DataLab_2025\data\odac\pristine_H2O\HUFYIS\HUFYIS_w_H2O_1_relaxed.cif,-0.8105090849999973
C:\Users\GED\PycharmProjects\Aixelo_Project_DataLab_2025\data\odac\pristine_H2O\HUJGEA\HUJGEA_w_H2O_1_relaxed.cif,0.06053459499958079
C:\Users\GED\PycharmProjects\Aixelo_Project_DataLab_2025\data\odac\pristine_H2O\HUJVOX\HUJVOX_w_H2O_1_relaxed.cif,3.9119072420000065
C:\Users\GED\PycharmProjects\Aixelo_Project_DataLab_2025\data\odac\pristine_H2O\HUQGOR\HUQGOR_w_H2O_1_relaxed.cif,-0.27396813799987285
C:\Users\GED\PycharmProjects\Aixelo_Project_DataLab_2025\data\odac\pristine_H2O\HUQGUX\HUQGUX_w_H2O_1_relaxed.cif,-0.06840934999975919
C:\Users\GED\PycharmProjects\Aixelo_Project_DataLab_2025\data\odac\pristine_H2O\HUQHAE\HUQHAE_w_H2O_1_relaxed.cif,-0.01709582000021328
C:\Users\GED\PycharmProjects\Aixelo_Project_DataLab_2025\data\odac\pristine_H2O\HUQHEI\HUQHEI_w_H2O_1_relaxed.cif,-0.1877162339999813
C:\Users\GED\PycharmProjects\Aixelo_Project_DataLab_2025\data\odac\pristine_H2O\HUQHOS\HUQHOS_w_H2O_1_relaxed.cif,-0.32379360600016294
C:\Users\GED\PycharmProjects\Aixelo_Project_DataLab_2025\data\odac\pristine_H2O\HURFEH\HURFEH_w_H2O_1_relaxed.cif,-0.4996276040003977
C:\Users\GED\PycharmProjects\Aixelo_Project_DataLab_2025\data\odac\pristine_H2O\HURGEH\HURGEH_w_H2O_1_relaxed.cif,-0.34544020000004133
C:\Users\GED\PycharmProjects\Aixelo_Project_DataLab_2025\data\odac\pristine_H2O\HURGUX\HURGUX_w_H2O_2_relaxed.cif,-0.2873018899999238
C:\Users\GED\PycharmProjects\Aixelo_Project_DataLab_2025\data\odac\pristine_H2O\HURGUX01\HURGUX01_w_H2O_2_relaxed.cif,-0.34376272499991956
C:\Users\GED\PycharmProjects\Aixelo_Project_DataLab_2025\data\odac\pristine_H2O\HUSJUC\HUSJUC_w_H2O_1_relaxed.cif,-0.4588581119999617
C:\Users\GED\PycharmProjects\Aixelo_Project_DataLab_2025\data\odac\pristine_H2O\HUVHIR\HUVHIR_w_H2O_1_relaxed.cif,-0.8977893200000153
C:\Users\GED\PycharmProjects\Aixelo_Project_DataLab_2025\data\odac\pristine_H2O\HUVHOX\HUVHOX_w_H2O_1_relaxed.cif,3.5814430033333715
C:\Users\GED\PycharmProjects\Aixelo_Project_DataLab_2025\data\odac\pristine_H2O\HUWDEJ\HUWDEJ_w_H2O_1_relaxed.cif,-0.30440798199992963
C:\Users\GED\PycharmProjects\Aixelo_Project_DataLab_2025\data\odac\pristine_H2O\HUWLUI\HUWLUI_w_H2O_1_relaxed.cif,-0.2808247524999672
C:\Users\GED\PycharmProjects\Aixelo_Project_DataLab_2025\data\odac\pristine_H2O\HUXWAY\HUXWAY_w_H2O_1_relaxed.cif,-0.2872928166666497
C:\Users\GED\PycharmProjects\Aixelo_Project_DataLab_2025\data\odac\pristine_H2O\HUZFEO\HUZFEO_w_H2O_1_relaxed.cif,-0.31566884600015327
C:\Users\GED\PycharmProjects\Aixelo_Project_DataLab_2025\data\odac\pristine_H2O\HUZFOY_charged\HUZFOY_charged_w_H2O_1_relaxed.cif,-0.35220371199998224
C:\Users\GED\PycharmProjects\Aixelo_Project_DataLab_2025\data\odac\pristine_H2O\IBAPOS\IBAPOS_w_H2O_1_relaxed.cif,5.713647955000114
C:\Users\GED\PycharmProjects\Aixelo_Project_DataLab_2025\data\odac\pristine_H2O\IBAQAF\IBAQAF_w_H2O_1_relaxed.cif,0.15758783199994467
C:\Users\GED\PycharmProjects\Aixelo_Project_DataLab_2025\data\odac\pristine_H2O\IBAQEJ\IBAQEJ_w_H2O_1_relaxed.cif,0.7614050200001543
C:\Users\GED\PycharmProjects\Aixelo_Project_DataLab_2025\data\odac\pristine_H2O\IBASEL\IBASEL_w_H2O_1_relaxed.cif,-0.4979490260002876
C:\Users\GED\PycharmProjects\Aixelo_Project_DataLab_2025\data\odac\pristine_H2O\IBASOV\IBASOV_w_H2O_1_relaxed.cif,-0.12068985500025065
C:\Users\GED\PycharmProjects\Aixelo_Project_DataLab_2025\data\odac\pristine_H2O\IBATEM\IBATEM_w_H2O_1_relaxed.cif,-0.24054606400000011
C:\Users\GED\PycharmProjects\Aixelo_Project_DataLab_2025\data\odac\pristine_H2O\IBEYOE\IBEYOE_w_H2O_1_relaxed.cif,0.22425023250002596
C:\Users\GED\PycharmProjects\Aixelo_Project_DataLab_2025\data\odac\pristine_H2O\IBICAZ\IBICAZ_w_H2O_1_relaxed.cif,-0.18197519250003324
C:\Users\GED\PycharmProjects\Aixelo_Project_DataLab_2025\data\odac\pristine_H2O\IBICED\IBICED_w_H2O_1_relaxed.cif,-0.35978660749998426
C:\Users\GED\PycharmProjects\Aixelo_Project_DataLab_2025\data\odac\pristine_H2O\IBICIH\IBICIH_w_H2O_1_relaxed.cif,-0.19678937000003313
C:\Users\GED\PycharmProjects\Aixelo_Project_DataLab_2025\data\odac\pristine_H2O\IBICON\IBICON_w_H2O_1_relaxed.cif,-0.4252291924999554
C:\Users\GED\PycharmProjects\Aixelo_Project_DataLab_2025\data\odac\pristine_H2O\IBITUK\IBITUK_w_H2O_random_1_relaxed.cif,-0.33514811999992844
C:\Users\GED\PycharmProjects\Aixelo_Project_DataLab_2025\data\odac\pristine_H2O\IBOTIC\IBOTIC_w_H2O_1_relaxed.cif,-0.3383772574999284
C:\Users\GED\PycharmProjects\Aixelo_Project_DataLab_2025\data\odac\pristine_H2O\IBOTOI\IBOTOI_w_H2O_1_relaxed.cif,-0.35227690000021994
C:\Users\GED\PycharmProjects\Aixelo_Project_DataLab_2025\data\odac\pristine_H2O\IBOZIK\IBOZIK_w_H2O_1_relaxed.cif,-0.5759357680000676
C:\Users\GED\PycharmProjects\Aixelo_Project_DataLab_2025\data\odac\pristine_H2O\IBUBIT\IBUBIT_w_H2O_1_relaxed.cif,-0.47487280500013185
C:\Users\GED\PycharmProjects\Aixelo_Project_DataLab_2025\data\odac\pristine_H2O\IBUDOZ\IBUDOZ_w_H2O_1_relaxed.cif,-0.2591878899999642
C:\Users\GED\PycharmProjects\Aixelo_Project_DataLab_2025\data\odac\pristine_H2O\IBURAZ\IBURAZ_w_H2O_1_relaxed.cif,-0.5780751720000581
C:\Users\GED\PycharmProjects\Aixelo_Project_DataLab_2025\data\odac\pristine_H2O\IBUYAH\IBUYAH_w_H2O_1_relaxed.cif,-0.6675473800000873
C:\Users\GED\PycharmProjects\Aixelo_Project_DataLab_2025\data\odac\pristine_H2O\ICAGOK\ICAGOK_w_H2O_1_relaxed.cif,-0.4344033225002022
C:\Users\GED\PycharmProjects\Aixelo_Project_DataLab_2025\data\odac\pristine_H2O\ICEGED\ICEGED_w_H2O_1_relaxed.cif,-0.42912069249999263
C:\Users\GED\PycharmProjects\Aixelo_Project_DataLab_2025\data\odac\pristine_H2O\ICISAP\ICISAP_w_H2O_1_relaxed.cif,-0.24137194200004614
C:\Users\GED\PycharmProjects\Aixelo_Project_DataLab_2025\data\odac\pristine_H2O\ICIVAS\ICIVAS_w_H2O_1_relaxed.cif,-0.3757303550002007
C:\Users\GED\PycharmProjects\Aixelo_Project_DataLab_2025\data\odac\pristine_H2O\ICIVEW\ICIVEW_w_H2O_1_relaxed.cif,-0.5544675349999579
C:\Users\GED\PycharmProjects\Aixelo_Project_DataLab_2025\data\odac\pristine_H2O\ICORAV_ion_b\ICORAV_ion_b_w_H2O_1_relaxed.cif,-0.6161770850000039
C:\Users\GED\PycharmProjects\Aixelo_Project_DataLab_2025\data\odac\pristine_H2O\ICOWON\ICOWON_w_H2O_1_relaxed.cif,-0.33047969999995525
C:\Users\GED\PycharmProjects\Aixelo_Project_DataLab_2025\data\odac\pristine_H2O\IDAGEA_charged\IDAGEA_charged_w_H2O_1_relaxed.cif,-0.44609242750004796
C:\Users\GED\PycharmProjects\Aixelo_Project_DataLab_2025\data\odac\pristine_H2O\IDIWIB\IDIWIB_w_H2O_1_relaxed.cif,0.431023644999982
C:\Users\GED\PycharmProjects\Aixelo_Project_DataLab_2025\data\odac\pristine_H2O\IDIWUN\IDIWUN_w_H2O_1_relaxed.cif,-0.325437559999898
C:\Users\GED\PycharmProjects\Aixelo_Project_DataLab_2025\data\odac\pristine_H2O\IDIXAU\IDIXAU_w_H2O_1_relaxed.cif,-0.2610133575000759
C:\Users\GED\PycharmProjects\Aixelo_Project_DataLab_2025\data\odac\pristine_H2O\IDUDIW\IDUDIW_w_H2O_1_relaxed.cif,-0.712295730000028
C:\Users\GED\PycharmProjects\Aixelo_Project_DataLab_2025\data\odac\pristine_H2O\IFAHEC\IFAHEC_w_H2O_1_relaxed.cif,-0.49348945714291403
C:\Users\GED\PycharmProjects\Aixelo_Project_DataLab_2025\data\odac\pristine_H2O\IFASOZ\IFASOZ_w_H2O_1_relaxed.cif,0.061347732500109955
C:\Users\GED\PycharmProjects\Aixelo_Project_DataLab_2025\data\odac\pristine_H2O\IFEHUY\IFEHUY_w_H2O_1_relaxed.cif,-0.2506242100000122
C:\Users\GED\PycharmProjects\Aixelo_Project_DataLab_2025\data\odac\pristine_H2O\IFENOY\IFENOY_w_H2O_1_relaxed.cif,-0.07995095399994624
C:\Users\GED\PycharmProjects\Aixelo_Project_DataLab_2025\data\odac\pristine_H2O\IFENOY01_SL\IFENOY01_SL_w_H2O_1_relaxed.cif,-0.37162579000000734
C:\Users\GED\PycharmProjects\Aixelo_Project_DataLab_2025\data\odac\pristine_H2O\IFENOY02_SL\IFENOY02_SL_w_H2O_1_relaxed.cif,-0.02335377599997627
C:\Users\GED\PycharmProjects\Aixelo_Project_DataLab_2025\data\odac\pristine_H2O\IFENOY03_SL\IFENOY03_SL_w_H2O_1_relaxed.cif,0.16226672399998282
C:\Users\GED\PycharmProjects\Aixelo_Project_DataLab_2025\data\odac\pristine_H2O\IFEPUG01\IFEPUG01_w_H2O_1_relaxed.cif,-0.5189392760002193
C:\Users\GED\PycharmProjects\Aixelo_Project_DataLab_2025\data\odac\pristine_H2O\IFEPUG03\IFEPUG03_w_H2O_1_relaxed.cif,0.5440029839998715
C:\Users\GED\PycharmProjects\Aixelo_Project_DataLab_2025\data\odac\pristine_H2O\IFEPUG04\IFEPUG04_w_H2O_1_relaxed.cif,0.5519598639998549
C:\Users\GED\PycharmProjects\Aixelo_Project_DataLab_2025\data\odac\pristine_H2O\IFEPUG_SL\IFEPUG_SL_w_H2O_1_relaxed.cif,0.3682631239998954
C:\Users\GED\PycharmProjects\Aixelo_Project_DataLab_2025\data\odac\pristine_H2O\IFEQAN_SL\IFEQAN_SL_w_H2O_1_relaxed.cif,-0.38656923750011174
C:\Users\GED\PycharmProjects\Aixelo_Project_DataLab_2025\data\odac\pristine_H2O\IFEQIV_SL\IFEQIV_SL_w_H2O_1_relaxed.cif,-0.0273871099999951
C:\Users\GED\PycharmProjects\Aixelo_Project_DataLab_2025\data\odac\pristine_H2O\IFEYIB\IFEYIB_w_H2O_1_relaxed.cif,-0.41107259499997895
C:\Users\GED\PycharmProjects\Aixelo_Project_DataLab_2025\data\odac\pristine_H2O\IFOSIG\IFOSIG_w_H2O_1_relaxed.cif,-0.16675981999994746
C:\Users\GED\PycharmProjects\Aixelo_Project_DataLab_2025\data\odac\pristine_H2O\IFUNUU\IFUNUU_w_H2O_1_relaxed.cif,-0.2667549540000436
C:\Users\GED\PycharmProjects\Aixelo_Project_DataLab_2025\data\odac\pristine_H2O\IGAHAB\IGAHAB_w_H2O_1_relaxed.cif,-0.4577978979999898
C:\Users\GED\PycharmProjects\Aixelo_Project_DataLab_2025\data\odac\pristine_H2O\IGEXOH\IGEXOH_w_H2O_1_relaxed.cif,-0.4529417000000251
C:\Users\GED\PycharmProjects\Aixelo_Project_DataLab_2025\data\odac\pristine_H2O\IGINIX\IGINIX_w_H2O_1_relaxed.cif,-0.30451049249995776
C:\Users\GED\PycharmProjects\Aixelo_Project_DataLab_2025\data\odac\pristine_H2O\IGINIX01\IGINIX01_w_H2O_1_relaxed.cif,-0.3592151674999968
C:\Users\GED\PycharmProjects\Aixelo_Project_DataLab_2025\data\odac\pristine_H2O\IGIZEF\IGIZEF_w_H2O_1_relaxed.cif,1.8405670374999659
C:\Users\GED\PycharmProjects\Aixelo_Project_DataLab_2025\data\odac\pristine_H2O\IGORUS\IGORUS_w_H2O_2_relaxed.cif,1.0301969400000341
C:\Users\GED\PycharmProjects\Aixelo_Project_DataLab_2025\data\odac\pristine_H2O\IGUTUB\IGUTUB_w_H2O_1_relaxed.cif,-0.1621546579999176
C:\Users\GED\PycharmProjects\Aixelo_Project_DataLab_2025\data\odac\pristine_H2O\IGUVIR\IGUVIR_w_H2O_1_relaxed.cif,-0.2869612479999887
C:\Users\GED\PycharmProjects\Aixelo_Project_DataLab_2025\data\odac\pristine_H2O\IGUVIR01\IGUVIR01_w_H2O_1_relaxed.cif,-0.14177094599990595
C:\Users\GED\PycharmProjects\Aixelo_Project_DataLab_2025\data\odac\pristine_H2O\IHAJIL\IHAJIL_w_H2O_1_relaxed.cif,-0.36736099250012444
C:\Users\GED\PycharmProjects\Aixelo_Project_DataLab_2025\data\odac\pristine_H2O\IHILUI\IHILUI_w_H2O_1_relaxed.cif,-0.3142983820000381
C:\Users\GED\PycharmProjects\Aixelo_Project_DataLab_2025\data\odac\pristine_H2O\IHIMAP\IHIMAP_w_H2O_1_relaxed.cif,-0.4881275960000039
C:\Users\GED\PycharmProjects\Aixelo_Project_DataLab_2025\data\odac\pristine_H2O\IHIMAP01\IHIMAP01_w_H2O_1_relaxed.cif,-0.3135809399999942
C:\Users\GED\PycharmProjects\Aixelo_Project_DataLab_2025\data\odac\pristine_H2O\IJASIW\IJASIW_w_H2O_1_relaxed.cif,-0.2654424620001009
C:\Users\GED\PycharmProjects\Aixelo_Project_DataLab_2025\data\odac\pristine_H2O\IJEVEA\IJEVEA_w_H2O_1_relaxed.cif,-0.5243042740002238
C:\Users\GED\PycharmProjects\Aixelo_Project_DataLab_2025\data\odac\pristine_H2O\IJEVIE\IJEVIE_w_H2O_1_relaxed.cif,-0.3299237219999668
C:\Users\GED\PycharmProjects\Aixelo_Project_DataLab_2025\data\odac\pristine_H2O\IJEXIF\IJEXIF_w_H2O_1_relaxed.cif,-0.3650029300000597
C:\Users\GED\PycharmProjects\Aixelo_Project_DataLab_2025\data\odac\pristine_H2O\IJEXIF01\IJEXIF01_w_H2O_1_relaxed.cif,-0.18360451749981616
C:\Users\GED\PycharmProjects\Aixelo_Project_DataLab_2025\data\odac\pristine_H2O\IJEYON\IJEYON_w_H2O_1_relaxed.cif,-0.6349237480000511
C:\Users\GED\PycharmProjects\Aixelo_Project_DataLab_2025\data\odac\pristine_H2O\IJIGOX\IJIGOX_w_H2O_1_relaxed.cif,-0.28660212599999113
C:\Users\GED\PycharmProjects\Aixelo_Project_DataLab_2025\data\odac\pristine_H2O\IJUTEM\IJUTEM_w_H2O_1_relaxed.cif,-0.2505078866665447
C:\Users\GED\PycharmProjects\Aixelo_Project_DataLab_2025\data\odac\pristine_H2O\IKEBUV\IKEBUV_w_H2O_1_relaxed.cif,-0.665735297500035
C:\Users\GED\PycharmProjects\Aixelo_Project_DataLab_2025\data\odac\pristine_H2O\IKEBUV01\IKEBUV01_w_H2O_random_1_relaxed.cif,1.39230478500005
C:\Users\GED\PycharmProjects\Aixelo_Project_DataLab_2025\data\odac\pristine_H2O\IKETAU\IKETAU_w_H2O_1_relaxed.cif,0.6098907460000647
C:\Users\GED\PycharmProjects\Aixelo_Project_DataLab_2025\data\odac\pristine_H2O\IKETOH_manual\IKETOH_manual_w_H2O_1_relaxed.cif,-0.0015484049999372473
C:\Users\GED\PycharmProjects\Aixelo_Project_DataLab_2025\data\odac\pristine_H2O\IKETOI\IKETOI_w_H2O_1_relaxed.cif,-0.33239633999999113
C:\Users\GED\PycharmProjects\Aixelo_Project_DataLab_2025\data\odac\pristine_H2O\IKOKEA\IKOKEA_w_H2O_1_relaxed.cif,-0.3743056349999942
C:\Users\GED\PycharmProjects\Aixelo_Project_DataLab_2025\data\odac\pristine_H2O\IKOPEF\IKOPEF_w_H2O_1_relaxed.cif,-0.7089475979999633
C:\Users\GED\PycharmProjects\Aixelo_Project_DataLab_2025\data\odac\pristine_H2O\IKOPIJ\IKOPIJ_w_H2O_1_relaxed.cif,-0.49070915999996034
C:\Users\GED\PycharmProjects\Aixelo_Project_DataLab_2025\data\odac\pristine_H2O\IKOSUW_charged\IKOSUW_charged_w_H2O_1_relaxed.cif,-0.4680647540002155
C:\Users\GED\PycharmProjects\Aixelo_Project_DataLab_2025\data\odac\pristine_H2O\IKUBUL\IKUBUL_w_H2O_1_relaxed.cif,-0.5330331349999824
C:\Users\GED\PycharmProjects\Aixelo_Project_DataLab_2025\data\odac\pristine_H2O\IKUBUL01\IKUBUL01_w_H2O_1_relaxed.cif,-0.7080773224999461
C:\Users\GED\PycharmProjects\Aixelo_Project_DataLab_2025\data\odac\pristine_H2O\IKUTOZ\IKUTOZ_w_H2O_1_relaxed.cif,-0.513988312500004
C:\Users\GED\PycharmProjects\Aixelo_Project_DataLab_2025\data\odac\pristine_H2O\ILEHUD\ILEHUD_w_H2O_1_relaxed.cif,5.036281141999962
C:\Users\GED\PycharmProjects\Aixelo_Project_DataLab_2025\data\odac\pristine_H2O\ILIFOY\ILIFOY_w_H2O_random_1_relaxed.cif,-0.4247727299999724
C:\Users\GED\PycharmProjects\Aixelo_Project_DataLab_2025\data\odac\pristine_H2O\ILIFUE\ILIFUE_w_H2O_1_relaxed.cif,1.388119405999987
C:\Users\GED\PycharmProjects\Aixelo_Project_DataLab_2025\data\odac\pristine_H2O\ILIGAL\ILIGAL_w_H2O_1_relaxed.cif,0.4810337219999724
C:\Users\GED\PycharmProjects\Aixelo_Project_DataLab_2025\data\odac\pristine_H2O\ILIMUN\ILIMUN_w_H2O_2_relaxed.cif,-0.35368452999985794
C:\Users\GED\PycharmProjects\Aixelo_Project_DataLab_2025\data\odac\pristine_H2O\ILINIC\ILINIC_w_H2O_1_relaxed.cif,-0.2708935666666245
C:\Users\GED\PycharmProjects\Aixelo_Project_DataLab_2025\data\odac\pristine_H2O\ILOJOJ\ILOJOJ_w_H2O_1_relaxed.cif,-0.5242316819997995
C:\Users\GED\PycharmProjects\Aixelo_Project_DataLab_2025\data\odac\pristine_H2O\IMACND\IMACND_w_H2O_random_1_relaxed.cif,-0.681836059999938
C:\Users\GED\PycharmProjects\Aixelo_Project_DataLab_2025\data\odac\pristine_H2O\IMACZN01\IMACZN01_w_H2O_1_relaxed.cif,-0.8587651019999611
C:\Users\GED\PycharmProjects\Aixelo_Project_DataLab_2025\data\odac\pristine_H2O\IMAGAG\IMAGAG_w_H2O_1_relaxed.cif,0.01726029200006
C:\Users\GED\PycharmProjects\Aixelo_Project_DataLab_2025\data\odac\pristine_H2O\IMIDZB10\IMIDZB10_w_H2O_1_relaxed.cif,-0.2789212874999975
C:\Users\GED\PycharmProjects\Aixelo_Project_DataLab_2025\data\odac\pristine_H2O\IMISIH\IMISIH_w_H2O_1_relaxed.cif,-0.283173094000449
C:\Users\GED\PycharmProjects\Aixelo_Project_DataLab_2025\data\odac\pristine_H2O\INARUM\INARUM_w_H2O_1_relaxed.cif,-0.5179734200000894
C:\Users\GED\PycharmProjects\Aixelo_Project_DataLab_2025\data\odac\pristine_H2O\INIDAL\INIDAL_w_H2O_1_relaxed.cif,-0.6248821299999842
C:\Users\GED\PycharmProjects\Aixelo_Project_DataLab_2025\data\odac\pristine_H2O\INIQUR\INIQUR_w_H2O_1_relaxed.cif,-0.4896189875000232
C:\Users\GED\PycharmProjects\Aixelo_Project_DataLab_2025\data\odac\pristine_H2O\INIRAY\INIRAY_w_H2O_1_relaxed.cif,-0.2335052024998845
C:\Users\GED\PycharmProjects\Aixelo_Project_DataLab_2025\data\odac\pristine_H2O\INIRAY01\INIRAY01_w_H2O_1_relaxed.cif,-0.5368672699998456
C:\Users\GED\PycharmProjects\Aixelo_Project_DataLab_2025\data\odac\pristine_H2O\INIXOT\INIXOT_w_H2O_1_relaxed.cif,-0.5246045616667251
C:\Users\GED\PycharmProjects\Aixelo_Project_DataLab_2025\data\odac\pristine_H2O\INOMIJ\INOMIJ_w_H2O_1_relaxed.cif,-0.37203271400003357
C:\Users\GED\PycharmProjects\Aixelo_Project_DataLab_2025\data\odac\pristine_H2O\INOMOP\INOMOP_w_H2O_1_relaxed.cif,-0.4231559099999572
C:\Users\GED\PycharmProjects\Aixelo_Project_DataLab_2025\data\odac\pristine_H2O\INOMOP01\INOMOP01_w_H2O_1_relaxed.cif,-0.08093799600001146
C:\Users\GED\PycharmProjects\Aixelo_Project_DataLab_2025\data\odac\pristine_H2O\INOVEN\INOVEN_w_H2O_1_relaxed.cif,-0.24412572999997906
C:\Users\GED\PycharmProjects\Aixelo_Project_DataLab_2025\data\odac\pristine_H2O\IPICOA\IPICOA_w_H2O_1_relaxed.cif,-0.6572137624999357
C:\Users\GED\PycharmProjects\Aixelo_Project_DataLab_2025\data\odac\pristine_H2O\IPICUG_charged\IPICUG_charged_w_H2O_1_relaxed.cif,-0.2985483024997393
C:\Users\GED\PycharmProjects\Aixelo_Project_DataLab_2025\data\odac\pristine_H2O\IPIDUH\IPIDUH_w_H2O_1_relaxed.cif,3.7565298220003114
C:\Users\GED\PycharmProjects\Aixelo_Project_DataLab_2025\data\odac\pristine_H2O\IPIFAP\IPIFAP_w_H2O_2_relaxed.cif,-0.8356595900000912
C:\Users\GED\PycharmProjects\Aixelo_Project_DataLab_2025\data\odac\pristine_H2O\IPIHIA\IPIHIA_w_H2O_1_relaxed.cif,-0.33733338000038204
C:\Users\GED\PycharmProjects\Aixelo_Project_DataLab_2025\data\odac\pristine_H2O\IPIJEY\IPIJEY_w_H2O_1_relaxed.cif,-0.3738558840003861
C:\Users\GED\PycharmProjects\Aixelo_Project_DataLab_2025\data\odac\pristine_H2O\IPIJUM\IPIJUM_w_H2O_1_relaxed.cif,-0.783424475999982
C:\Users\GED\PycharmProjects\Aixelo_Project_DataLab_2025\data\odac\pristine_H2O\IPIVOT\IPIVOT_w_H2O_1_relaxed.cif,-0.48668432399972517
C:\Users\GED\PycharmProjects\Aixelo_Project_DataLab_2025\data\odac\pristine_H2O\IQABEJ\IQABEJ_w_H2O_1_relaxed.cif,-0.779692818000035
C:\Users\GED\PycharmProjects\Aixelo_Project_DataLab_2025\data\odac\pristine_H2O\IQEKOG\IQEKOG_w_H2O_1_relaxed.cif,-0.5455613720003385
C:\Users\GED\PycharmProjects\Aixelo_Project_DataLab_2025\data\odac\pristine_H2O\IQEKUM\IQEKUM_w_H2O_1_relaxed.cif,-0.5560659783334359
C:\Users\GED\PycharmProjects\Aixelo_Project_DataLab_2025\data\odac\pristine_H2O\IQEWOQ\IQEWOQ_w_H2O_1_relaxed.cif,0.5972575649999499
C:\Users\GED\PycharmProjects\Aixelo_Project_DataLab_2025\data\odac\pristine_H2O\IQINAZ\IQINAZ_w_H2O_1_relaxed.cif,-0.296413256000028
C:\Users\GED\PycharmProjects\Aixelo_Project_DataLab_2025\data\odac\pristine_H2O\IQIPAZ\IQIPAZ_w_H2O_1_relaxed.cif,-0.6530299280000235
C:\Users\GED\PycharmProjects\Aixelo_Project_DataLab_2025\data\odac\pristine_H2O\IQOJAB\IQOJAB_w_H2O_1_relaxed.cif,-0.4859649220001302
C:\Users\GED\PycharmProjects\Aixelo_Project_DataLab_2025\data\odac\pristine_H2O\IQOJEF\IQOJEF_w_H2O_1_relaxed.cif,-0.643360622000273
C:\Users\GED\PycharmProjects\Aixelo_Project_DataLab_2025\data\odac\pristine_H2O\IQOKEG\IQOKEG_w_H2O_1_relaxed.cif,-0.05745251500005112
C:\Users\GED\PycharmProjects\Aixelo_Project_DataLab_2025\data\odac\pristine_H2O\IQUCOO\IQUCOO_w_H2O_1_relaxed.cif,-0.20307097400009297
C:\Users\GED\PycharmProjects\Aixelo_Project_DataLab_2025\data\odac\pristine_H2O\IRAHUF\IRAHUF_w_H2O_1_relaxed.cif,-0.6838571399999702
C:\Users\GED\PycharmProjects\Aixelo_Project_DataLab_2025\data\odac\pristine_H2O\IRAJER\IRAJER_w_H2O_1_relaxed.cif,-0.1646632959999124
C:\Users\GED\PycharmProjects\Aixelo_Project_DataLab_2025\data\odac\pristine_H2O\IRAYOQ\IRAYOQ_w_H2O_1_relaxed.cif,0.984818310000037
C:\Users\GED\PycharmProjects\Aixelo_Project_DataLab_2025\data\odac\pristine_H2O\IRISAD\IRISAD_w_H2O_1_relaxed.cif,-0.39741901000000723
C:\Users\GED\PycharmProjects\Aixelo_Project_DataLab_2025\data\odac\pristine_H2O\IRISAD01_charged\IRISAD01_charged_w_H2O_1_relaxed.cif,-0.47135098999997355
C:\Users\GED\PycharmProjects\Aixelo_Project_DataLab_2025\data\odac\pristine_H2O\IROROY\IROROY_w_H2O_1_relaxed.cif,-0.5557007559999875
C:\Users\GED\PycharmProjects\Aixelo_Project_DataLab_2025\data\odac\pristine_H2O\IROVAO\IROVAO_w_H2O_1_relaxed.cif,-1.062083433999976
C:\Users\GED\PycharmProjects\Aixelo_Project_DataLab_2025\data\odac\pristine_H2O\IROVES\IROVES_w_H2O_1_relaxed.cif,-1.4459815575000192
C:\Users\GED\PycharmProjects\Aixelo_Project_DataLab_2025\data\odac\pristine_H2O\ISACIP\ISACIP_w_H2O_1_relaxed.cif,-0.45676342400001885
C:\Users\GED\PycharmProjects\Aixelo_Project_DataLab_2025\data\odac\pristine_H2O\ISEQIH\ISEQIH_w_H2O_1_relaxed.cif,-0.5039681439999413
C:\Users\GED\PycharmProjects\Aixelo_Project_DataLab_2025\data\odac\pristine_H2O\ISISUZ\ISISUZ_w_H2O_1_relaxed.cif,-0.48424051800000145
C:\Users\GED\PycharmProjects\Aixelo_Project_DataLab_2025\data\odac\pristine_H2O\ISUCUV\ISUCUV_w_H2O_1_relaxed.cif,-0.6879073179999295
C:\Users\GED\PycharmProjects\Aixelo_Project_DataLab_2025\data\odac\pristine_H2O\ITAPAU\ITAPAU_w_H2O_1_relaxed.cif,-0.22494632999998498
C:\Users\GED\PycharmProjects\Aixelo_Project_DataLab_2025\data\odac\pristine_H2O\ITAPIC\ITAPIC_w_H2O_1_relaxed.cif,-0.4799623900000067
C:\Users\GED\PycharmProjects\Aixelo_Project_DataLab_2025\data\odac\pristine_H2O\ITIBOD\ITIBOD_w_H2O_1_relaxed.cif,-1.2748166940000147
C:\Users\GED\PycharmProjects\Aixelo_Project_DataLab_2025\data\odac\pristine_H2O\ITIPAE\ITIPAE_w_H2O_1_relaxed.cif,-0.2748879179999676
C:\Users\GED\PycharmProjects\Aixelo_Project_DataLab_2025\data\odac\pristine_H2O\ITIPOS\ITIPOS_w_H2O_1_relaxed.cif,-0.21120611599990297
C:\Users\GED\PycharmProjects\Aixelo_Project_DataLab_2025\data\odac\pristine_H2O\ITIWAK\ITIWAK_w_H2O_1_relaxed.cif,-0.2283288860001448
C:\Users\GED\PycharmProjects\Aixelo_Project_DataLab_2025\data\odac\pristine_H2O\ITIWEO\ITIWEO_w_H2O_1_relaxed.cif,-0.24291505599985608
C:\Users\GED\PycharmProjects\Aixelo_Project_DataLab_2025\data\odac\pristine_H2O\ITIWIS_charged\ITIWIS_charged_w_H2O_1_relaxed.cif,-0.3928042820003611
C:\Users\GED\PycharmProjects\Aixelo_Project_DataLab_2025\data\odac\pristine_H2O\ITIWOY_charged\ITIWOY_charged_w_H2O_1_relaxed.cif,-0.60516374000008
C:\Users\GED\PycharmProjects\Aixelo_Project_DataLab_2025\data\odac\pristine_H2O\ITIWUE_charged\ITIWUE_charged_w_H2O_1_relaxed.cif,-0.5455101420006031
C:\Users\GED\PycharmProjects\Aixelo_Project_DataLab_2025\data\odac\pristine_H2O\ITOSEQ\ITOSEQ_w_H2O_1_relaxed.cif,0.23573632600009656
C:\Users\GED\PycharmProjects\Aixelo_Project_DataLab_2025\data\odac\pristine_H2O\IVEHEW_manual\IVEHEW_manual_w_H2O_1_relaxed.cif,-0.4020234775000233
C:\Users\GED\PycharmProjects\Aixelo_Project_DataLab_2025\data\odac\pristine_H2O\IVEQAC\IVEQAC_w_H2O_1_relaxed.cif,-0.5510406699999445
C:\Users\GED\PycharmProjects\Aixelo_Project_DataLab_2025\data\odac\pristine_H2O\IVETOT\IVETOT_w_H2O_1_relaxed.cif,0.3623961599998135
C:\Users\GED\PycharmProjects\Aixelo_Project_DataLab_2025\data\odac\pristine_H2O\IVOCON\IVOCON_w_H2O_1_relaxed.cif,-0.440363447499891
C:\Users\GED\PycharmProjects\Aixelo_Project_DataLab_2025\data\odac\pristine_H2O\IVOGUX\IVOGUX_w_H2O_1_relaxed.cif,-0.36162631800002604
C:\Users\GED\PycharmProjects\Aixelo_Project_DataLab_2025\data\odac\pristine_H2O\IVUVIG\IVUVIG_w_H2O_1_relaxed.cif,0.4742239920001111
C:\Users\GED\PycharmProjects\Aixelo_Project_DataLab_2025\data\odac\pristine_H2O\IWAHIZ\IWAHIZ_w_H2O_1_relaxed.cif,-0.4048172983332279
C:\Users\GED\PycharmProjects\Aixelo_Project_DataLab_2025\data\odac\pristine_H2O\IWAYEK\IWAYEK_w_H2O_1_relaxed.cif,0.3479073720000542
C:\Users\GED\PycharmProjects\Aixelo_Project_DataLab_2025\data\odac\pristine_H2O\IWAZIP\IWAZIP_w_H2O_1_relaxed.cif,-0.1562333524998962
C:\Users\GED\PycharmProjects\Aixelo_Project_DataLab_2025\data\odac\pristine_H2O\IWELIG\IWELIG_w_H2O_1_relaxed.cif,-0.26939900166670816
C:\Users\GED\PycharmProjects\Aixelo_Project_DataLab_2025\data\odac\pristine_H2O\IWELIG01\IWELIG01_w_H2O_1_relaxed.cif,-0.2091588049999965
C:\Users\GED\PycharmProjects\Aixelo_Project_DataLab_2025\data\odac\pristine_H2O\IWIPIO\IWIPIO_w_H2O_1_relaxed.cif,-0.42723239999996093
C:\Users\GED\PycharmProjects\Aixelo_Project_DataLab_2025\data\odac\pristine_H2O\IWOSAP\IWOSAP_w_H2O_1_relaxed.cif,-0.3610245374999863
C:\Users\GED\PycharmProjects\Aixelo_Project_DataLab_2025\data\odac\pristine_H2O\IXAKAU\IXAKAU_w_H2O_1_relaxed.cif,-0.2135097224997935
C:\Users\GED\PycharmProjects\Aixelo_Project_DataLab_2025\data\odac\pristine_H2O\IXECET\IXECET_w_H2O_1_relaxed.cif,-0.407683428333371
C:\Users\GED\PycharmProjects\Aixelo_Project_DataLab_2025\data\odac\pristine_H2O\IXEDOE_charged\IXEDOE_charged_w_H2O_1_relaxed.cif,-0.0825723459999608
C:\Users\GED\PycharmProjects\Aixelo_Project_DataLab_2025\data\odac\pristine_H2O\IXEJOM\IXEJOM_w_H2O_1_relaxed.cif,-0.7861482474999093
C:\Users\GED\PycharmProjects\Aixelo_Project_DataLab_2025\data\odac\pristine_H2O\IXIPAG\IXIPAG_w_H2O_1_relaxed.cif,-0.39478205249992016
C:\Users\GED\PycharmProjects\Aixelo_Project_DataLab_2025\data\odac\pristine_H2O\IXIPEK\IXIPEK_w_H2O_2_relaxed.cif,0.007348274999913
C:\Users\GED\PycharmProjects\Aixelo_Project_DataLab_2025\data\odac\pristine_H2O\IXIPIO\IXIPIO_w_H2O_1_relaxed.cif,-0.29207386999991053
C:\Users\GED\PycharmProjects\Aixelo_Project_DataLab_2025\data\odac\pristine_H2O\IXISAJ\IXISAJ_w_H2O_1_relaxed.cif,-0.27555862599997455
C:\Users\GED\PycharmProjects\Aixelo_Project_DataLab_2025\data\odac\pristine_H2O\IXISOX\IXISOX_w_H2O_1_relaxed.cif,-0.3239349979999815
C:\Users\GED\PycharmProjects\Aixelo_Project_DataLab_2025\data\odac\pristine_H2O\IXISOZ02\IXISOZ02_w_H2O_1_relaxed.cif,-0.5616511425000112
C:\Users\GED\PycharmProjects\Aixelo_Project_DataLab_2025\data\odac\pristine_H2O\IXODUV\IXODUV_w_H2O_1_relaxed.cif,-0.5193400499999257
C:\Users\GED\PycharmProjects\Aixelo_Project_DataLab_2025\data\odac\pristine_H2O\IXOFAD\IXOFAD_w_H2O_1_relaxed.cif,-0.41386686749993373
C:\Users\GED\PycharmProjects\Aixelo_Project_DataLab_2025\data\odac\pristine_H2O\IXOFEH\IXOFEH_w_H2O_1_relaxed.cif,-0.1991609199999686
C:\Users\GED\PycharmProjects\Aixelo_Project_DataLab_2025\data\odac\pristine_H2O\IXOFIL\IXOFIL_w_H2O_1_relaxed.cif,-0.21886818500013303
C:\Users\GED\PycharmProjects\Aixelo_Project_DataLab_2025\data\odac\pristine_H2O\IXOFOR\IXOFOR_w_H2O_1_relaxed.cif,-0.36605370250001096
C:\Users\GED\PycharmProjects\Aixelo_Project_DataLab_2025\data\odac\pristine_H2O\IXOFUX\IXOFUX_w_H2O_1_relaxed.cif,-0.29745326750003187
C:\Users\GED\PycharmProjects\Aixelo_Project_DataLab_2025\data\odac\pristine_H2O\IXOFUX01\IXOFUX01_w_H2O_1_relaxed.cif,-0.2800733400001149
C:\Users\GED\PycharmProjects\Aixelo_Project_DataLab_2025\data\odac\pristine_H2O\IXURID\IXURID_w_H2O_1_relaxed.cif,-0.4609023159999879
C:\Users\GED\PycharmProjects\Aixelo_Project_DataLab_2025\data\odac\pristine_H2O\IYAJID\IYAJID_w_H2O_1_relaxed.cif,-0.28930199999958855
C:\Users\GED\PycharmProjects\Aixelo_Project_DataLab_2025\data\odac\pristine_H2O\IYAKAW\IYAKAW_w_H2O_1_relaxed.cif,-0.4210921900004602
C:\Users\GED\PycharmProjects\Aixelo_Project_DataLab_2025\data\odac\pristine_H2O\IYASOS\IYASOS_w_H2O_1_relaxed.cif,-0.3418092099999967
C:\Users\GED\PycharmProjects\Aixelo_Project_DataLab_2025\data\odac\pristine_H2O\IYAYUE\IYAYUE_w_H2O_random_1_relaxed.cif,-0.4670123399999966
C:\Users\GED\PycharmProjects\Aixelo_Project_DataLab_2025\data\odac\pristine_H2O\IYEHAX\IYEHAX_w_H2O_1_relaxed.cif,-0.25318019250062207
C:\Users\GED\PycharmProjects\Aixelo_Project_DataLab_2025\data\odac\pristine_H2O\IYEPUZ\IYEPUZ_w_H2O_3_relaxed.cif,-0.2182648966671271
C:\Users\GED\PycharmProjects\Aixelo_Project_DataLab_2025\data\odac\pristine_H2O\IYOBAA\IYOBAA_w_H2O_1_relaxed.cif,-0.16158625000002755
C:\Users\GED\PycharmProjects\Aixelo_Project_DataLab_2025\data\odac\pristine_H2O\IYOQAQ\IYOQAQ_w_H2O_1_relaxed.cif,-0.3797641999999541
C:\Users\GED\PycharmProjects\Aixelo_Project_DataLab_2025\data\odac\pristine_H2O\IZEBAR\IZEBAR_w_H2O_1_relaxed.cif,-0.20183951250001542
C:\Users\GED\PycharmProjects\Aixelo_Project_DataLab_2025\data\odac\pristine_H2O\IZEBEV\IZEBEV_w_H2O_1_relaxed.cif,-0.3761293659999865
C:\Users\GED\PycharmProjects\Aixelo_Project_DataLab_2025\data\odac\pristine_H2O\IZEWAN\IZEWAN_w_H2O_1_relaxed.cif,0.009498316000008302
C:\Users\GED\PycharmProjects\Aixelo_Project_DataLab_2025\data\odac\pristine_H2O\IZUMUM\IZUMUM_w_H2O_1_relaxed.cif,-0.47220428200002973
C:\Users\GED\PycharmProjects\Aixelo_Project_DataLab_2025\data\odac\pristine_H2O\JABMEF\JABMEF_w_H2O_1_relaxed.cif,-0.7344372399999202
C:\Users\GED\PycharmProjects\Aixelo_Project_DataLab_2025\data\odac\pristine_H2O\JADBEY\JADBEY_w_H2O_1_relaxed.cif,-0.42202092250016676
C:\Users\GED\PycharmProjects\Aixelo_Project_DataLab_2025\data\odac\pristine_H2O\JADBIC\JADBIC_w_H2O_1_relaxed.cif,-0.6914278479999666
C:\Users\GED\PycharmProjects\Aixelo_Project_DataLab_2025\data\odac\pristine_H2O\JADJOQ\JADJOQ_w_H2O_1_relaxed.cif,0.24914904200006727
C:\Users\GED\PycharmProjects\Aixelo_Project_DataLab_2025\data\odac\pristine_H2O\JAFPIQ\JAFPIQ_w_H2O_random_1_relaxed.cif,-0.10458841499996646
C:\Users\GED\PycharmProjects\Aixelo_Project_DataLab_2025\data\odac\pristine_H2O\JAKBOP\JAKBOP_w_H2O_1_relaxed.cif,-0.12879894000002423
C:\Users\GED\PycharmProjects\Aixelo_Project_DataLab_2025\data\odac\pristine_H2O\JAKBOP01\JAKBOP01_w_H2O_1_relaxed.cif,-0.48310567750002065
C:\Users\GED\PycharmProjects\Aixelo_Project_DataLab_2025\data\odac\pristine_H2O\JAKBUV\JAKBUV_w_H2O_1_relaxed.cif,0.003995879999933999
C:\Users\GED\PycharmProjects\Aixelo_Project_DataLab_2025\data\odac\pristine_H2O\JALCAD\JALCAD_w_H2O_1_relaxed.cif,-0.24255162800009197
C:\Users\GED\PycharmProjects\Aixelo_Project_DataLab_2025\data\odac\pristine_H2O\JALTUL\JALTUL_w_H2O_random_1_relaxed.cif,-0.7451947150000819
C:\Users\GED\PycharmProjects\Aixelo_Project_DataLab_2025\data\odac\pristine_H2O\JASNAT\JASNAT_w_H2O_1_relaxed.cif,-0.3334284740000157
C:\Users\GED\PycharmProjects\Aixelo_Project_DataLab_2025\data\odac\pristine_H2O\JAVNIE\JAVNIE_w_H2O_1_relaxed.cif,-0.31720360749983456
C:\Users\GED\PycharmProjects\Aixelo_Project_DataLab_2025\data\odac\pristine_H2O\JAVSUV\JAVSUV_w_H2O_1_relaxed.cif,-0.47876836833332465
C:\Users\GED\PycharmProjects\Aixelo_Project_DataLab_2025\data\odac\pristine_H2O\JAVTEG\JAVTEG_w_H2O_1_relaxed.cif,-0.4320093516666456
C:\Users\GED\PycharmProjects\Aixelo_Project_DataLab_2025\data\odac\pristine_H2O\JEBCOJ\JEBCOJ_w_H2O_1_relaxed.cif,-0.3556676499999108
C:\Users\GED\PycharmProjects\Aixelo_Project_DataLab_2025\data\odac\pristine_H2O\JELPAS\JELPAS_w_H2O_1_relaxed.cif,-0.5420409220000237
C:\Users\GED\PycharmProjects\Aixelo_Project_DataLab_2025\data\odac\pristine_H2O\JETZAK\JETZAK_w_H2O_1_relaxed.cif,-0.17826476749996797
C:\Users\GED\PycharmProjects\Aixelo_Project_DataLab_2025\data\odac\pristine_H2O\JILWIL\JILWIL_w_H2O_1_relaxed.cif,-0.24535986333338158
C:\Users\GED\PycharmProjects\Aixelo_Project_DataLab_2025\data\odac\pristine_H2O\JILWOR\JILWOR_w_H2O_1_relaxed.cif,-0.22839487333347577
C:\Users\GED\PycharmProjects\Aixelo_Project_DataLab_2025\data\odac\pristine_H2O\JILXOS\JILXOS_w_H2O_1_relaxed.cif,-0.15125992199982644
C:\Users\GED\PycharmProjects\Aixelo_Project_DataLab_2025\data\odac\pristine_H2O\JISVAJ\JISVAJ_w_H2O_1_relaxed.cif,2.4493426174999797
C:\Users\GED\PycharmProjects\Aixelo_Project_DataLab_2025\data\odac\pristine_H2O\JITPOS_SL\JITPOS_SL_w_H2O_1_relaxed.cif,-0.3921717375004618
C:\Users\GED\PycharmProjects\Aixelo_Project_DataLab_2025\data\odac\pristine_H2O\JIVFUQ\JIVFUQ_w_H2O_1_relaxed.cif,-0.4992891324999533
C:\Users\GED\PycharmProjects\Aixelo_Project_DataLab_2025\data\odac\pristine_H2O\JIXWUJ\JIXWUJ_w_H2O_1_relaxed.cif,0.41739180250010566
C:\Users\GED\PycharmProjects\Aixelo_Project_DataLab_2025\data\odac\pristine_H2O\JIXWUJ01\JIXWUJ01_w_H2O_1_relaxed.cif,-0.3379178175000277
C:\Users\GED\PycharmProjects\Aixelo_Project_DataLab_2025\data\odac\pristine_H2O\JIXWUJ02\JIXWUJ02_w_H2O_1_relaxed.cif,-0.07410178749989882
C:\Users\GED\PycharmProjects\Aixelo_Project_DataLab_2025\data\odac\pristine_H2O\JIZJAF\JIZJAF_w_H2O_1_relaxed.cif,-0.23263776749990933
C:\Users\GED\PycharmProjects\Aixelo_Project_DataLab_2025\data\odac\pristine_H2O\JIZJEJ\JIZJEJ_w_H2O_1_relaxed.cif,-0.27156489249978216
C:\Users\GED\PycharmProjects\Aixelo_Project_DataLab_2025\data\odac\pristine_H2O\JIZJUZ\JIZJUZ_w_H2O_1_relaxed.cif,-0.13290285249996717
C:\Users\GED\PycharmProjects\Aixelo_Project_DataLab_2025\data\odac\pristine_H2O\JIZWEW\JIZWEW_w_H2O_1_relaxed.cif,-0.18005035250001808
C:\Users\GED\PycharmProjects\Aixelo_Project_DataLab_2025\data\odac\pristine_H2O\JIZWIA\JIZWIA_w_H2O_2_relaxed.cif,-0.4512462149999408
C:\Users\GED\PycharmProjects\Aixelo_Project_DataLab_2025\data\odac\pristine_H2O\JIZWOG\JIZWOG_w_H2O_1_relaxed.cif,-0.33116044000007605
C:\Users\GED\PycharmProjects\Aixelo_Project_DataLab_2025\data\odac\pristine_H2O\JOCWIJ\JOCWIJ_w_H2O_1_relaxed.cif,-0.6701075033335352
C:\Users\GED\PycharmProjects\Aixelo_Project_DataLab_2025\data\odac\pristine_H2O\JOFGOC\JOFGOC_w_H2O_1_relaxed.cif,-0.29063538399987005
C:\Users\GED\PycharmProjects\Aixelo_Project_DataLab_2025\data\odac\pristine_H2O\JOFKIA\JOFKIA_w_H2O_1_relaxed.cif,-0.28027859999994575
C:\Users\GED\PycharmProjects\Aixelo_Project_DataLab_2025\data\odac\pristine_H2O\JOFKIA01\JOFKIA01_w_H2O_1_relaxed.cif,-0.19649733250008689
C:\Users\GED\PycharmProjects\Aixelo_Project_DataLab_2025\data\odac\pristine_H2O\JOGHEU\JOGHEU_w_H2O_1_relaxed.cif,-0.31510430749995066
C:\Users\GED\PycharmProjects\Aixelo_Project_DataLab_2025\data\odac\pristine_H2O\JOGHIY\JOGHIY_w_H2O_random_1_relaxed.cif,0.06224104500006425
C:\Users\GED\PycharmProjects\Aixelo_Project_DataLab_2025\data\odac\pristine_H2O\JOHFIW_manual\JOHFIW_manual_w_H2O_1_relaxed.cif,-0.22530466499995325
C:\Users\GED\PycharmProjects\Aixelo_Project_DataLab_2025\data\odac\pristine_H2O\JOHQUT\JOHQUT_w_H2O_1_relaxed.cif,-0.4136820539999917
C:\Users\GED\PycharmProjects\Aixelo_Project_DataLab_2025\data\odac\pristine_H2O\JOKXAI\JOKXAI_w_H2O_random_1_relaxed.cif,-1.0279756849999444
C:\Users\GED\PycharmProjects\Aixelo_Project_DataLab_2025\data\odac\pristine_H2O\JOKXAI10\JOKXAI10_w_H2O_random_1_relaxed.cif,-0.9184126850000212
C:\Users\GED\PycharmProjects\Aixelo_Project_DataLab_2025\data\odac\pristine_H2O\JOKXEM\JOKXEM_w_H2O_1_relaxed.cif,-0.4315034833333205
C:\Users\GED\PycharmProjects\Aixelo_Project_DataLab_2025\data\odac\pristine_H2O\JOKXEM10\JOKXEM10_w_H2O_1_relaxed.cif,-0.7520960149998928
C:\Users\GED\PycharmProjects\Aixelo_Project_DataLab_2025\data\odac\pristine_H2O\JOKXOW\JOKXOW_w_H2O_random_1_relaxed.cif,-1.0107410200000118
C:\Users\GED\PycharmProjects\Aixelo_Project_DataLab_2025\data\odac\pristine_H2O\JOKXOW10\JOKXOW10_w_H2O_random_1_relaxed.cif,-0.7708222849998947
C:\Users\GED\PycharmProjects\Aixelo_Project_DataLab_2025\data\odac\pristine_H2O\JOKXUC\JOKXUC_w_H2O_random_1_relaxed.cif,-0.4744600149999769
C:\Users\GED\PycharmProjects\Aixelo_Project_DataLab_2025\data\odac\pristine_H2O\JOKXUC10\JOKXUC10_w_H2O_random_1_relaxed.cif,-0.9460451300000726
C:\Users\GED\PycharmProjects\Aixelo_Project_DataLab_2025\data\odac\pristine_H2O\JOKYAJ\JOKYAJ_w_H2O_1_relaxed.cif,-0.43002753249996317
C:\Users\GED\PycharmProjects\Aixelo_Project_DataLab_2025\data\odac\pristine_H2O\JOKYEN\JOKYEN_w_H2O_1_relaxed.cif,-0.6898742674999312
C:\Users\GED\PycharmProjects\Aixelo_Project_DataLab_2025\data\odac\pristine_H2O\JOKYIR\JOKYIR_w_H2O_1_relaxed.cif,-0.8398610649999512
C:\Users\GED\PycharmProjects\Aixelo_Project_DataLab_2025\data\odac\pristine_H2O\JOKYIR10\JOKYIR10_w_H2O_1_relaxed.cif,-0.7111159475000477
C:\Users\GED\PycharmProjects\Aixelo_Project_DataLab_2025\data\odac\pristine_H2O\JOKYOX10\JOKYOX10_w_H2O_1_relaxed.cif,-0.4335172140000395
C:\Users\GED\PycharmProjects\Aixelo_Project_DataLab_2025\data\odac\pristine_H2O\JOQSOZ\JOQSOZ_w_H2O_1_relaxed.cif,-0.04400172749996048
C:\Users\GED\PycharmProjects\Aixelo_Project_DataLab_2025\data\odac\pristine_H2O\JOQZUM\JOQZUM_w_H2O_1_relaxed.cif,-0.32117300249996106
C:\Users\GED\PycharmProjects\Aixelo_Project_DataLab_2025\data\odac\pristine_H2O\JORBAV\JORBAV_w_H2O_1_relaxed.cif,-0.26628071499996503
C:\Users\GED\PycharmProjects\Aixelo_Project_DataLab_2025\data\odac\pristine_H2O\JORSEQ\JORSEQ_w_H2O_1_relaxed.cif,-0.18586909800005738
C:\Users\GED\PycharmProjects\Aixelo_Project_DataLab_2025\data\odac\pristine_H2O\JOSNAG\JOSNAG_w_H2O_1_relaxed.cif,-0.6653521199999772
C:\Users\GED\PycharmProjects\Aixelo_Project_DataLab_2025\data\odac\pristine_H2O\JOSNAG01\JOSNAG01_w_H2O_1_relaxed.cif,-0.6407546679999655
C:\Users\GED\PycharmProjects\Aixelo_Project_DataLab_2025\data\odac\pristine_H2O\JOVXEZ\JOVXEZ_w_H2O_random_1_relaxed.cif,-0.16423258500003612
C:\Users\GED\PycharmProjects\Aixelo_Project_DataLab_2025\data\odac\pristine_H2O\JOVYAW\JOVYAW_w_H2O_1_relaxed.cif,-0.42115749000000735
C:\Users\GED\PycharmProjects\Aixelo_Project_DataLab_2025\data\odac\pristine_H2O\JOYKUF\JOYKUF_w_H2O_1_relaxed.cif,-0.21081614749991212
C:\Users\GED\PycharmProjects\Aixelo_Project_DataLab_2025\data\odac\pristine_H2O\JUCGUL\JUCGUL_w_H2O_1_relaxed.cif,-0.1392073340000479
C:\Users\GED\PycharmProjects\Aixelo_Project_DataLab_2025\data\odac\pristine_H2O\JUCXEK\JUCXEK_w_H2O_1_relaxed.cif,0.12440935799997987
C:\Users\GED\PycharmProjects\Aixelo_Project_DataLab_2025\data\odac\pristine_H2O\JUFREJ\JUFREJ_w_H2O_1_relaxed.cif,-1.0583742374999758
C:\Users\GED\PycharmProjects\Aixelo_Project_DataLab_2025\data\odac\pristine_H2O\JUGLAA\JUGLAA_w_H2O_1_relaxed.cif,-0.25008655000040864
C:\Users\GED\PycharmProjects\Aixelo_Project_DataLab_2025\data\odac\pristine_H2O\JUGQIN\JUGQIN_w_H2O_1_relaxed.cif,2.972541479999942
C:\Users\GED\PycharmProjects\Aixelo_Project_DataLab_2025\data\odac\pristine_H2O\JUGQOT\JUGQOT_w_H2O_1_relaxed.cif,-0.2939356225000438
C:\Users\GED\PycharmProjects\Aixelo_Project_DataLab_2025\data\odac\pristine_H2O\JUKKIL\JUKKIL_w_H2O_1_relaxed.cif,-0.6838190819999681
C:\Users\GED\PycharmProjects\Aixelo_Project_DataLab_2025\data\odac\pristine_H2O\JUMCOL\JUMCOL_w_H2O_1_relaxed.cif,-0.3005647450000594
C:\Users\GED\PycharmProjects\Aixelo_Project_DataLab_2025\data\odac\pristine_H2O\JUMCUR\JUMCUR_w_H2O_1_relaxed.cif,-0.5398582825000631
C:\Users\GED\PycharmProjects\Aixelo_Project_DataLab_2025\data\odac\pristine_H2O\JUMDAY\JUMDAY_w_H2O_1_relaxed.cif,-0.27973492999993255
C:\Users\GED\PycharmProjects\Aixelo_Project_DataLab_2025\data\odac\pristine_H2O\JUMDEC\JUMDEC_w_H2O_1_relaxed.cif,-0.24977958499994196
C:\Users\GED\PycharmProjects\Aixelo_Project_DataLab_2025\data\odac\pristine_H2O\JUNBOL\JUNBOL_w_H2O_1_relaxed.cif,-0.4072275360000731
C:\Users\GED\PycharmProjects\Aixelo_Project_DataLab_2025\data\odac\pristine_H2O\JUNBUR\JUNBUR_w_H2O_1_relaxed.cif,-0.1485890349999579
C:\Users\GED\PycharmProjects\Aixelo_Project_DataLab_2025\data\odac\pristine_H2O\JUQVAU\JUQVAU_w_H2O_1_relaxed.cif,-0.2494790725002644
C:\Users\GED\PycharmProjects\Aixelo_Project_DataLab_2025\data\odac\pristine_H2O\JUSBAC\JUSBAC_w_H2O_1_relaxed.cif,-0.28100629400005345
C:\Users\GED\PycharmProjects\Aixelo_Project_DataLab_2025\data\odac\pristine_H2O\JUSKAL\JUSKAL_w_H2O_1_relaxed.cif,-0.15239329200003335
C:\Users\GED\PycharmProjects\Aixelo_Project_DataLab_2025\data\odac\pristine_H2O\JUTCUW_SL\JUTCUW_SL_w_H2O_1_relaxed.cif,-0.15544756000000834
C:\Users\GED\PycharmProjects\Aixelo_Project_DataLab_2025\data\odac\pristine_H2O\JUVROJ\JUVROJ_w_H2O_1_relaxed.cif,-0.4269021359999897
C:\Users\GED\PycharmProjects\Aixelo_Project_DataLab_2025\data\odac\pristine_H2O\JUXFOZ\JUXFOZ_w_H2O_1_relaxed.cif,-0.2991097224999635
C:\Users\GED\PycharmProjects\Aixelo_Project_DataLab_2025\data\odac\pristine_H2O\JUYBEM\JUYBEM_w_H2O_1_relaxed.cif,-0.671991005999962
C:\Users\GED\PycharmProjects\Aixelo_Project_DataLab_2025\data\odac\pristine_H2O\JUYJIY\JUYJIY_w_H2O_1_relaxed.cif,-0.4415042775005986
C:\Users\GED\PycharmProjects\Aixelo_Project_DataLab_2025\data\odac\pristine_H2O\JUYROM\JUYROM_w_H2O_1_relaxed.cif,-0.397949209999922
C:\Users\GED\PycharmProjects\Aixelo_Project_DataLab_2025\data\odac\pristine_H2O\KABNIL\KABNIL_w_H2O_1_relaxed.cif,-0.3332951840000192
C:\Users\GED\PycharmProjects\Aixelo_Project_DataLab_2025\data\odac\pristine_H2O\KABXES\KABXES_w_H2O_random_1_relaxed.cif,-0.4564102199999524
C:\Users\GED\PycharmProjects\Aixelo_Project_DataLab_2025\data\odac\pristine_H2O\KABXOC\KABXOC_w_H2O_random_1_relaxed.cif,5.421799674999988
C:\Users\GED\PycharmProjects\Aixelo_Project_DataLab_2025\data\odac\pristine_H2O\KAGCAY_charged\KAGCAY_charged_w_H2O_1_relaxed.cif,0.8804693275001227
C:\Users\GED\PycharmProjects\Aixelo_Project_DataLab_2025\data\odac\pristine_H2O\KAHNOX\KAHNOX_w_H2O_1_relaxed.cif,-0.3425803266666871
C:\Users\GED\PycharmProjects\Aixelo_Project_DataLab_2025\data\odac\pristine_H2O\KAHPUE\KAHPUE_w_H2O_1_relaxed.cif,-0.3018990749999517
C:\Users\GED\PycharmProjects\Aixelo_Project_DataLab_2025\data\odac\pristine_H2O\KAHYEY\KAHYEY_w_H2O_1_relaxed.cif,-0.13436629200002698
C:\Users\GED\PycharmProjects\Aixelo_Project_DataLab_2025\data\odac\pristine_H2O\KAJZIH\KAJZIH_w_H2O_1_relaxed.cif,-0.381947074000027
C:\Users\GED\PycharmProjects\Aixelo_Project_DataLab_2025\data\odac\pristine_H2O\KAKCEH01\KAKCEH01_w_H2O_1_relaxed.cif,-0.4619298699996307
C:\Users\GED\PycharmProjects\Aixelo_Project_DataLab_2025\data\odac\pristine_H2O\KAKCEH02\KAKCEH02_w_H2O_1_relaxed.cif,-0.5157276820000789
C:\Users\GED\PycharmProjects\Aixelo_Project_DataLab_2025\data\odac\pristine_H2O\KALGAH\KALGAH_w_H2O_1_relaxed.cif,-0.289251504999811
C:\Users\GED\PycharmProjects\Aixelo_Project_DataLab_2025\data\odac\pristine_H2O\KALGEL\KALGEL_w_H2O_3_relaxed.cif,-0.1311711250001508
C:\Users\GED\PycharmProjects\Aixelo_Project_DataLab_2025\data\odac\pristine_H2O\KANDIO\KANDIO_w_H2O_1_relaxed.cif,-0.2224418240000204
C:\Users\GED\PycharmProjects\Aixelo_Project_DataLab_2025\data\odac\pristine_H2O\KANMIX\KANMIX_w_H2O_1_relaxed.cif,-0.1166060799999741
C:\Users\GED\PycharmProjects\Aixelo_Project_DataLab_2025\data\odac\pristine_H2O\KASRAZ\KASRAZ_w_H2O_1_relaxed.cif,-0.0733644900000172
C:\Users\GED\PycharmProjects\Aixelo_Project_DataLab_2025\data\odac\pristine_H2O\KATDAM\KATDAM_w_H2O_1_relaxed.cif,-0.5880250775003333
C:\Users\GED\PycharmProjects\Aixelo_Project_DataLab_2025\data\odac\pristine_H2O\KAVGAQ\KAVGAQ_w_H2O_1_relaxed.cif,-0.07366586833340232
C:\Users\GED\PycharmProjects\Aixelo_Project_DataLab_2025\data\odac\pristine_H2O\KAVTEI\KAVTEI_w_H2O_1_relaxed.cif,-0.5495893320002324
C:\Users\GED\PycharmProjects\Aixelo_Project_DataLab_2025\data\odac\pristine_H2O\KAVTUY\KAVTUY_w_H2O_1_relaxed.cif,-0.6376288160000059
C:\Users\GED\PycharmProjects\Aixelo_Project_DataLab_2025\data\odac\pristine_H2O\KAWBOB\KAWBOB_w_H2O_1_relaxed.cif,-0.3830303474999255
C:\Users\GED\PycharmProjects\Aixelo_Project_DataLab_2025\data\odac\pristine_H2O\KAXQIL\KAXQIL_w_H2O_1_relaxed.cif,0.0017055299999583797
C:\Users\GED\PycharmProjects\Aixelo_Project_DataLab_2025\data\odac\pristine_H2O\KAYBIX\KAYBIX_w_H2O_1_relaxed.cif,-0.3025082499999826
C:\Users\GED\PycharmProjects\Aixelo_Project_DataLab_2025\data\odac\pristine_H2O\KAYBUJ\KAYBUJ_w_H2O_1_relaxed.cif,-0.25089684600000056
C:\Users\GED\PycharmProjects\Aixelo_Project_DataLab_2025\data\odac\pristine_H2O\KAYCIY\KAYCIY_w_H2O_random_1_relaxed.cif,-0.410717859999977
C:\Users\GED\PycharmProjects\Aixelo_Project_DataLab_2025\data\odac\pristine_H2O\KECRAL\KECRAL_w_H2O_1_relaxed.cif,-0.3778851866666931
C:\Users\GED\PycharmProjects\Aixelo_Project_DataLab_2025\data\odac\pristine_H2O\KECRAL10\KECRAL10_w_H2O_1_relaxed.cif,-0.2610977633333344
C:\Users\GED\PycharmProjects\Aixelo_Project_DataLab_2025\data\odac\pristine_H2O\KECRAL12\KECRAL12_w_H2O_1_relaxed.cif,-0.6596858399999519
C:\Users\GED\PycharmProjects\Aixelo_Project_DataLab_2025\data\odac\pristine_H2O\KEDJAG\KEDJAG_w_H2O_1_relaxed.cif,-0.2157209375000661
C:\Users\GED\PycharmProjects\Aixelo_Project_DataLab_2025\data\odac\pristine_H2O\KEDJAG01\KEDJAG01_w_H2O_1_relaxed.cif,-0.47131448999996906
C:\Users\GED\PycharmProjects\Aixelo_Project_DataLab_2025\data\odac\pristine_H2O\KEDJAG02\KEDJAG02_w_H2O_1_relaxed.cif,-0.4298660975000814
C:\Users\GED\PycharmProjects\Aixelo_Project_DataLab_2025\data\odac\pristine_H2O\KEDJAG03\KEDJAG03_w_H2O_1_relaxed.cif,-0.27316234749994805
C:\Users\GED\PycharmProjects\Aixelo_Project_DataLab_2025\data\odac\pristine_H2O\KEDJAG04\KEDJAG04_w_H2O_1_relaxed.cif,-0.16321400250006945
C:\Users\GED\PycharmProjects\Aixelo_Project_DataLab_2025\data\odac\pristine_H2O\KEDJAG06\KEDJAG06_w_H2O_1_relaxed.cif,-0.05408735249994835
C:\Users\GED\PycharmProjects\Aixelo_Project_DataLab_2025\data\odac\pristine_H2O\KEDJAG08\KEDJAG08_w_H2O_1_relaxed.cif,-0.3345941599999662
C:\Users\GED\PycharmProjects\Aixelo_Project_DataLab_2025\data\odac\pristine_H2O\KEDJAG10\KEDJAG10_w_H2O_1_relaxed.cif,-0.3877478999999937
C:\Users\GED\PycharmProjects\Aixelo_Project_DataLab_2025\data\odac\pristine_H2O\KEDJAG12\KEDJAG12_w_H2O_1_relaxed.cif,0.3041194699999892
C:\Users\GED\PycharmProjects\Aixelo_Project_DataLab_2025\data\odac\pristine_H2O\KEDJAG16\KEDJAG16_w_H2O_1_relaxed.cif,-0.40439558249994434
C:\Users\GED\PycharmProjects\Aixelo_Project_DataLab_2025\data\odac\pristine_H2O\KEDJAG18\KEDJAG18_w_H2O_1_relaxed.cif,0.2762846500000932
C:\Users\GED\PycharmProjects\Aixelo_Project_DataLab_2025\data\odac\pristine_H2O\KEDJAG20\KEDJAG20_w_H2O_1_relaxed.cif,-0.31827726999989636
C:\Users\GED\PycharmProjects\Aixelo_Project_DataLab_2025\data\odac\pristine_H2O\KEDJAG22\KEDJAG22_w_H2O_1_relaxed.cif,-0.33905549000004953
C:\Users\GED\PycharmProjects\Aixelo_Project_DataLab_2025\data\odac\pristine_H2O\KEDJAG24\KEDJAG24_w_H2O_1_relaxed.cif,-0.5390630325000814
C:\Users\GED\PycharmProjects\Aixelo_Project_DataLab_2025\data\odac\pristine_H2O\KEDJAG26\KEDJAG26_w_H2O_1_relaxed.cif,-0.3445135124999581
C:\Users\GED\PycharmProjects\Aixelo_Project_DataLab_2025\data\odac\pristine_H2O\KEDJAG28\KEDJAG28_w_H2O_1_relaxed.cif,-0.31351603999991084
C:\Users\GED\PycharmProjects\Aixelo_Project_DataLab_2025\data\odac\pristine_H2O\KEDNOY\KEDNOY_w_H2O_1_relaxed.cif,-0.5496880680001596
C:\Users\GED\PycharmProjects\Aixelo_Project_DataLab_2025\data\odac\pristine_H2O\KEDQAN\KEDQAN_w_H2O_1_relaxed.cif,-0.3406710860002022
C:\Users\GED\PycharmProjects\Aixelo_Project_DataLab_2025\data\odac\pristine_H2O\KEFBEE\KEFBEE_w_H2O_1_relaxed.cif,-0.14641021999997855
C:\Users\GED\PycharmProjects\Aixelo_Project_DataLab_2025\data\odac\pristine_H2O\KEFBII\KEFBII_w_H2O_1_relaxed.cif,-0.5733879424998918
C:\Users\GED\PycharmProjects\Aixelo_Project_DataLab_2025\data\odac\pristine_H2O\KEFBOO\KEFBOO_w_H2O_1_relaxed.cif,-0.19327677499992996
C:\Users\GED\PycharmProjects\Aixelo_Project_DataLab_2025\data\odac\pristine_H2O\KEFWAV\KEFWAV_w_H2O_1_relaxed.cif,-0.39568727400014725
C:\Users\GED\PycharmProjects\Aixelo_Project_DataLab_2025\data\odac\pristine_H2O\KEFWEZ_charged\KEFWEZ_charged_w_H2O_1_relaxed.cif,-0.6027321579999352
C:\Users\GED\PycharmProjects\Aixelo_Project_DataLab_2025\data\odac\pristine_H2O\KEGYAX\KEGYAX_w_H2O_1_relaxed.cif,-0.5983376199999725
C:\Users\GED\PycharmProjects\Aixelo_Project_DataLab_2025\data\odac\pristine_H2O\KEGZOL\KEGZOL_w_H2O_1_relaxed.cif,0.2548269700000106
C:\Users\GED\PycharmProjects\Aixelo_Project_DataLab_2025\data\odac\pristine_H2O\KEGZOL01\KEGZOL01_w_H2O_1_relaxed.cif,0.6710941399999987
C:\Users\GED\PycharmProjects\Aixelo_Project_DataLab_2025\data\odac\pristine_H2O\KEGZOL02\KEGZOL02_w_H2O_1_relaxed.cif,0.07325073000002173
C:\Users\GED\PycharmProjects\Aixelo_Project_DataLab_2025\data\odac\pristine_H2O\KEGZOL03\KEGZOL03_w_H2O_1_relaxed.cif,1.048882586666707
C:\Users\GED\PycharmProjects\Aixelo_Project_DataLab_2025\data\odac\pristine_H2O\KEHDOS\KEHDOS_w_H2O_1_relaxed.cif,-0.6166795220000723
C:\Users\GED\PycharmProjects\Aixelo_Project_DataLab_2025\data\odac\pristine_H2O\KEHGAH_charged\KEHGAH_charged_w_H2O_1_relaxed.cif,-0.4496054259999255
C:\Users\GED\PycharmProjects\Aixelo_Project_DataLab_2025\data\odac\pristine_H2O\KEHGIP\KEHGIP_w_H2O_1_relaxed.cif,-0.7136440200001288
C:\Users\GED\PycharmProjects\Aixelo_Project_DataLab_2025\data\odac\pristine_H2O\KEJBOQ_clean_h\KEJBOQ_clean_h_w_H2O_1_relaxed.cif,-0.5998661599999651
C:\Users\GED\PycharmProjects\Aixelo_Project_DataLab_2025\data\odac\pristine_H2O\KEJHIQ_clean_h\KEJHIQ_clean_h_w_H2O_1_relaxed.cif,-0.5922121499999775
C:\Users\GED\PycharmProjects\Aixelo_Project_DataLab_2025\data\odac\pristine_H2O\KEPPIF\KEPPIF_w_H2O_1_relaxed.cif,-0.602749450000033
C:\Users\GED\PycharmProjects\Aixelo_Project_DataLab_2025\data\odac\pristine_H2O\KEQDER\KEQDER_w_H2O_1_relaxed.cif,-0.3203990774999283
C:\Users\GED\PycharmProjects\Aixelo_Project_DataLab_2025\data\odac\pristine_H2O\KESGAS\KESGAS_w_H2O_1_relaxed.cif,-0.06425775399993654
C:\Users\GED\PycharmProjects\Aixelo_Project_DataLab_2025\data\odac\pristine_H2O\KETHEY\KETHEY_w_H2O_1_relaxed.cif,-0.5227377279999927
C:\Users\GED\PycharmProjects\Aixelo_Project_DataLab_2025\data\odac\pristine_H2O\KETHEY01\KETHEY01_w_H2O_1_relaxed.cif,-0.35464861399998426
C:\Users\GED\PycharmProjects\Aixelo_Project_DataLab_2025\data\odac\pristine_H2O\KETHEY02\KETHEY02_w_H2O_1_relaxed.cif,-0.5355400979999331
C:\Users\GED\PycharmProjects\Aixelo_Project_DataLab_2025\data\odac\pristine_H2O\KEVWUF\KEVWUF_w_H2O_1_relaxed.cif,-0.4014966159999858
C:\Users\GED\PycharmProjects\Aixelo_Project_DataLab_2025\data\odac\pristine_H2O\KEWZET\KEWZET_w_H2O_1_relaxed.cif,1.099455282499946
C:\Users\GED\PycharmProjects\Aixelo_Project_DataLab_2025\data\odac\pristine_H2O\KEXFAU\KEXFAU_w_H2O_1_relaxed.cif,-0.3866953774999331
C:\Users\GED\PycharmProjects\Aixelo_Project_DataLab_2025\data\odac\pristine_H2O\KEXFIC\KEXFIC_w_H2O_1_relaxed.cif,-0.6764788524999972
C:\Users\GED\PycharmProjects\Aixelo_Project_DataLab_2025\data\odac\pristine_H2O\KEYMUY\KEYMUY_w_H2O_1_relaxed.cif,-0.30669372750003276
C:\Users\GED\PycharmProjects\Aixelo_Project_DataLab_2025\data\odac\pristine_H2O\KEYROX\KEYROX_w_H2O_1_relaxed.cif,0.7866717824999796
C:\Users\GED\PycharmProjects\Aixelo_Project_DataLab_2025\data\odac\pristine_H2O\KEYYET\KEYYET_w_H2O_1_relaxed.cif,-0.5078957049999531
C:\Users\GED\PycharmProjects\Aixelo_Project_DataLab_2025\data\odac\pristine_H2O\KIBDEF\KIBDEF_w_H2O_1_relaxed.cif,3.117145085000004
C:\Users\GED\PycharmProjects\Aixelo_Project_DataLab_2025\data\odac\pristine_H2O\KIBDIJ\KIBDIJ_w_H2O_1_relaxed.cif,-0.5646198424999511
C:\Users\GED\PycharmProjects\Aixelo_Project_DataLab_2025\data\odac\pristine_H2O\KIDDIM\KIDDIM_w_H2O_1_relaxed.cif,-0.7720759340000314
C:\Users\GED\PycharmProjects\Aixelo_Project_DataLab_2025\data\odac\pristine_H2O\KIDDOS\KIDDOS_w_H2O_1_relaxed.cif,0.4737000700000863
C:\Users\GED\PycharmProjects\Aixelo_Project_DataLab_2025\data\odac\pristine_H2O\KIDVIE\KIDVIE_w_H2O_1_relaxed.cif,-0.6028913060000036
C:\Users\GED\PycharmProjects\Aixelo_Project_DataLab_2025\data\odac\pristine_H2O\KIFDIM\KIFDIM_w_H2O_1_relaxed.cif,-0.32874721399991813
C:\Users\GED\PycharmProjects\Aixelo_Project_DataLab_2025\data\odac\pristine_H2O\KIFKEQ\KIFKEQ_w_H2O_1_relaxed.cif,0.12280517599997438
C:\Users\GED\PycharmProjects\Aixelo_Project_DataLab_2025\data\odac\pristine_H2O\KIGCEK\KIGCEK_w_H2O_1_relaxed.cif,0.847132404999968
C:\Users\GED\PycharmProjects\Aixelo_Project_DataLab_2025\data\odac\pristine_H2O\KIJPUQ\KIJPUQ_w_H2O_1_relaxed.cif,-0.1657080059999771
C:\Users\GED\PycharmProjects\Aixelo_Project_DataLab_2025\data\odac\pristine_H2O\KIJRUS\KIJRUS_w_H2O_1_relaxed.cif,-0.12274594200011957
C:\Users\GED\PycharmProjects\Aixelo_Project_DataLab_2025\data\odac\pristine_H2O\KIKFIV\KIKFIV_w_H2O_1_relaxed.cif,-0.3990697180000552
C:\Users\GED\PycharmProjects\Aixelo_Project_DataLab_2025\data\odac\pristine_H2O\KINDIW\KINDIW_w_H2O_1_relaxed.cif,-0.35293593600001716
C:\Users\GED\PycharmProjects\Aixelo_Project_DataLab_2025\data\odac\pristine_H2O\KINFAQ\KINFAQ_w_H2O_1_relaxed.cif,-0.3788349460000518
C:\Users\GED\PycharmProjects\Aixelo_Project_DataLab_2025\data\odac\pristine_H2O\KINNIG\KINNIG_w_H2O_1_relaxed.cif,0.044776380000007485
C:\Users\GED\PycharmProjects\Aixelo_Project_DataLab_2025\data\odac\pristine_H2O\KINQAB\KINQAB_w_H2O_1_relaxed.cif,-0.33700468000001815
C:\Users\GED\PycharmProjects\Aixelo_Project_DataLab_2025\data\odac\pristine_H2O\KIPKEB\KIPKEB_w_H2O_1_relaxed.cif,-0.4905198080000446
C:\Users\GED\PycharmProjects\Aixelo_Project_DataLab_2025\data\odac\pristine_H2O\KIPZEQ\KIPZEQ_w_H2O_1_relaxed.cif,-0.18339299199992637
C:\Users\GED\PycharmProjects\Aixelo_Project_DataLab_2025\data\odac\pristine_H2O\KIRFIA\KIRFIA_w_H2O_1_relaxed.cif,-0.7615565124999648
C:\Users\GED\PycharmProjects\Aixelo_Project_DataLab_2025\data\odac\pristine_H2O\KIRTUC\KIRTUC_w_H2O_1_relaxed.cif,-0.6610989000000472
C:\Users\GED\PycharmProjects\Aixelo_Project_DataLab_2025\data\odac\pristine_H2O\KITVEQ\KITVEQ_w_H2O_1_relaxed.cif,-0.3347431440002765
C:\Users\GED\PycharmProjects\Aixelo_Project_DataLab_2025\data\odac\pristine_H2O\KIYMIQ\KIYMIQ_w_H2O_1_relaxed.cif,-0.350749248000011
C:\Users\GED\PycharmProjects\Aixelo_Project_DataLab_2025\data\odac\pristine_H2O\KIYQEQ\KIYQEQ_w_H2O_1_relaxed.cif,-0.42222240749995876
C:\Users\GED\PycharmProjects\Aixelo_Project_DataLab_2025\data\odac\pristine_H2O\KIYQIU\KIYQIU_w_H2O_1_relaxed.cif,-0.26702972199993835
C:\Users\GED\PycharmProjects\Aixelo_Project_DataLab_2025\data\odac\pristine_H2O\KIYQOA\KIYQOA_w_H2O_1_relaxed.cif,-0.5926766699999917
C:\Users\GED\PycharmProjects\Aixelo_Project_DataLab_2025\data\odac\pristine_H2O\KOBFIR\KOBFIR_w_H2O_1_relaxed.cif,-0.14946621399999455
C:\Users\GED\PycharmProjects\Aixelo_Project_DataLab_2025\data\odac\pristine_H2O\KOCCUC\KOCCUC_w_H2O_1_relaxed.cif,-0.14011136499999563
C:\Users\GED\PycharmProjects\Aixelo_Project_DataLab_2025\data\odac\pristine_H2O\KOCWEF\KOCWEF_w_H2O_1_relaxed.cif,-0.20345775250052608
C:\Users\GED\PycharmProjects\Aixelo_Project_DataLab_2025\data\odac\pristine_H2O\KOFPEB\KOFPEB_w_H2O_1_relaxed.cif,-0.4426666239998667
C:\Users\GED\PycharmProjects\Aixelo_Project_DataLab_2025\data\odac\pristine_H2O\KOFPEB01\KOFPEB01_w_H2O_1_relaxed.cif,-0.4811326759998337
C:\Users\GED\PycharmProjects\Aixelo_Project_DataLab_2025\data\odac\pristine_H2O\KOFPEB02\KOFPEB02_w_H2O_1_relaxed.cif,-0.4266791999999896
C:\Users\GED\PycharmProjects\Aixelo_Project_DataLab_2025\data\odac\pristine_H2O\KOFPEB03\KOFPEB03_w_H2O_1_relaxed.cif,-0.4682665639999414
C:\Users\GED\PycharmProjects\Aixelo_Project_DataLab_2025\data\odac\pristine_H2O\KOFVOS\KOFVOS_w_H2O_1_relaxed.cif,-0.47027636399989203
C:\Users\GED\PycharmProjects\Aixelo_Project_DataLab_2025\data\odac\pristine_H2O\KOJTOU\KOJTOU_w_H2O_1_relaxed.cif,-0.30988785599956825
C:\Users\GED\PycharmProjects\Aixelo_Project_DataLab_2025\data\odac\pristine_H2O\KOJZEP_manual\KOJZEP_manual_w_H2O_1_relaxed.cif,0.03361272250009503
C:\Users\GED\PycharmProjects\Aixelo_Project_DataLab_2025\data\odac\pristine_H2O\KOJZIT\KOJZIT_w_H2O_1_relaxed.cif,-0.3277012274998014
C:\Users\GED\PycharmProjects\Aixelo_Project_DataLab_2025\data\odac\pristine_H2O\KOJZUF\KOJZUF_w_H2O_1_relaxed.cif,-0.5221909380000852
C:\Users\GED\PycharmProjects\Aixelo_Project_DataLab_2025\data\odac\pristine_H2O\KOKKOL\KOKKOL_w_H2O_1_relaxed.cif,-0.3775370283333738
C:\Users\GED\PycharmProjects\Aixelo_Project_DataLab_2025\data\odac\pristine_H2O\KOMCOG\KOMCOG_w_H2O_1_relaxed.cif,-0.26414061799996486
C:\Users\GED\PycharmProjects\Aixelo_Project_DataLab_2025\data\odac\pristine_H2O\KOMGUP\KOMGUP_w_H2O_1_relaxed.cif,-0.46618419399994765
C:\Users\GED\PycharmProjects\Aixelo_Project_DataLab_2025\data\odac\pristine_H2O\KOMHUR\KOMHUR_w_H2O_random_1_relaxed.cif,-0.1619471199996951
C:\Users\GED\PycharmProjects\Aixelo_Project_DataLab_2025\data\odac\pristine_H2O\KONCIA\KONCIA_w_H2O_1_relaxed.cif,-0.6685982879999302
C:\Users\GED\PycharmProjects\Aixelo_Project_DataLab_2025\data\odac\pristine_H2O\KONFEA\KONFEA_w_H2O_1_relaxed.cif,-0.5151724933333716
C:\Users\GED\PycharmProjects\Aixelo_Project_DataLab_2025\data\odac\pristine_H2O\KONYOB\KONYOB_w_H2O_1_relaxed.cif,-0.38907513250003944
C:\Users\GED\PycharmProjects\Aixelo_Project_DataLab_2025\data\odac\pristine_H2O\KOQLUZ\KOQLUZ_w_H2O_2_relaxed.cif,0.9844722233335688
C:\Users\GED\PycharmProjects\Aixelo_Project_DataLab_2025\data\odac\pristine_H2O\KORNAI\KORNAI_w_H2O_1_relaxed.cif,-0.5047021600000334
C:\Users\GED\PycharmProjects\Aixelo_Project_DataLab_2025\data\odac\pristine_H2O\KOSJAF\KOSJAF_w_H2O_1_relaxed.cif,-0.49824741499996605
C:\Users\GED\PycharmProjects\Aixelo_Project_DataLab_2025\data\odac\pristine_H2O\KOSJEJ\KOSJEJ_w_H2O_1_relaxed.cif,-0.5378188800000174
C:\Users\GED\PycharmProjects\Aixelo_Project_DataLab_2025\data\odac\pristine_H2O\KOSJIN\KOSJIN_w_H2O_1_relaxed.cif,-0.4212083974999956
C:\Users\GED\PycharmProjects\Aixelo_Project_DataLab_2025\data\odac\pristine_H2O\KOSJOT\KOSJOT_w_H2O_1_relaxed.cif,-0.5210822300000046
C:\Users\GED\PycharmProjects\Aixelo_Project_DataLab_2025\data\odac\pristine_H2O\KOSJUZ\KOSJUZ_w_H2O_1_relaxed.cif,-0.43424017500001355
C:\Users\GED\PycharmProjects\Aixelo_Project_DataLab_2025\data\odac\pristine_H2O\KOSKAG\KOSKAG_w_H2O_1_relaxed.cif,-0.3942008974999567
C:\Users\GED\PycharmProjects\Aixelo_Project_DataLab_2025\data\odac\pristine_H2O\KOSKEK\KOSKEK_w_H2O_1_relaxed.cif,-0.550770567499967
C:\Users\GED\PycharmProjects\Aixelo_Project_DataLab_2025\data\odac\pristine_H2O\KOSKIO\KOSKIO_w_H2O_1_relaxed.cif,-0.4064413724999554
C:\Users\GED\PycharmProjects\Aixelo_Project_DataLab_2025\data\odac\pristine_H2O\KOSKIO01\KOSKIO01_w_H2O_1_relaxed.cif,-0.41430796749997967
C:\Users\GED\PycharmProjects\Aixelo_Project_DataLab_2025\data\odac\pristine_H2O\KOSKUA\KOSKUA_w_H2O_1_relaxed.cif,-0.3707347999999797
C:\Users\GED\PycharmProjects\Aixelo_Project_DataLab_2025\data\odac\pristine_H2O\KOSLAH\KOSLAH_w_H2O_1_relaxed.cif,-0.4975863850000337
C:\Users\GED\PycharmProjects\Aixelo_Project_DataLab_2025\data\odac\pristine_H2O\KOSLEL\KOSLEL_w_H2O_1_relaxed.cif,-0.7609481599999555
C:\Users\GED\PycharmProjects\Aixelo_Project_DataLab_2025\data\odac\pristine_H2O\KOSLIP\KOSLIP_w_H2O_1_relaxed.cif,-0.6029377400000158
C:\Users\GED\PycharmProjects\Aixelo_Project_DataLab_2025\data\odac\pristine_H2O\KOSLOV\KOSLOV_w_H2O_1_relaxed.cif,-0.5904907024999773
C:\Users\GED\PycharmProjects\Aixelo_Project_DataLab_2025\data\odac\pristine_H2O\KOSLUB\KOSLUB_w_H2O_1_relaxed.cif,-0.6970497624999865
C:\Users\GED\PycharmProjects\Aixelo_Project_DataLab_2025\data\odac\pristine_H2O\KOSMAI\KOSMAI_w_H2O_1_relaxed.cif,-0.480716134999966
C:\Users\GED\PycharmProjects\Aixelo_Project_DataLab_2025\data\odac\pristine_H2O\KOTSIX\KOTSIX_w_H2O_1_relaxed.cif,-0.5682147879997501
C:\Users\GED\PycharmProjects\Aixelo_Project_DataLab_2025\data\odac\pristine_H2O\KOVJAI\KOVJAI_w_H2O_1_relaxed.cif,-0.5260992879999662
C:\Users\GED\PycharmProjects\Aixelo_Project_DataLab_2025\data\odac\pristine_H2O\KOVJAI01\KOVJAI01_w_H2O_1_relaxed.cif,-0.6194951339999989
C:\Users\GED\PycharmProjects\Aixelo_Project_DataLab_2025\data\odac\pristine_H2O\KOXGIP\KOXGIP_w_H2O_1_relaxed.cif,-0.39361904749978294
C:\Users\GED\PycharmProjects\Aixelo_Project_DataLab_2025\data\odac\pristine_H2O\KOZNIY\KOZNIY_w_H2O_1_relaxed.cif,-0.5046749300000102
C:\Users\GED\PycharmProjects\Aixelo_Project_DataLab_2025\data\odac\pristine_H2O\KUCDOD\KUCDOD_w_H2O_1_relaxed.cif,-0.06480838599984506
C:\Users\GED\PycharmProjects\Aixelo_Project_DataLab_2025\data\odac\pristine_H2O\KUDLUR\KUDLUR_w_H2O_1_relaxed.cif,-0.4384724339998229
C:\Users\GED\PycharmProjects\Aixelo_Project_DataLab_2025\data\odac\pristine_H2O\KUFBEU\KUFBEU_w_H2O_1_relaxed.cif,-0.44800400799999807
C:\Users\GED\PycharmProjects\Aixelo_Project_DataLab_2025\data\odac\pristine_H2O\KUFTAI\KUFTAI_w_H2O_2_relaxed.cif,-0.25071277249992363
C:\Users\GED\PycharmProjects\Aixelo_Project_DataLab_2025\data\odac\pristine_H2O\KUFVAK\KUFVAK_w_H2O_1_relaxed.cif,-0.29291803499995694
C:\Users\GED\PycharmProjects\Aixelo_Project_DataLab_2025\data\odac\pristine_H2O\KUFVEO\KUFVEO_w_H2O_1_relaxed.cif,-0.7297372199999851
C:\Users\GED\PycharmProjects\Aixelo_Project_DataLab_2025\data\odac\pristine_H2O\KUGCOF\KUGCOF_w_H2O_1_relaxed.cif,-0.2601626259999591
C:\Users\GED\PycharmProjects\Aixelo_Project_DataLab_2025\data\odac\pristine_H2O\KUGFAU\KUGFAU_w_H2O_1_relaxed.cif,0.5379057349998675
C:\Users\GED\PycharmProjects\Aixelo_Project_DataLab_2025\data\odac\pristine_H2O\KUHNEI\KUHNEI_w_H2O_1_relaxed.cif,-0.41216085199976077
C:\Users\GED\PycharmProjects\Aixelo_Project_DataLab_2025\data\odac\pristine_H2O\KUJMEJ\KUJMEJ_w_H2O_1_relaxed.cif,-0.3081227459999809
C:\Users\GED\PycharmProjects\Aixelo_Project_DataLab_2025\data\odac\pristine_H2O\KUJMIN\KUJMIN_w_H2O_1_relaxed.cif,-0.4354255374997819
C:\Users\GED\PycharmProjects\Aixelo_Project_DataLab_2025\data\odac\pristine_H2O\KUJTUG\KUJTUG_w_H2O_1_relaxed.cif,-0.25995350000021056
C:\Users\GED\PycharmProjects\Aixelo_Project_DataLab_2025\data\odac\pristine_H2O\KUKPOX\KUKPOX_w_H2O_1_relaxed.cif,-0.4292733180000141
C:\Users\GED\PycharmProjects\Aixelo_Project_DataLab_2025\data\odac\pristine_H2O\KUKPUD\KUKPUD_w_H2O_1_relaxed.cif,0.660824766666868
C:\Users\GED\PycharmProjects\Aixelo_Project_DataLab_2025\data\odac\pristine_H2O\KUMGOQ\KUMGOQ_w_H2O_1_relaxed.cif,-0.20090459750002762
C:\Users\GED\PycharmProjects\Aixelo_Project_DataLab_2025\data\odac\pristine_H2O\KUNLEL\KUNLEL_w_H2O_1_relaxed.cif,0.06565398166674181
C:\Users\GED\PycharmProjects\Aixelo_Project_DataLab_2025\data\odac\pristine_H2O\KUNMUD\KUNMUD_w_H2O_1_relaxed.cif,-0.25677547800059985
C:\Users\GED\PycharmProjects\Aixelo_Project_DataLab_2025\data\odac\pristine_H2O\KUNWEW\KUNWEW_w_H2O_1_relaxed.cif,-0.47327763499981756
C:\Users\GED\PycharmProjects\Aixelo_Project_DataLab_2025\data\odac\pristine_H2O\KUQWIE\KUQWIE_w_H2O_1_relaxed.cif,-0.8120388183333868
C:\Users\GED\PycharmProjects\Aixelo_Project_DataLab_2025\data\odac\pristine_H2O\KUQXIE\KUQXIE_w_H2O_1_relaxed.cif,-0.4643768299999806
C:\Users\GED\PycharmProjects\Aixelo_Project_DataLab_2025\data\odac\pristine_H2O\KUSZED\KUSZED_w_H2O_random_1_relaxed.cif,-0.16684996000009275
C:\Users\GED\PycharmProjects\Aixelo_Project_DataLab_2025\data\odac\pristine_H2O\KUVJIW\KUVJIW_w_H2O_random_1_relaxed.cif,0.015814610000006744
C:\Users\GED\PycharmProjects\Aixelo_Project_DataLab_2025\data\odac\pristine_H2O\KUVMUL\KUVMUL_w_H2O_2_relaxed.cif,-0.40434105999975145
C:\Users\GED\PycharmProjects\Aixelo_Project_DataLab_2025\data\odac\pristine_H2O\KUVYAD\KUVYAD_w_H2O_1_relaxed.cif,-0.16196531599998704
C:\Users\GED\PycharmProjects\Aixelo_Project_DataLab_2025\data\odac\pristine_H2O\KUXLUL\KUXLUL_w_H2O_1_relaxed.cif,-0.46073390250003854
C:\Users\GED\PycharmProjects\Aixelo_Project_DataLab_2025\data\odac\pristine_H2O\KUXREC\KUXREC_w_H2O_1_relaxed.cif,0.20191688499997434
C:\Users\GED\PycharmProjects\Aixelo_Project_DataLab_2025\data\odac\pristine_H2O\KUYPIF\KUYPIF_w_H2O_3_relaxed.cif,5.796227506666772
C:\Users\GED\PycharmProjects\Aixelo_Project_DataLab_2025\data\odac\pristine_H2O\KUZZAI\KUZZAI_w_H2O_1_relaxed.cif,-0.5091284839996206
C:\Users\GED\PycharmProjects\Aixelo_Project_DataLab_2025\data\odac\pristine_H2O\LABJUV\LABJUV_w_H2O_1_relaxed.cif,-0.33138260399996394
C:\Users\GED\PycharmProjects\Aixelo_Project_DataLab_2025\data\odac\pristine_H2O\LACJAC\LACJAC_w_H2O_1_relaxed.cif,-0.3359336559999747
C:\Users\GED\PycharmProjects\Aixelo_Project_DataLab_2025\data\odac\pristine_H2O\LACQIS\LACQIS_w_H2O_1_relaxed.cif,-0.8090064424999355
C:\Users\GED\PycharmProjects\Aixelo_Project_DataLab_2025\data\odac\pristine_H2O\LADHEF\LADHEF_w_H2O_1_relaxed.cif,-0.7310159659999499
C:\Users\GED\PycharmProjects\Aixelo_Project_DataLab_2025\data\odac\pristine_H2O\LADHIJ\LADHIJ_w_H2O_1_relaxed.cif,-0.49898306000011416
C:\Users\GED\PycharmProjects\Aixelo_Project_DataLab_2025\data\odac\pristine_H2O\LADKEJ\LADKEJ_w_H2O_random_1_relaxed.cif,-0.289551485000004
C:\Users\GED\PycharmProjects\Aixelo_Project_DataLab_2025\data\odac\pristine_H2O\LADQIT\LADQIT_w_H2O_1_relaxed.cif,-0.2597510150001199
C:\Users\GED\PycharmProjects\Aixelo_Project_DataLab_2025\data\odac\pristine_H2O\LAGBUS\LAGBUS_w_H2O_1_relaxed.cif,-0.3526191700000254
C:\Users\GED\PycharmProjects\Aixelo_Project_DataLab_2025\data\odac\pristine_H2O\LAGDII_ion_b\LAGDII_ion_b_w_H2O_1_relaxed.cif,-0.3832510419999835
C:\Users\GED\PycharmProjects\Aixelo_Project_DataLab_2025\data\odac\pristine_H2O\LAGHIL\LAGHIL_w_H2O_1_relaxed.cif,-0.15517123999998145
C:\Users\GED\PycharmProjects\Aixelo_Project_DataLab_2025\data\odac\pristine_H2O\LAGMUD\LAGMUD_w_H2O_1_relaxed.cif,-0.6146483699999976
C:\Users\GED\PycharmProjects\Aixelo_Project_DataLab_2025\data\odac\pristine_H2O\LAGNAK\LAGNAK_w_H2O_1_relaxed.cif,-0.1658147019999887
C:\Users\GED\PycharmProjects\Aixelo_Project_DataLab_2025\data\odac\pristine_H2O\LAGNEO\LAGNEO_w_H2O_1_relaxed.cif,-0.22076644749998303
C:\Users\GED\PycharmProjects\Aixelo_Project_DataLab_2025\data\odac\pristine_H2O\LAGNIS\LAGNIS_w_H2O_1_relaxed.cif,-0.35121221399999736
C:\Users\GED\PycharmProjects\Aixelo_Project_DataLab_2025\data\odac\pristine_H2O\LAGNOY\LAGNOY_w_H2O_1_relaxed.cif,-0.24132330199993243
C:\Users\GED\PycharmProjects\Aixelo_Project_DataLab_2025\data\odac\pristine_H2O\LAGNUE\LAGNUE_w_H2O_1_relaxed.cif,-0.20395192799992395
C:\Users\GED\PycharmProjects\Aixelo_Project_DataLab_2025\data\odac\pristine_H2O\LAGPAM\LAGPAM_w_H2O_1_relaxed.cif,-0.33127505200000085
C:\Users\GED\PycharmProjects\Aixelo_Project_DataLab_2025\data\odac\pristine_H2O\LAGQER\LAGQER_w_H2O_1_relaxed.cif,-0.2784387639999749
C:\Users\GED\PycharmProjects\Aixelo_Project_DataLab_2025\data\odac\pristine_H2O\LAGQOB\LAGQOB_w_H2O_1_relaxed.cif,-0.7456456900000035
C:\Users\GED\PycharmProjects\Aixelo_Project_DataLab_2025\data\odac\pristine_H2O\LAGVEX\LAGVEX_w_H2O_1_relaxed.cif,-0.5904092539999966
C:\Users\GED\PycharmProjects\Aixelo_Project_DataLab_2025\data\odac\pristine_H2O\LAGVOG\LAGVOG_w_H2O_1_relaxed.cif,-0.03257428749998328
C:\Users\GED\PycharmProjects\Aixelo_Project_DataLab_2025\data\odac\pristine_H2O\LAGWEX_clean_h\LAGWEX_clean_h_w_H2O_1_relaxed.cif,-0.38885316500000044
C:\Users\GED\PycharmProjects\Aixelo_Project_DataLab_2025\data\odac\pristine_H2O\LAGWUN\LAGWUN_w_H2O_1_relaxed.cif,-0.2615660999998909
C:\Users\GED\PycharmProjects\Aixelo_Project_DataLab_2025\data\odac\pristine_H2O\LAHTUM\LAHTUM_w_H2O_1_relaxed.cif,-0.25156153800003267
C:\Users\GED\PycharmProjects\Aixelo_Project_DataLab_2025\data\odac\pristine_H2O\LAHVAU\LAHVAU_w_H2O_1_relaxed.cif,-0.4205169839998689
C:\Users\GED\PycharmProjects\Aixelo_Project_DataLab_2025\data\odac\pristine_H2O\LAHYOL\LAHYOL_w_H2O_1_relaxed.cif,-0.3127222980004262
C:\Users\GED\PycharmProjects\Aixelo_Project_DataLab_2025\data\odac\pristine_H2O\LAJJAK\LAJJAK_w_H2O_1_relaxed.cif,-0.4827404840000554
C:\Users\GED\PycharmProjects\Aixelo_Project_DataLab_2025\data\odac\pristine_H2O\LAJTIC\LAJTIC_w_H2O_1_relaxed.cif,-0.30559574749999996
C:\Users\GED\PycharmProjects\Aixelo_Project_DataLab_2025\data\odac\pristine_H2O\LALFUB\LALFUB_w_H2O_1_relaxed.cif,0.8543075759999852
C:\Users\GED\PycharmProjects\Aixelo_Project_DataLab_2025\data\odac\pristine_H2O\LALPIZ\LALPIZ_w_H2O_1_relaxed.cif,-0.5598331119999784
C:\Users\GED\PycharmProjects\Aixelo_Project_DataLab_2025\data\odac\pristine_H2O\LALPOF\LALPOF_w_H2O_1_relaxed.cif,-0.8287064619999682
C:\Users\GED\PycharmProjects\Aixelo_Project_DataLab_2025\data\odac\pristine_H2O\LAMFEK\LAMFEK_w_H2O_1_relaxed.cif,-0.7054572450000194
C:\Users\GED\PycharmProjects\Aixelo_Project_DataLab_2025\data\odac\pristine_H2O\LAMFIO\LAMFIO_w_H2O_1_relaxed.cif,-0.3833969475000174
C:\Users\GED\PycharmProjects\Aixelo_Project_DataLab_2025\data\odac\pristine_H2O\LAQNID\LAQNID_w_H2O_1_relaxed.cif,-0.31502571500004706
C:\Users\GED\PycharmProjects\Aixelo_Project_DataLab_2025\data\odac\pristine_H2O\LARNEA\LARNEA_w_H2O_1_relaxed.cif,-0.5317354059999616
C:\Users\GED\PycharmProjects\Aixelo_Project_DataLab_2025\data\odac\pristine_H2O\LARNIE\LARNIE_w_H2O_1_relaxed.cif,-0.4889068360001147
C:\Users\GED\PycharmProjects\Aixelo_Project_DataLab_2025\data\odac\pristine_H2O\LARPEC\LARPEC_w_H2O_1_relaxed.cif,-0.2254520775001083
C:\Users\GED\PycharmProjects\Aixelo_Project_DataLab_2025\data\odac\pristine_H2O\LARPOL_charged\LARPOL_charged_w_H2O_1_relaxed.cif,-0.5315523800009032
C:\Users\GED\PycharmProjects\Aixelo_Project_DataLab_2025\data\odac\pristine_H2O\LASRAB\LASRAB_w_H2O_1_relaxed.cif,-0.27096276249991996
C:\Users\GED\PycharmProjects\Aixelo_Project_DataLab_2025\data\odac\pristine_H2O\LASREF\LASREF_w_H2O_1_relaxed.cif,-0.07661353250000502
C:\Users\GED\PycharmProjects\Aixelo_Project_DataLab_2025\data\odac\pristine_H2O\LASWEJ\LASWEJ_w_H2O_random_2_relaxed.cif,-0.4444783399999323
C:\Users\GED\PycharmProjects\Aixelo_Project_DataLab_2025\data\odac\pristine_H2O\LASWIN\LASWIN_w_H2O_1_relaxed.cif,-0.040740934000109516
C:\Users\GED\PycharmProjects\Aixelo_Project_DataLab_2025\data\odac\pristine_H2O\LASYOU\LASYOU_w_H2O_1_relaxed.cif,-0.3780504950000534
C:\Users\GED\PycharmProjects\Aixelo_Project_DataLab_2025\data\odac\pristine_H2O\LATPIG\LATPIG_w_H2O_1_relaxed.cif,-0.2735257700001057
C:\Users\GED\PycharmProjects\Aixelo_Project_DataLab_2025\data\odac\pristine_H2O\LATYOX\LATYOX_w_H2O_1_relaxed.cif,-0.20917247500003094
C:\Users\GED\PycharmProjects\Aixelo_Project_DataLab_2025\data\odac\pristine_H2O\LAVCUJ\LAVCUJ_w_H2O_1_relaxed.cif,-1.0495976250000254
C:\Users\GED\PycharmProjects\Aixelo_Project_DataLab_2025\data\odac\pristine_H2O\LAVSUY\LAVSUY_w_H2O_1_relaxed.cif,-0.21283555599995901
C:\Users\GED\PycharmProjects\Aixelo_Project_DataLab_2025\data\odac\pristine_H2O\LAVTAF\LAVTAF_w_H2O_1_relaxed.cif,-0.18227045999992691
C:\Users\GED\PycharmProjects\Aixelo_Project_DataLab_2025\data\odac\pristine_H2O\LAVTEJ\LAVTEJ_w_H2O_1_relaxed.cif,-0.23440890499995243
C:\Users\GED\PycharmProjects\Aixelo_Project_DataLab_2025\data\odac\pristine_H2O\LAWFOF\LAWFOF_w_H2O_1_relaxed.cif,-0.2434114625003758
C:\Users\GED\PycharmProjects\Aixelo_Project_DataLab_2025\data\odac\pristine_H2O\LAWFUL\LAWFUL_w_H2O_1_relaxed.cif,-0.3247722375001558
C:\Users\GED\PycharmProjects\Aixelo_Project_DataLab_2025\data\odac\pristine_H2O\LAWFUN\LAWFUN_w_H2O_1_relaxed.cif,-0.20058580833369885
C:\Users\GED\PycharmProjects\Aixelo_Project_DataLab_2025\data\odac\pristine_H2O\LAWGAS\LAWGAS_w_H2O_1_relaxed.cif,-0.26042868750016623
C:\Users\GED\PycharmProjects\Aixelo_Project_DataLab_2025\data\odac\pristine_H2O\LAWGEW\LAWGEW_w_H2O_1_relaxed.cif,-0.15839810250000136
C:\Users\GED\PycharmProjects\Aixelo_Project_DataLab_2025\data\odac\pristine_H2O\LAWGIA\LAWGIA_w_H2O_1_relaxed.cif,-0.19912913749999459
C:\Users\GED\PycharmProjects\Aixelo_Project_DataLab_2025\data\odac\pristine_H2O\LAWGOG\LAWGOG_w_H2O_1_relaxed.cif,-0.15749129499999978
C:\Users\GED\PycharmProjects\Aixelo_Project_DataLab_2025\data\odac\pristine_H2O\LAWGUM\LAWGUM_w_H2O_1_relaxed.cif,-0.17106528749999936
C:\Users\GED\PycharmProjects\Aixelo_Project_DataLab_2025\data\odac\pristine_H2O\LAWHOJ\LAWHOJ_w_H2O_1_relaxed.cif,-0.41321857500027664
C:\Users\GED\PycharmProjects\Aixelo_Project_DataLab_2025\data\odac\pristine_H2O\LAWHUP\LAWHUP_w_H2O_1_relaxed.cif,-0.4069223316669195
C:\Users\GED\PycharmProjects\Aixelo_Project_DataLab_2025\data\odac\pristine_H2O\LAXMIJ\LAXMIJ_w_H2O_1_relaxed.cif,-0.5776335919999838
C:\Users\GED\PycharmProjects\Aixelo_Project_DataLab_2025\data\odac\pristine_H2O\LAZJAZ_SL\LAZJAZ_SL_w_H2O_1_relaxed.cif,-0.23348521199998226
C:\Users\GED\PycharmProjects\Aixelo_Project_DataLab_2025\data\odac\pristine_H2O\LAZJIH\LAZJIH_w_H2O_random_1_relaxed.cif,-0.3782114400000864
C:\Users\GED\PycharmProjects\Aixelo_Project_DataLab_2025\data\odac\pristine_H2O\LAZKUU\LAZKUU_w_H2O_1_relaxed.cif,-0.23717515599992106
C:\Users\GED\PycharmProjects\Aixelo_Project_DataLab_2025\data\odac\pristine_H2O\LAZXOB\LAZXOB_w_H2O_1_relaxed.cif,-0.4917333774999406
C:\Users\GED\PycharmProjects\Aixelo_Project_DataLab_2025\data\odac\pristine_H2O\LECFAC\LECFAC_w_H2O_random_1_relaxed.cif,-0.0735542100001112
C:\Users\GED\PycharmProjects\Aixelo_Project_DataLab_2025\data\odac\pristine_H2O\LECFUW_charged\LECFUW_charged_w_H2O_1_relaxed.cif,-0.49901660400018955
C:\Users\GED\PycharmProjects\Aixelo_Project_DataLab_2025\data\odac\pristine_H2O\LECGAD\LECGAD_w_H2O_1_relaxed.cif,-0.5820286499999838
C:\Users\GED\PycharmProjects\Aixelo_Project_DataLab_2025\data\odac\pristine_H2O\LECGEH\LECGEH_w_H2O_1_relaxed.cif,-0.5470692959999383
C:\Users\GED\PycharmProjects\Aixelo_Project_DataLab_2025\data\odac\pristine_H2O\LECGIL\LECGIL_w_H2O_1_relaxed.cif,-0.3372379550000062
C:\Users\GED\PycharmProjects\Aixelo_Project_DataLab_2025\data\odac\pristine_H2O\LEDHEJ\LEDHEJ_w_H2O_1_relaxed.cif,-0.23939841199999132
C:\Users\GED\PycharmProjects\Aixelo_Project_DataLab_2025\data\odac\pristine_H2O\LEDHIN\LEDHIN_w_H2O_1_relaxed.cif,-0.35376990199990815
C:\Users\GED\PycharmProjects\Aixelo_Project_DataLab_2025\data\odac\pristine_H2O\LEDLEN\LEDLEN_w_H2O_1_relaxed.cif,-0.22580435749995328
C:\Users\GED\PycharmProjects\Aixelo_Project_DataLab_2025\data\odac\pristine_H2O\LEGGEK\LEGGEK_w_H2O_1_relaxed.cif,-0.7622434699999966
C:\Users\GED\PycharmProjects\Aixelo_Project_DataLab_2025\data\odac\pristine_H2O\LEGGIO\LEGGIO_w_H2O_1_relaxed.cif,-0.5545316699999034
C:\Users\GED\PycharmProjects\Aixelo_Project_DataLab_2025\data\odac\pristine_H2O\LEJCAE\LEJCAE_w_H2O_2_relaxed.cif,-0.025867394999977478
C:\Users\GED\PycharmProjects\Aixelo_Project_DataLab_2025\data\odac\pristine_H2O\LEJRIC\LEJRIC_w_H2O_1_relaxed.cif,-0.135538215000011
C:\Users\GED\PycharmProjects\Aixelo_Project_DataLab_2025\data\odac\pristine_H2O\LELMIA\LELMIA_w_H2O_1_relaxed.cif,-0.4548519940000119
C:\Users\GED\PycharmProjects\Aixelo_Project_DataLab_2025\data\odac\pristine_H2O\LELMIA01\LELMIA01_w_H2O_1_relaxed.cif,-0.5044688019999967
C:\Users\GED\PycharmProjects\Aixelo_Project_DataLab_2025\data\odac\pristine_H2O\LELROL\LELROL_w_H2O_2_relaxed.cif,-0.05880550333343607
C:\Users\GED\PycharmProjects\Aixelo_Project_DataLab_2025\data\odac\pristine_H2O\LELRUR\LELRUR_w_H2O_1_relaxed.cif,-0.7038826040003187
C:\Users\GED\PycharmProjects\Aixelo_Project_DataLab_2025\data\odac\pristine_H2O\LEMHAM\LEMHAM_w_H2O_1_relaxed.cif,0.33095641999998404
C:\Users\GED\PycharmProjects\Aixelo_Project_DataLab_2025\data\odac\pristine_H2O\LEQQAA\LEQQAA_w_H2O_1_relaxed.cif,-0.20112281999990952
C:\Users\GED\PycharmProjects\Aixelo_Project_DataLab_2025\data\odac\pristine_H2O\LESWAI\LESWAI_w_H2O_1_relaxed.cif,-0.24884787399996638
C:\Users\GED\PycharmProjects\Aixelo_Project_DataLab_2025\data\odac\pristine_H2O\LETDEU\LETDEU_w_H2O_1_relaxed.cif,0.2582647133332709
C:\Users\GED\PycharmProjects\Aixelo_Project_DataLab_2025\data\odac\pristine_H2O\LETDUK\LETDUK_w_H2O_1_relaxed.cif,0.19536782250000329
C:\Users\GED\PycharmProjects\Aixelo_Project_DataLab_2025\data\odac\pristine_H2O\LEVDIB\LEVDIB_w_H2O_1_relaxed.cif,-0.029566091999822658
C:\Users\GED\PycharmProjects\Aixelo_Project_DataLab_2025\data\odac\pristine_H2O\LEVNOQ\LEVNOQ_w_H2O_1_relaxed.cif,-0.8174612319999823
C:\Users\GED\PycharmProjects\Aixelo_Project_DataLab_2025\data\odac\pristine_H2O\LEVNOQ01\LEVNOQ01_w_H2O_1_relaxed.cif,-0.790705134000018
C:\Users\GED\PycharmProjects\Aixelo_Project_DataLab_2025\data\odac\pristine_H2O\LEVYOC\LEVYOC_w_H2O_1_relaxed.cif,-0.537279065000007
C:\Users\GED\PycharmProjects\Aixelo_Project_DataLab_2025\data\odac\pristine_H2O\LEWMUX\LEWMUX_w_H2O_1_relaxed.cif,-0.3839580960000148
C:\Users\GED\PycharmProjects\Aixelo_Project_DataLab_2025\data\odac\pristine_H2O\LEWZET\LEWZET_w_H2O_1_relaxed.cif,4.8839068260001115
C:\Users\GED\PycharmProjects\Aixelo_Project_DataLab_2025\data\odac\pristine_H2O\LEZJOQ\LEZJOQ_w_H2O_1_relaxed.cif,-0.5102230100000801
C:\Users\GED\PycharmProjects\Aixelo_Project_DataLab_2025\data\odac\pristine_H2O\LEZLAF\LEZLAF_w_H2O_1_relaxed.cif,-0.33728562599994805
C:\Users\GED\PycharmProjects\Aixelo_Project_DataLab_2025\data\odac\pristine_H2O\LEZMIN\LEZMIN_w_H2O_1_relaxed.cif,-0.42176466000007623
C:\Users\GED\PycharmProjects\Aixelo_Project_DataLab_2025\data\odac\pristine_H2O\LIBZIG\LIBZIG_w_H2O_1_relaxed.cif,-0.6300196850000077
C:\Users\GED\PycharmProjects\Aixelo_Project_DataLab_2025\data\odac\pristine_H2O\LICKAL\LICKAL_w_H2O_1_relaxed.cif,-0.4476317859999199
C:\Users\GED\PycharmProjects\Aixelo_Project_DataLab_2025\data\odac\pristine_H2O\LIDSEY\LIDSEY_w_H2O_1_relaxed.cif,-0.29914513999972314
C:\Users\GED\PycharmProjects\Aixelo_Project_DataLab_2025\data\odac\pristine_H2O\LIDZOP\LIDZOP_w_H2O_1_relaxed.cif,-0.2438439633333663
C:\Users\GED\PycharmProjects\Aixelo_Project_DataLab_2025\data\odac\pristine_H2O\LIDZUV\LIDZUV_w_H2O_1_relaxed.cif,0.042766000000000304
C:\Users\GED\PycharmProjects\Aixelo_Project_DataLab_2025\data\odac\pristine_H2O\LIFSAW\LIFSAW_w_H2O_1_relaxed.cif,-0.5239331024999956
C:\Users\GED\PycharmProjects\Aixelo_Project_DataLab_2025\data\odac\pristine_H2O\LIFSEA\LIFSEA_w_H2O_1_relaxed.cif,-0.5424789900004725
C:\Users\GED\PycharmProjects\Aixelo_Project_DataLab_2025\data\odac\pristine_H2O\LIFWEE\LIFWEE_w_H2O_1_relaxed.cif,-0.4339032880002378
C:\Users\GED\PycharmProjects\Aixelo_Project_DataLab_2025\data\odac\pristine_H2O\LIFWOO\LIFWOO_w_H2O_1_relaxed.cif,-0.417194672000096
C:\Users\GED\PycharmProjects\Aixelo_Project_DataLab_2025\data\odac\pristine_H2O\LIGHAM\LIGHAM_w_H2O_1_relaxed.cif,0.16886927600012308
C:\Users\GED\PycharmProjects\Aixelo_Project_DataLab_2025\data\odac\pristine_H2O\LIJNOJ\LIJNOJ_w_H2O_1_relaxed.cif,-0.4244251480000457
C:\Users\GED\PycharmProjects\Aixelo_Project_DataLab_2025\data\odac\pristine_H2O\LIJNOJ01\LIJNOJ01_w_H2O_1_relaxed.cif,-0.45167031200053315
C:\Users\GED\PycharmProjects\Aixelo_Project_DataLab_2025\data\odac\pristine_H2O\LIKCOY_charged\LIKCOY_charged_w_H2O_1_relaxed.cif,0.05252181500014785
C:\Users\GED\PycharmProjects\Aixelo_Project_DataLab_2025\data\odac\pristine_H2O\LIKFOB\LIKFOB_w_H2O_1_relaxed.cif,-0.5658667559999742
C:\Users\GED\PycharmProjects\Aixelo_Project_DataLab_2025\data\odac\pristine_H2O\LIQDAS\LIQDAS_w_H2O_2_relaxed.cif,-0.3850572933338299
C:\Users\GED\PycharmProjects\Aixelo_Project_DataLab_2025\data\odac\pristine_H2O\LIQFEY\LIQFEY_w_H2O_1_relaxed.cif,-0.3707844319999594
C:\Users\GED\PycharmProjects\Aixelo_Project_DataLab_2025\data\odac\pristine_H2O\LIQJEC\LIQJEC_w_H2O_1_relaxed.cif,-0.31432176500038617
C:\Users\GED\PycharmProjects\Aixelo_Project_DataLab_2025\data\odac\pristine_H2O\LIRFIB\LIRFIB_w_H2O_1_relaxed.cif,-0.21833286666662843
C:\Users\GED\PycharmProjects\Aixelo_Project_DataLab_2025\data\odac\pristine_H2O\LIRTUC\LIRTUC_w_H2O_1_relaxed.cif,-0.385632297499967
C:\Users\GED\PycharmProjects\Aixelo_Project_DataLab_2025\data\odac\pristine_H2O\LIRVAK_charged\LIRVAK_charged_w_H2O_1_relaxed.cif,-0.6528112140002577
C:\Users\GED\PycharmProjects\Aixelo_Project_DataLab_2025\data\odac\pristine_H2O\LITCIC\LITCIC_w_H2O_1_relaxed.cif,-0.4058210960000679
C:\Users\GED\PycharmProjects\Aixelo_Project_DataLab_2025\data\odac\pristine_H2O\LITCOI\LITCOI_w_H2O_1_relaxed.cif,0.05383287400004523
C:\Users\GED\PycharmProjects\Aixelo_Project_DataLab_2025\data\odac\pristine_H2O\LITDAV\LITDAV_w_H2O_1_relaxed.cif,-0.44662349200011703
C:\Users\GED\PycharmProjects\Aixelo_Project_DataLab_2025\data\odac\pristine_H2O\LITHUR\LITHUR_w_H2O_1_relaxed.cif,-0.16717064666662884
C:\Users\GED\PycharmProjects\Aixelo_Project_DataLab_2025\data\odac\pristine_H2O\LIVLUZ\LIVLUZ_w_H2O_1_relaxed.cif,-0.32523519249986066
C:\Users\GED\PycharmProjects\Aixelo_Project_DataLab_2025\data\odac\pristine_H2O\LIVTEP_charged\LIVTEP_charged_w_H2O_1_relaxed.cif,-0.2535380449999707
C:\Users\GED\PycharmProjects\Aixelo_Project_DataLab_2025\data\odac\pristine_H2O\LIVTIT\LIVTIT_w_H2O_1_relaxed.cif,-0.7281359633333295
C:\Users\GED\PycharmProjects\Aixelo_Project_DataLab_2025\data\odac\pristine_H2O\LIVWAQ\LIVWAQ_w_H2O_1_relaxed.cif,-0.5139498400000662
C:\Users\GED\PycharmProjects\Aixelo_Project_DataLab_2025\data\odac\pristine_H2O\LIWXIZ\LIWXIZ_w_H2O_1_relaxed.cif,-0.08074524200003456
C:\Users\GED\PycharmProjects\Aixelo_Project_DataLab_2025\data\odac\pristine_H2O\LIWXOG\LIWXOG_w_H2O_random_1_relaxed.cif,-0.3867456249997758
C:\Users\GED\PycharmProjects\Aixelo_Project_DataLab_2025\data\odac\pristine_H2O\LIXWAR\LIXWAR_w_H2O_1_relaxed.cif,0.5138304240000252
C:\Users\GED\PycharmProjects\Aixelo_Project_DataLab_2025\data\odac\pristine_H2O\LIXWAR01\LIXWAR01_w_H2O_1_relaxed.cif,-0.2744795483332988
C:\Users\GED\PycharmProjects\Aixelo_Project_DataLab_2025\data\odac\pristine_H2O\LIXXAS\LIXXAS_w_H2O_1_relaxed.cif,-0.3544214319999924
C:\Users\GED\PycharmProjects\Aixelo_Project_DataLab_2025\data\odac\pristine_H2O\LOBHAM\LOBHAM_w_H2O_1_relaxed.cif,-0.646487352500003
C:\Users\GED\PycharmProjects\Aixelo_Project_DataLab_2025\data\odac\pristine_H2O\LOCZIO\LOCZIO_w_H2O_1_relaxed.cif,-0.42420729500008747
C:\Users\GED\PycharmProjects\Aixelo_Project_DataLab_2025\data\odac\pristine_H2O\LODKIA\LODKIA_w_H2O_1_relaxed.cif,-0.08922638199996984
C:\Users\GED\PycharmProjects\Aixelo_Project_DataLab_2025\data\odac\pristine_H2O\LOFZUB\LOFZUB_w_H2O_1_relaxed.cif,-0.24745033833327545
C:\Users\GED\PycharmProjects\Aixelo_Project_DataLab_2025\data\odac\pristine_H2O\LOGBAK\LOGBAK_w_H2O_1_relaxed.cif,-0.285650373333245
C:\Users\GED\PycharmProjects\Aixelo_Project_DataLab_2025\data\odac\pristine_H2O\LOGBEO\LOGBEO_w_H2O_1_relaxed.cif,-0.33200159499995147
C:\Users\GED\PycharmProjects\Aixelo_Project_DataLab_2025\data\odac\pristine_H2O\LOJFUL\LOJFUL_w_H2O_2_relaxed.cif,-0.3975874749999093
C:\Users\GED\PycharmProjects\Aixelo_Project_DataLab_2025\data\odac\pristine_H2O\LOJLAZ\LOJLAZ_w_H2O_1_relaxed.cif,-0.255418989999896
C:\Users\GED\PycharmProjects\Aixelo_Project_DataLab_2025\data\odac\pristine_H2O\LOJLAZ01\LOJLAZ01_w_H2O_1_relaxed.cif,-0.25420640499987707
C:\Users\GED\PycharmProjects\Aixelo_Project_DataLab_2025\data\odac\pristine_H2O\LOMLOQ\LOMLOQ_w_H2O_1_relaxed.cif,-0.9922996780000404
C:\Users\GED\PycharmProjects\Aixelo_Project_DataLab_2025\data\odac\pristine_H2O\LOMLUW\LOMLUW_w_H2O_1_relaxed.cif,-0.8903830060000246
C:\Users\GED\PycharmProjects\Aixelo_Project_DataLab_2025\data\odac\pristine_H2O\LONVAN\LONVAN_w_H2O_1_relaxed.cif,-0.35046556249994865
C:\Users\GED\PycharmProjects\Aixelo_Project_DataLab_2025\data\odac\pristine_H2O\LONVIV\LONVIV_w_H2O_1_relaxed.cif,-0.46703762999993614
C:\Users\GED\PycharmProjects\Aixelo_Project_DataLab_2025\data\odac\pristine_H2O\LONWIW\LONWIW_w_H2O_1_relaxed.cif,-0.3914896840000438
C:\Users\GED\PycharmProjects\Aixelo_Project_DataLab_2025\data\odac\pristine_H2O\LOQLIN_SL\LOQLIN_SL_w_H2O_1_relaxed.cif,0.14603636200001802
C:\Users\GED\PycharmProjects\Aixelo_Project_DataLab_2025\data\odac\pristine_H2O\LORMOW\LORMOW_w_H2O_1_relaxed.cif,-0.34633214199993745
C:\Users\GED\PycharmProjects\Aixelo_Project_DataLab_2025\data\odac\pristine_H2O\LORNEL\LORNEL_w_H2O_1_relaxed.cif,-0.49091320999995247
C:\Users\GED\PycharmProjects\Aixelo_Project_DataLab_2025\data\odac\pristine_H2O\LOSBOM\LOSBOM_w_H2O_1_relaxed.cif,-0.08334826799991786
C:\Users\GED\PycharmProjects\Aixelo_Project_DataLab_2025\data\odac\pristine_H2O\LOXWAY\LOXWAY_w_H2O_1_relaxed.cif,-0.47999731599998086
C:\Users\GED\PycharmProjects\Aixelo_Project_DataLab_2025\data\odac\pristine_H2O\LOXWEC\LOXWEC_w_H2O_1_relaxed.cif,-0.10099795749999883
C:\Users\GED\PycharmProjects\Aixelo_Project_DataLab_2025\data\odac\pristine_H2O\LUBNAZ\LUBNAZ_w_H2O_1_relaxed.cif,-0.28724794249995966
C:\Users\GED\PycharmProjects\Aixelo_Project_DataLab_2025\data\odac\pristine_H2O\LUCDAO\LUCDAO_w_H2O_1_relaxed.cif,3.3379701466667107
C:\Users\GED\PycharmProjects\Aixelo_Project_DataLab_2025\data\odac\pristine_H2O\LUCDES\LUCDES_w_H2O_1_relaxed.cif,-0.41288818999984755
C:\Users\GED\PycharmProjects\Aixelo_Project_DataLab_2025\data\odac\pristine_H2O\LUCDIW\LUCDIW_w_H2O_1_relaxed.cif,-0.19389881600002348
C:\Users\GED\PycharmProjects\Aixelo_Project_DataLab_2025\data\odac\pristine_H2O\LUDCUK\LUDCUK_w_H2O_1_relaxed.cif,-0.31884201200009554
C:\Users\GED\PycharmProjects\Aixelo_Project_DataLab_2025\data\odac\pristine_H2O\LUDKOM\LUDKOM_w_H2O_1_relaxed.cif,-0.11625856000014215
C:\Users\GED\PycharmProjects\Aixelo_Project_DataLab_2025\data\odac\pristine_H2O\LUDKUS\LUDKUS_w_H2O_1_relaxed.cif,-0.21297551799998468
C:\Users\GED\PycharmProjects\Aixelo_Project_DataLab_2025\data\odac\pristine_H2O\LUDLAZ\LUDLAZ_w_H2O_1_relaxed.cif,1.240374139999767
C:\Users\GED\PycharmProjects\Aixelo_Project_DataLab_2025\data\odac\pristine_H2O\LUDVIP\LUDVIP_w_H2O_1_relaxed.cif,-0.3289525159999357
C:\Users\GED\PycharmProjects\Aixelo_Project_DataLab_2025\data\odac\pristine_H2O\LUFBUL\LUFBUL_w_H2O_1_relaxed.cif,-0.3392810760001793
C:\Users\GED\PycharmProjects\Aixelo_Project_DataLab_2025\data\odac\pristine_H2O\LUFCAS\LUFCAS_w_H2O_1_relaxed.cif,-0.303128573999902
C:\Users\GED\PycharmProjects\Aixelo_Project_DataLab_2025\data\odac\pristine_H2O\LUFNAC\LUFNAC_w_H2O_1_relaxed.cif,-0.09828930600001512
C:\Users\GED\PycharmProjects\Aixelo_Project_DataLab_2025\data\odac\pristine_H2O\LUFNAC01\LUFNAC01_w_H2O_1_relaxed.cif,-0.1882364139999026
C:\Users\GED\PycharmProjects\Aixelo_Project_DataLab_2025\data\odac\pristine_H2O\LUFNAC02\LUFNAC02_w_H2O_1_relaxed.cif,-0.2964857219998521
C:\Users\GED\PycharmProjects\Aixelo_Project_DataLab_2025\data\odac\pristine_H2O\LUFNAC03\LUFNAC03_w_H2O_1_relaxed.cif,-0.1377776939999876
C:\Users\GED\PycharmProjects\Aixelo_Project_DataLab_2025\data\odac\pristine_H2O\LUFNAC04\LUFNAC04_w_H2O_1_relaxed.cif,-0.15833894799993684
C:\Users\GED\PycharmProjects\Aixelo_Project_DataLab_2025\data\odac\pristine_H2O\LUFNAC05\LUFNAC05_w_H2O_1_relaxed.cif,-0.3426016359999949
C:\Users\GED\PycharmProjects\Aixelo_Project_DataLab_2025\data\odac\pristine_H2O\LUFNEG\LUFNEG_w_H2O_1_relaxed.cif,-0.3717710949998718
C:\Users\GED\PycharmProjects\Aixelo_Project_DataLab_2025\data\odac\pristine_H2O\LUFQUZ\LUFQUZ_w_H2O_1_relaxed.cif,-0.41205027600001926
C:\Users\GED\PycharmProjects\Aixelo_Project_DataLab_2025\data\odac\pristine_H2O\LUFQUZ01\LUFQUZ01_w_H2O_1_relaxed.cif,-0.3923263700000063
C:\Users\GED\PycharmProjects\Aixelo_Project_DataLab_2025\data\odac\pristine_H2O\LUFQUZ02\LUFQUZ02_w_H2O_1_relaxed.cif,-0.34895848599999224
C:\Users\GED\PycharmProjects\Aixelo_Project_DataLab_2025\data\odac\pristine_H2O\LUJPUC\LUJPUC_w_H2O_1_relaxed.cif,-0.3472715725000057
C:\Users\GED\PycharmProjects\Aixelo_Project_DataLab_2025\data\odac\pristine_H2O\LUJSOA\LUJSOA_w_H2O_random_1_relaxed.cif,-0.7030838000000017
C:\Users\GED\PycharmProjects\Aixelo_Project_DataLab_2025\data\odac\pristine_H2O\LUKLIN\LUKLIN_w_H2O_1_relaxed.cif,-0.13468904250009925
C:\Users\GED\PycharmProjects\Aixelo_Project_DataLab_2025\data\odac\pristine_H2O\LUMDEC\LUMDEC_w_H2O_1_relaxed.cif,-0.3739459999999894
C:\Users\GED\PycharmProjects\Aixelo_Project_DataLab_2025\data\odac\pristine_H2O\LUMLIQ\LUMLIQ_w_H2O_1_relaxed.cif,-0.5307414659999494
C:\Users\GED\PycharmProjects\Aixelo_Project_DataLab_2025\data\odac\pristine_H2O\LUMYEZ\LUMYEZ_w_H2O_1_relaxed.cif,-0.1462531799999169
C:\Users\GED\PycharmProjects\Aixelo_Project_DataLab_2025\data\odac\pristine_H2O\LUMYID\LUMYID_w_H2O_1_relaxed.cif,-0.1549658324998972
C:\Users\GED\PycharmProjects\Aixelo_Project_DataLab_2025\data\odac\pristine_H2O\LUMYOJ\LUMYOJ_w_H2O_1_relaxed.cif,-0.17899794999988217
C:\Users\GED\PycharmProjects\Aixelo_Project_DataLab_2025\data\odac\pristine_H2O\LUMYUP\LUMYUP_w_H2O_1_relaxed.cif,-0.1137517479997768
C:\Users\GED\PycharmProjects\Aixelo_Project_DataLab_2025\data\odac\pristine_H2O\LUMZAW\LUMZAW_w_H2O_1_relaxed.cif,-0.345422322499985
C:\Users\GED\PycharmProjects\Aixelo_Project_DataLab_2025\data\odac\pristine_H2O\LUNBAX\LUNBAX_w_H2O_1_relaxed.cif,0.05463916750001374
C:\Users\GED\PycharmProjects\Aixelo_Project_DataLab_2025\data\odac\pristine_H2O\LUNBIF\LUNBIF_w_H2O_1_relaxed.cif,-0.16686246999996962
C:\Users\GED\PycharmProjects\Aixelo_Project_DataLab_2025\data\odac\pristine_H2O\LUPYAX\LUPYAX_w_H2O_1_relaxed.cif,-0.2712798680001015
C:\Users\GED\PycharmProjects\Aixelo_Project_DataLab_2025\data\odac\pristine_H2O\LURLOB\LURLOB_w_H2O_1_relaxed.cif,0.3657985000000963
C:\Users\GED\PycharmProjects\Aixelo_Project_DataLab_2025\data\odac\pristine_H2O\LUSHIR\LUSHIR_w_H2O_1_relaxed.cif,-0.07787975799994912
C:\Users\GED\PycharmProjects\Aixelo_Project_DataLab_2025\data\odac\pristine_H2O\LUSHOX01\LUSHOX01_w_H2O_1_relaxed.cif,-0.19855212399986608
C:\Users\GED\PycharmProjects\Aixelo_Project_DataLab_2025\data\odac\pristine_H2O\LUSHOX02\LUSHOX02_w_H2O_random_1_relaxed.cif,-0.2047392599999966
C:\Users\GED\PycharmProjects\Aixelo_Project_DataLab_2025\data\odac\pristine_H2O\LUSHOX03\LUSHOX03_w_H2O_1_relaxed.cif,-0.4585729400000673
C:\Users\GED\PycharmProjects\Aixelo_Project_DataLab_2025\data\odac\pristine_H2O\LUSHOX04\LUSHOX04_w_H2O_1_relaxed.cif,-0.2322582549999765
C:\Users\GED\PycharmProjects\Aixelo_Project_DataLab_2025\data\odac\pristine_H2O\LUSHUD\LUSHUD_w_H2O_1_relaxed.cif,-0.26799950749992263
C:\Users\GED\PycharmProjects\Aixelo_Project_DataLab_2025\data\odac\pristine_H2O\LUSJEP\LUSJEP_w_H2O_1_relaxed.cif,-0.06297242399994048
C:\Users\GED\PycharmProjects\Aixelo_Project_DataLab_2025\data\odac\pristine_H2O\LUSJIT\LUSJIT_w_H2O_1_relaxed.cif,-0.4691796800000475
C:\Users\GED\PycharmProjects\Aixelo_Project_DataLab_2025\data\odac\pristine_H2O\LUSJOZ\LUSJOZ_w_H2O_1_relaxed.cif,-0.4560970740000812
C:\Users\GED\PycharmProjects\Aixelo_Project_DataLab_2025\data\odac\pristine_H2O\LUSYEF\LUSYEF_w_H2O_1_relaxed.cif,-0.4448931500007802
C:\Users\GED\PycharmProjects\Aixelo_Project_DataLab_2025\data\odac\pristine_H2O\LUTSEA\LUTSEA_w_H2O_1_relaxed.cif,-0.5378118524998854
C:\Users\GED\PycharmProjects\Aixelo_Project_DataLab_2025\data\odac\pristine_H2O\LUWMEX\LUWMEX_w_H2O_1_relaxed.cif,0.07303733999997346
C:\Users\GED\PycharmProjects\Aixelo_Project_DataLab_2025\data\odac\pristine_H2O\LUWMIB\LUWMIB_w_H2O_1_relaxed.cif,-0.2690684099999695
C:\Users\GED\PycharmProjects\Aixelo_Project_DataLab_2025\data\odac\pristine_H2O\LUYHAP\LUYHAP_w_H2O_1_relaxed.cif,-0.08066202250000737
C:\Users\GED\PycharmProjects\Aixelo_Project_DataLab_2025\data\odac\pristine_H2O\LUZBOY\LUZBOY_w_H2O_2_relaxed.cif,-0.027016299999957
C:\Users\GED\PycharmProjects\Aixelo_Project_DataLab_2025\data\odac\pristine_H2O\MABCUQ\MABCUQ_w_H2O_1_relaxed.cif,-0.403342322499995
C:\Users\GED\PycharmProjects\Aixelo_Project_DataLab_2025\data\odac\pristine_H2O\MABJUV\MABJUV_w_H2O_1_relaxed.cif,-0.4114287880000802
C:\Users\GED\PycharmProjects\Aixelo_Project_DataLab_2025\data\odac\pristine_H2O\MABKEG\MABKEG_w_H2O_1_relaxed.cif,-0.5944891180000468
C:\Users\GED\PycharmProjects\Aixelo_Project_DataLab_2025\data\odac\pristine_H2O\MABKIK\MABKIK_w_H2O_1_relaxed.cif,-0.35440152799974384
C:\Users\GED\PycharmProjects\Aixelo_Project_DataLab_2025\data\odac\pristine_H2O\MABKIK01\MABKIK01_w_H2O_1_relaxed.cif,-0.27717288499988507
C:\Users\GED\PycharmProjects\Aixelo_Project_DataLab_2025\data\odac\pristine_H2O\MABLAD\MABLAD_w_H2O_3_relaxed.cif,-0.21734755499994657
C:\Users\GED\PycharmProjects\Aixelo_Project_DataLab_2025\data\odac\pristine_H2O\MACKAE\MACKAE_w_H2O_1_relaxed.cif,-0.881678529999931
C:\Users\GED\PycharmProjects\Aixelo_Project_DataLab_2025\data\odac\pristine_H2O\MADWAQ\MADWAQ_w_H2O_1_relaxed.cif,-0.4551913119999654
C:\Users\GED\PycharmProjects\Aixelo_Project_DataLab_2025\data\odac\pristine_H2O\MAFJIO\MAFJIO_w_H2O_1_relaxed.cif,-0.08124147999996015
C:\Users\GED\PycharmProjects\Aixelo_Project_DataLab_2025\data\odac\pristine_H2O\MAFLUD\MAFLUD_w_H2O_1_relaxed.cif,-0.18926807399998322
C:\Users\GED\PycharmProjects\Aixelo_Project_DataLab_2025\data\odac\pristine_H2O\MAFMAK01\MAFMAK01_w_H2O_1_relaxed.cif,-0.1940131299999734
C:\Users\GED\PycharmProjects\Aixelo_Project_DataLab_2025\data\odac\pristine_H2O\MAGBAZ\MAGBAZ_w_H2O_1_relaxed.cif,-0.4167576974999747
C:\Users\GED\PycharmProjects\Aixelo_Project_DataLab_2025\data\odac\pristine_H2O\MAGBON\MAGBON_w_H2O_1_relaxed.cif,-0.3364950366667472
C:\Users\GED\PycharmProjects\Aixelo_Project_DataLab_2025\data\odac\pristine_H2O\MAGNEQ\MAGNEQ_w_H2O_1_relaxed.cif,-0.6077919733333014
C:\Users\GED\PycharmProjects\Aixelo_Project_DataLab_2025\data\odac\pristine_H2O\MAGNEQ01\MAGNEQ01_w_H2O_1_relaxed.cif,-0.41838465000001673
C:\Users\GED\PycharmProjects\Aixelo_Project_DataLab_2025\data\odac\pristine_H2O\MAHTAR\MAHTAR_w_H2O_1_relaxed.cif,-0.26592359000008514
C:\Users\GED\PycharmProjects\Aixelo_Project_DataLab_2025\data\odac\pristine_H2O\MAHTAR01\MAHTAR01_w_H2O_1_relaxed.cif,-0.5381470274999742
C:\Users\GED\PycharmProjects\Aixelo_Project_DataLab_2025\data\odac\pristine_H2O\MAJHUC\MAJHUC_w_H2O_1_relaxed.cif,0.01483228199999756
C:\Users\GED\PycharmProjects\Aixelo_Project_DataLab_2025\data\odac\pristine_H2O\MAJJUF\MAJJUF_w_H2O_1_relaxed.cif,-0.047948240000209794
C:\Users\GED\PycharmProjects\Aixelo_Project_DataLab_2025\data\odac\pristine_H2O\MAKFOW\MAKFOW_w_H2O_1_relaxed.cif,-0.307277134999822
C:\Users\GED\PycharmProjects\Aixelo_Project_DataLab_2025\data\odac\pristine_H2O\MAKHAJ\MAKHAJ_w_H2O_1_relaxed.cif,-0.24147495600000185
C:\Users\GED\PycharmProjects\Aixelo_Project_DataLab_2025\data\odac\pristine_H2O\MAKXAZ\MAKXAZ_w_H2O_1_relaxed.cif,-0.4560217700000521
C:\Users\GED\PycharmProjects\Aixelo_Project_DataLab_2025\data\odac\pristine_H2O\MALFUD\MALFUD_w_H2O_1_relaxed.cif,-0.4263302349999662
C:\Users\GED\PycharmProjects\Aixelo_Project_DataLab_2025\data\odac\pristine_H2O\MALRUM\MALRUM_w_H2O_1_relaxed.cif,-0.5322376874999861
C:\Users\GED\PycharmProjects\Aixelo_Project_DataLab_2025\data\odac\pristine_H2O\MALRUP\MALRUP_w_H2O_1_relaxed.cif,-0.15149748999995913
C:\Users\GED\PycharmProjects\Aixelo_Project_DataLab_2025\data\odac\pristine_H2O\MALSAW\MALSAW_w_H2O_1_relaxed.cif,-0.8103995099999963
C:\Users\GED\PycharmProjects\Aixelo_Project_DataLab_2025\data\odac\pristine_H2O\MALSEA\MALSEA_w_H2O_1_relaxed.cif,-0.23436177750005524
C:\Users\GED\PycharmProjects\Aixelo_Project_DataLab_2025\data\odac\pristine_H2O\MALSIE\MALSIE_w_H2O_1_relaxed.cif,-0.11912110250005978
C:\Users\GED\PycharmProjects\Aixelo_Project_DataLab_2025\data\odac\pristine_H2O\MALSOK\MALSOK_w_H2O_1_relaxed.cif,-0.6157227250000972
C:\Users\GED\PycharmProjects\Aixelo_Project_DataLab_2025\data\odac\pristine_H2O\MANLAP_ion_b\MANLAP_ion_b_w_H2O_1_relaxed.cif,-0.33936041599995403
C:\Users\GED\PycharmProjects\Aixelo_Project_DataLab_2025\data\odac\pristine_H2O\MAPCIP\MAPCIP_w_H2O_1_relaxed.cif,-0.23651963600013914
C:\Users\GED\PycharmProjects\Aixelo_Project_DataLab_2025\data\odac\pristine_H2O\MAPFOY\MAPFOY_w_H2O_1_relaxed.cif,-0.5055235300003915
C:\Users\GED\PycharmProjects\Aixelo_Project_DataLab_2025\data\odac\pristine_H2O\MAQBEO\MAQBEO_w_H2O_1_relaxed.cif,-0.35627479599997963
C:\Users\GED\PycharmProjects\Aixelo_Project_DataLab_2025\data\odac\pristine_H2O\MAQRAA\MAQRAA_w_H2O_1_relaxed.cif,-0.39316829200000714
C:\Users\GED\PycharmProjects\Aixelo_Project_DataLab_2025\data\odac\pristine_H2O\MARJAQ\MARJAQ_w_H2O_1_relaxed.cif,-0.7449102985711177
C:\Users\GED\PycharmProjects\Aixelo_Project_DataLab_2025\data\odac\pristine_H2O\MARNOL\MARNOL_w_H2O_1_relaxed.cif,-0.41808430000046426
C:\Users\GED\PycharmProjects\Aixelo_Project_DataLab_2025\data\odac\pristine_H2O\MARNUR\MARNUR_w_H2O_1_relaxed.cif,-0.5408018099999936
C:\Users\GED\PycharmProjects\Aixelo_Project_DataLab_2025\data\odac\pristine_H2O\MARXEK\MARXEK_w_H2O_1_relaxed.cif,-0.25252160999991696
C:\Users\GED\PycharmProjects\Aixelo_Project_DataLab_2025\data\odac\pristine_H2O\MASMIC\MASMIC_w_H2O_1_relaxed.cif,-0.04122855250002995
C:\Users\GED\PycharmProjects\Aixelo_Project_DataLab_2025\data\odac\pristine_H2O\MASZOX\MASZOX_w_H2O_1_relaxed.cif,-0.3373950419998891
C:\Users\GED\PycharmProjects\Aixelo_Project_DataLab_2025\data\odac\pristine_H2O\MASZUD\MASZUD_w_H2O_1_relaxed.cif,-0.3597847199998796
C:\Users\GED\PycharmProjects\Aixelo_Project_DataLab_2025\data\odac\pristine_H2O\MATBAM\MATBAM_w_H2O_1_relaxed.cif,-0.40157693199994354
C:\Users\GED\PycharmProjects\Aixelo_Project_DataLab_2025\data\odac\pristine_H2O\MATFIY\MATFIY_w_H2O_1_relaxed.cif,-0.654118625999945
C:\Users\GED\PycharmProjects\Aixelo_Project_DataLab_2025\data\odac\pristine_H2O\MATTOR\MATTOR_w_H2O_1_relaxed.cif,-0.1362846820000186
C:\Users\GED\PycharmProjects\Aixelo_Project_DataLab_2025\data\odac\pristine_H2O\MATTUX\MATTUX_w_H2O_1_relaxed.cif,-0.3529767079999828
C:\Users\GED\PycharmProjects\Aixelo_Project_DataLab_2025\data\odac\pristine_H2O\MATWUC\MATWUC_w_H2O_1_relaxed.cif,-0.4252240540000457
C:\Users\GED\PycharmProjects\Aixelo_Project_DataLab_2025\data\odac\pristine_H2O\MAVFEV01\MAVFEV01_w_H2O_1_relaxed.cif,-0.8480336766666218
C:\Users\GED\PycharmProjects\Aixelo_Project_DataLab_2025\data\odac\pristine_H2O\MAVNUU_manual\MAVNUU_manual_w_H2O_1_relaxed.cif,-0.22697662800001123
C:\Users\GED\PycharmProjects\Aixelo_Project_DataLab_2025\data\odac\pristine_H2O\MAWTUC\MAWTUC_w_H2O_1_relaxed.cif,-0.26099654749987167
C:\Users\GED\PycharmProjects\Aixelo_Project_DataLab_2025\data\odac\pristine_H2O\MAWVAK\MAWVAK_w_H2O_1_relaxed.cif,-0.23372364999997328
C:\Users\GED\PycharmProjects\Aixelo_Project_DataLab_2025\data\odac\pristine_H2O\MAXFIA_charged\MAXFIA_charged_w_H2O_1_relaxed.cif,-0.6089862300000561
C:\Users\GED\PycharmProjects\Aixelo_Project_DataLab_2025\data\odac\pristine_H2O\MAZSUD\MAZSUD_w_H2O_1_relaxed.cif,-0.4668193899999892
C:\Users\GED\PycharmProjects\Aixelo_Project_DataLab_2025\data\odac\pristine_H2O\MEFJUE\MEFJUE_w_H2O_1_relaxed.cif,-0.27199959500012477
C:\Users\GED\PycharmProjects\Aixelo_Project_DataLab_2025\data\odac\pristine_H2O\MEFYUT\MEFYUT_w_H2O_1_relaxed.cif,-0.4865416574999415
C:\Users\GED\PycharmProjects\Aixelo_Project_DataLab_2025\data\odac\pristine_H2O\MEGBAD\MEGBAD_w_H2O_random_1_relaxed.cif,0.4273909499997899
C:\Users\GED\PycharmProjects\Aixelo_Project_DataLab_2025\data\odac\pristine_H2O\MEGBEH_manual\MEGBEH_manual_w_H2O_1_relaxed.cif,0.03733396600023296
C:\Users\GED\PycharmProjects\Aixelo_Project_DataLab_2025\data\odac\pristine_H2O\MEJMOE\MEJMOE_w_H2O_1_relaxed.cif,-0.44224276249997274
C:\Users\GED\PycharmProjects\Aixelo_Project_DataLab_2025\data\odac\pristine_H2O\MEJQEZ\MEJQEZ_w_H2O_1_relaxed.cif,-0.3307271979999541
C:\Users\GED\PycharmProjects\Aixelo_Project_DataLab_2025\data\odac\pristine_H2O\MEJQID\MEJQID_w_H2O_1_relaxed.cif,-0.29728171800002196
C:\Users\GED\PycharmProjects\Aixelo_Project_DataLab_2025\data\odac\pristine_H2O\MEJQOJ\MEJQOJ_w_H2O_1_relaxed.cif,-0.2556473879999885
C:\Users\GED\PycharmProjects\Aixelo_Project_DataLab_2025\data\odac\pristine_H2O\MEJZEI\MEJZEI_w_H2O_1_relaxed.cif,-0.4904380599999058
C:\Users\GED\PycharmProjects\Aixelo_Project_DataLab_2025\data\odac\pristine_H2O\MEJZIM\MEJZIM_w_H2O_1_relaxed.cif,-0.4607898999998383
C:\Users\GED\PycharmProjects\Aixelo_Project_DataLab_2025\data\odac\pristine_H2O\MEJZOS\MEJZOS_w_H2O_1_relaxed.cif,-0.23138252666679668
C:\Users\GED\PycharmProjects\Aixelo_Project_DataLab_2025\data\odac\pristine_H2O\MEMGAN\MEMGAN_w_H2O_1_relaxed.cif,-0.11425689000002417
C:\Users\GED\PycharmProjects\Aixelo_Project_DataLab_2025\data\odac\pristine_H2O\METYIU\METYIU_w_H2O_1_relaxed.cif,-0.4609359225000276
C:\Users\GED\PycharmProjects\Aixelo_Project_DataLab_2025\data\odac\pristine_H2O\MIBQAR16\MIBQAR16_w_H2O_1_relaxed.cif,-0.20223035499998326
C:\Users\GED\PycharmProjects\Aixelo_Project_DataLab_2025\data\odac\pristine_H2O\MICDEJ\MICDEJ_w_H2O_1_relaxed.cif,-0.5715887820002081
C:\Users\GED\PycharmProjects\Aixelo_Project_DataLab_2025\data\odac\pristine_H2O\MIDCAF\MIDCAF_w_H2O_1_relaxed.cif,-0.4178465500003767
C:\Users\GED\PycharmProjects\Aixelo_Project_DataLab_2025\data\odac\pristine_H2O\MIDRAT\MIDRAT_w_H2O_1_relaxed.cif,-0.344427571999995
C:\Users\GED\PycharmProjects\Aixelo_Project_DataLab_2025\data\odac\pristine_H2O\MIDSUP\MIDSUP_w_H2O_1_relaxed.cif,-0.33623704749993516
C:\Users\GED\PycharmProjects\Aixelo_Project_DataLab_2025\data\odac\pristine_H2O\MIDSUP01\MIDSUP01_w_H2O_1_relaxed.cif,-0.06745654249996845
C:\Users\GED\PycharmProjects\Aixelo_Project_DataLab_2025\data\odac\pristine_H2O\MIFGEP\MIFGEP_w_H2O_1_relaxed.cif,-0.4108807779999097
C:\Users\GED\PycharmProjects\Aixelo_Project_DataLab_2025\data\odac\pristine_H2O\MIFGEP01\MIFGEP01_w_H2O_1_relaxed.cif,-0.17355529800006478
C:\Users\GED\PycharmProjects\Aixelo_Project_DataLab_2025\data\odac\pristine_H2O\MIFKUJ\MIFKUJ_w_H2O_1_relaxed.cif,-0.3890969059999406
C:\Users\GED\PycharmProjects\Aixelo_Project_DataLab_2025\data\odac\pristine_H2O\MIFLIY\MIFLIY_w_H2O_1_relaxed.cif,-0.5820234379999875
C:\Users\GED\PycharmProjects\Aixelo_Project_DataLab_2025\data\odac\pristine_H2O\MIFPUO\MIFPUO_w_H2O_1_relaxed.cif,-0.34116272333327885
C:\Users\GED\PycharmProjects\Aixelo_Project_DataLab_2025\data\odac\pristine_H2O\MIFQOJ\MIFQOJ_w_H2O_1_relaxed.cif,-0.27523145599984666
C:\Users\GED\PycharmProjects\Aixelo_Project_DataLab_2025\data\odac\pristine_H2O\MIHLEV\MIHLEV_w_H2O_1_relaxed.cif,-0.3309562300001062
C:\Users\GED\PycharmProjects\Aixelo_Project_DataLab_2025\data\odac\pristine_H2O\MIHLIZ\MIHLIZ_w_H2O_1_relaxed.cif,-0.9347410939999918
C:\Users\GED\PycharmProjects\Aixelo_Project_DataLab_2025\data\odac\pristine_H2O\MIJHOD\MIJHOD_w_H2O_random_1_relaxed.cif,-0.09712837499989743
C:\Users\GED\PycharmProjects\Aixelo_Project_DataLab_2025\data\odac\pristine_H2O\MIJMAU\MIJMAU_w_H2O_1_relaxed.cif,-0.2734791674999997
C:\Users\GED\PycharmProjects\Aixelo_Project_DataLab_2025\data\odac\pristine_H2O\MIKJAR\MIKJAR_w_H2O_1_relaxed.cif,-0.38866132600001035
C:\Users\GED\PycharmProjects\Aixelo_Project_DataLab_2025\data\odac\pristine_H2O\MIMVEJ\MIMVEJ_w_H2O_1_relaxed.cif,-0.43410784200004854
C:\Users\GED\PycharmProjects\Aixelo_Project_DataLab_2025\data\odac\pristine_H2O\MINCIX\MINCIX_w_H2O_1_relaxed.cif,-0.23706501749990136
C:\Users\GED\PycharmProjects\Aixelo_Project_DataLab_2025\data\odac\pristine_H2O\MINCUJ\MINCUJ_w_H2O_1_relaxed.cif,0.13908488500010202
C:\Users\GED\PycharmProjects\Aixelo_Project_DataLab_2025\data\odac\pristine_H2O\MINVOU\MINVOU_w_H2O_1_relaxed.cif,-0.2352703475000197
C:\Users\GED\PycharmProjects\Aixelo_Project_DataLab_2025\data\odac\pristine_H2O\MINVOU01\MINVOU01_w_H2O_2_relaxed.cif,-0.5019173899999316
C:\Users\GED\PycharmProjects\Aixelo_Project_DataLab_2025\data\odac\pristine_H2O\MINVUA01_SL\MINVUA01_SL_w_H2O_1_relaxed.cif,0.022888612499997435
C:\Users\GED\PycharmProjects\Aixelo_Project_DataLab_2025\data\odac\pristine_H2O\MINVUA_SL\MINVUA_SL_w_H2O_1_relaxed.cif,0.08431703250013811
C:\Users\GED\PycharmProjects\Aixelo_Project_DataLab_2025\data\odac\pristine_H2O\MIQLII\MIQLII_w_H2O_1_relaxed.cif,-0.3528628575000141
C:\Users\GED\PycharmProjects\Aixelo_Project_DataLab_2025\data\odac\pristine_H2O\MISQIQ\MISQIQ_w_H2O_1_relaxed.cif,-0.5737083750000332
C:\Users\GED\PycharmProjects\Aixelo_Project_DataLab_2025\data\odac\pristine_H2O\MISQIQ01\MISQIQ01_w_H2O_1_relaxed.cif,-0.5339824450000018
C:\Users\GED\PycharmProjects\Aixelo_Project_DataLab_2025\data\odac\pristine_H2O\MISQIQ02\MISQIQ02_w_H2O_1_relaxed.cif,-0.5213021549999913
C:\Users\GED\PycharmProjects\Aixelo_Project_DataLab_2025\data\odac\pristine_H2O\MISQIQ03\MISQIQ03_w_H2O_1_relaxed.cif,-0.48326280833332663
C:\Users\GED\PycharmProjects\Aixelo_Project_DataLab_2025\data\odac\pristine_H2O\MISQIQ04\MISQIQ04_w_H2O_1_relaxed.cif,-0.4497470083333231
C:\Users\GED\PycharmProjects\Aixelo_Project_DataLab_2025\data\odac\pristine_H2O\MISQIQ05\MISQIQ05_w_H2O_1_relaxed.cif,-0.5648330883333111
C:\Users\GED\PycharmProjects\Aixelo_Project_DataLab_2025\data\odac\pristine_H2O\MISQIQ06\MISQIQ06_w_H2O_1_relaxed.cif,-0.5216526850000301
C:\Users\GED\PycharmProjects\Aixelo_Project_DataLab_2025\data\odac\pristine_H2O\MISQIQ07\MISQIQ07_w_H2O_1_relaxed.cif,-0.5225015016666438
C:\Users\GED\PycharmProjects\Aixelo_Project_DataLab_2025\data\odac\pristine_H2O\MITGOL\MITGOL_w_H2O_random_2_relaxed.cif,-0.1441834700000299
C:\Users\GED\PycharmProjects\Aixelo_Project_DataLab_2025\data\odac\pristine_H2O\MITSAK\MITSAK_w_H2O_1_relaxed.cif,-0.021563257499963125
C:\Users\GED\PycharmProjects\Aixelo_Project_DataLab_2025\data\odac\pristine_H2O\MITSIS_charged\MITSIS_charged_w_H2O_1_relaxed.cif,-0.39601272400013837
C:\Users\GED\PycharmProjects\Aixelo_Project_DataLab_2025\data\odac\pristine_H2O\MITSUE\MITSUE_w_H2O_1_relaxed.cif,-0.27685283999997523
C:\Users\GED\PycharmProjects\Aixelo_Project_DataLab_2025\data\odac\pristine_H2O\MITTAL_charged\MITTAL_charged_w_H2O_1_relaxed.cif,-0.29149611799994085
C:\Users\GED\PycharmProjects\Aixelo_Project_DataLab_2025\data\odac\pristine_H2O\MIXBAY\MIXBAY_w_H2O_1_relaxed.cif,-0.05571482499993863
C:\Users\GED\PycharmProjects\Aixelo_Project_DataLab_2025\data\odac\pristine_H2O\MIXBIG_auto\MIXBIG_auto_w_H2O_1_relaxed.cif,-0.35973817400054026
C:\Users\GED\PycharmProjects\Aixelo_Project_DataLab_2025\data\odac\pristine_H2O\MIXYID\MIXYID_w_H2O_2_relaxed.cif,-0.42712190750000895
C:\Users\GED\PycharmProjects\Aixelo_Project_DataLab_2025\data\odac\pristine_H2O\MIZKOW\MIZKOW_w_H2O_1_relaxed.cif,-0.5165161359999502
C:\Users\GED\PycharmProjects\Aixelo_Project_DataLab_2025\data\odac\pristine_H2O\MIZPUI\MIZPUI_w_H2O_1_relaxed.cif,-0.10499615399999129
C:\Users\GED\PycharmProjects\Aixelo_Project_DataLab_2025\data\odac\pristine_H2O\MOBBIO\MOBBIO_w_H2O_1_relaxed.cif,-0.2167809075000093
C:\Users\GED\PycharmProjects\Aixelo_Project_DataLab_2025\data\odac\pristine_H2O\MOCKEV\MOCKEV_w_H2O_1_relaxed.cif,-0.4141144199999758
C:\Users\GED\PycharmProjects\Aixelo_Project_DataLab_2025\data\odac\pristine_H2O\MODJOG\MODJOG_w_H2O_1_relaxed.cif,-0.9904666666666344
C:\Users\GED\PycharmProjects\Aixelo_Project_DataLab_2025\data\odac\pristine_H2O\MODMIB\MODMIB_w_H2O_2_relaxed.cif,1.2919419099999156
C:\Users\GED\PycharmProjects\Aixelo_Project_DataLab_2025\data\odac\pristine_H2O\MODNAU_charged\MODNAU_charged_w_H2O_1_relaxed.cif,-0.42090181499997925
C:\Users\GED\PycharmProjects\Aixelo_Project_DataLab_2025\data\odac\pristine_H2O\MODNIC\MODNIC_w_H2O_1_relaxed.cif,-0.3789451899999297
C:\Users\GED\PycharmProjects\Aixelo_Project_DataLab_2025\data\odac\pristine_H2O\MODNOI_ion_b\MODNOI_ion_b_w_H2O_1_relaxed.cif,-0.31764792999990726
C:\Users\GED\PycharmProjects\Aixelo_Project_DataLab_2025\data\odac\pristine_H2O\MODNUO_ion_b\MODNUO_ion_b_w_H2O_1_relaxed.cif,-0.461008086000038
C:\Users\GED\PycharmProjects\Aixelo_Project_DataLab_2025\data\odac\pristine_H2O\MOFBIU\MOFBIU_w_H2O_1_relaxed.cif,-0.33834047600003025
C:\Users\GED\PycharmProjects\Aixelo_Project_DataLab_2025\data\odac\pristine_H2O\MOFKUO\MOFKUO_w_H2O_1_relaxed.cif,-0.6886446400000636
C:\Users\GED\PycharmProjects\Aixelo_Project_DataLab_2025\data\odac\pristine_H2O\MOGNAY\MOGNAY_w_H2O_1_relaxed.cif,-0.23728430999994993
C:\Users\GED\PycharmProjects\Aixelo_Project_DataLab_2025\data\odac\pristine_H2O\MOGXUB\MOGXUB_w_H2O_1_relaxed.cif,-0.6922687039998436
C:\Users\GED\PycharmProjects\Aixelo_Project_DataLab_2025\data\odac\pristine_H2O\MOJNAC\MOJNAC_w_H2O_1_relaxed.cif,-0.5851010079997649
C:\Users\GED\PycharmProjects\Aixelo_Project_DataLab_2025\data\odac\pristine_H2O\MOLKAB\MOLKAB_w_H2O_1_relaxed.cif,-0.08672617999997106
C:\Users\GED\PycharmProjects\Aixelo_Project_DataLab_2025\data\odac\pristine_H2O\MOLQEL\MOLQEL_w_H2O_1_relaxed.cif,-0.23372177999993937
C:\Users\GED\PycharmProjects\Aixelo_Project_DataLab_2025\data\odac\pristine_H2O\MOPQIT\MOPQIT_w_H2O_1_relaxed.cif,-0.28358296000001243
C:\Users\GED\PycharmProjects\Aixelo_Project_DataLab_2025\data\odac\pristine_H2O\MOQNUB\MOQNUB_w_H2O_1_relaxed.cif,-0.4136982379997335
C:\Users\GED\PycharmProjects\Aixelo_Project_DataLab_2025\data\odac\pristine_H2O\MORZID\MORZID_w_H2O_1_relaxed.cif,-0.2976276916666052
C:\Users\GED\PycharmProjects\Aixelo_Project_DataLab_2025\data\odac\pristine_H2O\MOSDUT\MOSDUT_w_H2O_1_relaxed.cif,-0.5274934433333934
C:\Users\GED\PycharmProjects\Aixelo_Project_DataLab_2025\data\odac\pristine_H2O\MOTMAK\MOTMAK_w_H2O_1_relaxed.cif,-0.8356869239999923
C:\Users\GED\PycharmProjects\Aixelo_Project_DataLab_2025\data\odac\pristine_H2O\MOXBOS\MOXBOS_w_H2O_1_relaxed.cif,0.0019020075000639926
C:\Users\GED\PycharmProjects\Aixelo_Project_DataLab_2025\data\odac\pristine_H2O\MOXNIY\MOXNIY_w_H2O_1_relaxed.cif,-0.5239523600001121
C:\Users\GED\PycharmProjects\Aixelo_Project_DataLab_2025\data\odac\pristine_H2O\MOXNUJ\MOXNUJ_w_H2O_1_relaxed.cif,-0.5961841819999109
C:\Users\GED\PycharmProjects\Aixelo_Project_DataLab_2025\data\odac\pristine_H2O\MOXNUK\MOXNUK_w_H2O_1_relaxed.cif,0.2764786199998525
C:\Users\GED\PycharmProjects\Aixelo_Project_DataLab_2025\data\odac\pristine_H2O\MOXPEV_charged\MOXPEV_charged_w_H2O_1_relaxed.cif,-0.6092063449999614
C:\Users\GED\PycharmProjects\Aixelo_Project_DataLab_2025\data\odac\pristine_H2O\MOXPUL\MOXPUL_w_H2O_2_relaxed.cif,-0.3834473633332891
C:\Users\GED\PycharmProjects\Aixelo_Project_DataLab_2025\data\odac\pristine_H2O\MOYMET\MOYMET_w_H2O_1_relaxed.cif,-0.4329284279998319
C:\Users\GED\PycharmProjects\Aixelo_Project_DataLab_2025\data\odac\pristine_H2O\MOYNIY\MOYNIY_w_H2O_1_relaxed.cif,-0.5991878380002162
C:\Users\GED\PycharmProjects\Aixelo_Project_DataLab_2025\data\odac\pristine_H2O\MOYYEF\MOYYEF_w_H2O_1_relaxed.cif,-0.26822411749992625
C:\Users\GED\PycharmProjects\Aixelo_Project_DataLab_2025\data\odac\pristine_H2O\MOYYIJ\MOYYIJ_w_H2O_1_relaxed.cif,-0.09563598500022855
C:\Users\GED\PycharmProjects\Aixelo_Project_DataLab_2025\data\odac\pristine_H2O\MUBZOA_auto\MUBZOA_auto_w_H2O_1_relaxed.cif,-0.2814114450000602
C:\Users\GED\PycharmProjects\Aixelo_Project_DataLab_2025\data\odac\pristine_H2O\MUBZUG_auto\MUBZUG_auto_w_H2O_1_relaxed.cif,-0.20952975000011514
C:\Users\GED\PycharmProjects\Aixelo_Project_DataLab_2025\data\odac\pristine_H2O\MUDLON\MUDLON_w_H2O_1_relaxed.cif,-0.14564380000047095
C:\Users\GED\PycharmProjects\Aixelo_Project_DataLab_2025\data\odac\pristine_H2O\MUFXUI\MUFXUI_w_H2O_1_relaxed.cif,-0.4216402319999816
C:\Users\GED\PycharmProjects\Aixelo_Project_DataLab_2025\data\odac\pristine_H2O\MUFYAP\MUFYAP_w_H2O_1_relaxed.cif,0.4324723420000737
C:\Users\GED\PycharmProjects\Aixelo_Project_DataLab_2025\data\odac\pristine_H2O\MUGHED\MUGHED_w_H2O_1_relaxed.cif,-0.20121296999996044
C:\Users\GED\PycharmProjects\Aixelo_Project_DataLab_2025\data\odac\pristine_H2O\MUGQAI\MUGQAI_w_H2O_1_relaxed.cif,-0.23010809499991558
C:\Users\GED\PycharmProjects\Aixelo_Project_DataLab_2025\data\odac\pristine_H2O\MUHNAG\MUHNAG_w_H2O_1_relaxed.cif,-0.3194586800000593
C:\Users\GED\PycharmProjects\Aixelo_Project_DataLab_2025\data\odac\pristine_H2O\MUHPAI\MUHPAI_w_H2O_1_relaxed.cif,-0.14072962800009917
C:\Users\GED\PycharmProjects\Aixelo_Project_DataLab_2025\data\odac\pristine_H2O\MUJRIT\MUJRIT_w_H2O_1_relaxed.cif,0.06826630199984719
C:\Users\GED\PycharmProjects\Aixelo_Project_DataLab_2025\data\odac\pristine_H2O\MULQOA\MULQOA_w_H2O_1_relaxed.cif,-0.6442991333333717
C:\Users\GED\PycharmProjects\Aixelo_Project_DataLab_2025\data\odac\pristine_H2O\MULXOH\MULXOH_w_H2O_1_relaxed.cif,-0.6618067549999864
C:\Users\GED\PycharmProjects\Aixelo_Project_DataLab_2025\data\odac\pristine_H2O\MUNDAC\MUNDAC_w_H2O_1_relaxed.cif,-0.2548483459998579
C:\Users\GED\PycharmProjects\Aixelo_Project_DataLab_2025\data\odac\pristine_H2O\MUNLUE\MUNLUE_w_H2O_1_relaxed.cif,-0.576215430000093
C:\Users\GED\PycharmProjects\Aixelo_Project_DataLab_2025\data\odac\pristine_H2O\MUNNUF\MUNNUF_w_H2O_1_relaxed.cif,-0.2728014659999189
C:\Users\GED\PycharmProjects\Aixelo_Project_DataLab_2025\data\odac\pristine_H2O\MUNPAN\MUNPAN_w_H2O_1_relaxed.cif,-0.3323845249997816
C:\Users\GED\PycharmProjects\Aixelo_Project_DataLab_2025\data\odac\pristine_H2O\MUNPER\MUNPER_w_H2O_1_relaxed.cif,-0.3332269574997895
C:\Users\GED\PycharmProjects\Aixelo_Project_DataLab_2025\data\odac\pristine_H2O\MUPTAU\MUPTAU_w_H2O_1_relaxed.cif,-0.49421697999996467
C:\Users\GED\PycharmProjects\Aixelo_Project_DataLab_2025\data\odac\pristine_H2O\MUQSAU\MUQSAU_w_H2O_1_relaxed.cif,-0.6167837620006139
C:\Users\GED\PycharmProjects\Aixelo_Project_DataLab_2025\data\odac\pristine_H2O\MURCAD\MURCAD_w_H2O_1_relaxed.cif,-0.6864866833333281
C:\Users\GED\PycharmProjects\Aixelo_Project_DataLab_2025\data\odac\pristine_H2O\MURCIL\MURCIL_w_H2O_1_relaxed.cif,-0.1597926125000413
C:\Users\GED\PycharmProjects\Aixelo_Project_DataLab_2025\data\odac\pristine_H2O\MUSCAG\MUSCAG_w_H2O_1_relaxed.cif,-0.6934821760000887
C:\Users\GED\PycharmProjects\Aixelo_Project_DataLab_2025\data\odac\pristine_H2O\MUSCIN\MUSCIN_w_H2O_random_2_relaxed.cif,-0.2903519200003757
C:\Users\GED\PycharmProjects\Aixelo_Project_DataLab_2025\data\odac\pristine_H2O\MUSSIE\MUSSIE_w_H2O_1_relaxed.cif,-0.4882076483333246
C:\Users\GED\PycharmProjects\Aixelo_Project_DataLab_2025\data\odac\pristine_H2O\MUTDIQ\MUTDIQ_w_H2O_1_relaxed.cif,-0.26947314750009355
C:\Users\GED\PycharmProjects\Aixelo_Project_DataLab_2025\data\odac\pristine_H2O\MUTVUT\MUTVUT_w_H2O_1_relaxed.cif,-0.38424843599991615
C:\Users\GED\PycharmProjects\Aixelo_Project_DataLab_2025\data\odac\pristine_H2O\MUVGOA\MUVGOA_w_H2O_1_relaxed.cif,-0.06256204600013006
C:\Users\GED\PycharmProjects\Aixelo_Project_DataLab_2025\data\odac\pristine_H2O\MUVGUG\MUVGUG_w_H2O_1_relaxed.cif,-0.2667486119999239
C:\Users\GED\PycharmProjects\Aixelo_Project_DataLab_2025\data\odac\pristine_H2O\MUVHAN\MUVHAN_w_H2O_1_relaxed.cif,-0.2584110759999475
C:\Users\GED\PycharmProjects\Aixelo_Project_DataLab_2025\data\odac\pristine_H2O\MUVHER\MUVHER_w_H2O_1_relaxed.cif,-0.21303283600002482
C:\Users\GED\PycharmProjects\Aixelo_Project_DataLab_2025\data\odac\pristine_H2O\MUVJIX\MUVJIX_w_H2O_1_relaxed.cif,-0.44500932749997446
C:\Users\GED\PycharmProjects\Aixelo_Project_DataLab_2025\data\odac\pristine_H2O\MUVMOG\MUVMOG_w_H2O_1_relaxed.cif,-0.9022797340000126
C:\Users\GED\PycharmProjects\Aixelo_Project_DataLab_2025\data\odac\pristine_H2O\MUWQEB\MUWQEB_w_H2O_1_relaxed.cif,0.2932844660000228
C:\Users\GED\PycharmProjects\Aixelo_Project_DataLab_2025\data\odac\pristine_H2O\MUZHUL_charged\MUZHUL_charged_w_H2O_1_relaxed.cif,-0.46590141799999857
C:\Users\GED\PycharmProjects\Aixelo_Project_DataLab_2025\data\odac\pristine_H2O\MUZVUA\MUZVUA_w_H2O_1_relaxed.cif,-0.31912958600009916
C:\Users\GED\PycharmProjects\Aixelo_Project_DataLab_2025\data\odac\pristine_H2O\NABMUA\NABMUA_w_H2O_1_relaxed.cif,-0.4292967759999101
C:\Users\GED\PycharmProjects\Aixelo_Project_DataLab_2025\data\odac\pristine_H2O\NABMUA01\NABMUA01_w_H2O_1_relaxed.cif,-0.46202349200002574
C:\Users\GED\PycharmProjects\Aixelo_Project_DataLab_2025\data\odac\pristine_H2O\NACVUI\NACVUI_w_H2O_1_relaxed.cif,-0.5079630779999661
C:\Users\GED\PycharmProjects\Aixelo_Project_DataLab_2025\data\odac\pristine_H2O\NACYOG\NACYOG_w_H2O_1_relaxed.cif,-0.628091373999996
C:\Users\GED\PycharmProjects\Aixelo_Project_DataLab_2025\data\odac\pristine_H2O\NACYUM\NACYUM_w_H2O_1_relaxed.cif,-0.02122002199962478
C:\Users\GED\PycharmProjects\Aixelo_Project_DataLab_2025\data\odac\pristine_H2O\NADKEK\NADKEK_w_H2O_1_relaxed.cif,-1.0764015399999836
C:\Users\GED\PycharmProjects\Aixelo_Project_DataLab_2025\data\odac\pristine_H2O\NADNEM\NADNEM_w_H2O_1_relaxed.cif,-0.3910934519997681
C:\Users\GED\PycharmProjects\Aixelo_Project_DataLab_2025\data\odac\pristine_H2O\NADZEZ\NADZEZ_w_H2O_1_relaxed.cif,0.01238654799994944
C:\Users\GED\PycharmProjects\Aixelo_Project_DataLab_2025\data\odac\pristine_H2O\NADZID\NADZID_w_H2O_1_relaxed.cif,-0.21953232799994565
C:\Users\GED\PycharmProjects\Aixelo_Project_DataLab_2025\data\odac\pristine_H2O\NAFSOF\NAFSOF_w_H2O_1_relaxed.cif,0.019895162499835802
C:\Users\GED\PycharmProjects\Aixelo_Project_DataLab_2025\data\odac\pristine_H2O\NAGBUU\NAGBUU_w_H2O_1_relaxed.cif,-0.1626903020001009
C:\Users\GED\PycharmProjects\Aixelo_Project_DataLab_2025\data\odac\pristine_H2O\NAGQET\NAGQET_w_H2O_1_relaxed.cif,-0.20998350499996832
C:\Users\GED\PycharmProjects\Aixelo_Project_DataLab_2025\data\odac\pristine_H2O\NAHHAI\NAHHAI_w_H2O_1_relaxed.cif,-0.7011725160000196
C:\Users\GED\PycharmProjects\Aixelo_Project_DataLab_2025\data\odac\pristine_H2O\NAJQUN\NAJQUN_w_H2O_1_relaxed.cif,-0.6729500950000897
C:\Users\GED\PycharmProjects\Aixelo_Project_DataLab_2025\data\odac\pristine_H2O\NAKLIW\NAKLIW_w_H2O_1_relaxed.cif,-0.11539788600002795
C:\Users\GED\PycharmProjects\Aixelo_Project_DataLab_2025\data\odac\pristine_H2O\NALWOO\NALWOO_w_H2O_1_relaxed.cif,-0.3495938560000468
C:\Users\GED\PycharmProjects\Aixelo_Project_DataLab_2025\data\odac\pristine_H2O\NALYEG\NALYEG_w_H2O_1_relaxed.cif,-0.3871051033333212
C:\Users\GED\PycharmProjects\Aixelo_Project_DataLab_2025\data\odac\pristine_H2O\NAMZIL\NAMZIL_w_H2O_2_relaxed.cif,0.15030134666665165
C:\Users\GED\PycharmProjects\Aixelo_Project_DataLab_2025\data\odac\pristine_H2O\NANMEW\NANMEW_w_H2O_1_relaxed.cif,-0.13860768799995643
C:\Users\GED\PycharmProjects\Aixelo_Project_DataLab_2025\data\odac\pristine_H2O\NANYUX03\NANYUX03_w_H2O_1_relaxed.cif,-0.0906864400001268
C:\Users\GED\PycharmProjects\Aixelo_Project_DataLab_2025\data\odac\pristine_H2O\NANYUX_charged\NANYUX_charged_w_H2O_random_1_relaxed.cif,0.2741531099999861
C:\Users\GED\PycharmProjects\Aixelo_Project_DataLab_2025\data\odac\pristine_H2O\NAPZOV\NAPZOV_w_H2O_1_relaxed.cif,-0.5029410860000099
C:\Users\GED\PycharmProjects\Aixelo_Project_DataLab_2025\data\odac\pristine_H2O\NAQLAT\NAQLAT_w_H2O_1_relaxed.cif,-0.5593906179998157
C:\Users\GED\PycharmProjects\Aixelo_Project_DataLab_2025\data\odac\pristine_H2O\NAQQIH\NAQQIH_w_H2O_1_relaxed.cif,0.9948597525000764
C:\Users\GED\PycharmProjects\Aixelo_Project_DataLab_2025\data\odac\pristine_H2O\NARPEE\NARPEE_w_H2O_1_relaxed.cif,-0.45448921249993646
C:\Users\GED\PycharmProjects\Aixelo_Project_DataLab_2025\data\odac\pristine_H2O\NARPOO\NARPOO_w_H2O_1_relaxed.cif,-0.26303445800001557
C:\Users\GED\PycharmProjects\Aixelo_Project_DataLab_2025\data\odac\pristine_H2O\NARPUU\NARPUU_w_H2O_1_relaxed.cif,-0.6154640820001077
C:\Users\GED\PycharmProjects\Aixelo_Project_DataLab_2025\data\odac\pristine_H2O\NASREH\NASREH_w_H2O_1_relaxed.cif,-0.4531845699998939
C:\Users\GED\PycharmProjects\Aixelo_Project_DataLab_2025\data\odac\pristine_H2O\NASRIL\NASRIL_w_H2O_1_relaxed.cif,-0.2182543824999925
C:\Users\GED\PycharmProjects\Aixelo_Project_DataLab_2025\data\odac\pristine_H2O\NASROR\NASROR_w_H2O_1_relaxed.cif,-0.3402691324999978
C:\Users\GED\PycharmProjects\Aixelo_Project_DataLab_2025\data\odac\pristine_H2O\NATFAS\NATFAS_w_H2O_1_relaxed.cif,-0.6039009940001051
C:\Users\GED\PycharmProjects\Aixelo_Project_DataLab_2025\data\odac\pristine_H2O\NATHUO\NATHUO_w_H2O_1_relaxed.cif,-0.44982816600049774
C:\Users\GED\PycharmProjects\Aixelo_Project_DataLab_2025\data\odac\pristine_H2O\NAVJAW\NAVJAW_w_H2O_1_relaxed.cif,-0.3930748775000126
C:\Users\GED\PycharmProjects\Aixelo_Project_DataLab_2025\data\odac\pristine_H2O\NAVJAW01\NAVJAW01_w_H2O_1_relaxed.cif,-0.3183059450000343
C:\Users\GED\PycharmProjects\Aixelo_Project_DataLab_2025\data\odac\pristine_H2O\NAVLIG\NAVLIG_w_H2O_1_relaxed.cif,-0.5617815599999858
C:\Users\GED\PycharmProjects\Aixelo_Project_DataLab_2025\data\odac\pristine_H2O\NAWKII\NAWKII_w_H2O_1_relaxed.cif,-0.4497066880001512
C:\Users\GED\PycharmProjects\Aixelo_Project_DataLab_2025\data\odac\pristine_H2O\NAWXER\NAWXER_w_H2O_1_relaxed.cif,-0.29708601000015733
C:\Users\GED\PycharmProjects\Aixelo_Project_DataLab_2025\data\odac\pristine_H2O\NAXKOO\NAXKOO_w_H2O_2_relaxed.cif,0.9287408049999044
C:\Users\GED\PycharmProjects\Aixelo_Project_DataLab_2025\data\odac\pristine_H2O\NAXLII\NAXLII_w_H2O_random_1_relaxed.cif,-0.5452371449999873
C:\Users\GED\PycharmProjects\Aixelo_Project_DataLab_2025\data\odac\pristine_H2O\NAYGUR\NAYGUR_w_H2O_1_relaxed.cif,-0.4802686799999947
C:\Users\GED\PycharmProjects\Aixelo_Project_DataLab_2025\data\odac\pristine_H2O\NAYHAY\NAYHAY_w_H2O_1_relaxed.cif,-0.5207041466665032
C:\Users\GED\PycharmProjects\Aixelo_Project_DataLab_2025\data\odac\pristine_H2O\NAYPIM\NAYPIM_w_H2O_1_relaxed.cif,-0.4391373566666914
C:\Users\GED\PycharmProjects\Aixelo_Project_DataLab_2025\data\odac\pristine_H2O\NAYZOE\NAYZOE_w_H2O_1_relaxed.cif,-0.5200622800002748
C:\Users\GED\PycharmProjects\Aixelo_Project_DataLab_2025\data\odac\pristine_H2O\NEBNOZ\NEBNOZ_w_H2O_1_relaxed.cif,-0.38230827800007317
C:\Users\GED\PycharmProjects\Aixelo_Project_DataLab_2025\data\odac\pristine_H2O\NEDVOJ_charged\NEDVOJ_charged_w_H2O_1_relaxed.cif,-0.3585683475000678
C:\Users\GED\PycharmProjects\Aixelo_Project_DataLab_2025\data\odac\pristine_H2O\NEDVUP\NEDVUP_w_H2O_1_relaxed.cif,0.0416064775000109
C:\Users\GED\PycharmProjects\Aixelo_Project_DataLab_2025\data\odac\pristine_H2O\NEDWAW\NEDWAW_w_H2O_1_relaxed.cif,-0.37934677250001414
C:\Users\GED\PycharmProjects\Aixelo_Project_DataLab_2025\data\odac\pristine_H2O\NEDWEA\NEDWEA_w_H2O_2_relaxed.cif,-0.29608315666666835
C:\Users\GED\PycharmProjects\Aixelo_Project_DataLab_2025\data\odac\pristine_H2O\NEDXOL\NEDXOL_w_H2O_1_relaxed.cif,-0.42057052200016176
C:\Users\GED\PycharmProjects\Aixelo_Project_DataLab_2025\data\odac\pristine_H2O\NEFZOO\NEFZOO_w_H2O_1_relaxed.cif,-0.28279182599997055
C:\Users\GED\PycharmProjects\Aixelo_Project_DataLab_2025\data\odac\pristine_H2O\NEHMET\NEHMET_w_H2O_1_relaxed.cif,-0.39586111000011215
C:\Users\GED\PycharmProjects\Aixelo_Project_DataLab_2025\data\odac\pristine_H2O\NEHZIK\NEHZIK_w_H2O_1_relaxed.cif,-0.4820723125000086
C:\Users\GED\PycharmProjects\Aixelo_Project_DataLab_2025\data\odac\pristine_H2O\NEJRUR\NEJRUR_w_H2O_1_relaxed.cif,-0.19305659799999825
C:\Users\GED\PycharmProjects\Aixelo_Project_DataLab_2025\data\odac\pristine_H2O\NEJSAY\NEJSAY_w_H2O_1_relaxed.cif,-0.3211490099999992
C:\Users\GED\PycharmProjects\Aixelo_Project_DataLab_2025\data\odac\pristine_H2O\NEJSEC\NEJSEC_w_H2O_1_relaxed.cif,-0.41486782999986643
C:\Users\GED\PycharmProjects\Aixelo_Project_DataLab_2025\data\odac\pristine_H2O\NEJSOM\NEJSOM_w_H2O_1_relaxed.cif,-0.26584467399986805
C:\Users\GED\PycharmProjects\Aixelo_Project_DataLab_2025\data\odac\pristine_H2O\NEKBEL\NEKBEL_w_H2O_1_relaxed.cif,-0.7202981150001335
C:\Users\GED\PycharmProjects\Aixelo_Project_DataLab_2025\data\odac\pristine_H2O\NEKREB\NEKREB_w_H2O_1_relaxed.cif,-0.38166591199992583
C:\Users\GED\PycharmProjects\Aixelo_Project_DataLab_2025\data\odac\pristine_H2O\NELVAC\NELVAC_w_H2O_1_relaxed.cif,-0.42054466999998114
C:\Users\GED\PycharmProjects\Aixelo_Project_DataLab_2025\data\odac\pristine_H2O\NELVEG\NELVEG_w_H2O_1_relaxed.cif,-0.46766358800009583
C:\Users\GED\PycharmProjects\Aixelo_Project_DataLab_2025\data\odac\pristine_H2O\NENFAN\NENFAN_w_H2O_1_relaxed.cif,-0.617684498571342
C:\Users\GED\PycharmProjects\Aixelo_Project_DataLab_2025\data\odac\pristine_H2O\NENHAQ\NENHAQ_w_H2O_1_relaxed.cif,0.1496291324995127
C:\Users\GED\PycharmProjects\Aixelo_Project_DataLab_2025\data\odac\pristine_H2O\NEPWIQ\NEPWIQ_w_H2O_1_relaxed.cif,-0.4581915524999687
C:\Users\GED\PycharmProjects\Aixelo_Project_DataLab_2025\data\odac\pristine_H2O\NERTAH\NERTAH_w_H2O_random_1_relaxed.cif,-0.3095323749996623
C:\Users\GED\PycharmProjects\Aixelo_Project_DataLab_2025\data\odac\pristine_H2O\NESVAK_charged\NESVAK_charged_w_H2O_3_relaxed.cif,-0.055139823333623404
C:\Users\GED\PycharmProjects\Aixelo_Project_DataLab_2025\data\odac\pristine_H2O\NESVEO_charged\NESVEO_charged_w_H2O_1_relaxed.cif,-0.3654525500001
C:\Users\GED\PycharmProjects\Aixelo_Project_DataLab_2025\data\odac\pristine_H2O\NETHOJ_clean_h\NETHOJ_clean_h_w_H2O_1_relaxed.cif,-0.42137284749993853
C:\Users\GED\PycharmProjects\Aixelo_Project_DataLab_2025\data\odac\pristine_H2O\NETYIV\NETYIV_w_H2O_1_relaxed.cif,-0.5152947950008411
C:\Users\GED\PycharmProjects\Aixelo_Project_DataLab_2025\data\odac\pristine_H2O\NETYIV01\NETYIV01_w_H2O_1_relaxed.cif,-0.31043029750048845
C:\Users\GED\PycharmProjects\Aixelo_Project_DataLab_2025\data\odac\pristine_H2O\NEVJEF\NEVJEF_w_H2O_1_relaxed.cif,0.1403150699996331
C:\Users\GED\PycharmProjects\Aixelo_Project_DataLab_2025\data\odac\pristine_H2O\NEVPOU\NEVPOU_w_H2O_1_relaxed.cif,1.7765731680000045
C:\Users\GED\PycharmProjects\Aixelo_Project_DataLab_2025\data\odac\pristine_H2O\NEVPUA_charged\NEVPUA_charged_w_H2O_1_relaxed.cif,-0.6526940819999709
C:\Users\GED\PycharmProjects\Aixelo_Project_DataLab_2025\data\odac\pristine_H2O\NEVQAH_charged\NEVQAH_charged_w_H2O_1_relaxed.cif,-0.5621167559999322
C:\Users\GED\PycharmProjects\Aixelo_Project_DataLab_2025\data\odac\pristine_H2O\NEVVAM\NEVVAM_w_H2O_1_relaxed.cif,-0.11607259499990619
C:\Users\GED\PycharmProjects\Aixelo_Project_DataLab_2025\data\odac\pristine_H2O\NEVVAM01\NEVVAM01_w_H2O_1_relaxed.cif,-0.17319908749999513
C:\Users\GED\PycharmProjects\Aixelo_Project_DataLab_2025\data\odac\pristine_H2O\NEVVAM02\NEVVAM02_w_H2O_1_relaxed.cif,-0.22996801249993834
C:\Users\GED\PycharmProjects\Aixelo_Project_DataLab_2025\data\odac\pristine_H2O\NEVVEQ\NEVVEQ_w_H2O_1_relaxed.cif,-0.35832578799995646
C:\Users\GED\PycharmProjects\Aixelo_Project_DataLab_2025\data\odac\pristine_H2O\NEXXEV\NEXXEV_w_H2O_1_relaxed.cif,-0.22959571599985792
C:\Users\GED\PycharmProjects\Aixelo_Project_DataLab_2025\data\odac\pristine_H2O\NEXXIZ\NEXXIZ_w_H2O_1_relaxed.cif,-0.2751099659999454
C:\Users\GED\PycharmProjects\Aixelo_Project_DataLab_2025\data\odac\pristine_H2O\NEYYUN\NEYYUN_w_H2O_1_relaxed.cif,-0.09110697599996911
C:\Users\GED\PycharmProjects\Aixelo_Project_DataLab_2025\data\odac\pristine_H2O\NEYZAU\NEYZAU_w_H2O_1_relaxed.cif,-0.43444878199995857
C:\Users\GED\PycharmProjects\Aixelo_Project_DataLab_2025\data\odac\pristine_H2O\NEZWOG\NEZWOG_w_H2O_1_relaxed.cif,0.12671117250010866
C:\Users\GED\PycharmProjects\Aixelo_Project_DataLab_2025\data\odac\pristine_H2O\NEZWOG01\NEZWOG01_w_H2O_1_relaxed.cif,-0.4935837549998894
C:\Users\GED\PycharmProjects\Aixelo_Project_DataLab_2025\data\odac\pristine_H2O\NIFTIH\NIFTIH_w_H2O_1_relaxed.cif,-0.1604343179999887
C:\Users\GED\PycharmProjects\Aixelo_Project_DataLab_2025\data\odac\pristine_H2O\NIGBOW\NIGBOW_w_H2O_1_relaxed.cif,0.4548664275000647
C:\Users\GED\PycharmProjects\Aixelo_Project_DataLab_2025\data\odac\pristine_H2O\NIGDEO\NIGDEO_w_H2O_1_relaxed.cif,0.004604529999369347
C:\Users\GED\PycharmProjects\Aixelo_Project_DataLab_2025\data\odac\pristine_H2O\NIGDIS\NIGDIS_w_H2O_1_relaxed.cif,-0.13149935500052834
C:\Users\GED\PycharmProjects\Aixelo_Project_DataLab_2025\data\odac\pristine_H2O\NIGFOZ\NIGFOZ_w_H2O_1_relaxed.cif,-0.2898027474999764
C:\Users\GED\PycharmProjects\Aixelo_Project_DataLab_2025\data\odac\pristine_H2O\NIGFUF\NIGFUF_w_H2O_1_relaxed.cif,-0.033959129999999525
C:\Users\GED\PycharmProjects\Aixelo_Project_DataLab_2025\data\odac\pristine_H2O\NIGGAM\NIGGAM_w_H2O_1_relaxed.cif,-0.19374107750007846
C:\Users\GED\PycharmProjects\Aixelo_Project_DataLab_2025\data\odac\pristine_H2O\NIGGEQ\NIGGEQ_w_H2O_1_relaxed.cif,-0.34951363333334484
C:\Users\GED\PycharmProjects\Aixelo_Project_DataLab_2025\data\odac\pristine_H2O\NIHBAI\NIHBAI_w_H2O_1_relaxed.cif,-0.27032313399990926
C:\Users\GED\PycharmProjects\Aixelo_Project_DataLab_2025\data\odac\pristine_H2O\NIHBAI01\NIHBAI01_w_H2O_1_relaxed.cif,-0.18928821599995443
C:\Users\GED\PycharmProjects\Aixelo_Project_DataLab_2025\data\odac\pristine_H2O\NIHBAI02\NIHBAI02_w_H2O_1_relaxed.cif,-0.4563728439999295
C:\Users\GED\PycharmProjects\Aixelo_Project_DataLab_2025\data\odac\pristine_H2O\NIHBEM\NIHBEM_w_H2O_1_relaxed.cif,-0.43407835200002864
C:\Users\GED\PycharmProjects\Aixelo_Project_DataLab_2025\data\odac\pristine_H2O\NIHBEM01\NIHBEM01_w_H2O_1_relaxed.cif,-0.7030114459999595
C:\Users\GED\PycharmProjects\Aixelo_Project_DataLab_2025\data\odac\pristine_H2O\NIHBEM02\NIHBEM02_w_H2O_1_relaxed.cif,-0.36250474000010513
C:\Users\GED\PycharmProjects\Aixelo_Project_DataLab_2025\data\odac\pristine_H2O\NIHBIQ\NIHBIQ_w_H2O_1_relaxed.cif,-0.15694667500005716
C:\Users\GED\PycharmProjects\Aixelo_Project_DataLab_2025\data\odac\pristine_H2O\NIHBIQ01\NIHBIQ01_w_H2O_1_relaxed.cif,0.02413950999998628
C:\Users\GED\PycharmProjects\Aixelo_Project_DataLab_2025\data\odac\pristine_H2O\NIHBIQ02\NIHBIQ02_w_H2O_1_relaxed.cif,-0.032041741999910285
C:\Users\GED\PycharmProjects\Aixelo_Project_DataLab_2025\data\odac\pristine_H2O\NIJSAC\NIJSAC_w_H2O_1_relaxed.cif,-0.483943502000011
C:\Users\GED\PycharmProjects\Aixelo_Project_DataLab_2025\data\odac\pristine_H2O\NIJZIP01\NIJZIP01_w_H2O_1_relaxed.cif,0.21166163000013208
C:\Users\GED\PycharmProjects\Aixelo_Project_DataLab_2025\data\odac\pristine_H2O\NIKDAM\NIKDAM_w_H2O_1_relaxed.cif,-0.4370431960000133
C:\Users\GED\PycharmProjects\Aixelo_Project_DataLab_2025\data\odac\pristine_H2O\NIKYOW\NIKYOW_w_H2O_1_relaxed.cif,-0.08857523800002128
C:\Users\GED\PycharmProjects\Aixelo_Project_DataLab_2025\data\odac\pristine_H2O\NIKYOW01\NIKYOW01_w_H2O_1_relaxed.cif,-0.2768453939999972
C:\Users\GED\PycharmProjects\Aixelo_Project_DataLab_2025\data\odac\pristine_H2O\NIKYOW02\NIKYOW02_w_H2O_1_relaxed.cif,-0.20186275399996698
C:\Users\GED\PycharmProjects\Aixelo_Project_DataLab_2025\data\odac\pristine_H2O\NIKYUC\NIKYUC_w_H2O_1_relaxed.cif,-0.44780689200003965
C:\Users\GED\PycharmProjects\Aixelo_Project_DataLab_2025\data\odac\pristine_H2O\NIKYUC01\NIKYUC01_w_H2O_1_relaxed.cif,-0.03214029199991729
C:\Users\GED\PycharmProjects\Aixelo_Project_DataLab_2025\data\odac\pristine_H2O\NIKYUC02\NIKYUC02_w_H2O_1_relaxed.cif,-0.3094438939999236
C:\Users\GED\PycharmProjects\Aixelo_Project_DataLab_2025\data\odac\pristine_H2O\NIKZAJ\NIKZAJ_w_H2O_1_relaxed.cif,-0.25162242399987916
C:\Users\GED\PycharmProjects\Aixelo_Project_DataLab_2025\data\odac\pristine_H2O\NIKZAJ01\NIKZAJ01_w_H2O_1_relaxed.cif,-0.11863674999995055
C:\Users\GED\PycharmProjects\Aixelo_Project_DataLab_2025\data\odac\pristine_H2O\NIKZAJ02\NIKZAJ02_w_H2O_1_relaxed.cif,-0.19550461799997265
C:\Users\GED\PycharmProjects\Aixelo_Project_DataLab_2025\data\odac\pristine_H2O\NIKZEN\NIKZEN_w_H2O_1_relaxed.cif,-0.41622660750007867
C:\Users\GED\PycharmProjects\Aixelo_Project_DataLab_2025\data\odac\pristine_H2O\NIKZEN01\NIKZEN01_w_H2O_1_relaxed.cif,-0.22631680199995116
C:\Users\GED\PycharmProjects\Aixelo_Project_DataLab_2025\data\odac\pristine_H2O\NIKZEN02\NIKZEN02_w_H2O_1_relaxed.cif,-0.4419239999999433
C:\Users\GED\PycharmProjects\Aixelo_Project_DataLab_2025\data\odac\pristine_H2O\NIMPEG\NIMPEG_w_H2O_1_relaxed.cif,-0.30309205799990196
C:\Users\GED\PycharmProjects\Aixelo_Project_DataLab_2025\data\odac\pristine_H2O\NIMPEG01\NIMPEG01_w_H2O_1_relaxed.cif,-0.1968485149998287
C:\Users\GED\PycharmProjects\Aixelo_Project_DataLab_2025\data\odac\pristine_H2O\NIMXIS\NIMXIS_w_H2O_1_relaxed.cif,-0.5920782725000322
C:\Users\GED\PycharmProjects\Aixelo_Project_DataLab_2025\data\odac\pristine_H2O\NINHOH\NINHOH_w_H2O_1_relaxed.cif,-0.17743710666667303
C:\Users\GED\PycharmProjects\Aixelo_Project_DataLab_2025\data\odac\pristine_H2O\NINVAI\NINVAI_w_H2O_1_relaxed.cif,0.03206718599976738
C:\Users\GED\PycharmProjects\Aixelo_Project_DataLab_2025\data\odac\pristine_H2O\NIRGAY\NIRGAY_w_H2O_1_relaxed.cif,-0.34224485999993703
C:\Users\GED\PycharmProjects\Aixelo_Project_DataLab_2025\data\odac\pristine_H2O\NIRKAB\NIRKAB_w_H2O_1_relaxed.cif,-0.5550335539999651
C:\Users\GED\PycharmProjects\Aixelo_Project_DataLab_2025\data\odac\pristine_H2O\NISBEX\NISBEX_w_H2O_1_relaxed.cif,-0.8149558599998727
C:\Users\GED\PycharmProjects\Aixelo_Project_DataLab_2025\data\odac\pristine_H2O\NISPEL_charged\NISPEL_charged_w_H2O_1_relaxed.cif,-0.4469178679998095
C:\Users\GED\PycharmProjects\Aixelo_Project_DataLab_2025\data\odac\pristine_H2O\NIYZIG\NIYZIG_w_H2O_1_relaxed.cif,-0.31595479000003474
C:\Users\GED\PycharmProjects\Aixelo_Project_DataLab_2025\data\odac\pristine_H2O\NOBVOR\NOBVOR_w_H2O_1_relaxed.cif,-0.3169947533332902
C:\Users\GED\PycharmProjects\Aixelo_Project_DataLab_2025\data\odac\pristine_H2O\NOCKOG\NOCKOG_w_H2O_1_relaxed.cif,-0.40249496499998827
C:\Users\GED\PycharmProjects\Aixelo_Project_DataLab_2025\data\odac\pristine_H2O\NOCKUM\NOCKUM_w_H2O_1_relaxed.cif,-0.5064303274999986
C:\Users\GED\PycharmProjects\Aixelo_Project_DataLab_2025\data\odac\pristine_H2O\NOCLOH\NOCLOH_w_H2O_1_relaxed.cif,-0.3784595200000012
C:\Users\GED\PycharmProjects\Aixelo_Project_DataLab_2025\data\odac\pristine_H2O\NOCLOH01\NOCLOH01_w_H2O_1_relaxed.cif,-0.46846943599996393
C:\Users\GED\PycharmProjects\Aixelo_Project_DataLab_2025\data\odac\pristine_H2O\NOCLOH02\NOCLOH02_w_H2O_1_relaxed.cif,-0.5573317480000014
C:\Users\GED\PycharmProjects\Aixelo_Project_DataLab_2025\data\odac\pristine_H2O\NOCLOH03\NOCLOH03_w_H2O_1_relaxed.cif,-0.5297758359999761
C:\Users\GED\PycharmProjects\Aixelo_Project_DataLab_2025\data\odac\pristine_H2O\NOCLUN\NOCLUN_w_H2O_1_relaxed.cif,-0.1011975540000094
C:\Users\GED\PycharmProjects\Aixelo_Project_DataLab_2025\data\odac\pristine_H2O\NOCYUB\NOCYUB_w_H2O_1_relaxed.cif,-1.5653655919999436
C:\Users\GED\PycharmProjects\Aixelo_Project_DataLab_2025\data\odac\pristine_H2O\NOCZAI\NOCZAI_w_H2O_1_relaxed.cif,-1.4877544900000146
C:\Users\GED\PycharmProjects\Aixelo_Project_DataLab_2025\data\odac\pristine_H2O\NOFDUI\NOFDUI_w_H2O_1_relaxed.cif,-0.5139802039998813
C:\Users\GED\PycharmProjects\Aixelo_Project_DataLab_2025\data\odac\pristine_H2O\NOFQIK\NOFQIK_w_H2O_1_relaxed.cif,-0.5099663079999572
C:\Users\GED\PycharmProjects\Aixelo_Project_DataLab_2025\data\odac\pristine_H2O\NOFQOQ\NOFQOQ_w_H2O_1_relaxed.cif,-0.19723929400001908
C:\Users\GED\PycharmProjects\Aixelo_Project_DataLab_2025\data\odac\pristine_H2O\NOGDAP\NOGDAP_w_H2O_1_relaxed.cif,-0.16130078166670117
C:\Users\GED\PycharmProjects\Aixelo_Project_DataLab_2025\data\odac\pristine_H2O\NOHLAZ\NOHLAZ_w_H2O_1_relaxed.cif,-0.8406143960000009
C:\Users\GED\PycharmProjects\Aixelo_Project_DataLab_2025\data\odac\pristine_H2O\NOHSIM\NOHSIM_w_H2O_random_1_relaxed.cif,-0.26296360999995727
C:\Users\GED\PycharmProjects\Aixelo_Project_DataLab_2025\data\odac\pristine_H2O\NOHSIM01\NOHSIM01_w_H2O_1_relaxed.cif,-0.5407240579999779
C:\Users\GED\PycharmProjects\Aixelo_Project_DataLab_2025\data\odac\pristine_H2O\NOKJON\NOKJON_w_H2O_1_relaxed.cif,-0.14665969599999473
C:\Users\GED\PycharmProjects\Aixelo_Project_DataLab_2025\data\odac\pristine_H2O\NOKLIJ\NOKLIJ_w_H2O_1_relaxed.cif,-0.20840307250000473
C:\Users\GED\PycharmProjects\Aixelo_Project_DataLab_2025\data\odac\pristine_H2O\NOKPEJ\NOKPEJ_w_H2O_1_relaxed.cif,-0.36423060599997825
C:\Users\GED\PycharmProjects\Aixelo_Project_DataLab_2025\data\odac\pristine_H2O\NOMQAJ01\NOMQAJ01_w_H2O_1_relaxed.cif,-0.12041656000008057
C:\Users\GED\PycharmProjects\Aixelo_Project_DataLab_2025\data\odac\pristine_H2O\NOPJOT\NOPJOT_w_H2O_1_relaxed.cif,-0.1810672466668469
C:\Users\GED\PycharmProjects\Aixelo_Project_DataLab_2025\data\odac\pristine_H2O\NORJEL\NORJEL_w_H2O_1_relaxed.cif,-0.4326847500000895
C:\Users\GED\PycharmProjects\Aixelo_Project_DataLab_2025\data\odac\pristine_H2O\NOSHEK\NOSHEK_w_H2O_1_relaxed.cif,-0.41011658600007195
C:\Users\GED\PycharmProjects\Aixelo_Project_DataLab_2025\data\odac\pristine_H2O\NOSTUM\NOSTUM_w_H2O_1_relaxed.cif,-0.20134085249998174
C:\Users\GED\PycharmProjects\Aixelo_Project_DataLab_2025\data\odac\pristine_H2O\NOSTUM01\NOSTUM01_w_H2O_1_relaxed.cif,-0.26076812000002286
C:\Users\GED\PycharmProjects\Aixelo_Project_DataLab_2025\data\odac\pristine_H2O\NOWGIR\NOWGIR_w_H2O_1_relaxed.cif,-0.26403509000002146
C:\Users\GED\PycharmProjects\Aixelo_Project_DataLab_2025\data\odac\pristine_H2O\NUBBAP\NUBBAP_w_H2O_1_relaxed.cif,-0.49939982000006466
C:\Users\GED\PycharmProjects\Aixelo_Project_DataLab_2025\data\odac\pristine_H2O\NUBPIL\NUBPIL_w_H2O_1_relaxed.cif,-0.08122842000005902
C:\Users\GED\PycharmProjects\Aixelo_Project_DataLab_2025\data\odac\pristine_H2O\NUCCEV\NUCCEV_w_H2O_1_relaxed.cif,0.01826903800010768
C:\Users\GED\PycharmProjects\Aixelo_Project_DataLab_2025\data\odac\pristine_H2O\NUCREJ\NUCREJ_w_H2O_1_relaxed.cif,1.1552078250001045
C:\Users\GED\PycharmProjects\Aixelo_Project_DataLab_2025\data\odac\pristine_H2O\NUCYAN\NUCYAN_w_H2O_1_relaxed.cif,1.2487388825001062
C:\Users\GED\PycharmProjects\Aixelo_Project_DataLab_2025\data\odac\pristine_H2O\NUCYER\NUCYER_w_H2O_1_relaxed.cif,-0.5318687839998347
C:\Users\GED\PycharmProjects\Aixelo_Project_DataLab_2025\data\odac\pristine_H2O\NUDLAA\NUDLAA_w_H2O_1_relaxed.cif,-0.5979504750005921
C:\Users\GED\PycharmProjects\Aixelo_Project_DataLab_2025\data\odac\pristine_H2O\NUDLIJ\NUDLIJ_w_H2O_1_relaxed.cif,-0.29227684399988896
C:\Users\GED\PycharmProjects\Aixelo_Project_DataLab_2025\data\odac\pristine_H2O\NUDMAC\NUDMAC_w_H2O_1_relaxed.cif,-0.398421689999941
C:\Users\GED\PycharmProjects\Aixelo_Project_DataLab_2025\data\odac\pristine_H2O\NUDMEG\NUDMEG_w_H2O_1_relaxed.cif,-0.5213376559998778
C:\Users\GED\PycharmProjects\Aixelo_Project_DataLab_2025\data\odac\pristine_H2O\NUDMOQ\NUDMOQ_w_H2O_1_relaxed.cif,-0.25625725199997756
C:\Users\GED\PycharmProjects\Aixelo_Project_DataLab_2025\data\odac\pristine_H2O\NUDMUW\NUDMUW_w_H2O_1_relaxed.cif,-0.3921362139999473
C:\Users\GED\PycharmProjects\Aixelo_Project_DataLab_2025\data\odac\pristine_H2O\NUDNEH\NUDNEH_w_H2O_1_relaxed.cif,-0.43265027799989186
C:\Users\GED\PycharmProjects\Aixelo_Project_DataLab_2025\data\odac\pristine_H2O\NUFBEX\NUFBEX_w_H2O_1_relaxed.cif,-0.7276497739999058
C:\Users\GED\PycharmProjects\Aixelo_Project_DataLab_2025\data\odac\pristine_H2O\NUFBOH\NUFBOH_w_H2O_1_relaxed.cif,-0.11745152200001027
C:\Users\GED\PycharmProjects\Aixelo_Project_DataLab_2025\data\odac\pristine_H2O\NUFBUN\NUFBUN_w_H2O_1_relaxed.cif,-0.2540163600000085
C:\Users\GED\PycharmProjects\Aixelo_Project_DataLab_2025\data\odac\pristine_H2O\NUFCAU\NUFCAU_w_H2O_1_relaxed.cif,-0.6083896674998641
C:\Users\GED\PycharmProjects\Aixelo_Project_DataLab_2025\data\odac\pristine_H2O\NUHPAI\NUHPAI_w_H2O_1_relaxed.cif,-0.030527126666697768
C:\Users\GED\PycharmProjects\Aixelo_Project_DataLab_2025\data\odac\pristine_H2O\NUHQAK\NUHQAK_w_H2O_random_2_relaxed.cif,-0.1530537300000105
C:\Users\GED\PycharmProjects\Aixelo_Project_DataLab_2025\data\odac\pristine_H2O\NUHZAS\NUHZAS_w_H2O_1_relaxed.cif,0.05289069333305935
C:\Users\GED\PycharmProjects\Aixelo_Project_DataLab_2025\data\odac\pristine_H2O\NUJCEA\NUJCEA_w_H2O_1_relaxed.cif,-0.7833207900000048
C:\Users\GED\PycharmProjects\Aixelo_Project_DataLab_2025\data\odac\pristine_H2O\NUJCIE\NUJCIE_w_H2O_1_relaxed.cif,-0.7816649033333078
C:\Users\GED\PycharmProjects\Aixelo_Project_DataLab_2025\data\odac\pristine_H2O\NULMAJ\NULMAJ_w_H2O_1_relaxed.cif,-0.24150114999963532
C:\Users\GED\PycharmProjects\Aixelo_Project_DataLab_2025\data\odac\pristine_H2O\NUNCEG\NUNCEG_w_H2O_1_relaxed.cif,-0.5908579049998934
C:\Users\GED\PycharmProjects\Aixelo_Project_DataLab_2025\data\odac\pristine_H2O\NURMUJ\NURMUJ_w_H2O_1_relaxed.cif,-0.15079240999998544
C:\Users\GED\PycharmProjects\Aixelo_Project_DataLab_2025\data\odac\pristine_H2O\NUTQAV\NUTQAV_w_H2O_1_relaxed.cif,0.12371238000008586
C:\Users\GED\PycharmProjects\Aixelo_Project_DataLab_2025\data\odac\pristine_H2O\NUTQEZ\NUTQEZ_w_H2O_1_relaxed.cif,-0.1026722450000079
C:\Users\GED\PycharmProjects\Aixelo_Project_DataLab_2025\data\odac\pristine_H2O\NUVWEH\NUVWEH_w_H2O_1_relaxed.cif,-0.5020758540000543
C:\Users\GED\PycharmProjects\Aixelo_Project_DataLab_2025\data\odac\pristine_H2O\NUVWIL\NUVWIL_w_H2O_1_relaxed.cif,-0.178911082500008
C:\Users\GED\PycharmProjects\Aixelo_Project_DataLab_2025\data\odac\pristine_H2O\NUVXOT\NUVXOT_w_H2O_1_relaxed.cif,-0.1079900924998469
C:\Users\GED\PycharmProjects\Aixelo_Project_DataLab_2025\data\odac\pristine_H2O\NUVYIN\NUVYIN_w_H2O_random_2_relaxed.cif,0.2088488399997459
C:\Users\GED\PycharmProjects\Aixelo_Project_DataLab_2025\data\odac\pristine_H2O\NUWPOM\NUWPOM_w_H2O_2_relaxed.cif,-1.1494994499998938
C:\Users\GED\PycharmProjects\Aixelo_Project_DataLab_2025\data\odac\pristine_H2O\NUYNEC\NUYNEC_w_H2O_1_relaxed.cif,-0.5646092740001449
C:\Users\GED\PycharmProjects\Aixelo_Project_DataLab_2025\data\odac\pristine_H2O\NUYQUU\NUYQUU_w_H2O_1_relaxed.cif,-0.34219332000000124
C:\Users\GED\PycharmProjects\Aixelo_Project_DataLab_2025\data\odac\pristine_H2O\OBEDAA_charged\OBEDAA_charged_w_H2O_1_relaxed.cif,-0.32755536400004526
C:\Users\GED\PycharmProjects\Aixelo_Project_DataLab_2025\data\odac\pristine_H2O\OBEDEE\OBEDEE_w_H2O_1_relaxed.cif,0.47220081199998276
C:\Users\GED\PycharmProjects\Aixelo_Project_DataLab_2025\data\odac\pristine_H2O\OBIBEJ\OBIBEJ_w_H2O_1_relaxed.cif,-0.16429304599996614
C:\Users\GED\PycharmProjects\Aixelo_Project_DataLab_2025\data\odac\pristine_H2O\OBODEQ\OBODEQ_w_H2O_1_relaxed.cif,1.9564258450000125
C:\Users\GED\PycharmProjects\Aixelo_Project_DataLab_2025\data\odac\pristine_H2O\OBOGUK\OBOGUK_w_H2O_1_relaxed.cif,-0.519066397500012
C:\Users\GED\PycharmProjects\Aixelo_Project_DataLab_2025\data\odac\pristine_H2O\OBUBOC_manual\OBUBOC_manual_w_H2O_1_relaxed.cif,-0.38494854250001254
C:\Users\GED\PycharmProjects\Aixelo_Project_DataLab_2025\data\odac\pristine_H2O\OBUFIB_SL\OBUFIB_SL_w_H2O_1_relaxed.cif,-0.6643762780001452
C:\Users\GED\PycharmProjects\Aixelo_Project_DataLab_2025\data\odac\pristine_H2O\OCACUR\OCACUR_w_H2O_1_relaxed.cif,-0.2289535179999461
C:\Users\GED\PycharmProjects\Aixelo_Project_DataLab_2025\data\odac\pristine_H2O\OCAQOY\OCAQOY_w_H2O_1_relaxed.cif,-0.34980150399992455
C:\Users\GED\PycharmProjects\Aixelo_Project_DataLab_2025\data\odac\pristine_H2O\OCAWAT\OCAWAT_w_H2O_1_relaxed.cif,0.16356296999997538
C:\Users\GED\PycharmProjects\Aixelo_Project_DataLab_2025\data\odac\pristine_H2O\OCINIA\OCINIA_w_H2O_1_relaxed.cif,-0.3375923699999248
C:\Users\GED\PycharmProjects\Aixelo_Project_DataLab_2025\data\odac\pristine_H2O\OCIZAD\OCIZAD_w_H2O_1_relaxed.cif,-0.5839106219999849
C:\Users\GED\PycharmProjects\Aixelo_Project_DataLab_2025\data\odac\pristine_H2O\OCUGEZ01\OCUGEZ01_w_H2O_1_relaxed.cif,-0.3242345266666196
C:\Users\GED\PycharmProjects\Aixelo_Project_DataLab_2025\data\odac\pristine_H2O\OCUNAE\OCUNAE_w_H2O_1_relaxed.cif,-0.7008104740003546
C:\Users\GED\PycharmProjects\Aixelo_Project_DataLab_2025\data\odac\pristine_H2O\OCUPOS\OCUPOS_w_H2O_1_relaxed.cif,-0.6614404239999772
C:\Users\GED\PycharmProjects\Aixelo_Project_DataLab_2025\data\odac\pristine_H2O\OCUPUY\OCUPUY_w_H2O_1_relaxed.cif,-1.0285409500000129
C:\Users\GED\PycharmProjects\Aixelo_Project_DataLab_2025\data\odac\pristine_H2O\OCUQOT\OCUQOT_w_H2O_1_relaxed.cif,-0.4912894650000794
C:\Users\GED\PycharmProjects\Aixelo_Project_DataLab_2025\data\odac\pristine_H2O\OCURAG\OCURAG_w_H2O_1_relaxed.cif,-0.5690863650002598
C:\Users\GED\PycharmProjects\Aixelo_Project_DataLab_2025\data\odac\pristine_H2O\OCUSIP\OCUSIP_w_H2O_1_relaxed.cif,-0.7912122519999002
C:\Users\GED\PycharmProjects\Aixelo_Project_DataLab_2025\data\odac\pristine_H2O\OCUSUB\OCUSUB_w_H2O_1_relaxed.cif,-0.5168895049999378
C:\Users\GED\PycharmProjects\Aixelo_Project_DataLab_2025\data\odac\pristine_H2O\ODAHIK_charged\ODAHIK_charged_w_H2O_1_relaxed.cif,-0.9003049040005863
C:\Users\GED\PycharmProjects\Aixelo_Project_DataLab_2025\data\odac\pristine_H2O\ODERIZ\ODERIZ_w_H2O_1_relaxed.cif,-0.330096992000017
C:\Users\GED\PycharmProjects\Aixelo_Project_DataLab_2025\data\odac\pristine_H2O\ODIMAQ\ODIMAQ_w_H2O_1_relaxed.cif,0.7944720649998089
C:\Users\GED\PycharmProjects\Aixelo_Project_DataLab_2025\data\odac\pristine_H2O\ODIVUU\ODIVUU_w_H2O_1_relaxed.cif,-0.023844572000052716
C:\Users\GED\PycharmProjects\Aixelo_Project_DataLab_2025\data\odac\pristine_H2O\ODIXEG\ODIXEG_w_H2O_1_relaxed.cif,-0.19934574249998602
C:\Users\GED\PycharmProjects\Aixelo_Project_DataLab_2025\data\odac\pristine_H2O\ODODES\ODODES_w_H2O_1_relaxed.cif,-0.43927028800012524
C:\Users\GED\PycharmProjects\Aixelo_Project_DataLab_2025\data\odac\pristine_H2O\ODODIW\ODODIW_w_H2O_1_relaxed.cif,-0.2036389000000099
C:\Users\GED\PycharmProjects\Aixelo_Project_DataLab_2025\data\odac\pristine_H2O\ODODOC\ODODOC_w_H2O_1_relaxed.cif,-0.2829875839999658
C:\Users\GED\PycharmProjects\Aixelo_Project_DataLab_2025\data\odac\pristine_H2O\ODOMIF\ODOMIF_w_H2O_1_relaxed.cif,-0.2944093100000146
C:\Users\GED\PycharmProjects\Aixelo_Project_DataLab_2025\data\odac\pristine_H2O\ODOXEK\ODOXEK_w_H2O_1_relaxed.cif,-0.44813463800001047
C:\Users\GED\PycharmProjects\Aixelo_Project_DataLab_2025\data\odac\pristine_H2O\ODUNEH\ODUNEH_w_H2O_1_relaxed.cif,0.06119531799981812
C:\Users\GED\PycharmProjects\Aixelo_Project_DataLab_2025\data\odac\pristine_H2O\OFAWAV\OFAWAV_w_H2O_1_relaxed.cif,-0.08713770750000545
C:\Users\GED\PycharmProjects\Aixelo_Project_DataLab_2025\data\odac\pristine_H2O\OFAWEZ\OFAWEZ_w_H2O_1_relaxed.cif,-0.26123712249997766
C:\Users\GED\PycharmProjects\Aixelo_Project_DataLab_2025\data\odac\pristine_H2O\OFEHAK\OFEHAK_w_H2O_1_relaxed.cif,-0.3154415950000953
C:\Users\GED\PycharmProjects\Aixelo_Project_DataLab_2025\data\odac\pristine_H2O\OFEREX\OFEREX_w_H2O_1_relaxed.cif,-0.3190991599999222
C:\Users\GED\PycharmProjects\Aixelo_Project_DataLab_2025\data\odac\pristine_H2O\OFERUN\OFERUN_w_H2O_1_relaxed.cif,-0.1560592625000367
C:\Users\GED\PycharmProjects\Aixelo_Project_DataLab_2025\data\odac\pristine_H2O\OFERUN06\OFERUN06_w_H2O_1_relaxed.cif,-0.4238660799999536
C:\Users\GED\PycharmProjects\Aixelo_Project_DataLab_2025\data\odac\pristine_H2O\OFESAU\OFESAU_w_H2O_1_relaxed.cif,-0.2773727699999654
C:\Users\GED\PycharmProjects\Aixelo_Project_DataLab_2025\data\odac\pristine_H2O\OFESEY\OFESEY_w_H2O_1_relaxed.cif,-0.44830198999993626
C:\Users\GED\PycharmProjects\Aixelo_Project_DataLab_2025\data\odac\pristine_H2O\OFODAP\OFODAP_w_H2O_1_relaxed.cif,-0.3024340460000303
C:\Users\GED\PycharmProjects\Aixelo_Project_DataLab_2025\data\odac\pristine_H2O\OFODET\OFODET_w_H2O_1_relaxed.cif,0.01620745400005034
C:\Users\GED\PycharmProjects\Aixelo_Project_DataLab_2025\data\odac\pristine_H2O\OFORUX\OFORUX_w_H2O_1_relaxed.cif,-0.2750352379999413
C:\Users\GED\PycharmProjects\Aixelo_Project_DataLab_2025\data\odac\pristine_H2O\OFUCAV\OFUCAV_w_H2O_1_relaxed.cif,-0.4604604300000119
C:\Users\GED\PycharmProjects\Aixelo_Project_DataLab_2025\data\odac\pristine_H2O\OFUCEZ\OFUCEZ_w_H2O_1_relaxed.cif,-0.41605828999997385
C:\Users\GED\PycharmProjects\Aixelo_Project_DataLab_2025\data\odac\pristine_H2O\OFUYUL_SL\OFUYUL_SL_w_H2O_1_relaxed.cif,-0.3681480519999923
C:\Users\GED\PycharmProjects\Aixelo_Project_DataLab_2025\data\odac\pristine_H2O\OGAGAF\OGAGAF_w_H2O_1_relaxed.cif,-0.42917298200000004
C:\Users\GED\PycharmProjects\Aixelo_Project_DataLab_2025\data\odac\pristine_H2O\OGAGEJ\OGAGEJ_w_H2O_1_relaxed.cif,-0.4617158780000409
C:\Users\GED\PycharmProjects\Aixelo_Project_DataLab_2025\data\odac\pristine_H2O\OGAGIN\OGAGIN_w_H2O_1_relaxed.cif,-0.20511317999998932
C:\Users\GED\PycharmProjects\Aixelo_Project_DataLab_2025\data\odac\pristine_H2O\OGAXUR\OGAXUR_w_H2O_1_relaxed.cif,-0.4292595580001489
C:\Users\GED\PycharmProjects\Aixelo_Project_DataLab_2025\data\odac\pristine_H2O\OGEBAF01\OGEBAF01_w_H2O_1_relaxed.cif,-0.6129997699999876
C:\Users\GED\PycharmProjects\Aixelo_Project_DataLab_2025\data\odac\pristine_H2O\OGECOU\OGECOU_w_H2O_1_relaxed.cif,-0.5628633040000295
C:\Users\GED\PycharmProjects\Aixelo_Project_DataLab_2025\data\odac\pristine_H2O\OGESOJ\OGESOJ_w_H2O_1_relaxed.cif,-0.2593927250000405
C:\Users\GED\PycharmProjects\Aixelo_Project_DataLab_2025\data\odac\pristine_H2O\OGIBOV\OGIBOV_w_H2O_1_relaxed.cif,-0.6919131316667517
C:\Users\GED\PycharmProjects\Aixelo_Project_DataLab_2025\data\odac\pristine_H2O\OGIBUD\OGIBUD_w_H2O_1_relaxed.cif,-0.44103418000005945
C:\Users\GED\PycharmProjects\Aixelo_Project_DataLab_2025\data\odac\pristine_H2O\OGOWAJ\OGOWAJ_w_H2O_1_relaxed.cif,-0.3771173340001951
C:\Users\GED\PycharmProjects\Aixelo_Project_DataLab_2025\data\odac\pristine_H2O\OGUJIL\OGUJIL_w_H2O_1_relaxed.cif,-0.6190941639999437
C:\Users\GED\PycharmProjects\Aixelo_Project_DataLab_2025\data\odac\pristine_H2O\OGURAK_charged\OGURAK_charged_w_H2O_1_relaxed.cif,-0.010762884999962854
C:\Users\GED\PycharmProjects\Aixelo_Project_DataLab_2025\data\odac\pristine_H2O\OHAKEO\OHAKEO_w_H2O_1_relaxed.cif,-0.26152408000001515
C:\Users\GED\PycharmProjects\Aixelo_Project_DataLab_2025\data\odac\pristine_H2O\OHAKIS\OHAKIS_w_H2O_1_relaxed.cif,-0.28515042200015156
C:\Users\GED\PycharmProjects\Aixelo_Project_DataLab_2025\data\odac\pristine_H2O\OHAQEU\OHAQEU_w_H2O_1_relaxed.cif,-0.4109022524999517
C:\Users\GED\PycharmProjects\Aixelo_Project_DataLab_2025\data\odac\pristine_H2O\OHEMIX\OHEMIX_w_H2O_random_1_relaxed.cif,-0.2504059599999664
C:\Users\GED\PycharmProjects\Aixelo_Project_DataLab_2025\data\odac\pristine_H2O\OHIHET\OHIHET_w_H2O_1_relaxed.cif,-0.31071929600004744
C:\Users\GED\PycharmProjects\Aixelo_Project_DataLab_2025\data\odac\pristine_H2O\OHOLIH\OHOLIH_w_H2O_1_relaxed.cif,-0.12977527600003208
C:\Users\GED\PycharmProjects\Aixelo_Project_DataLab_2025\data\odac\pristine_H2O\OHOMIH\OHOMIH_w_H2O_1_relaxed.cif,-0.9456576839999912
C:\Users\GED\PycharmProjects\Aixelo_Project_DataLab_2025\data\odac\pristine_H2O\OJAKOA\OJAKOA_w_H2O_1_relaxed.cif,-0.4255095319998873
C:\Users\GED\PycharmProjects\Aixelo_Project_DataLab_2025\data\odac\pristine_H2O\OJICUG\OJICUG_w_H2O_1_relaxed.cif,-0.19445264000003698
C:\Users\GED\PycharmProjects\Aixelo_Project_DataLab_2025\data\odac\pristine_H2O\OJIWAG\OJIWAG_w_H2O_1_relaxed.cif,-0.6048513020007704
C:\Users\GED\PycharmProjects\Aixelo_Project_DataLab_2025\data\odac\pristine_H2O\OJIWIO\OJIWIO_w_H2O_1_relaxed.cif,-0.30261036200004127
C:\Users\GED\PycharmProjects\Aixelo_Project_DataLab_2025\data\odac\pristine_H2O\OJONOQ\OJONOQ_w_H2O_1_relaxed.cif,0.2011178049999387
C:\Users\GED\PycharmProjects\Aixelo_Project_DataLab_2025\data\odac\pristine_H2O\OJORUC\OJORUC_w_H2O_1_relaxed.cif,-0.2509813524999345
C:\Users\GED\PycharmProjects\Aixelo_Project_DataLab_2025\data\odac\pristine_H2O\OKAYAC\OKAYAC_w_H2O_1_relaxed.cif,-0.02023806599993348
C:\Users\GED\PycharmProjects\Aixelo_Project_DataLab_2025\data\odac\pristine_H2O\OKAYEG\OKAYEG_w_H2O_1_relaxed.cif,-0.01350055599993992
C:\Users\GED\PycharmProjects\Aixelo_Project_DataLab_2025\data\odac\pristine_H2O\OKAYIK\OKAYIK_w_H2O_1_relaxed.cif,-0.03490767599998886
C:\Users\GED\PycharmProjects\Aixelo_Project_DataLab_2025\data\odac\pristine_H2O\OKAYOQ\OKAYOQ_w_H2O_1_relaxed.cif,-0.08316037499999611
C:\Users\GED\PycharmProjects\Aixelo_Project_DataLab_2025\data\odac\pristine_H2O\OKAYUW\OKAYUW_w_H2O_1_relaxed.cif,-0.0914499216666513
C:\Users\GED\PycharmProjects\Aixelo_Project_DataLab_2025\data\odac\pristine_H2O\OKAZAD\OKAZAD_w_H2O_1_relaxed.cif,-0.2865033866666901
C:\Users\GED\PycharmProjects\Aixelo_Project_DataLab_2025\data\odac\pristine_H2O\OKELOH\OKELOH_w_H2O_random_1_relaxed.cif,-0.5264066800001501
C:\Users\GED\PycharmProjects\Aixelo_Project_DataLab_2025\data\odac\pristine_H2O\OKIJUO_charged\OKIJUO_charged_w_H2O_1_relaxed.cif,-0.46353669599993735
C:\Users\GED\PycharmProjects\Aixelo_Project_DataLab_2025\data\odac\pristine_H2O\OKIKAV_charged\OKIKAV_charged_w_H2O_1_relaxed.cif,-0.4349889459998849
C:\Users\GED\PycharmProjects\Aixelo_Project_DataLab_2025\data\odac\pristine_H2O\OKIKEZ_charged\OKIKEZ_charged_w_H2O_1_relaxed.cif,-0.25998403600005987
C:\Users\GED\PycharmProjects\Aixelo_Project_DataLab_2025\data\odac\pristine_H2O\OKILEA\OKILEA_w_H2O_1_relaxed.cif,-0.06043041166689514
C:\Users\GED\PycharmProjects\Aixelo_Project_DataLab_2025\data\odac\pristine_H2O\OKITIM02_charged\OKITIM02_charged_w_H2O_1_relaxed.cif,-0.3342161460004717
C:\Users\GED\PycharmProjects\Aixelo_Project_DataLab_2025\data\odac\pristine_H2O\OKITIM_charged\OKITIM_charged_w_H2O_1_relaxed.cif,-0.38340122199997495
C:\Users\GED\PycharmProjects\Aixelo_Project_DataLab_2025\data\odac\pristine_H2O\OKIVAG_charged\OKIVAG_charged_w_H2O_1_relaxed.cif,-0.1748109080001995
C:\Users\GED\PycharmProjects\Aixelo_Project_DataLab_2025\data\odac\pristine_H2O\OKIVIO01_charged\OKIVIO01_charged_w_H2O_1_relaxed.cif,-0.3743189840003652
C:\Users\GED\PycharmProjects\Aixelo_Project_DataLab_2025\data\odac\pristine_H2O\OKIVIO_charged\OKIVIO_charged_w_H2O_1_relaxed.cif,-0.17436168000022007
C:\Users\GED\PycharmProjects\Aixelo_Project_DataLab_2025\data\odac\pristine_H2O\OKIVUA\OKIVUA_w_H2O_1_relaxed.cif,-0.4480592580002849
C:\Users\GED\PycharmProjects\Aixelo_Project_DataLab_2025\data\odac\pristine_H2O\OKIWEL02_charged\OKIWEL02_charged_w_H2O_1_relaxed.cif,-0.5076254720001998
C:\Users\GED\PycharmProjects\Aixelo_Project_DataLab_2025\data\odac\pristine_H2O\OKIWEL_charged\OKIWEL_charged_w_H2O_1_relaxed.cif,-0.3344869680004194
C:\Users\GED\PycharmProjects\Aixelo_Project_DataLab_2025\data\odac\pristine_H2O\OKIWUB01_charged\OKIWUB01_charged_w_H2O_1_relaxed.cif,-0.35138594200070655
C:\Users\GED\PycharmProjects\Aixelo_Project_DataLab_2025\data\odac\pristine_H2O\OKIWUB02\OKIWUB02_w_H2O_1_relaxed.cif,-0.3134127359996455
C:\Users\GED\PycharmProjects\Aixelo_Project_DataLab_2025\data\odac\pristine_H2O\OKIWUB_charged\OKIWUB_charged_w_H2O_1_relaxed.cif,-0.3070849340002496
C:\Users\GED\PycharmProjects\Aixelo_Project_DataLab_2025\data\odac\pristine_H2O\OKIXIQ01_charged\OKIXIQ01_charged_w_H2O_1_relaxed.cif,-0.39164413600055925
C:\Users\GED\PycharmProjects\Aixelo_Project_DataLab_2025\data\odac\pristine_H2O\OKIXIQ02_charged\OKIXIQ02_charged_w_H2O_1_relaxed.cif,-0.40152124399983224
C:\Users\GED\PycharmProjects\Aixelo_Project_DataLab_2025\data\odac\pristine_H2O\OKIXIQ_charged\OKIXIQ_charged_w_H2O_1_relaxed.cif,-0.39313715800044513
C:\Users\GED\PycharmProjects\Aixelo_Project_DataLab_2025\data\odac\pristine_H2O\OKIYAJ01\OKIYAJ01_w_H2O_1_relaxed.cif,-0.4432213880002564
C:\Users\GED\PycharmProjects\Aixelo_Project_DataLab_2025\data\odac\pristine_H2O\OKIYAJ_charged\OKIYAJ_charged_w_H2O_1_relaxed.cif,-0.5231314700003168
C:\Users\GED\PycharmProjects\Aixelo_Project_DataLab_2025\data\odac\pristine_H2O\OKIYIR01_charged\OKIYIR01_charged_w_H2O_1_relaxed.cif,-0.2857256180001968
C:\Users\GED\PycharmProjects\Aixelo_Project_DataLab_2025\data\odac\pristine_H2O\OKIYIR02_charged\OKIYIR02_charged_w_H2O_1_relaxed.cif,-0.40003219800009904
C:\Users\GED\PycharmProjects\Aixelo_Project_DataLab_2025\data\odac\pristine_H2O\OKIYIR03_charged\OKIYIR03_charged_w_H2O_1_relaxed.cif,-0.26700945600032355
C:\Users\GED\PycharmProjects\Aixelo_Project_DataLab_2025\data\odac\pristine_H2O\OKIYIR_charged\OKIYIR_charged_w_H2O_1_relaxed.cif,-0.3600897900000745
C:\Users\GED\PycharmProjects\Aixelo_Project_DataLab_2025\data\odac\pristine_H2O\OLAGIR\OLAGIR_w_H2O_1_relaxed.cif,-0.588101547999986
C:\Users\GED\PycharmProjects\Aixelo_Project_DataLab_2025\data\odac\pristine_H2O\OLEKUL\OLEKUL_w_H2O_1_relaxed.cif,-0.3201185199998235
C:\Users\GED\PycharmProjects\Aixelo_Project_DataLab_2025\data\odac\pristine_H2O\OLELAS\OLELAS_w_H2O_1_relaxed.cif,-0.13143134600004486
C:\Users\GED\PycharmProjects\Aixelo_Project_DataLab_2025\data\odac\pristine_H2O\OLOKEF\OLOKEF_w_H2O_1_relaxed.cif,-0.2844762040000091
C:\Users\GED\PycharmProjects\Aixelo_Project_DataLab_2025\data\odac\pristine_H2O\OLOPEM\OLOPEM_w_H2O_1_relaxed.cif,-0.5267028460000802
C:\Users\GED\PycharmProjects\Aixelo_Project_DataLab_2025\data\odac\pristine_H2O\OLUCAZ\OLUCAZ_w_H2O_1_relaxed.cif,-0.23344458499980186
C:\Users\GED\PycharmProjects\Aixelo_Project_DataLab_2025\data\odac\pristine_H2O\OMIPAD\OMIPAD_w_H2O_1_relaxed.cif,-0.17770966200032484
C:\Users\GED\PycharmProjects\Aixelo_Project_DataLab_2025\data\odac\pristine_H2O\OMOVET\OMOVET_w_H2O_1_relaxed.cif,0.20827519399990696
C:\Users\GED\PycharmProjects\Aixelo_Project_DataLab_2025\data\odac\pristine_H2O\ONIXOZ\ONIXOZ_w_H2O_1_relaxed.cif,-0.093295549999857
C:\Users\GED\PycharmProjects\Aixelo_Project_DataLab_2025\data\odac\pristine_H2O\ONUJUE\ONUJUE_w_H2O_1_relaxed.cif,4.39252082750005
C:\Users\GED\PycharmProjects\Aixelo_Project_DataLab_2025\data\odac\pristine_H2O\ONUKAL\ONUKAL_w_H2O_1_relaxed.cif,-0.36697790166670075
C:\Users\GED\PycharmProjects\Aixelo_Project_DataLab_2025\data\odac\pristine_H2O\ONUQOE\ONUQOE_w_H2O_1_relaxed.cif,0.18722777600000878
C:\Users\GED\PycharmProjects\Aixelo_Project_DataLab_2025\data\odac\pristine_H2O\OPAGIX\OPAGIX_w_H2O_1_relaxed.cif,-0.7030702050000173
C:\Users\GED\PycharmProjects\Aixelo_Project_DataLab_2025\data\odac\pristine_H2O\OPAMOI\OPAMOI_w_H2O_1_relaxed.cif,-1.2494148959999791
C:\Users\GED\PycharmProjects\Aixelo_Project_DataLab_2025\data\odac\pristine_H2O\OPAPEB\OPAPEB_w_H2O_1_relaxed.cif,0.24138988999995953
C:\Users\GED\PycharmProjects\Aixelo_Project_DataLab_2025\data\odac\pristine_H2O\OPENON\OPENON_w_H2O_1_relaxed.cif,-0.47491015799996605
C:\Users\GED\PycharmProjects\Aixelo_Project_DataLab_2025\data\odac\pristine_H2O\OPIPUZ\OPIPUZ_w_H2O_1_relaxed.cif,-0.3424340439999696
C:\Users\GED\PycharmProjects\Aixelo_Project_DataLab_2025\data\odac\pristine_H2O\OPIWEQ\OPIWEQ_w_H2O_1_relaxed.cif,-0.24452690599998728
C:\Users\GED\PycharmProjects\Aixelo_Project_DataLab_2025\data\odac\pristine_H2O\OPIYAP\OPIYAP_w_H2O_2_relaxed.cif,-0.31869154250045995
C:\Users\GED\PycharmProjects\Aixelo_Project_DataLab_2025\data\odac\pristine_H2O\OPOBIF\OPOBIF_w_H2O_1_relaxed.cif,-0.1679984024999612
C:\Users\GED\PycharmProjects\Aixelo_Project_DataLab_2025\data\odac\pristine_H2O\OPOZEZ\OPOZEZ_w_H2O_1_relaxed.cif,-0.35491265200043925
C:\Users\GED\PycharmProjects\Aixelo_Project_DataLab_2025\data\odac\pristine_H2O\OQANIE\OQANIE_w_H2O_1_relaxed.cif,-0.21278772400000884
C:\Users\GED\PycharmProjects\Aixelo_Project_DataLab_2025\data\odac\pristine_H2O\OQEPUW\OQEPUW_w_H2O_1_relaxed.cif,-0.5877951640000447
C:\Users\GED\PycharmProjects\Aixelo_Project_DataLab_2025\data\odac\pristine_H2O\OQEROS\OQEROS_w_H2O_1_relaxed.cif,-0.29278499399983954
C:\Users\GED\PycharmProjects\Aixelo_Project_DataLab_2025\data\odac\pristine_H2O\OQERUY\OQERUY_w_H2O_1_relaxed.cif,-0.2901337700000113
C:\Users\GED\PycharmProjects\Aixelo_Project_DataLab_2025\data\odac\pristine_H2O\OQESAF\OQESAF_w_H2O_1_relaxed.cif,-0.3715101900000718
C:\Users\GED\PycharmProjects\Aixelo_Project_DataLab_2025\data\odac\pristine_H2O\OQESEJ\OQESEJ_w_H2O_1_relaxed.cif,-0.3254248639998422
C:\Users\GED\PycharmProjects\Aixelo_Project_DataLab_2025\data\odac\pristine_H2O\OQIQOW\OQIQOW_w_H2O_1_relaxed.cif,-0.713617584000076
C:\Users\GED\PycharmProjects\Aixelo_Project_DataLab_2025\data\odac\pristine_H2O\OQIQUB_charged\OQIQUB_charged_w_H2O_1_relaxed.cif,-0.1942753366669573
C:\Users\GED\PycharmProjects\Aixelo_Project_DataLab_2025\data\odac\pristine_H2O\OQOJUB\OQOJUB_w_H2O_1_relaxed.cif,-0.18216859000040125
C:\Users\GED\PycharmProjects\Aixelo_Project_DataLab_2025\data\odac\pristine_H2O\OREZES\OREZES_w_H2O_1_relaxed.cif,-0.3944681824999634
C:\Users\GED\PycharmProjects\Aixelo_Project_DataLab_2025\data\odac\pristine_H2O\ORIBAU\ORIBAU_w_H2O_1_relaxed.cif,-0.03249713000004702
C:\Users\GED\PycharmProjects\Aixelo_Project_DataLab_2025\data\odac\pristine_H2O\ORIVOC\ORIVOC_w_H2O_1_relaxed.cif,-0.5530149500000334
C:\Users\GED\PycharmProjects\Aixelo_Project_DataLab_2025\data\odac\pristine_H2O\ORIVUI\ORIVUI_w_H2O_1_relaxed.cif,-0.14906221250026871
C:\Users\GED\PycharmProjects\Aixelo_Project_DataLab_2025\data\odac\pristine_H2O\ORIWAP\ORIWAP_w_H2O_1_relaxed.cif,-0.4079033449998519
C:\Users\GED\PycharmProjects\Aixelo_Project_DataLab_2025\data\odac\pristine_H2O\ORIWET\ORIWET_w_H2O_2_relaxed.cif,-0.5441045966664811
C:\Users\GED\PycharmProjects\Aixelo_Project_DataLab_2025\data\odac\pristine_H2O\OROKEN\OROKEN_w_H2O_1_relaxed.cif,-0.27597155200000995
C:\Users\GED\PycharmProjects\Aixelo_Project_DataLab_2025\data\odac\pristine_H2O\OROLUD\OROLUD_w_H2O_1_relaxed.cif,-0.16764922199993176
C:\Users\GED\PycharmProjects\Aixelo_Project_DataLab_2025\data\odac\pristine_H2O\OROMAK\OROMAK_w_H2O_1_relaxed.cif,3.636307112000009
C:\Users\GED\PycharmProjects\Aixelo_Project_DataLab_2025\data\odac\pristine_H2O\ORUKET\ORUKET_w_H2O_2_relaxed.cif,-0.14501368750029542
C:\Users\GED\PycharmProjects\Aixelo_Project_DataLab_2025\data\odac\pristine_H2O\ORUKOD\ORUKOD_w_H2O_1_relaxed.cif,-0.6351005159999659
C:\Users\GED\PycharmProjects\Aixelo_Project_DataLab_2025\data\odac\pristine_H2O\ORULEU\ORULEU_w_H2O_1_relaxed.cif,-0.5399100080001972
C:\Users\GED\PycharmProjects\Aixelo_Project_DataLab_2025\data\odac\pristine_H2O\OSAVEK\OSAVEK_w_H2O_1_relaxed.cif,-0.23917342999995128
C:\Users\GED\PycharmProjects\Aixelo_Project_DataLab_2025\data\odac\pristine_H2O\OSAVUA\OSAVUA_w_H2O_1_relaxed.cif,-0.2721865819999834
C:\Users\GED\PycharmProjects\Aixelo_Project_DataLab_2025\data\odac\pristine_H2O\OSAWEL\OSAWEL_w_H2O_1_relaxed.cif,-0.45420982666664145
C:\Users\GED\PycharmProjects\Aixelo_Project_DataLab_2025\data\odac\pristine_H2O\OSAXAI\OSAXAI_w_H2O_1_relaxed.cif,-0.22142650800005864
C:\Users\GED\PycharmProjects\Aixelo_Project_DataLab_2025\data\odac\pristine_H2O\OSILOS_charged\OSILOS_charged_w_H2O_1_relaxed.cif,0.11959151800003835
C:\Users\GED\PycharmProjects\Aixelo_Project_DataLab_2025\data\odac\pristine_H2O\OSIWUJ\OSIWUJ_w_H2O_1_relaxed.cif,-0.4175102659999993
C:\Users\GED\PycharmProjects\Aixelo_Project_DataLab_2025\data\odac\pristine_H2O\OSIXEU\OSIXEU_w_H2O_1_relaxed.cif,-0.3922209119999934
C:\Users\GED\PycharmProjects\Aixelo_Project_DataLab_2025\data\odac\pristine_H2O\OSIXIY\OSIXIY_w_H2O_1_relaxed.cif,-0.4239549380000426
C:\Users\GED\PycharmProjects\Aixelo_Project_DataLab_2025\data\odac\pristine_H2O\OSUGUG\OSUGUG_w_H2O_1_relaxed.cif,-0.43802761999982065
C:\Users\GED\PycharmProjects\Aixelo_Project_DataLab_2025\data\odac\pristine_H2O\OSUVIJ\OSUVIJ_w_H2O_1_relaxed.cif,-0.42622116199981974
C:\Users\GED\PycharmProjects\Aixelo_Project_DataLab_2025\data\odac\pristine_H2O\OSUWEF\OSUWEF_w_H2O_1_relaxed.cif,-0.3415657100000771
C:\Users\GED\PycharmProjects\Aixelo_Project_DataLab_2025\data\odac\pristine_H2O\OTAQAD\OTAQAD_w_H2O_2_relaxed.cif,-0.12144949666655214
C:\Users\GED\PycharmProjects\Aixelo_Project_DataLab_2025\data\odac\pristine_H2O\OTATOT\OTATOT_w_H2O_2_relaxed.cif,-0.4389116400001285
C:\Users\GED\PycharmProjects\Aixelo_Project_DataLab_2025\data\odac\pristine_H2O\OTAVAH\OTAVAH_w_H2O_1_relaxed.cif,0.32425251249998155
C:\Users\GED\PycharmProjects\Aixelo_Project_DataLab_2025\data\odac\pristine_H2O\OTAVOV\OTAVOV_w_H2O_1_relaxed.cif,0.700764602500044
C:\Users\GED\PycharmProjects\Aixelo_Project_DataLab_2025\data\odac\pristine_H2O\OTAVUB\OTAVUB_w_H2O_2_relaxed.cif,-0.42395226000007824
C:\Users\GED\PycharmProjects\Aixelo_Project_DataLab_2025\data\odac\pristine_H2O\OTAWIR\OTAWIR_w_H2O_1_relaxed.cif,-0.3646411320001789
C:\Users\GED\PycharmProjects\Aixelo_Project_DataLab_2025\data\odac\pristine_H2O\OTIPAK\OTIPAK_w_H2O_1_relaxed.cif,-0.4382431320000023
C:\Users\GED\PycharmProjects\Aixelo_Project_DataLab_2025\data\odac\pristine_H2O\OTIPEO\OTIPEO_w_H2O_1_relaxed.cif,-0.6872180679999929
C:\Users\GED\PycharmProjects\Aixelo_Project_DataLab_2025\data\odac\pristine_H2O\OTIPUE\OTIPUE_w_H2O_1_relaxed.cif,-0.12033512399975735
C:\Users\GED\PycharmProjects\Aixelo_Project_DataLab_2025\data\odac\pristine_H2O\OTIQAL\OTIQAL_w_H2O_1_relaxed.cif,-0.2493580820000715
C:\Users\GED\PycharmProjects\Aixelo_Project_DataLab_2025\data\odac\pristine_H2O\OTODEI\OTODEI_w_H2O_1_relaxed.cif,0.5678358525000817
C:\Users\GED\PycharmProjects\Aixelo_Project_DataLab_2025\data\odac\pristine_H2O\OTODOS\OTODOS_w_H2O_1_relaxed.cif,-0.08748521199986495
C:\Users\GED\PycharmProjects\Aixelo_Project_DataLab_2025\data\odac\pristine_H2O\OTOVAW\OTOVAW_w_H2O_1_relaxed.cif,-0.18157820166675265
C:\Users\GED\PycharmProjects\Aixelo_Project_DataLab_2025\data\odac\pristine_H2O\OTUXUX\OTUXUX_w_H2O_1_relaxed.cif,-0.10457242400002538
C:\Users\GED\PycharmProjects\Aixelo_Project_DataLab_2025\data\odac\pristine_H2O\OTUYEJ\OTUYEJ_w_H2O_1_relaxed.cif,-0.13717454750002384
C:\Users\GED\PycharmProjects\Aixelo_Project_DataLab_2025\data\odac\pristine_H2O\OVADAR\OVADAR_w_H2O_1_relaxed.cif,-0.7125288039998849
C:\Users\GED\PycharmProjects\Aixelo_Project_DataLab_2025\data\odac\pristine_H2O\OVEHUT\OVEHUT_w_H2O_1_relaxed.cif,-0.6599946379998528
C:\Users\GED\PycharmProjects\Aixelo_Project_DataLab_2025\data\odac\pristine_H2O\OVEJIJ\OVEJIJ_w_H2O_1_relaxed.cif,-0.46180926599997746
C:\Users\GED\PycharmProjects\Aixelo_Project_DataLab_2025\data\odac\pristine_H2O\OVICUS\OVICUS_w_H2O_1_relaxed.cif,-0.27366022199994405
C:\Users\GED\PycharmProjects\Aixelo_Project_DataLab_2025\data\odac\pristine_H2O\OVIZID\OVIZID_w_H2O_2_relaxed.cif,-0.6966677449998997
C:\Users\GED\PycharmProjects\Aixelo_Project_DataLab_2025\data\odac\pristine_H2O\OVUDAL\OVUDAL_w_H2O_1_relaxed.cif,-0.8195197900000266
C:\Users\GED\PycharmProjects\Aixelo_Project_DataLab_2025\data\odac\pristine_H2O\OVUVIL\OVUVIL_w_H2O_1_relaxed.cif,2.204462210000031
C:\Users\GED\PycharmProjects\Aixelo_Project_DataLab_2025\data\odac\pristine_H2O\OWAVOY\OWAVOY_w_H2O_1_relaxed.cif,-0.47489704200002053
C:\Users\GED\PycharmProjects\Aixelo_Project_DataLab_2025\data\odac\pristine_H2O\OWILAJ\OWILAJ_w_H2O_1_relaxed.cif,-0.3756051680003111
C:\Users\GED\PycharmProjects\Aixelo_Project_DataLab_2025\data\odac\pristine_H2O\OWUWOU\OWUWOU_w_H2O_1_relaxed.cif,-0.04000012800042898
C:\Users\GED\PycharmProjects\Aixelo_Project_DataLab_2025\data\odac\pristine_H2O\OXALEF\OXALEF_w_H2O_1_relaxed.cif,-0.2956248339998637
C:\Users\GED\PycharmProjects\Aixelo_Project_DataLab_2025\data\odac\pristine_H2O\OXALIJ_ion_b\OXALIJ_ion_b_w_H2O_1_relaxed.cif,-0.16974454499995772
C:\Users\GED\PycharmProjects\Aixelo_Project_DataLab_2025\data\odac\pristine_H2O\OXEVOE\OXEVOE_w_H2O_1_relaxed.cif,-0.35503336599990687
C:\Users\GED\PycharmProjects\Aixelo_Project_DataLab_2025\data\odac\pristine_H2O\OXITOF\OXITOF_w_H2O_1_relaxed.cif,0.12132351833328887
C:\Users\GED\PycharmProjects\Aixelo_Project_DataLab_2025\data\odac\pristine_H2O\OXUPUT\OXUPUT_w_H2O_1_relaxed.cif,0.17090177799973388
C:\Users\GED\PycharmProjects\Aixelo_Project_DataLab_2025\data\odac\pristine_H2O\OYEJOS\OYEJOS_w_H2O_1_relaxed.cif,-0.23944614250001447
C:\Users\GED\PycharmProjects\Aixelo_Project_DataLab_2025\data\odac\pristine_H2O\OYERER\OYERER_w_H2O_1_relaxed.cif,-0.11010633750015582
C:\Users\GED\PycharmProjects\Aixelo_Project_DataLab_2025\data\odac\pristine_H2O\OYERIV\OYERIV_w_H2O_2_relaxed.cif,-0.44336783499988996
C:\Users\GED\PycharmProjects\Aixelo_Project_DataLab_2025\data\odac\pristine_H2O\OYEWIA\OYEWIA_w_H2O_1_relaxed.cif,-0.6106878659999893
C:\Users\GED\PycharmProjects\Aixelo_Project_DataLab_2025\data\odac\pristine_H2O\OYIVEY\OYIVEY_w_H2O_1_relaxed.cif,-0.2156964074997631
C:\Users\GED\PycharmProjects\Aixelo_Project_DataLab_2025\data\odac\pristine_H2O\OYIVIC\OYIVIC_w_H2O_1_relaxed.cif,-0.2198627119999855
C:\Users\GED\PycharmProjects\Aixelo_Project_DataLab_2025\data\odac\pristine_H2O\OYIVOI\OYIVOI_w_H2O_1_relaxed.cif,-0.41089721200000895
C:\Users\GED\PycharmProjects\Aixelo_Project_DataLab_2025\data\odac\pristine_H2O\OYOSAX\OYOSAX_w_H2O_1_relaxed.cif,-0.23007791999987143
C:\Users\GED\PycharmProjects\Aixelo_Project_DataLab_2025\data\odac\pristine_H2O\OYUSAD_charged\OYUSAD_charged_w_H2O_1_relaxed.cif,-0.25326758750009043
C:\Users\GED\PycharmProjects\Aixelo_Project_DataLab_2025\data\odac\pristine_H2O\OZAVOC\OZAVOC_w_H2O_1_relaxed.cif,-0.517134494000004
C:\Users\GED\PycharmProjects\Aixelo_Project_DataLab_2025\data\odac\pristine_H2O\OZAVUI\OZAVUI_w_H2O_random_1_relaxed.cif,-0.5984805950000123
C:\Users\GED\PycharmProjects\Aixelo_Project_DataLab_2025\data\odac\pristine_H2O\OZUKOL\OZUKOL_w_H2O_1_relaxed.cif,-0.4818195274997379
C:\Users\GED\PycharmProjects\Aixelo_Project_DataLab_2025\data\odac\pristine_H2O\OZUKUR\OZUKUR_w_H2O_1_relaxed.cif,-0.2722372174999918
C:\Users\GED\PycharmProjects\Aixelo_Project_DataLab_2025\data\odac\pristine_H2O\OZUKUR01\OZUKUR01_w_H2O_1_relaxed.cif,-0.536812139999995
C:\Users\GED\PycharmProjects\Aixelo_Project_DataLab_2025\data\odac\pristine_H2O\OZULAY\OZULAY_w_H2O_1_relaxed.cif,-0.33670976249999285
C:\Users\GED\PycharmProjects\Aixelo_Project_DataLab_2025\data\odac\pristine_H2O\OZULUS\OZULUS_w_H2O_1_relaxed.cif,-0.16817577749998233
C:\Users\GED\PycharmProjects\Aixelo_Project_DataLab_2025\data\odac\pristine_H2O\OZUMAZ\OZUMAZ_w_H2O_1_relaxed.cif,-0.22297020500002415
C:\Users\GED\PycharmProjects\Aixelo_Project_DataLab_2025\data\odac\pristine_H2O\OZUMAZ01\OZUMAZ01_w_H2O_1_relaxed.cif,-0.31824080750004663
C:\Users\GED\PycharmProjects\Aixelo_Project_DataLab_2025\data\odac\pristine_H2O\OZUMIH\OZUMIH_w_H2O_1_relaxed.cif,-0.17823448500001857
C:\Users\GED\PycharmProjects\Aixelo_Project_DataLab_2025\data\odac\pristine_H2O\PACZUQ\PACZUQ_w_H2O_1_relaxed.cif,-0.5743425966664594
C:\Users\GED\PycharmProjects\Aixelo_Project_DataLab_2025\data\odac\pristine_H2O\PAFMUH\PAFMUH_w_H2O_1_relaxed.cif,-0.568870144000357
C:\Users\GED\PycharmProjects\Aixelo_Project_DataLab_2025\data\odac\pristine_H2O\PAHPOG\PAHPOG_w_H2O_1_relaxed.cif,0.26100262600002677
C:\Users\GED\PycharmProjects\Aixelo_Project_DataLab_2025\data\odac\pristine_H2O\PAJSAX\PAJSAX_w_H2O_1_relaxed.cif,-0.4626114700004109
C:\Users\GED\PycharmProjects\Aixelo_Project_DataLab_2025\data\odac\pristine_H2O\PAKFAL\PAKFAL_w_H2O_1_relaxed.cif,-0.3998762450000868
C:\Users\GED\PycharmProjects\Aixelo_Project_DataLab_2025\data\odac\pristine_H2O\PAKFEP\PAKFEP_w_H2O_1_relaxed.cif,-0.4306746450000105
C:\Users\GED\PycharmProjects\Aixelo_Project_DataLab_2025\data\odac\pristine_H2O\PAKXIK\PAKXIK_w_H2O_1_relaxed.cif,-0.5372804820000965
C:\Users\GED\PycharmProjects\Aixelo_Project_DataLab_2025\data\odac\pristine_H2O\PALTON\PALTON_w_H2O_1_relaxed.cif,-0.2245737420000296
C:\Users\GED\PycharmProjects\Aixelo_Project_DataLab_2025\data\odac\pristine_H2O\PAMGIV\PAMGIV_w_H2O_1_relaxed.cif,-0.3752881139999772
C:\Users\GED\PycharmProjects\Aixelo_Project_DataLab_2025\data\odac\pristine_H2O\PAMHIW\PAMHIW_w_H2O_1_relaxed.cif,0.039163374999702676
C:\Users\GED\PycharmProjects\Aixelo_Project_DataLab_2025\data\odac\pristine_H2O\PAMTUU\PAMTUU_w_H2O_1_relaxed.cif,-0.214290161999952
C:\Users\GED\PycharmProjects\Aixelo_Project_DataLab_2025\data\odac\pristine_H2O\PAMVEG\PAMVEG_w_H2O_1_relaxed.cif,-0.4768012999999428
C:\Users\GED\PycharmProjects\Aixelo_Project_DataLab_2025\data\odac\pristine_H2O\PANYOU_charged\PANYOU_charged_w_H2O_1_relaxed.cif,-0.4925118059999477
C:\Users\GED\PycharmProjects\Aixelo_Project_DataLab_2025\data\odac\pristine_H2O\PAPRUU\PAPRUU_w_H2O_1_relaxed.cif,-0.2759579200001099
C:\Users\GED\PycharmProjects\Aixelo_Project_DataLab_2025\data\odac\pristine_H2O\PAPXUB\PAPXUB_w_H2O_1_relaxed.cif,-0.29150496599997944
C:\Users\GED\PycharmProjects\Aixelo_Project_DataLab_2025\data\odac\pristine_H2O\PARHAS\PARHAS_w_H2O_1_relaxed.cif,-0.4352066224999902
C:\Users\GED\PycharmProjects\Aixelo_Project_DataLab_2025\data\odac\pristine_H2O\PARHEW\PARHEW_w_H2O_1_relaxed.cif,-0.2808230199999997
C:\Users\GED\PycharmProjects\Aixelo_Project_DataLab_2025\data\odac\pristine_H2O\PARKUQ01\PARKUQ01_w_H2O_1_relaxed.cif,-0.27890732999992446
C:\Users\GED\PycharmProjects\Aixelo_Project_DataLab_2025\data\odac\pristine_H2O\PARNIH\PARNIH_w_H2O_1_relaxed.cif,-0.17932550999989866
C:\Users\GED\PycharmProjects\Aixelo_Project_DataLab_2025\data\odac\pristine_H2O\PARNON\PARNON_w_H2O_1_relaxed.cif,-0.07195436999984398
C:\Users\GED\PycharmProjects\Aixelo_Project_DataLab_2025\data\odac\pristine_H2O\PASMUT\PASMUT_w_H2O_1_relaxed.cif,0.13226696000006086
C:\Users\GED\PycharmProjects\Aixelo_Project_DataLab_2025\data\odac\pristine_H2O\PASNAA\PASNAA_w_H2O_1_relaxed.cif,-0.735097407999865
C:\Users\GED\PycharmProjects\Aixelo_Project_DataLab_2025\data\odac\pristine_H2O\PASNAA01\PASNAA01_w_H2O_1_relaxed.cif,0.266589222000016
C:\Users\GED\PycharmProjects\Aixelo_Project_DataLab_2025\data\odac\pristine_H2O\PASTOU\PASTOU_w_H2O_1_relaxed.cif,-0.4706199940000033
C:\Users\GED\PycharmProjects\Aixelo_Project_DataLab_2025\data\odac\pristine_H2O\PATNAB\PATNAB_w_H2O_random_1_relaxed.cif,-0.21722068499997244
C:\Users\GED\PycharmProjects\Aixelo_Project_DataLab_2025\data\odac\pristine_H2O\PATWOY\PATWOY_w_H2O_1_relaxed.cif,-0.1929452240000955
C:\Users\GED\PycharmProjects\Aixelo_Project_DataLab_2025\data\odac\pristine_H2O\PAVLOO\PAVLOO_w_H2O_1_relaxed.cif,-0.22978707399984155
C:\Users\GED\PycharmProjects\Aixelo_Project_DataLab_2025\data\odac\pristine_H2O\PAVMAB\PAVMAB_w_H2O_1_relaxed.cif,-0.18819945199995797
C:\Users\GED\PycharmProjects\Aixelo_Project_DataLab_2025\data\odac\pristine_H2O\PEBNEP\PEBNEP_w_H2O_1_relaxed.cif,-0.5374906420000116
C:\Users\GED\PycharmProjects\Aixelo_Project_DataLab_2025\data\odac\pristine_H2O\PECLEP\PECLEP_w_H2O_1_relaxed.cif,-0.7681746350001504
C:\Users\GED\PycharmProjects\Aixelo_Project_DataLab_2025\data\odac\pristine_H2O\PEDMER\PEDMER_w_H2O_1_relaxed.cif,-0.6410121339999592
C:\Users\GED\PycharmProjects\Aixelo_Project_DataLab_2025\data\odac\pristine_H2O\PEDMOB\PEDMOB_w_H2O_1_relaxed.cif,-0.339983835000055
C:\Users\GED\PycharmProjects\Aixelo_Project_DataLab_2025\data\odac\pristine_H2O\PEDRIA\PEDRIA_w_H2O_1_relaxed.cif,-0.34597327999995287
C:\Users\GED\PycharmProjects\Aixelo_Project_DataLab_2025\data\odac\pristine_H2O\PEFJUF\PEFJUF_w_H2O_1_relaxed.cif,0.051491090000013146
C:\Users\GED\PycharmProjects\Aixelo_Project_DataLab_2025\data\odac\pristine_H2O\PEFRUP\PEFRUP_w_H2O_1_relaxed.cif,-0.20741065400043227
C:\Users\GED\PycharmProjects\Aixelo_Project_DataLab_2025\data\odac\pristine_H2O\PEFRUP01\PEFRUP01_w_H2O_1_relaxed.cif,0.557636829999592
C:\Users\GED\PycharmProjects\Aixelo_Project_DataLab_2025\data\odac\pristine_H2O\PEFSUQ\PEFSUQ_w_H2O_1_relaxed.cif,-0.49771947200001704
C:\Users\GED\PycharmProjects\Aixelo_Project_DataLab_2025\data\odac\pristine_H2O\PEGBAG\PEGBAG_w_H2O_1_relaxed.cif,-0.7614981319999515
C:\Users\GED\PycharmProjects\Aixelo_Project_DataLab_2025\data\odac\pristine_H2O\PEGBUA\PEGBUA_w_H2O_1_relaxed.cif,-0.7533440659999997
C:\Users\GED\PycharmProjects\Aixelo_Project_DataLab_2025\data\odac\pristine_H2O\PEGCAH\PEGCAH_w_H2O_1_relaxed.cif,-0.6338070320000497
C:\Users\GED\PycharmProjects\Aixelo_Project_DataLab_2025\data\odac\pristine_H2O\PEGCEL\PEGCEL_w_H2O_1_relaxed.cif,-0.2849190480000289
C:\Users\GED\PycharmProjects\Aixelo_Project_DataLab_2025\data\odac\pristine_H2O\PEGCIP\PEGCIP_w_H2O_1_relaxed.cif,-0.0830364200003714
C:\Users\GED\PycharmProjects\Aixelo_Project_DataLab_2025\data\odac\pristine_H2O\PEGPOI\PEGPOI_w_H2O_1_relaxed.cif,-1.0193347575001326
C:\Users\GED\PycharmProjects\Aixelo_Project_DataLab_2025\data\odac\pristine_H2O\PEGQID\PEGQID_w_H2O_1_relaxed.cif,0.10509922600012944
C:\Users\GED\PycharmProjects\Aixelo_Project_DataLab_2025\data\odac\pristine_H2O\PEHQID_neutral\PEHQID_neutral_w_H2O_1_relaxed.cif,-0.40169460199997503
C:\Users\GED\PycharmProjects\Aixelo_Project_DataLab_2025\data\odac\pristine_H2O\PEHTON\PEHTON_w_H2O_1_relaxed.cif,0.0662950324997382
C:\Users\GED\PycharmProjects\Aixelo_Project_DataLab_2025\data\odac\pristine_H2O\PEJFOA\PEJFOA_w_H2O_1_relaxed.cif,-0.7483706450000227
C:\Users\GED\PycharmProjects\Aixelo_Project_DataLab_2025\data\odac\pristine_H2O\PEJFUG\PEJFUG_w_H2O_1_relaxed.cif,0.06166226000007663
C:\Users\GED\PycharmProjects\Aixelo_Project_DataLab_2025\data\odac\pristine_H2O\PEJNUP\PEJNUP_w_H2O_1_relaxed.cif,-0.27711652499991146
C:\Users\GED\PycharmProjects\Aixelo_Project_DataLab_2025\data\odac\pristine_H2O\PEJPAX_charged\PEJPAX_charged_w_H2O_1_relaxed.cif,-0.3055360849999715
C:\Users\GED\PycharmProjects\Aixelo_Project_DataLab_2025\data\odac\pristine_H2O\PEJPIF_charged\PEJPIF_charged_w_H2O_1_relaxed.cif,-0.48995861200000945
C:\Users\GED\PycharmProjects\Aixelo_Project_DataLab_2025\data\odac\pristine_H2O\PEKCUF\PEKCUF_w_H2O_1_relaxed.cif,-0.37342039000031946
C:\Users\GED\PycharmProjects\Aixelo_Project_DataLab_2025\data\odac\pristine_H2O\PEKDAM\PEKDAM_w_H2O_1_relaxed.cif,-0.2641683375000525
C:\Users\GED\PycharmProjects\Aixelo_Project_DataLab_2025\data\odac\pristine_H2O\PEKZIP\PEKZIP_w_H2O_1_relaxed.cif,-0.17452170600006406
C:\Users\GED\PycharmProjects\Aixelo_Project_DataLab_2025\data\odac\pristine_H2O\PELXIP\PELXIP_w_H2O_1_relaxed.cif,-0.6585505240002931
C:\Users\GED\PycharmProjects\Aixelo_Project_DataLab_2025\data\odac\pristine_H2O\PEMGIZ_charged\PEMGIZ_charged_w_H2O_1_relaxed.cif,-0.3857452059999559
C:\Users\GED\PycharmProjects\Aixelo_Project_DataLab_2025\data\odac\pristine_H2O\PEMREG\PEMREG_w_H2O_1_relaxed.cif,-0.36409499500007314
C:\Users\GED\PycharmProjects\Aixelo_Project_DataLab_2025\data\odac\pristine_H2O\PEMRIK\PEMRIK_w_H2O_1_relaxed.cif,-0.2257611119999637
C:\Users\GED\PycharmProjects\Aixelo_Project_DataLab_2025\data\odac\pristine_H2O\PENNAZ\PENNAZ_w_H2O_1_relaxed.cif,-0.22064979400006451
C:\Users\GED\PycharmProjects\Aixelo_Project_DataLab_2025\data\odac\pristine_H2O\PENNON\PENNON_w_H2O_1_relaxed.cif,-0.30868970249986205
C:\Users\GED\PycharmProjects\Aixelo_Project_DataLab_2025\data\odac\pristine_H2O\PENNUT\PENNUT_w_H2O_1_relaxed.cif,-0.2387784120000333
C:\Users\GED\PycharmProjects\Aixelo_Project_DataLab_2025\data\odac\pristine_H2O\PENXUC\PENXUC_w_H2O_1_relaxed.cif,-0.3983177859998932
C:\Users\GED\PycharmProjects\Aixelo_Project_DataLab_2025\data\odac\pristine_H2O\PENYIR\PENYIR_w_H2O_1_relaxed.cif,-0.6665085779999571
C:\Users\GED\PycharmProjects\Aixelo_Project_DataLab_2025\data\odac\pristine_H2O\PENZIS\PENZIS_w_H2O_1_relaxed.cif,-0.13972512399996045
C:\Users\GED\PycharmProjects\Aixelo_Project_DataLab_2025\data\odac\pristine_H2O\PEPBAO\PEPBAO_w_H2O_1_relaxed.cif,-0.4466874399999597
C:\Users\GED\PycharmProjects\Aixelo_Project_DataLab_2025\data\odac\pristine_H2O\PEPKOL\PEPKOL_w_H2O_1_relaxed.cif,-0.4480578079999532
C:\Users\GED\PycharmProjects\Aixelo_Project_DataLab_2025\data\odac\pristine_H2O\PEPKUR\PEPKUR_w_H2O_1_relaxed.cif,-0.38672405799993614
C:\Users\GED\PycharmProjects\Aixelo_Project_DataLab_2025\data\odac\pristine_H2O\PEPLAY\PEPLAY_w_H2O_1_relaxed.cif,-0.322958199999988
C:\Users\GED\PycharmProjects\Aixelo_Project_DataLab_2025\data\odac\pristine_H2O\PEPLEC\PEPLEC_w_H2O_1_relaxed.cif,-0.25150785499991457
C:\Users\GED\PycharmProjects\Aixelo_Project_DataLab_2025\data\odac\pristine_H2O\PEPLIG\PEPLIG_w_H2O_1_relaxed.cif,-0.3850380199999961
C:\Users\GED\PycharmProjects\Aixelo_Project_DataLab_2025\data\odac\pristine_H2O\PEPLOM\PEPLOM_w_H2O_1_relaxed.cif,-0.694044722499882
C:\Users\GED\PycharmProjects\Aixelo_Project_DataLab_2025\data\odac\pristine_H2O\PEQTUB\PEQTUB_w_H2O_1_relaxed.cif,-0.3175326419999919
C:\Users\GED\PycharmProjects\Aixelo_Project_DataLab_2025\data\odac\pristine_H2O\PEQWAK\PEQWAK_w_H2O_1_relaxed.cif,-0.5147716279999486
C:\Users\GED\PycharmProjects\Aixelo_Project_DataLab_2025\data\odac\pristine_H2O\PESTUD\PESTUD_w_H2O_1_relaxed.cif,-0.4064439200000834
C:\Users\GED\PycharmProjects\Aixelo_Project_DataLab_2025\data\odac\pristine_H2O\PETWIW\PETWIW_w_H2O_1_relaxed.cif,0.7564115525000261
C:\Users\GED\PycharmProjects\Aixelo_Project_DataLab_2025\data\odac\pristine_H2O\PETWOC\PETWOC_w_H2O_1_relaxed.cif,-0.09561413749997877
C:\Users\GED\PycharmProjects\Aixelo_Project_DataLab_2025\data\odac\pristine_H2O\PEVFON\PEVFON_w_H2O_1_relaxed.cif,-0.19869315249997044
C:\Users\GED\PycharmProjects\Aixelo_Project_DataLab_2025\data\odac\pristine_H2O\PEVLEJ\PEVLEJ_w_H2O_1_relaxed.cif,-0.7595111199999678
C:\Users\GED\PycharmProjects\Aixelo_Project_DataLab_2025\data\odac\pristine_H2O\PEVLIN\PEVLIN_w_H2O_1_relaxed.cif,-0.6790372740000066
C:\Users\GED\PycharmProjects\Aixelo_Project_DataLab_2025\data\odac\pristine_H2O\PEVQIS_clean_h\PEVQIS_clean_h_w_H2O_1_relaxed.cif,-0.5815322500002367
C:\Users\GED\PycharmProjects\Aixelo_Project_DataLab_2025\data\odac\pristine_H2O\PEVQOY_clean_h\PEVQOY_clean_h_w_H2O_1_relaxed.cif,-0.6998108350003349
C:\Users\GED\PycharmProjects\Aixelo_Project_DataLab_2025\data\odac\pristine_H2O\PEWGEF\PEWGEF_w_H2O_1_relaxed.cif,-0.21510134999996916
C:\Users\GED\PycharmProjects\Aixelo_Project_DataLab_2025\data\odac\pristine_H2O\PEWKOT\PEWKOT_w_H2O_1_relaxed.cif,-0.00014457166685133416
C:\Users\GED\PycharmProjects\Aixelo_Project_DataLab_2025\data\odac\pristine_H2O\PEWXUL\PEWXUL_w_H2O_1_relaxed.cif,-0.542337584000029
C:\Users\GED\PycharmProjects\Aixelo_Project_DataLab_2025\data\odac\pristine_H2O\PEWXUL01\PEWXUL01_w_H2O_2_relaxed.cif,-0.7294966400000362
C:\Users\GED\PycharmProjects\Aixelo_Project_DataLab_2025\data\odac\pristine_H2O\PEXFAA\PEXFAA_w_H2O_1_relaxed.cif,-0.4810243075000358
C:\Users\GED\PycharmProjects\Aixelo_Project_DataLab_2025\data\odac\pristine_H2O\PEXTUI\PEXTUI_w_H2O_1_relaxed.cif,-0.691136699999879
C:\Users\GED\PycharmProjects\Aixelo_Project_DataLab_2025\data\odac\pristine_H2O\PEYPAM_SL\PEYPAM_SL_w_H2O_1_relaxed.cif,-0.3036145320002106
C:\Users\GED\PycharmProjects\Aixelo_Project_DataLab_2025\data\odac\pristine_H2O\PEYPIU\PEYPIU_w_H2O_1_relaxed.cif,-0.42382366800002275
C:\Users\GED\PycharmProjects\Aixelo_Project_DataLab_2025\data\odac\pristine_H2O\PEYSIW\PEYSIW_w_H2O_2_relaxed.cif,-0.6348953733332792
C:\Users\GED\PycharmProjects\Aixelo_Project_DataLab_2025\data\odac\pristine_H2O\PEZCII\PEZCII_w_H2O_1_relaxed.cif,-0.3666053650002823
C:\Users\GED\PycharmProjects\Aixelo_Project_DataLab_2025\data\odac\pristine_H2O\PIBGAK\PIBGAK_w_H2O_random_1_relaxed.cif,-0.3692420100001072
C:\Users\GED\PycharmProjects\Aixelo_Project_DataLab_2025\data\odac\pristine_H2O\PIBNUK\PIBNUK_w_H2O_1_relaxed.cif,-0.24291245750021062
C:\Users\GED\PycharmProjects\Aixelo_Project_DataLab_2025\data\odac\pristine_H2O\PIBNUK01\PIBNUK01_w_H2O_1_relaxed.cif,-0.21910814000023035
C:\Users\GED\PycharmProjects\Aixelo_Project_DataLab_2025\data\odac\pristine_H2O\PIBPAS01\PIBPAS01_w_H2O_1_relaxed.cif,-0.151429200000166
C:\Users\GED\PycharmProjects\Aixelo_Project_DataLab_2025\data\odac\pristine_H2O\PIBPIA\PIBPIA_w_H2O_random_1_relaxed.cif,-0.18868752500043226
C:\Users\GED\PycharmProjects\Aixelo_Project_DataLab_2025\data\odac\pristine_H2O\PICTIG\PICTIG_w_H2O_1_relaxed.cif,-0.33054613499999164
C:\Users\GED\PycharmProjects\Aixelo_Project_DataLab_2025\data\odac\pristine_H2O\PIDMEV\PIDMEV_w_H2O_1_relaxed.cif,-0.09728455399990703
C:\Users\GED\PycharmProjects\Aixelo_Project_DataLab_2025\data\odac\pristine_H2O\PIDMEV01\PIDMEV01_w_H2O_1_relaxed.cif,-0.13224358800002842
C:\Users\GED\PycharmProjects\Aixelo_Project_DataLab_2025\data\odac\pristine_H2O\PIHNUQ\PIHNUQ_w_H2O_1_relaxed.cif,-0.29273949199996424
C:\Users\GED\PycharmProjects\Aixelo_Project_DataLab_2025\data\odac\pristine_H2O\PIHWAG\PIHWAG_w_H2O_1_relaxed.cif,-0.26085507399996005
C:\Users\GED\PycharmProjects\Aixelo_Project_DataLab_2025\data\odac\pristine_H2O\PIHWOU\PIHWOU_w_H2O_1_relaxed.cif,0.22166622666670335
C:\Users\GED\PycharmProjects\Aixelo_Project_DataLab_2025\data\odac\pristine_H2O\PIJDIX\PIJDIX_w_H2O_1_relaxed.cif,-0.486718709999991
C:\Users\GED\PycharmProjects\Aixelo_Project_DataLab_2025\data\odac\pristine_H2O\PIJJOI\PIJJOI_w_H2O_1_relaxed.cif,-0.7254784260004271
C:\Users\GED\PycharmProjects\Aixelo_Project_DataLab_2025\data\odac\pristine_H2O\PIJROR\PIJROR_w_H2O_1_relaxed.cif,-0.40124203999996555
C:\Users\GED\PycharmProjects\Aixelo_Project_DataLab_2025\data\odac\pristine_H2O\PIQMOT\PIQMOT_w_H2O_1_relaxed.cif,-0.24649079999981036
C:\Users\GED\PycharmProjects\Aixelo_Project_DataLab_2025\data\odac\pristine_H2O\PITPEP\PITPEP_w_H2O_1_relaxed.cif,-0.15387038999997457
C:\Users\GED\PycharmProjects\Aixelo_Project_DataLab_2025\data\odac\pristine_H2O\PIYZED\PIYZED_w_H2O_random_1_relaxed.cif,-0.1664029399999549
C:\Users\GED\PycharmProjects\Aixelo_Project_DataLab_2025\data\odac\pristine_H2O\PIYZED02\PIYZED02_w_H2O_1_relaxed.cif,-0.2516814200000112
C:\Users\GED\PycharmProjects\Aixelo_Project_DataLab_2025\data\odac\pristine_H2O\PIYZED03\PIYZED03_w_H2O_random_1_relaxed.cif,-0.2545983900000124
C:\Users\GED\PycharmProjects\Aixelo_Project_DataLab_2025\data\odac\pristine_H2O\PIZHOX\PIZHOX_w_H2O_1_relaxed.cif,-0.30185136250005934
C:\Users\GED\PycharmProjects\Aixelo_Project_DataLab_2025\data\odac\pristine_H2O\PIZNOB_clean_h\PIZNOB_clean_h_w_H2O_1_relaxed.cif,-0.3357789366666566
C:\Users\GED\PycharmProjects\Aixelo_Project_DataLab_2025\data\odac\pristine_H2O\PIZPAP_clean_h\PIZPAP_clean_h_w_H2O_1_relaxed.cif,-0.36790530999991233
C:\Users\GED\PycharmProjects\Aixelo_Project_DataLab_2025\data\odac\pristine_H2O\PIZPET_clean_h\PIZPET_clean_h_w_H2O_1_relaxed.cif,-0.37187690999998324
C:\Users\GED\PycharmProjects\Aixelo_Project_DataLab_2025\data\odac\pristine_H2O\PIZPIX02\PIZPIX02_w_H2O_1_relaxed.cif,-0.3355557050000044
C:\Users\GED\PycharmProjects\Aixelo_Project_DataLab_2025\data\odac\pristine_H2O\PIZPIX_clean_h\PIZPIX_clean_h_w_H2O_1_relaxed.cif,-0.30881657999997003
C:\Users\GED\PycharmProjects\Aixelo_Project_DataLab_2025\data\odac\pristine_H2O\PIZPOD_clean_h\PIZPOD_clean_h_w_H2O_1_relaxed.cif,-0.5207819874999586
C:\Users\GED\PycharmProjects\Aixelo_Project_DataLab_2025\data\odac\pristine_H2O\PIZQUM\PIZQUM_w_H2O_1_relaxed.cif,-0.3833777939999436
C:\Users\GED\PycharmProjects\Aixelo_Project_DataLab_2025\data\odac\pristine_H2O\PIZRAT\PIZRAT_w_H2O_1_relaxed.cif,-0.28663023200010684
C:\Users\GED\PycharmProjects\Aixelo_Project_DataLab_2025\data\odac\pristine_H2O\PIZRUN\PIZRUN_w_H2O_1_relaxed.cif,-0.5980266740000388
C:\Users\GED\PycharmProjects\Aixelo_Project_DataLab_2025\data\odac\pristine_H2O\PIZSAU\PIZSAU_w_H2O_1_relaxed.cif,-0.48386384799982807
C:\Users\GED\PycharmProjects\Aixelo_Project_DataLab_2025\data\odac\pristine_H2O\POBGAQ\POBGAQ_w_H2O_2_relaxed.cif,-0.0522858250005811
C:\Users\GED\PycharmProjects\Aixelo_Project_DataLab_2025\data\odac\pristine_H2O\POBJIB\POBJIB_w_H2O_1_relaxed.cif,-0.3265054559998589
C:\Users\GED\PycharmProjects\Aixelo_Project_DataLab_2025\data\odac\pristine_H2O\POBNEA\POBNEA_w_H2O_random_1_relaxed.cif,-0.0200411199999734
C:\Users\GED\PycharmProjects\Aixelo_Project_DataLab_2025\data\odac\pristine_H2O\POCRAB\POCRAB_w_H2O_1_relaxed.cif,0.0094306019999749
C:\Users\GED\PycharmProjects\Aixelo_Project_DataLab_2025\data\odac\pristine_H2O\PODVIP\PODVIP_w_H2O_1_relaxed.cif,-0.9150617766666377
C:\Users\GED\PycharmProjects\Aixelo_Project_DataLab_2025\data\odac\pristine_H2O\PODXEN\PODXEN_w_H2O_1_relaxed.cif,-0.6024280840001666
C:\Users\GED\PycharmProjects\Aixelo_Project_DataLab_2025\data\odac\pristine_H2O\POFSIN\POFSIN_w_H2O_random_2_relaxed.cif,-0.2434018400000184
C:\Users\GED\PycharmProjects\Aixelo_Project_DataLab_2025\data\odac\pristine_H2O\POFSIN01\POFSIN01_w_H2O_random_2_relaxed.cif,-0.2080738400000257
C:\Users\GED\PycharmProjects\Aixelo_Project_DataLab_2025\data\odac\pristine_H2O\POFSIN02\POFSIN02_w_H2O_random_1_relaxed.cif,-0.1333447800000442
C:\Users\GED\PycharmProjects\Aixelo_Project_DataLab_2025\data\odac\pristine_H2O\POFSIN03\POFSIN03_w_H2O_1_relaxed.cif,-0.23018071999999276
C:\Users\GED\PycharmProjects\Aixelo_Project_DataLab_2025\data\odac\pristine_H2O\POFSIN04\POFSIN04_w_H2O_random_1_relaxed.cif,-0.1839251699999806
C:\Users\GED\PycharmProjects\Aixelo_Project_DataLab_2025\data\odac\pristine_H2O\POHCOG\POHCOG_w_H2O_1_relaxed.cif,0.0930080274996498
C:\Users\GED\PycharmProjects\Aixelo_Project_DataLab_2025\data\odac\pristine_H2O\POKGEC\POKGEC_w_H2O_1_relaxed.cif,0.023880892000079243
C:\Users\GED\PycharmProjects\Aixelo_Project_DataLab_2025\data\odac\pristine_H2O\POKSOZ\POKSOZ_w_H2O_1_relaxed.cif,-0.9822890199999676
C:\Users\GED\PycharmProjects\Aixelo_Project_DataLab_2025\data\odac\pristine_H2O\POKTIU\POKTIU_w_H2O_1_relaxed.cif,-1.3724760850000166
C:\Users\GED\PycharmProjects\Aixelo_Project_DataLab_2025\data\odac\pristine_H2O\POKVAO\POKVAO_w_H2O_1_relaxed.cif,-1.2368378925000059
C:\Users\GED\PycharmProjects\Aixelo_Project_DataLab_2025\data\odac\pristine_H2O\POLBEX\POLBEX_w_H2O_1_relaxed.cif,-0.5157422657143148
C:\Users\GED\PycharmProjects\Aixelo_Project_DataLab_2025\data\odac\pristine_H2O\POLBIB\POLBIB_w_H2O_1_relaxed.cif,-0.3734737974999973
C:\Users\GED\PycharmProjects\Aixelo_Project_DataLab_2025\data\odac\pristine_H2O\POLBUN\POLBUN_w_H2O_1_relaxed.cif,-0.8397860266666916
C:\Users\GED\PycharmProjects\Aixelo_Project_DataLab_2025\data\odac\pristine_H2O\POLDOK\POLDOK_w_H2O_1_relaxed.cif,0.047126839999827995
C:\Users\GED\PycharmProjects\Aixelo_Project_DataLab_2025\data\odac\pristine_H2O\POLDUQ\POLDUQ_w_H2O_1_relaxed.cif,-0.04571124399972176
C:\Users\GED\PycharmProjects\Aixelo_Project_DataLab_2025\data\odac\pristine_H2O\POLNAG\POLNAG_w_H2O_random_1_relaxed.cif,-0.48336985999998205
C:\Users\GED\PycharmProjects\Aixelo_Project_DataLab_2025\data\odac\pristine_H2O\POLYEW\POLYEW_w_H2O_1_relaxed.cif,-0.333966079999891
C:\Users\GED\PycharmProjects\Aixelo_Project_DataLab_2025\data\odac\pristine_H2O\POMSER\POMSER_w_H2O_1_relaxed.cif,-0.44099070799995843
C:\Users\GED\PycharmProjects\Aixelo_Project_DataLab_2025\data\odac\pristine_H2O\POMSOB\POMSOB_w_H2O_1_relaxed.cif,-0.33399065499997954
C:\Users\GED\PycharmProjects\Aixelo_Project_DataLab_2025\data\odac\pristine_H2O\PONPOX\PONPOX_w_H2O_1_relaxed.cif,-0.7001277850001392
C:\Users\GED\PycharmProjects\Aixelo_Project_DataLab_2025\data\odac\pristine_H2O\PONSOC\PONSOC_w_H2O_1_relaxed.cif,-0.6138522625002452
C:\Users\GED\PycharmProjects\Aixelo_Project_DataLab_2025\data\odac\pristine_H2O\PORGAE\PORGAE_w_H2O_1_relaxed.cif,-0.1928912433333304
C:\Users\GED\PycharmProjects\Aixelo_Project_DataLab_2025\data\odac\pristine_H2O\PORLAL\PORLAL_w_H2O_1_relaxed.cif,-0.36006729666655696
C:\Users\GED\PycharmProjects\Aixelo_Project_DataLab_2025\data\odac\pristine_H2O\PORVID\PORVID_w_H2O_1_relaxed.cif,-0.2623697400000537
C:\Users\GED\PycharmProjects\Aixelo_Project_DataLab_2025\data\odac\pristine_H2O\PORVUO\PORVUO_w_H2O_1_relaxed.cif,-0.10542122599999859
C:\Users\GED\PycharmProjects\Aixelo_Project_DataLab_2025\data\odac\pristine_H2O\POSFIO\POSFIO_w_H2O_1_relaxed.cif,0.1884968419999495
C:\Users\GED\PycharmProjects\Aixelo_Project_DataLab_2025\data\odac\pristine_H2O\POSFOU\POSFOU_w_H2O_1_relaxed.cif,-0.3994388016666335
C:\Users\GED\PycharmProjects\Aixelo_Project_DataLab_2025\data\odac\pristine_H2O\POSGAH\POSGAH_w_H2O_1_relaxed.cif,-0.37967656600003463
C:\Users\GED\PycharmProjects\Aixelo_Project_DataLab_2025\data\odac\pristine_H2O\POXHUG\POXHUG_w_H2O_1_relaxed.cif,-0.5843096000001424
C:\Users\GED\PycharmProjects\Aixelo_Project_DataLab_2025\data\odac\pristine_H2O\PUDSOX\PUDSOX_w_H2O_2_relaxed.cif,-0.32019460666712496
C:\Users\GED\PycharmProjects\Aixelo_Project_DataLab_2025\data\odac\pristine_H2O\PUGSER\PUGSER_w_H2O_1_relaxed.cif,-0.24471078000038912
C:\Users\GED\PycharmProjects\Aixelo_Project_DataLab_2025\data\odac\pristine_H2O\PUGSOB\PUGSOB_w_H2O_1_relaxed.cif,-0.3622952800000348
C:\Users\GED\PycharmProjects\Aixelo_Project_DataLab_2025\data\odac\pristine_H2O\PUGSUH\PUGSUH_w_H2O_1_relaxed.cif,-0.31669458000015993
C:\Users\GED\PycharmProjects\Aixelo_Project_DataLab_2025\data\odac\pristine_H2O\PUJJEL\PUJJEL_w_H2O_1_relaxed.cif,-0.4154718160001266
C:\Users\GED\PycharmProjects\Aixelo_Project_DataLab_2025\data\odac\pristine_H2O\PUJQEQ\PUJQEQ_w_H2O_2_relaxed.cif,-0.3702192699996279
C:\Users\GED\PycharmProjects\Aixelo_Project_DataLab_2025\data\odac\pristine_H2O\PUKSUL\PUKSUL_w_H2O_1_relaxed.cif,-0.39017939999997964
C:\Users\GED\PycharmProjects\Aixelo_Project_DataLab_2025\data\odac\pristine_H2O\PUKVAU\PUKVAU_w_H2O_1_relaxed.cif,0.17184936800013018
C:\Users\GED\PycharmProjects\Aixelo_Project_DataLab_2025\data\odac\pristine_H2O\PULMIU\PULMIU_w_H2O_2_relaxed.cif,0.8201796224997224
C:\Users\GED\PycharmProjects\Aixelo_Project_DataLab_2025\data\odac\pristine_H2O\PUMDIM\PUMDIM_w_H2O_1_relaxed.cif,-0.12864139499993146
C:\Users\GED\PycharmProjects\Aixelo_Project_DataLab_2025\data\odac\pristine_H2O\PUMNIV\PUMNIV_w_H2O_1_relaxed.cif,-0.3455395679999924
C:\Users\GED\PycharmProjects\Aixelo_Project_DataLab_2025\data\odac\pristine_H2O\PUMNOB\PUMNOB_w_H2O_1_relaxed.cif,-0.3322080325000058
C:\Users\GED\PycharmProjects\Aixelo_Project_DataLab_2025\data\odac\pristine_H2O\PUNSIB\PUNSIB_w_H2O_1_relaxed.cif,-0.8379221650000659
C:\Users\GED\PycharmProjects\Aixelo_Project_DataLab_2025\data\odac\pristine_H2O\PUPHUE\PUPHUE_w_H2O_1_relaxed.cif,3.134338270000126
C:\Users\GED\PycharmProjects\Aixelo_Project_DataLab_2025\data\odac\pristine_H2O\PUQDOW\PUQDOW_w_H2O_1_relaxed.cif,-0.31826225400027397
C:\Users\GED\PycharmProjects\Aixelo_Project_DataLab_2025\data\odac\pristine_H2O\PUQXUV\PUQXUV_w_H2O_1_relaxed.cif,-0.17801337200003214
C:\Users\GED\PycharmProjects\Aixelo_Project_DataLab_2025\data\odac\pristine_H2O\PUQYAC\PUQYAC_w_H2O_1_relaxed.cif,-0.15609265400007638
C:\Users\GED\PycharmProjects\Aixelo_Project_DataLab_2025\data\odac\pristine_H2O\PURJES\PURJES_w_H2O_1_relaxed.cif,-0.2776881340000045
C:\Users\GED\PycharmProjects\Aixelo_Project_DataLab_2025\data\odac\pristine_H2O\PURJIW\PURJIW_w_H2O_1_relaxed.cif,-0.4337143074999972
C:\Users\GED\PycharmProjects\Aixelo_Project_DataLab_2025\data\odac\pristine_H2O\PURNEX\PURNEX_w_H2O_2_relaxed.cif,-0.9678191133333106
C:\Users\GED\PycharmProjects\Aixelo_Project_DataLab_2025\data\odac\pristine_H2O\PURQEZ\PURQEZ_w_H2O_1_relaxed.cif,-0.028844849999904904
C:\Users\GED\PycharmProjects\Aixelo_Project_DataLab_2025\data\odac\pristine_H2O\PURSOK\PURSOK_w_H2O_1_relaxed.cif,-0.1636571999999887
C:\Users\GED\PycharmProjects\Aixelo_Project_DataLab_2025\data\odac\pristine_H2O\PUSXIL_charged\PUSXIL_charged_w_H2O_1_relaxed.cif,-0.3406523324999853
C:\Users\GED\PycharmProjects\Aixelo_Project_DataLab_2025\data\odac\pristine_H2O\PUTYEI\PUTYEI_w_H2O_random_1_relaxed.cif,-0.0461093700000674
C:\Users\GED\PycharmProjects\Aixelo_Project_DataLab_2025\data\odac\pristine_H2O\PUVJOG\PUVJOG_w_H2O_1_relaxed.cif,0.9057825575000038
C:\Users\GED\PycharmProjects\Aixelo_Project_DataLab_2025\data\odac\pristine_H2O\PUWCUF\PUWCUF_w_H2O_1_relaxed.cif,-0.5160694049999393
C:\Users\GED\PycharmProjects\Aixelo_Project_DataLab_2025\data\odac\pristine_H2O\PUWDEQ_charged\PUWDEQ_charged_w_H2O_1_relaxed.cif,-0.27863202600003656
C:\Users\GED\PycharmProjects\Aixelo_Project_DataLab_2025\data\odac\pristine_H2O\PUWDIU\PUWDIU_w_H2O_1_relaxed.cif,-0.21808971333333216
C:\Users\GED\PycharmProjects\Aixelo_Project_DataLab_2025\data\odac\pristine_H2O\PUWVAG\PUWVAG_w_H2O_1_relaxed.cif,-0.6201392279999254
C:\Users\GED\PycharmProjects\Aixelo_Project_DataLab_2025\data\odac\pristine_H2O\PUWXAH\PUWXAH_w_H2O_1_relaxed.cif,-0.6495865140000661
C:\Users\GED\PycharmProjects\Aixelo_Project_DataLab_2025\data\odac\pristine_H2O\PUYHOI\PUYHOI_w_H2O_random_1_relaxed.cif,-0.10600838499999549
C:\Users\GED\PycharmProjects\Aixelo_Project_DataLab_2025\data\odac\pristine_H2O\PUYZUF\PUYZUF_w_H2O_random_1_relaxed.cif,-0.2753251849999856
C:\Users\GED\PycharmProjects\Aixelo_Project_DataLab_2025\data\odac\pristine_H2O\PUZJOL\PUZJOL_w_H2O_1_relaxed.cif,-0.3956380519999811
C:\Users\GED\PycharmProjects\Aixelo_Project_DataLab_2025\data\odac\pristine_H2O\PUZKOM\PUZKOM_w_H2O_1_relaxed.cif,-0.5679876280003555
C:\Users\GED\PycharmProjects\Aixelo_Project_DataLab_2025\data\odac\pristine_H2O\PUZKUS\PUZKUS_w_H2O_1_relaxed.cif,-0.7476710100000445
C:\Users\GED\PycharmProjects\Aixelo_Project_DataLab_2025\data\odac\pristine_H2O\PUZTOV\PUZTOV_w_H2O_1_relaxed.cif,-0.4026256024999384
C:\Users\GED\PycharmProjects\Aixelo_Project_DataLab_2025\data\odac\pristine_H2O\PYDCUT\PYDCUT_w_H2O_1_relaxed.cif,-0.28678441799994514
C:\Users\GED\PycharmProjects\Aixelo_Project_DataLab_2025\data\odac\pristine_H2O\QADBII\QADBII_w_H2O_1_relaxed.cif,-0.4087167580000369
C:\Users\GED\PycharmProjects\Aixelo_Project_DataLab_2025\data\odac\pristine_H2O\QADKAH\QADKAH_w_H2O_1_relaxed.cif,0.17537732000005235
C:\Users\GED\PycharmProjects\Aixelo_Project_DataLab_2025\data\odac\pristine_H2O\QADWEA\QADWEA_w_H2O_1_relaxed.cif,0.42026281800006016
C:\Users\GED\PycharmProjects\Aixelo_Project_DataLab_2025\data\odac\pristine_H2O\QADWEY\QADWEY_w_H2O_1_relaxed.cif,-0.3301976640000248
C:\Users\GED\PycharmProjects\Aixelo_Project_DataLab_2025\data\odac\pristine_H2O\QADWIE\QADWIE_w_H2O_1_relaxed.cif,-0.5200661119999268
C:\Users\GED\PycharmProjects\Aixelo_Project_DataLab_2025\data\odac\pristine_H2O\QADWOK\QADWOK_w_H2O_1_relaxed.cif,-0.43737024199988356
C:\Users\GED\PycharmProjects\Aixelo_Project_DataLab_2025\data\odac\pristine_H2O\QADWUQ\QADWUQ_w_H2O_1_relaxed.cif,-0.5320800200000122
C:\Users\GED\PycharmProjects\Aixelo_Project_DataLab_2025\data\odac\pristine_H2O\QADXAX\QADXAX_w_H2O_1_relaxed.cif,-0.5535433680000097
C:\Users\GED\PycharmProjects\Aixelo_Project_DataLab_2025\data\odac\pristine_H2O\QAGTOH\QAGTOH_w_H2O_1_relaxed.cif,-0.2685842120000188
C:\Users\GED\PycharmProjects\Aixelo_Project_DataLab_2025\data\odac\pristine_H2O\QAJKIV\QAJKIV_w_H2O_1_relaxed.cif,-0.49770805333328855
C:\Users\GED\PycharmProjects\Aixelo_Project_DataLab_2025\data\odac\pristine_H2O\QALGUH_SL\QALGUH_SL_w_H2O_1_relaxed.cif,-0.6191119575000528
C:\Users\GED\PycharmProjects\Aixelo_Project_DataLab_2025\data\odac\pristine_H2O\QALWUV\QALWUV_w_H2O_1_relaxed.cif,-0.3909490275001417
C:\Users\GED\PycharmProjects\Aixelo_Project_DataLab_2025\data\odac\pristine_H2O\QAMHAQ\QAMHAQ_w_H2O_1_relaxed.cif,0.128880415000026
C:\Users\GED\PycharmProjects\Aixelo_Project_DataLab_2025\data\odac\pristine_H2O\QAMVEH01\QAMVEH01_w_H2O_1_relaxed.cif,-0.018579490000623367
C:\Users\GED\PycharmProjects\Aixelo_Project_DataLab_2025\data\odac\pristine_H2O\QAPQEE\QAPQEE_w_H2O_1_relaxed.cif,0.6346051424999928
C:\Users\GED\PycharmProjects\Aixelo_Project_DataLab_2025\data\odac\pristine_H2O\QAQHOG\QAQHOG_w_H2O_1_relaxed.cif,-0.2382439049999713
C:\Users\GED\PycharmProjects\Aixelo_Project_DataLab_2025\data\odac\pristine_H2O\QAQRUW\QAQRUW_w_H2O_1_relaxed.cif,-0.7453326140000172
C:\Users\GED\PycharmProjects\Aixelo_Project_DataLab_2025\data\odac\pristine_H2O\QAQSAD\QAQSAD_w_H2O_1_relaxed.cif,-0.5420593459999623
C:\Users\GED\PycharmProjects\Aixelo_Project_DataLab_2025\data\odac\pristine_H2O\QARCET\QARCET_w_H2O_1_relaxed.cif,-0.37677974799989894
C:\Users\GED\PycharmProjects\Aixelo_Project_DataLab_2025\data\odac\pristine_H2O\QATHOK\QATHOK_w_H2O_1_relaxed.cif,-0.5733731500000886
C:\Users\GED\PycharmProjects\Aixelo_Project_DataLab_2025\data\odac\pristine_H2O\QATKII\QATKII_w_H2O_1_relaxed.cif,-0.46736173250002366
C:\Users\GED\PycharmProjects\Aixelo_Project_DataLab_2025\data\odac\pristine_H2O\QATKOO\QATKOO_w_H2O_1_relaxed.cif,-0.3412662659999569
C:\Users\GED\PycharmProjects\Aixelo_Project_DataLab_2025\data\odac\pristine_H2O\QATLEE\QATLEE_w_H2O_1_relaxed.cif,-0.20759914800005386
C:\Users\GED\PycharmProjects\Aixelo_Project_DataLab_2025\data\odac\pristine_H2O\QATPOR\QATPOR_w_H2O_1_relaxed.cif,-0.34866487666668405
C:\Users\GED\PycharmProjects\Aixelo_Project_DataLab_2025\data\odac\pristine_H2O\QATVUE\QATVUE_w_H2O_1_relaxed.cif,-0.2788582725005426
C:\Users\GED\PycharmProjects\Aixelo_Project_DataLab_2025\data\odac\pristine_H2O\QAVBUL\QAVBUL_w_H2O_1_relaxed.cif,-0.18333991333330835
C:\Users\GED\PycharmProjects\Aixelo_Project_DataLab_2025\data\odac\pristine_H2O\QAVPIO\QAVPIO_w_H2O_1_relaxed.cif,-0.2979825516666683
C:\Users\GED\PycharmProjects\Aixelo_Project_DataLab_2025\data\odac\pristine_H2O\QAWDID\QAWDID_w_H2O_random_2_relaxed.cif,-1.383824949999962
C:\Users\GED\PycharmProjects\Aixelo_Project_DataLab_2025\data\odac\pristine_H2O\QAWPIO\QAWPIO_w_H2O_1_relaxed.cif,-0.24144994500005623
C:\Users\GED\PycharmProjects\Aixelo_Project_DataLab_2025\data\odac\pristine_H2O\QAWRIQ\QAWRIQ_w_H2O_1_relaxed.cif,-0.3818740380000008
C:\Users\GED\PycharmProjects\Aixelo_Project_DataLab_2025\data\odac\pristine_H2O\QAYTOZ_charged\QAYTOZ_charged_w_H2O_1_relaxed.cif,0.16553375799999231
C:\Users\GED\PycharmProjects\Aixelo_Project_DataLab_2025\data\odac\pristine_H2O\QEBGAH\QEBGAH_w_H2O_random_1_relaxed.cif,-0.1498887800003103
C:\Users\GED\PycharmProjects\Aixelo_Project_DataLab_2025\data\odac\pristine_H2O\QEBGEL\QEBGEL_w_H2O_3_relaxed.cif,-0.32264445999999225
C:\Users\GED\PycharmProjects\Aixelo_Project_DataLab_2025\data\odac\pristine_H2O\QEFNAQ\QEFNAQ_w_H2O_1_relaxed.cif,-0.1959664139998949
C:\Users\GED\PycharmProjects\Aixelo_Project_DataLab_2025\data\odac\pristine_H2O\QEJYIP\QEJYIP_w_H2O_1_relaxed.cif,-0.5136954180000884
C:\Users\GED\PycharmProjects\Aixelo_Project_DataLab_2025\data\odac\pristine_H2O\QEPZOB\QEPZOB_w_H2O_1_relaxed.cif,0.02951684799945724
C:\Users\GED\PycharmProjects\Aixelo_Project_DataLab_2025\data\odac\pristine_H2O\QERZUI\QERZUI_w_H2O_1_relaxed.cif,-0.6318827933332898
C:\Users\GED\PycharmProjects\Aixelo_Project_DataLab_2025\data\odac\pristine_H2O\QERZUI01\QERZUI01_w_H2O_1_relaxed.cif,-0.5684182433333357
C:\Users\GED\PycharmProjects\Aixelo_Project_DataLab_2025\data\odac\pristine_H2O\QESYOD\QESYOD_w_H2O_1_relaxed.cif,-0.20740435399984564
C:\Users\GED\PycharmProjects\Aixelo_Project_DataLab_2025\data\odac\pristine_H2O\QETCUO\QETCUO_w_H2O_1_relaxed.cif,-0.4776064299999462
C:\Users\GED\PycharmProjects\Aixelo_Project_DataLab_2025\data\odac\pristine_H2O\QETHUT\QETHUT_w_H2O_1_relaxed.cif,-0.38308211499997924
C:\Users\GED\PycharmProjects\Aixelo_Project_DataLab_2025\data\odac\pristine_H2O\QEVKOS\QEVKOS_w_H2O_1_relaxed.cif,-0.3758801559999483
C:\Users\GED\PycharmProjects\Aixelo_Project_DataLab_2025\data\odac\pristine_H2O\QEZZIF\QEZZIF_w_H2O_1_relaxed.cif,-0.34071075999995626
C:\Users\GED\PycharmProjects\Aixelo_Project_DataLab_2025\data\odac\pristine_H2O\QEZZOL\QEZZOL_w_H2O_1_relaxed.cif,-0.4393503539998164
C:\Users\GED\PycharmProjects\Aixelo_Project_DataLab_2025\data\odac\pristine_H2O\QIGBIR\QIGBIR_w_H2O_1_relaxed.cif,-0.4976642166665215
C:\Users\GED\PycharmProjects\Aixelo_Project_DataLab_2025\data\odac\pristine_H2O\QIHXIQ\QIHXIQ_w_H2O_1_relaxed.cif,-0.09861855400008608
C:\Users\GED\PycharmProjects\Aixelo_Project_DataLab_2025\data\odac\pristine_H2O\QIPROY\QIPROY_w_H2O_1_relaxed.cif,0.11269141800003121
C:\Users\GED\PycharmProjects\Aixelo_Project_DataLab_2025\data\odac\pristine_H2O\QIRWAR\QIRWAR_w_H2O_1_relaxed.cif,-0.3366301699998758
C:\Users\GED\PycharmProjects\Aixelo_Project_DataLab_2025\data\odac\pristine_H2O\QIRYAS\QIRYAS_w_H2O_1_relaxed.cif,-0.2715172039999515
C:\Users\GED\PycharmProjects\Aixelo_Project_DataLab_2025\data\odac\pristine_H2O\QISNAJ\QISNAJ_w_H2O_1_relaxed.cif,-0.3224490766666577
C:\Users\GED\PycharmProjects\Aixelo_Project_DataLab_2025\data\odac\pristine_H2O\QISNEN\QISNEN_w_H2O_1_relaxed.cif,-0.7127361899999869
C:\Users\GED\PycharmProjects\Aixelo_Project_DataLab_2025\data\odac\pristine_H2O\QISNIR\QISNIR_w_H2O_1_relaxed.cif,-0.16129507666660928
C:\Users\GED\PycharmProjects\Aixelo_Project_DataLab_2025\data\odac\pristine_H2O\QITXAU\QITXAU_w_H2O_1_relaxed.cif,-0.28048797999993735
C:\Users\GED\PycharmProjects\Aixelo_Project_DataLab_2025\data\odac\pristine_H2O\QITYOI\QITYOI_w_H2O_1_relaxed.cif,-0.5555710740000108
C:\Users\GED\PycharmProjects\Aixelo_Project_DataLab_2025\data\odac\pristine_H2O\QIVJAG\QIVJAG_w_H2O_1_relaxed.cif,-0.058447335000011015
C:\Users\GED\PycharmProjects\Aixelo_Project_DataLab_2025\data\odac\pristine_H2O\QIVYUR\QIVYUR_w_H2O_random_1_relaxed.cif,0.034208755000008695
C:\Users\GED\PycharmProjects\Aixelo_Project_DataLab_2025\data\odac\pristine_H2O\QIWCOQ\QIWCOQ_w_H2O_1_relaxed.cif,-0.488391687999956
C:\Users\GED\PycharmProjects\Aixelo_Project_DataLab_2025\data\odac\pristine_H2O\QIWDOR\QIWDOR_w_H2O_1_relaxed.cif,-0.29405636000001323
C:\Users\GED\PycharmProjects\Aixelo_Project_DataLab_2025\data\odac\pristine_H2O\QIWPET\QIWPET_w_H2O_1_relaxed.cif,-0.32714494250001275
C:\Users\GED\PycharmProjects\Aixelo_Project_DataLab_2025\data\odac\pristine_H2O\QIXNES\QIXNES_w_H2O_1_relaxed.cif,-0.7134555899998304
C:\Users\GED\PycharmProjects\Aixelo_Project_DataLab_2025\data\odac\pristine_H2O\QIXSOG\QIXSOG_w_H2O_random_1_relaxed.cif,0.028425919999961045
C:\Users\GED\PycharmProjects\Aixelo_Project_DataLab_2025\data\odac\pristine_H2O\QIXSOG01\QIXSOG01_w_H2O_random_1_relaxed.cif,0.0006046899998750493
C:\Users\GED\PycharmProjects\Aixelo_Project_DataLab_2025\data\odac\pristine_H2O\QOBGEV\QOBGEV_w_H2O_1_relaxed.cif,-0.3591648600006465
C:\Users\GED\PycharmProjects\Aixelo_Project_DataLab_2025\data\odac\pristine_H2O\QOBPEE\QOBPEE_w_H2O_1_relaxed.cif,-0.4934817380000368
C:\Users\GED\PycharmProjects\Aixelo_Project_DataLab_2025\data\odac\pristine_H2O\QOCBUH\QOCBUH_w_H2O_1_relaxed.cif,-0.3766285750002112
C:\Users\GED\PycharmProjects\Aixelo_Project_DataLab_2025\data\odac\pristine_H2O\QOCRUW\QOCRUW_w_H2O_1_relaxed.cif,-0.41386648999995257
C:\Users\GED\PycharmProjects\Aixelo_Project_DataLab_2025\data\odac\pristine_H2O\QOCSAD\QOCSAD_w_H2O_1_relaxed.cif,-0.4391619359999481
C:\Users\GED\PycharmProjects\Aixelo_Project_DataLab_2025\data\odac\pristine_H2O\QOCSEH\QOCSEH_w_H2O_1_relaxed.cif,-0.42815205599996486
C:\Users\GED\PycharmProjects\Aixelo_Project_DataLab_2025\data\odac\pristine_H2O\QODHUO\QODHUO_w_H2O_1_relaxed.cif,-0.30469443000038154
C:\Users\GED\PycharmProjects\Aixelo_Project_DataLab_2025\data\odac\pristine_H2O\QOFKUT\QOFKUT_w_H2O_1_relaxed.cif,-0.3510739460000877
C:\Users\GED\PycharmProjects\Aixelo_Project_DataLab_2025\data\odac\pristine_H2O\QOFLAA\QOFLAA_w_H2O_1_relaxed.cif,-0.6693758175000255
C:\Users\GED\PycharmProjects\Aixelo_Project_DataLab_2025\data\odac\pristine_H2O\QOHTUD\QOHTUD_w_H2O_1_relaxed.cif,-0.6322700799998984
C:\Users\GED\PycharmProjects\Aixelo_Project_DataLab_2025\data\odac\pristine_H2O\QOHYET\QOHYET_w_H2O_2_relaxed.cif,0.08240038333345483
C:\Users\GED\PycharmProjects\Aixelo_Project_DataLab_2025\data\odac\pristine_H2O\QOJKAB\QOJKAB_w_H2O_1_relaxed.cif,-0.39327671666671904
C:\Users\GED\PycharmProjects\Aixelo_Project_DataLab_2025\data\odac\pristine_H2O\QOJTUE\QOJTUE_w_H2O_1_relaxed.cif,-0.11458462800001139
C:\Users\GED\PycharmProjects\Aixelo_Project_DataLab_2025\data\odac\pristine_H2O\QOJVAM\QOJVAM_w_H2O_1_relaxed.cif,-0.22154677199991962
C:\Users\GED\PycharmProjects\Aixelo_Project_DataLab_2025\data\odac\pristine_H2O\QOKCID\QOKCID_w_H2O_1_relaxed.cif,-0.36743867200002567
C:\Users\GED\PycharmProjects\Aixelo_Project_DataLab_2025\data\odac\pristine_H2O\QOLVET\QOLVET_w_H2O_1_relaxed.cif,-0.3170679499999475
C:\Users\GED\PycharmProjects\Aixelo_Project_DataLab_2025\data\odac\pristine_H2O\QOMDUS\QOMDUS_w_H2O_1_relaxed.cif,-0.2847589779999907
C:\Users\GED\PycharmProjects\Aixelo_Project_DataLab_2025\data\odac\pristine_H2O\QOMFEE\QOMFEE_w_H2O_1_relaxed.cif,-0.5153263450000054
C:\Users\GED\PycharmProjects\Aixelo_Project_DataLab_2025\data\odac\pristine_H2O\QOMRUH\QOMRUH_w_H2O_1_relaxed.cif,-0.3006046899999433
C:\Users\GED\PycharmProjects\Aixelo_Project_DataLab_2025\data\odac\pristine_H2O\QOMSAO\QOMSAO_w_H2O_1_relaxed.cif,-0.3307821549999801
C:\Users\GED\PycharmProjects\Aixelo_Project_DataLab_2025\data\odac\pristine_H2O\QOMSES\QOMSES_w_H2O_1_relaxed.cif,-0.1458530300000689
C:\Users\GED\PycharmProjects\Aixelo_Project_DataLab_2025\data\odac\pristine_H2O\QOMTET\QOMTET_w_H2O_1_relaxed.cif,-0.2383427420000317
C:\Users\GED\PycharmProjects\Aixelo_Project_DataLab_2025\data\odac\pristine_H2O\QONKUB\QONKUB_w_H2O_1_relaxed.cif,-0.35990157749995433
C:\Users\GED\PycharmProjects\Aixelo_Project_DataLab_2025\data\odac\pristine_H2O\QONLAI\QONLAI_w_H2O_1_relaxed.cif,-0.382266497499927
C:\Users\GED\PycharmProjects\Aixelo_Project_DataLab_2025\data\odac\pristine_H2O\QONLEM\QONLEM_w_H2O_1_relaxed.cif,-0.10047117499993875
C:\Users\GED\PycharmProjects\Aixelo_Project_DataLab_2025\data\odac\pristine_H2O\QONLIQ\QONLIQ_w_H2O_1_relaxed.cif,-0.41273375499994813
C:\Users\GED\PycharmProjects\Aixelo_Project_DataLab_2025\data\odac\pristine_H2O\QONQAM\QONQAM_w_H2O_2_relaxed.cif,0.2174966199999062
C:\Users\GED\PycharmProjects\Aixelo_Project_DataLab_2025\data\odac\pristine_H2O\QONQEQ_manual\QONQEQ_manual_w_H2O_1_relaxed.cif,0.383979179999983
C:\Users\GED\PycharmProjects\Aixelo_Project_DataLab_2025\data\odac\pristine_H2O\QOPDEE\QOPDEE_w_H2O_1_relaxed.cif,-0.3666099159999021
C:\Users\GED\PycharmProjects\Aixelo_Project_DataLab_2025\data\odac\pristine_H2O\QOPPES\QOPPES_w_H2O_1_relaxed.cif,-0.26830345666659616
C:\Users\GED\PycharmProjects\Aixelo_Project_DataLab_2025\data\odac\pristine_H2O\QOPPOC\QOPPOC_w_H2O_1_relaxed.cif,-0.3281913379999423
C:\Users\GED\PycharmProjects\Aixelo_Project_DataLab_2025\data\odac\pristine_H2O\QOPZIF\QOPZIF_w_H2O_1_relaxed.cif,-0.27981610750009617
C:\Users\GED\PycharmProjects\Aixelo_Project_DataLab_2025\data\odac\pristine_H2O\QOQWOK\QOQWOK_w_H2O_1_relaxed.cif,-0.23667732799976876
C:\Users\GED\PycharmProjects\Aixelo_Project_DataLab_2025\data\odac\pristine_H2O\QOQWOK01\QOQWOK01_w_H2O_1_relaxed.cif,-0.19540633800020255
C:\Users\GED\PycharmProjects\Aixelo_Project_DataLab_2025\data\odac\pristine_H2O\QOTZEG\QOTZEG_w_H2O_1_relaxed.cif,-0.28077992249998823
C:\Users\GED\PycharmProjects\Aixelo_Project_DataLab_2025\data\odac\pristine_H2O\QOVDEL\QOVDEL_w_H2O_1_relaxed.cif,-0.36834322249990237
C:\Users\GED\PycharmProjects\Aixelo_Project_DataLab_2025\data\odac\pristine_H2O\QOVGOY\QOVGOY_w_H2O_1_relaxed.cif,-0.8207138324999761
C:\Users\GED\PycharmProjects\Aixelo_Project_DataLab_2025\data\odac\pristine_H2O\QOVSOL\QOVSOL_w_H2O_1_relaxed.cif,-0.5356628059999367
C:\Users\GED\PycharmProjects\Aixelo_Project_DataLab_2025\data\odac\pristine_H2O\QOXNIB\QOXNIB_w_H2O_1_relaxed.cif,-0.34069450800002415
C:\Users\GED\PycharmProjects\Aixelo_Project_DataLab_2025\data\odac\pristine_H2O\QOYLOG\QOYLOG_w_H2O_1_relaxed.cif,-0.024441446000014338
C:\Users\GED\PycharmProjects\Aixelo_Project_DataLab_2025\data\odac\pristine_H2O\QOZDOY\QOZDOY_w_H2O_1_relaxed.cif,-0.3986035839999431
C:\Users\GED\PycharmProjects\Aixelo_Project_DataLab_2025\data\odac\pristine_H2O\QOZGAP\QOZGAP_w_H2O_1_relaxed.cif,-0.6840354419999131
C:\Users\GED\PycharmProjects\Aixelo_Project_DataLab_2025\data\odac\pristine_H2O\QOZPIG\QOZPIG_w_H2O_1_relaxed.cif,-0.6219025659999715
C:\Users\GED\PycharmProjects\Aixelo_Project_DataLab_2025\data\odac\pristine_H2O\QOZPOM\QOZPOM_w_H2O_1_relaxed.cif,-0.5848148979999224
C:\Users\GED\PycharmProjects\Aixelo_Project_DataLab_2025\data\odac\pristine_H2O\QUDGED\QUDGED_w_H2O_1_relaxed.cif,-0.564554070000213
C:\Users\GED\PycharmProjects\Aixelo_Project_DataLab_2025\data\odac\pristine_H2O\QUDJIJ\QUDJIJ_w_H2O_1_relaxed.cif,-0.7567770339998561
C:\Users\GED\PycharmProjects\Aixelo_Project_DataLab_2025\data\odac\pristine_H2O\QUDJOP\QUDJOP_w_H2O_random_1_relaxed.cif,0.0908670800000664
C:\Users\GED\PycharmProjects\Aixelo_Project_DataLab_2025\data\odac\pristine_H2O\QUFGED\QUFGED_w_H2O_1_relaxed.cif,-0.3397668833333493
C:\Users\GED\PycharmProjects\Aixelo_Project_DataLab_2025\data\odac\pristine_H2O\QUFTAM\QUFTAM_w_H2O_1_relaxed.cif,-0.6771866459999046
C:\Users\GED\PycharmProjects\Aixelo_Project_DataLab_2025\data\odac\pristine_H2O\QUJJUC\QUJJUC_w_H2O_2_relaxed.cif,-0.8089223533332491
C:\Users\GED\PycharmProjects\Aixelo_Project_DataLab_2025\data\odac\pristine_H2O\QUMFUB\QUMFUB_w_H2O_1_relaxed.cif,-0.19683418000000755
C:\Users\GED\PycharmProjects\Aixelo_Project_DataLab_2025\data\odac\pristine_H2O\QUNMUI\QUNMUI_w_H2O_1_relaxed.cif,-0.19121438749996852
C:\Users\GED\PycharmProjects\Aixelo_Project_DataLab_2025\data\odac\pristine_H2O\QUNWAZ\QUNWAZ_w_H2O_1_relaxed.cif,-0.3642156879996946
C:\Users\GED\PycharmProjects\Aixelo_Project_DataLab_2025\data\odac\pristine_H2O\QUPDEL\QUPDEL_w_H2O_1_relaxed.cif,-0.4458838875000168
C:\Users\GED\PycharmProjects\Aixelo_Project_DataLab_2025\data\odac\pristine_H2O\QUPDEL01\QUPDEL01_w_H2O_1_relaxed.cif,-0.4672605975000579
C:\Users\GED\PycharmProjects\Aixelo_Project_DataLab_2025\data\odac\pristine_H2O\QUPHUF\QUPHUF_w_H2O_1_relaxed.cif,-0.24789519400005697
C:\Users\GED\PycharmProjects\Aixelo_Project_DataLab_2025\data\odac\pristine_H2O\QUPJAN\QUPJAN_w_H2O_1_relaxed.cif,-0.2128532916666093
C:\Users\GED\PycharmProjects\Aixelo_Project_DataLab_2025\data\odac\pristine_H2O\QUQBAH\QUQBAH_w_H2O_1_relaxed.cif,-0.30014013250007565
C:\Users\GED\PycharmProjects\Aixelo_Project_DataLab_2025\data\odac\pristine_H2O\QUQFIS\QUQFIS_w_H2O_1_relaxed.cif,-0.18110649999989614
C:\Users\GED\PycharmProjects\Aixelo_Project_DataLab_2025\data\odac\pristine_H2O\QUQFOY\QUQFOY_w_H2O_1_relaxed.cif,-0.6774267500000519
C:\Users\GED\PycharmProjects\Aixelo_Project_DataLab_2025\data\odac\pristine_H2O\QUQGAL\QUQGAL_w_H2O_1_relaxed.cif,-0.37514642799999365
C:\Users\GED\PycharmProjects\Aixelo_Project_DataLab_2025\data\odac\pristine_H2O\QUQGEP_neutral\QUQGEP_neutral_w_H2O_1_relaxed.cif,-0.3109566975000462
C:\Users\GED\PycharmProjects\Aixelo_Project_DataLab_2025\data\odac\pristine_H2O\QUQHAM\QUQHAM_w_H2O_1_relaxed.cif,-0.41487707799998363
C:\Users\GED\PycharmProjects\Aixelo_Project_DataLab_2025\data\odac\pristine_H2O\QUQPIC\QUQPIC_w_H2O_1_relaxed.cif,-0.2193390199999612
C:\Users\GED\PycharmProjects\Aixelo_Project_DataLab_2025\data\odac\pristine_H2O\QUQPOI_SL\QUQPOI_SL_w_H2O_1_relaxed.cif,-0.09183349999998422
C:\Users\GED\PycharmProjects\Aixelo_Project_DataLab_2025\data\odac\pristine_H2O\QUQWOQ\QUQWOQ_w_H2O_1_relaxed.cif,-0.3400652660007836
C:\Users\GED\PycharmProjects\Aixelo_Project_DataLab_2025\data\odac\pristine_H2O\QUQWUW\QUQWUW_w_H2O_1_relaxed.cif,-0.13369439400025837
C:\Users\GED\PycharmProjects\Aixelo_Project_DataLab_2025\data\odac\pristine_H2O\QUQYUY\QUQYUY_w_H2O_3_relaxed.cif,-0.31022696333381344
C:\Users\GED\PycharmProjects\Aixelo_Project_DataLab_2025\data\odac\pristine_H2O\QURSEC\QURSEC_w_H2O_1_relaxed.cif,0.0461689180000576
C:\Users\GED\PycharmProjects\Aixelo_Project_DataLab_2025\data\odac\pristine_H2O\QUSBIQ_charged\QUSBIQ_charged_w_H2O_1_relaxed.cif,9.092419672500085
C:\Users\GED\PycharmProjects\Aixelo_Project_DataLab_2025\data\odac\pristine_H2O\QUSCAJ\QUSCAJ_w_H2O_1_relaxed.cif,0.03421947749995978
C:\Users\GED\PycharmProjects\Aixelo_Project_DataLab_2025\data\odac\pristine_H2O\QUSCEN\QUSCEN_w_H2O_1_relaxed.cif,-0.27170592600004967
C:\Users\GED\PycharmProjects\Aixelo_Project_DataLab_2025\data\odac\pristine_H2O\QUSRIH\QUSRIH_w_H2O_random_1_relaxed.cif,-0.7956425049999325
C:\Users\GED\PycharmProjects\Aixelo_Project_DataLab_2025\data\odac\pristine_H2O\QUSRUT\QUSRUT_w_H2O_1_relaxed.cif,-0.6705483866665721
C:\Users\GED\PycharmProjects\Aixelo_Project_DataLab_2025\data\odac\pristine_H2O\QUTTII\QUTTII_w_H2O_1_relaxed.cif,-0.3921367974999441
C:\Users\GED\PycharmProjects\Aixelo_Project_DataLab_2025\data\odac\pristine_H2O\QUTTII01\QUTTII01_w_H2O_1_relaxed.cif,-0.20292656400008582
C:\Users\GED\PycharmProjects\Aixelo_Project_DataLab_2025\data\odac\pristine_H2O\QUWYEO\QUWYEO_w_H2O_1_relaxed.cif,-0.02497436399999058
C:\Users\GED\PycharmProjects\Aixelo_Project_DataLab_2025\data\odac\pristine_H2O\QUXQUX\QUXQUX_w_H2O_1_relaxed.cif,-0.019462855999972762
C:\Users\GED\PycharmProjects\Aixelo_Project_DataLab_2025\data\odac\pristine_H2O\QUXRAE\QUXRAE_w_H2O_1_relaxed.cif,-0.2767953820000457
C:\Users\GED\PycharmProjects\Aixelo_Project_DataLab_2025\data\odac\pristine_H2O\QUXREI\QUXREI_w_H2O_1_relaxed.cif,-0.29800287249994994
C:\Users\GED\PycharmProjects\Aixelo_Project_DataLab_2025\data\odac\pristine_H2O\QUXRIM\QUXRIM_w_H2O_1_relaxed.cif,-0.32634554666661114
C:\Users\GED\PycharmProjects\Aixelo_Project_DataLab_2025\data\odac\pristine_H2O\QUXROS\QUXROS_w_H2O_1_relaxed.cif,0.01943892000001598
C:\Users\GED\PycharmProjects\Aixelo_Project_DataLab_2025\data\odac\pristine_H2O\QUXRUY\QUXRUY_w_H2O_1_relaxed.cif,-0.015817372500038097
C:\Users\GED\PycharmProjects\Aixelo_Project_DataLab_2025\data\odac\pristine_H2O\QUZZES\QUZZES_w_H2O_1_relaxed.cif,-0.6504050559999996
C:\Users\GED\PycharmProjects\Aixelo_Project_DataLab_2025\data\odac\pristine_H2O\RABHAZ\RABHAZ_w_H2O_1_relaxed.cif,-0.5572613624999292
C:\Users\GED\PycharmProjects\Aixelo_Project_DataLab_2025\data\odac\pristine_H2O\RABHIH\RABHIH_w_H2O_1_relaxed.cif,-0.40670551999994586
C:\Users\GED\PycharmProjects\Aixelo_Project_DataLab_2025\data\odac\pristine_H2O\RACZEC\RACZEC_w_H2O_1_relaxed.cif,-0.3466322375000175
C:\Users\GED\PycharmProjects\Aixelo_Project_DataLab_2025\data\odac\pristine_H2O\RACZIG\RACZIG_w_H2O_1_relaxed.cif,-0.3225866325000481
C:\Users\GED\PycharmProjects\Aixelo_Project_DataLab_2025\data\odac\pristine_H2O\RAFNIV\RAFNIV_w_H2O_1_relaxed.cif,-0.23741300000001497
C:\Users\GED\PycharmProjects\Aixelo_Project_DataLab_2025\data\odac\pristine_H2O\RAFNUH01\RAFNUH01_w_H2O_1_relaxed.cif,0.2371483900000726
C:\Users\GED\PycharmProjects\Aixelo_Project_DataLab_2025\data\odac\pristine_H2O\RAGMOE\RAGMOE_w_H2O_1_relaxed.cif,-0.39891069000032076
C:\Users\GED\PycharmProjects\Aixelo_Project_DataLab_2025\data\odac\pristine_H2O\RAGREY_charged\RAGREY_charged_w_H2O_1_relaxed.cif,-0.0711393025001143
C:\Users\GED\PycharmProjects\Aixelo_Project_DataLab_2025\data\odac\pristine_H2O\RAHBUZ\RAHBUZ_w_H2O_1_relaxed.cif,-0.5393085249999956
C:\Users\GED\PycharmProjects\Aixelo_Project_DataLab_2025\data\odac\pristine_H2O\RAHMAP\RAHMAP_w_H2O_1_relaxed.cif,-0.006215816000053559
C:\Users\GED\PycharmProjects\Aixelo_Project_DataLab_2025\data\odac\pristine_H2O\RAJFAM\RAJFAM_w_H2O_1_relaxed.cif,-0.33633214200003747
C:\Users\GED\PycharmProjects\Aixelo_Project_DataLab_2025\data\odac\pristine_H2O\RAJFEQ\RAJFEQ_w_H2O_1_relaxed.cif,-0.19080637600018235
C:\Users\GED\PycharmProjects\Aixelo_Project_DataLab_2025\data\odac\pristine_H2O\RAKMOF\RAKMOF_w_H2O_1_relaxed.cif,-0.389222210000014
C:\Users\GED\PycharmProjects\Aixelo_Project_DataLab_2025\data\odac\pristine_H2O\RALZEL\RALZEL_w_H2O_1_relaxed.cif,-0.44404530799988606
C:\Users\GED\PycharmProjects\Aixelo_Project_DataLab_2025\data\odac\pristine_H2O\RANNUS\RANNUS_w_H2O_1_relaxed.cif,-0.8590164624999375
C:\Users\GED\PycharmProjects\Aixelo_Project_DataLab_2025\data\odac\pristine_H2O\RANPAA\RANPAA_w_H2O_random_1_relaxed.cif,-0.184145854999997
C:\Users\GED\PycharmProjects\Aixelo_Project_DataLab_2025\data\odac\pristine_H2O\RAPBOZ\RAPBOZ_w_H2O_1_relaxed.cif,-0.6125779474999717
C:\Users\GED\PycharmProjects\Aixelo_Project_DataLab_2025\data\odac\pristine_H2O\RAPYUE\RAPYUE_w_H2O_1_relaxed.cif,-0.3985166950000405
C:\Users\GED\PycharmProjects\Aixelo_Project_DataLab_2025\data\odac\pristine_H2O\RAQVAG\RAQVAG_w_H2O_random_1_relaxed.cif,0.19367769500004778
C:\Users\GED\PycharmProjects\Aixelo_Project_DataLab_2025\data\odac\pristine_H2O\RASGAT\RASGAT_w_H2O_1_relaxed.cif,-0.1603688074999638
C:\Users\GED\PycharmProjects\Aixelo_Project_DataLab_2025\data\odac\pristine_H2O\RASKIH\RASKIH_w_H2O_1_relaxed.cif,-0.26842357199998335
C:\Users\GED\PycharmProjects\Aixelo_Project_DataLab_2025\data\odac\pristine_H2O\RASKON\RASKON_w_H2O_1_relaxed.cif,-0.4894155980000505
C:\Users\GED\PycharmProjects\Aixelo_Project_DataLab_2025\data\odac\pristine_H2O\RATNIL_charged\RATNIL_charged_w_H2O_1_relaxed.cif,-0.32810286999968713
C:\Users\GED\PycharmProjects\Aixelo_Project_DataLab_2025\data\odac\pristine_H2O\RATRUB\RATRUB_w_H2O_2_relaxed.cif,-0.03371242666654926
C:\Users\GED\PycharmProjects\Aixelo_Project_DataLab_2025\data\odac\pristine_H2O\RAVVIU\RAVVIU_w_H2O_1_relaxed.cif,-0.2746301179999818
C:\Users\GED\PycharmProjects\Aixelo_Project_DataLab_2025\data\odac\pristine_H2O\RAVVIU01\RAVVIU01_w_H2O_1_relaxed.cif,-0.2940682240000114
C:\Users\GED\PycharmProjects\Aixelo_Project_DataLab_2025\data\odac\pristine_H2O\RAVVUH\RAVVUH_w_H2O_1_relaxed.cif,-0.6705099175000271
C:\Users\GED\PycharmProjects\Aixelo_Project_DataLab_2025\data\odac\pristine_H2O\RAVWAO\RAVWAO_w_H2O_1_relaxed.cif,-0.6314138024999636
C:\Users\GED\PycharmProjects\Aixelo_Project_DataLab_2025\data\odac\pristine_H2O\RAVWES\RAVWES_w_H2O_1_relaxed.cif,-0.34905663399999864
C:\Users\GED\PycharmProjects\Aixelo_Project_DataLab_2025\data\odac\pristine_H2O\RAVWIW\RAVWIW_w_H2O_1_relaxed.cif,-0.3575170024998897
C:\Users\GED\PycharmProjects\Aixelo_Project_DataLab_2025\data\odac\pristine_H2O\RAVWOC\RAVWOC_w_H2O_1_relaxed.cif,-0.26668458750015134
C:\Users\GED\PycharmProjects\Aixelo_Project_DataLab_2025\data\odac\pristine_H2O\RAVXAP\RAVXAP_w_H2O_1_relaxed.cif,-0.21347218400032944
C:\Users\GED\PycharmProjects\Aixelo_Project_DataLab_2025\data\odac\pristine_H2O\RAWZIA\RAWZIA_w_H2O_1_relaxed.cif,-0.39749894000005953
C:\Users\GED\PycharmProjects\Aixelo_Project_DataLab_2025\data\odac\pristine_H2O\RAXCAW_charged\RAXCAW_charged_w_H2O_1_relaxed.cif,-0.2916604124999935
C:\Users\GED\PycharmProjects\Aixelo_Project_DataLab_2025\data\odac\pristine_H2O\RAXQEO\RAXQEO_w_H2O_1_relaxed.cif,-0.48281048999990617
C:\Users\GED\PycharmProjects\Aixelo_Project_DataLab_2025\data\odac\pristine_H2O\RAXYOF\RAXYOF_w_H2O_1_relaxed.cif,-0.24582947999986113
C:\Users\GED\PycharmProjects\Aixelo_Project_DataLab_2025\data\odac\pristine_H2O\RAYFAA\RAYFAA_w_H2O_1_relaxed.cif,-0.30796796750030353
C:\Users\GED\PycharmProjects\Aixelo_Project_DataLab_2025\data\odac\pristine_H2O\RAYFEE\RAYFEE_w_H2O_1_relaxed.cif,-0.37250570600012906
C:\Users\GED\PycharmProjects\Aixelo_Project_DataLab_2025\data\odac\pristine_H2O\RAYKIN\RAYKIN_w_H2O_1_relaxed.cif,-0.3630273980003949
C:\Users\GED\PycharmProjects\Aixelo_Project_DataLab_2025\data\odac\pristine_H2O\RAYLAG\RAYLAG_w_H2O_1_relaxed.cif,-0.648754554000152
C:\Users\GED\PycharmProjects\Aixelo_Project_DataLab_2025\data\odac\pristine_H2O\RAYLOU\RAYLOU_w_H2O_1_relaxed.cif,-0.3311326799999733
C:\Users\GED\PycharmProjects\Aixelo_Project_DataLab_2025\data\odac\pristine_H2O\RAYMAG\RAYMAG_w_H2O_1_relaxed.cif,0.088545970000041
C:\Users\GED\PycharmProjects\Aixelo_Project_DataLab_2025\data\odac\pristine_H2O\RAYMOV\RAYMOV_w_H2O_random_1_relaxed.cif,0.11205246500026075
C:\Users\GED\PycharmProjects\Aixelo_Project_DataLab_2025\data\odac\pristine_H2O\RAZGOQ\RAZGOQ_w_H2O_1_relaxed.cif,-0.07988958750001983
C:\Users\GED\PycharmProjects\Aixelo_Project_DataLab_2025\data\odac\pristine_H2O\RAZJIM\RAZJIM_w_H2O_1_relaxed.cif,-0.528297701666664
C:\Users\GED\PycharmProjects\Aixelo_Project_DataLab_2025\data\odac\pristine_H2O\RAZYIC\RAZYIC_w_H2O_1_relaxed.cif,-0.3448266074997832
C:\Users\GED\PycharmProjects\Aixelo_Project_DataLab_2025\data\odac\pristine_H2O\RAZYOI\RAZYOI_w_H2O_1_relaxed.cif,-0.16604446749988708
C:\Users\GED\PycharmProjects\Aixelo_Project_DataLab_2025\data\odac\pristine_H2O\REDROI\REDROI_w_H2O_1_relaxed.cif,-0.2415727220000008
C:\Users\GED\PycharmProjects\Aixelo_Project_DataLab_2025\data\odac\pristine_H2O\REDYEG\REDYEG_w_H2O_1_relaxed.cif,-0.3750206724999856
C:\Users\GED\PycharmProjects\Aixelo_Project_DataLab_2025\data\odac\pristine_H2O\REFMEW\REFMEW_w_H2O_1_relaxed.cif,-0.4936542279997866
C:\Users\GED\PycharmProjects\Aixelo_Project_DataLab_2025\data\odac\pristine_H2O\REFTON_SL\REFTON_SL_w_H2O_1_relaxed.cif,-0.8090506575000518
C:\Users\GED\PycharmProjects\Aixelo_Project_DataLab_2025\data\odac\pristine_H2O\REFTUT\REFTUT_w_H2O_1_relaxed.cif,-0.5786565775000554
C:\Users\GED\PycharmProjects\Aixelo_Project_DataLab_2025\data\odac\pristine_H2O\REGJIW\REGJIW_w_H2O_1_relaxed.cif,-0.767661803999971
C:\Users\GED\PycharmProjects\Aixelo_Project_DataLab_2025\data\odac\pristine_H2O\REGJIW01\REGJIW01_w_H2O_1_relaxed.cif,-0.7491088100000354
C:\Users\GED\PycharmProjects\Aixelo_Project_DataLab_2025\data\odac\pristine_H2O\REGJIW02\REGJIW02_w_H2O_1_relaxed.cif,-0.7515843579999796
C:\Users\GED\PycharmProjects\Aixelo_Project_DataLab_2025\data\odac\pristine_H2O\REGQUR\REGQUR_w_H2O_1_relaxed.cif,-0.31314348499995504
C:\Users\GED\PycharmProjects\Aixelo_Project_DataLab_2025\data\odac\pristine_H2O\REGRAY\REGRAY_w_H2O_1_relaxed.cif,-0.1010684975001368
C:\Users\GED\PycharmProjects\Aixelo_Project_DataLab_2025\data\odac\pristine_H2O\REGREC\REGREC_w_H2O_1_relaxed.cif,-0.425130892499908
C:\Users\GED\PycharmProjects\Aixelo_Project_DataLab_2025\data\odac\pristine_H2O\REGRIG\REGRIG_w_H2O_1_relaxed.cif,-0.17079059499997126
C:\Users\GED\PycharmProjects\Aixelo_Project_DataLab_2025\data\odac\pristine_H2O\REHHOD\REHHOD_w_H2O_1_relaxed.cif,-0.5657596959999409
C:\Users\GED\PycharmProjects\Aixelo_Project_DataLab_2025\data\odac\pristine_H2O\REJLEY\REJLEY_w_H2O_1_relaxed.cif,-0.28416100000002115
C:\Users\GED\PycharmProjects\Aixelo_Project_DataLab_2025\data\odac\pristine_H2O\REJVOS\REJVOS_w_H2O_1_relaxed.cif,-0.41096224999996595
C:\Users\GED\PycharmProjects\Aixelo_Project_DataLab_2025\data\odac\pristine_H2O\REKCUG\REKCUG_w_H2O_1_relaxed.cif,0.15542180200001213
C:\Users\GED\PycharmProjects\Aixelo_Project_DataLab_2025\data\odac\pristine_H2O\RELLAW\RELLAW_w_H2O_1_relaxed.cif,-0.26240659200007027
C:\Users\GED\PycharmProjects\Aixelo_Project_DataLab_2025\data\odac\pristine_H2O\RESQAJ\RESQAJ_w_H2O_1_relaxed.cif,-0.260938834000035
C:\Users\GED\PycharmProjects\Aixelo_Project_DataLab_2025\data\odac\pristine_H2O\RESSAK\RESSAK_w_H2O_1_relaxed.cif,-0.5671797899999925
C:\Users\GED\PycharmProjects\Aixelo_Project_DataLab_2025\data\odac\pristine_H2O\RETBEZ\RETBEZ_w_H2O_1_relaxed.cif,-0.10738482200031282
C:\Users\GED\PycharmProjects\Aixelo_Project_DataLab_2025\data\odac\pristine_H2O\REVYUO\REVYUO_w_H2O_1_relaxed.cif,-0.7571935080003641
C:\Users\GED\PycharmProjects\Aixelo_Project_DataLab_2025\data\odac\pristine_H2O\REWSUJ\REWSUJ_w_H2O_random_2_relaxed.cif,-0.3530180100001416
C:\Users\GED\PycharmProjects\Aixelo_Project_DataLab_2025\data\odac\pristine_H2O\REXCII\REXCII_w_H2O_1_relaxed.cif,-0.22742674000039642
C:\Users\GED\PycharmProjects\Aixelo_Project_DataLab_2025\data\odac\pristine_H2O\REXCOO\REXCOO_w_H2O_1_relaxed.cif,-0.24167238249981438
C:\Users\GED\PycharmProjects\Aixelo_Project_DataLab_2025\data\odac\pristine_H2O\REXCUU\REXCUU_w_H2O_1_relaxed.cif,-0.40015528750041085
C:\Users\GED\PycharmProjects\Aixelo_Project_DataLab_2025\data\odac\pristine_H2O\REXDEF\REXDEF_w_H2O_1_relaxed.cif,-0.16665650250013184
C:\Users\GED\PycharmProjects\Aixelo_Project_DataLab_2025\data\odac\pristine_H2O\REXDIJ\REXDIJ_w_H2O_1_relaxed.cif,-0.2015619824998111
C:\Users\GED\PycharmProjects\Aixelo_Project_DataLab_2025\data\odac\pristine_H2O\REXDOP\REXDOP_w_H2O_1_relaxed.cif,-0.22063958000046568
C:\Users\GED\PycharmProjects\Aixelo_Project_DataLab_2025\data\odac\pristine_H2O\REXFAD\REXFAD_w_H2O_1_relaxed.cif,-0.39508724749987323
C:\Users\GED\PycharmProjects\Aixelo_Project_DataLab_2025\data\odac\pristine_H2O\REXFEH\REXFEH_w_H2O_1_relaxed.cif,-0.32546193250016126
C:\Users\GED\PycharmProjects\Aixelo_Project_DataLab_2025\data\odac\pristine_H2O\REXFIL\REXFIL_w_H2O_1_relaxed.cif,-0.3955711950003433
C:\Users\GED\PycharmProjects\Aixelo_Project_DataLab_2025\data\odac\pristine_H2O\REXFOR\REXFOR_w_H2O_1_relaxed.cif,-0.24317133250053755
C:\Users\GED\PycharmProjects\Aixelo_Project_DataLab_2025\data\odac\pristine_H2O\REXFUX\REXFUX_w_H2O_1_relaxed.cif,-0.2892531874999804
C:\Users\GED\PycharmProjects\Aixelo_Project_DataLab_2025\data\odac\pristine_H2O\REYBAA\REYBAA_w_H2O_1_relaxed.cif,-0.6887209819999498
C:\Users\GED\PycharmProjects\Aixelo_Project_DataLab_2025\data\odac\pristine_H2O\REYPIW\REYPIW_w_H2O_1_relaxed.cif,-0.4192536780000637
C:\Users\GED\PycharmProjects\Aixelo_Project_DataLab_2025\data\odac\pristine_H2O\REZXEA\REZXEA_w_H2O_1_relaxed.cif,-0.0445098799999073
C:\Users\GED\PycharmProjects\Aixelo_Project_DataLab_2025\data\odac\pristine_H2O\REZXIE\REZXIE_w_H2O_1_relaxed.cif,-0.3792164674999867
C:\Users\GED\PycharmProjects\Aixelo_Project_DataLab_2025\data\odac\pristine_H2O\REZXOK\REZXOK_w_H2O_1_relaxed.cif,0.3566255050001814
C:\Users\GED\PycharmProjects\Aixelo_Project_DataLab_2025\data\odac\pristine_H2O\REZXUQ\REZXUQ_w_H2O_1_relaxed.cif,-0.346214732500016
C:\Users\GED\PycharmProjects\Aixelo_Project_DataLab_2025\data\odac\pristine_H2O\RIBDAJ\RIBDAJ_w_H2O_1_relaxed.cif,-0.2185005250000813
C:\Users\GED\PycharmProjects\Aixelo_Project_DataLab_2025\data\odac\pristine_H2O\RIBDEN\RIBDEN_w_H2O_1_relaxed.cif,-0.28071503250004065
C:\Users\GED\PycharmProjects\Aixelo_Project_DataLab_2025\data\odac\pristine_H2O\RIBTAZ\RIBTAZ_w_H2O_1_relaxed.cif,-0.4940373700000237
C:\Users\GED\PycharmProjects\Aixelo_Project_DataLab_2025\data\odac\pristine_H2O\RICBEM\RICBEM_w_H2O_1_relaxed.cif,0.45746153249990584
C:\Users\GED\PycharmProjects\Aixelo_Project_DataLab_2025\data\odac\pristine_H2O\RICHIV\RICHIV_w_H2O_1_relaxed.cif,-0.27412346799999343
C:\Users\GED\PycharmProjects\Aixelo_Project_DataLab_2025\data\odac\pristine_H2O\RIDKOE_charged\RIDKOE_charged_w_H2O_1_relaxed.cif,-0.5112153700001727
C:\Users\GED\PycharmProjects\Aixelo_Project_DataLab_2025\data\odac\pristine_H2O\RIFDUG01\RIFDUG01_w_H2O_1_relaxed.cif,-0.28558574499993483
C:\Users\GED\PycharmProjects\Aixelo_Project_DataLab_2025\data\odac\pristine_H2O\RIFMIE\RIFMIE_w_H2O_random_2_relaxed.cif,-0.5498128900003394
C:\Users\GED\PycharmProjects\Aixelo_Project_DataLab_2025\data\odac\pristine_H2O\RIFQUT\RIFQUT_w_H2O_1_relaxed.cif,-0.48769439750003585
C:\Users\GED\PycharmProjects\Aixelo_Project_DataLab_2025\data\odac\pristine_H2O\RIGPEE\RIGPEE_w_H2O_1_relaxed.cif,-0.20589814599989037
C:\Users\GED\PycharmProjects\Aixelo_Project_DataLab_2025\data\odac\pristine_H2O\RIGPEE01\RIGPEE01_w_H2O_1_relaxed.cif,-0.2767657019997386
C:\Users\GED\PycharmProjects\Aixelo_Project_DataLab_2025\data\odac\pristine_H2O\RIGPII\RIGPII_w_H2O_1_relaxed.cif,-0.3627290659999744
C:\Users\GED\PycharmProjects\Aixelo_Project_DataLab_2025\data\odac\pristine_H2O\RIGTIL\RIGTIL_w_H2O_1_relaxed.cif,-0.42878290599985575
C:\Users\GED\PycharmProjects\Aixelo_Project_DataLab_2025\data\odac\pristine_H2O\RIGWIP\RIGWIP_w_H2O_1_relaxed.cif,3.599895308000009
C:\Users\GED\PycharmProjects\Aixelo_Project_DataLab_2025\data\odac\pristine_H2O\RILVOZ\RILVOZ_w_H2O_1_relaxed.cif,-0.0227576899999803
C:\Users\GED\PycharmProjects\Aixelo_Project_DataLab_2025\data\odac\pristine_H2O\RINPEJ_charged\RINPEJ_charged_w_H2O_1_relaxed.cif,-0.36528968999991773
C:\Users\GED\PycharmProjects\Aixelo_Project_DataLab_2025\data\odac\pristine_H2O\RINSEM\RINSEM_w_H2O_random_1_relaxed.cif,-0.49351740500003416
C:\Users\GED\PycharmProjects\Aixelo_Project_DataLab_2025\data\odac\pristine_H2O\RIPKIM01\RIPKIM01_w_H2O_1_relaxed.cif,-0.22461878000001428
C:\Users\GED\PycharmProjects\Aixelo_Project_DataLab_2025\data\odac\pristine_H2O\RIPNIP\RIPNIP_w_H2O_1_relaxed.cif,-0.23339235600001298
C:\Users\GED\PycharmProjects\Aixelo_Project_DataLab_2025\data\odac\pristine_H2O\RITGIM\RITGIM_w_H2O_random_1_relaxed.cif,-0.5000311800000077
C:\Users\GED\PycharmProjects\Aixelo_Project_DataLab_2025\data\odac\pristine_H2O\RIVDEF\RIVDEF_w_H2O_1_relaxed.cif,-0.4916277325000351
C:\Users\GED\PycharmProjects\Aixelo_Project_DataLab_2025\data\odac\pristine_H2O\RIWMUH\RIWMUH_w_H2O_1_relaxed.cif,-0.08539878200017484
C:\Users\GED\PycharmProjects\Aixelo_Project_DataLab_2025\data\odac\pristine_H2O\RIXBEG\RIXBEG_w_H2O_1_relaxed.cif,0.13071355400002171
C:\Users\GED\PycharmProjects\Aixelo_Project_DataLab_2025\data\odac\pristine_H2O\RIXBIK\RIXBIK_w_H2O_1_relaxed.cif,0.06153472200016948
C:\Users\GED\PycharmProjects\Aixelo_Project_DataLab_2025\data\odac\pristine_H2O\RIXPIZ\RIXPIZ_w_H2O_2_relaxed.cif,-0.5433714525004234
C:\Users\GED\PycharmProjects\Aixelo_Project_DataLab_2025\data\odac\pristine_H2O\RIYWED\RIYWED_w_H2O_1_relaxed.cif,-0.8220463420001124
C:\Users\GED\PycharmProjects\Aixelo_Project_DataLab_2025\data\odac\pristine_H2O\RIYXIG\RIYXIG_w_H2O_1_relaxed.cif,0.3025766750001253
C:\Users\GED\PycharmProjects\Aixelo_Project_DataLab_2025\data\odac\pristine_H2O\ROBWAH\ROBWAH_w_H2O_1_relaxed.cif,-0.1322967859999153
C:\Users\GED\PycharmProjects\Aixelo_Project_DataLab_2025\data\odac\pristine_H2O\ROCZAM\ROCZAM_w_H2O_1_relaxed.cif,-0.3971725349999531
C:\Users\GED\PycharmProjects\Aixelo_Project_DataLab_2025\data\odac\pristine_H2O\ROCZEQ\ROCZEQ_w_H2O_1_relaxed.cif,-0.3047317724999914
C:\Users\GED\PycharmProjects\Aixelo_Project_DataLab_2025\data\odac\pristine_H2O\ROCZIU\ROCZIU_w_H2O_1_relaxed.cif,-0.4884903174999522
C:\Users\GED\PycharmProjects\Aixelo_Project_DataLab_2025\data\odac\pristine_H2O\ROCZUG\ROCZUG_w_H2O_1_relaxed.cif,-0.34049914499999545
C:\Users\GED\PycharmProjects\Aixelo_Project_DataLab_2025\data\odac\pristine_H2O\RODBAP\RODBAP_w_H2O_1_relaxed.cif,-0.36298350500001675
C:\Users\GED\PycharmProjects\Aixelo_Project_DataLab_2025\data\odac\pristine_H2O\ROGSAI\ROGSAI_w_H2O_1_relaxed.cif,-0.4193015550000325
C:\Users\GED\PycharmProjects\Aixelo_Project_DataLab_2025\data\odac\pristine_H2O\ROLZEZ\ROLZEZ_w_H2O_2_relaxed.cif,0.2397924425000042
C:\Users\GED\PycharmProjects\Aixelo_Project_DataLab_2025\data\odac\pristine_H2O\ROMQAN\ROMQAN_w_H2O_1_relaxed.cif,-0.7182474579999507
C:\Users\GED\PycharmProjects\Aixelo_Project_DataLab_2025\data\odac\pristine_H2O\RONSIY\RONSIY_w_H2O_3_relaxed.cif,-0.551658823333355
C:\Users\GED\PycharmProjects\Aixelo_Project_DataLab_2025\data\odac\pristine_H2O\RONSOC\RONSOC_w_H2O_1_relaxed.cif,-0.4687622350000993
C:\Users\GED\PycharmProjects\Aixelo_Project_DataLab_2025\data\odac\pristine_H2O\RONWIA\RONWIA_w_H2O_1_relaxed.cif,-0.11694059666668481
C:\Users\GED\PycharmProjects\Aixelo_Project_DataLab_2025\data\odac\pristine_H2O\RONZID\RONZID_w_H2O_1_relaxed.cif,-0.18067818000001046
C:\Users\GED\PycharmProjects\Aixelo_Project_DataLab_2025\data\odac\pristine_H2O\ROQVIE\ROQVIE_w_H2O_1_relaxed.cif,-0.316814854999933
C:\Users\GED\PycharmProjects\Aixelo_Project_DataLab_2025\data\odac\pristine_H2O\RORRIB\RORRIB_w_H2O_random_1_relaxed.cif,0.04614624999999245
C:\Users\GED\PycharmProjects\Aixelo_Project_DataLab_2025\data\odac\pristine_H2O\ROTQIC\ROTQIC_w_H2O_1_relaxed.cif,-0.2553356999999323
C:\Users\GED\PycharmProjects\Aixelo_Project_DataLab_2025\data\odac\pristine_H2O\ROTTOL\ROTTOL_w_H2O_1_relaxed.cif,-0.3602552019998711
C:\Users\GED\PycharmProjects\Aixelo_Project_DataLab_2025\data\odac\pristine_H2O\ROYJUM\ROYJUM_w_H2O_1_relaxed.cif,-0.4639558540000053
C:\Users\GED\PycharmProjects\Aixelo_Project_DataLab_2025\data\odac\pristine_H2O\RUBGUS\RUBGUS_w_H2O_1_relaxed.cif,-0.47402641200028484
C:\Users\GED\PycharmProjects\Aixelo_Project_DataLab_2025\data\odac\pristine_H2O\RUBTAK01_SL\RUBTAK01_SL_w_H2O_1_relaxed.cif,-0.14042297600001344
C:\Users\GED\PycharmProjects\Aixelo_Project_DataLab_2025\data\odac\pristine_H2O\RUBTAK02_SL\RUBTAK02_SL_w_H2O_1_relaxed.cif,-0.2985570979999465
C:\Users\GED\PycharmProjects\Aixelo_Project_DataLab_2025\data\odac\pristine_H2O\RUBTAK03_auto\RUBTAK03_auto_w_H2O_1_relaxed.cif,-0.3476745600001777
C:\Users\GED\PycharmProjects\Aixelo_Project_DataLab_2025\data\odac\pristine_H2O\RUCGOM\RUCGOM_w_H2O_1_relaxed.cif,-0.6908975359998749
C:\Users\GED\PycharmProjects\Aixelo_Project_DataLab_2025\data\odac\pristine_H2O\RUFDUT\RUFDUT_w_H2O_1_relaxed.cif,0.23990182400007137
C:\Users\GED\PycharmProjects\Aixelo_Project_DataLab_2025\data\odac\pristine_H2O\RUFRIV\RUFRIV_w_H2O_1_relaxed.cif,-0.39417563600009087
C:\Users\GED\PycharmProjects\Aixelo_Project_DataLab_2025\data\odac\pristine_H2O\RUFZID\RUFZID_w_H2O_random_2_relaxed.cif,-0.1504020500001388
C:\Users\GED\PycharmProjects\Aixelo_Project_DataLab_2025\data\odac\pristine_H2O\RUGKOV\RUGKOV_w_H2O_1_relaxed.cif,-0.4891575374999775
C:\Users\GED\PycharmProjects\Aixelo_Project_DataLab_2025\data\odac\pristine_H2O\RUGXOI\RUGXOI_w_H2O_1_relaxed.cif,-0.1758898599999156
C:\Users\GED\PycharmProjects\Aixelo_Project_DataLab_2025\data\odac\pristine_H2O\RUGXOI01\RUGXOI01_w_H2O_1_relaxed.cif,-0.5647073059999684
C:\Users\GED\PycharmProjects\Aixelo_Project_DataLab_2025\data\odac\pristine_H2O\RUGYOJ\RUGYOJ_w_H2O_1_relaxed.cif,-0.5412061560002257
C:\Users\GED\PycharmProjects\Aixelo_Project_DataLab_2025\data\odac\pristine_H2O\RUGZAW\RUGZAW_w_H2O_1_relaxed.cif,-0.1696976600003836
C:\Users\GED\PycharmProjects\Aixelo_Project_DataLab_2025\data\odac\pristine_H2O\RUHCED_SL\RUHCED_SL_w_H2O_random_1_relaxed.cif,-0.1882838949999836
C:\Users\GED\PycharmProjects\Aixelo_Project_DataLab_2025\data\odac\pristine_H2O\RUHFEH\RUHFEH_w_H2O_random_1_relaxed.cif,5.524755959999994
C:\Users\GED\PycharmProjects\Aixelo_Project_DataLab_2025\data\odac\pristine_H2O\RUHFIL\RUHFIL_w_H2O_1_relaxed.cif,2.402182245000091
C:\Users\GED\PycharmProjects\Aixelo_Project_DataLab_2025\data\odac\pristine_H2O\RULBOQ\RULBOQ_w_H2O_1_relaxed.cif,0.3059585550003021
C:\Users\GED\PycharmProjects\Aixelo_Project_DataLab_2025\data\odac\pristine_H2O\RULVUP\RULVUP_w_H2O_1_relaxed.cif,-0.38611079999998305
C:\Users\GED\PycharmProjects\Aixelo_Project_DataLab_2025\data\odac\pristine_H2O\RUMRUO\RUMRUO_w_H2O_1_relaxed.cif,-0.4647669920000112
C:\Users\GED\PycharmProjects\Aixelo_Project_DataLab_2025\data\odac\pristine_H2O\RUMWUS\RUMWUS_w_H2O_1_relaxed.cif,-0.23857943200002857
C:\Users\GED\PycharmProjects\Aixelo_Project_DataLab_2025\data\odac\pristine_H2O\RUNXUV\RUNXUV_w_H2O_1_relaxed.cif,-0.14141369999999823
C:\Users\GED\PycharmProjects\Aixelo_Project_DataLab_2025\data\odac\pristine_H2O\RUPTED\RUPTED_w_H2O_1_relaxed.cif,-0.6055062039998574
C:\Users\GED\PycharmProjects\Aixelo_Project_DataLab_2025\data\odac\pristine_H2O\RURPAW\RURPAW_w_H2O_1_relaxed.cif,-0.5714956900000289
C:\Users\GED\PycharmProjects\Aixelo_Project_DataLab_2025\data\odac\pristine_H2O\RURPEA\RURPEA_w_H2O_1_relaxed.cif,-0.5221234660000504
C:\Users\GED\PycharmProjects\Aixelo_Project_DataLab_2025\data\odac\pristine_H2O\RUSWIN\RUSWIN_w_H2O_1_relaxed.cif,-0.42815443600002256
C:\Users\GED\PycharmProjects\Aixelo_Project_DataLab_2025\data\odac\pristine_H2O\RUSWOT\RUSWOT_w_H2O_1_relaxed.cif,-0.28814285799999195
C:\Users\GED\PycharmProjects\Aixelo_Project_DataLab_2025\data\odac\pristine_H2O\RUSWUZ\RUSWUZ_w_H2O_1_relaxed.cif,-0.30995468200010234
C:\Users\GED\PycharmProjects\Aixelo_Project_DataLab_2025\data\odac\pristine_H2O\RUSXAG\RUSXAG_w_H2O_1_relaxed.cif,-0.23830164400001191
C:\Users\GED\PycharmProjects\Aixelo_Project_DataLab_2025\data\odac\pristine_H2O\RUSXEK\RUSXEK_w_H2O_1_relaxed.cif,-0.24301552800002352
C:\Users\GED\PycharmProjects\Aixelo_Project_DataLab_2025\data\odac\pristine_H2O\RUTBUE\RUTBUE_w_H2O_1_relaxed.cif,-0.6588935350000042
C:\Users\GED\PycharmProjects\Aixelo_Project_DataLab_2025\data\odac\pristine_H2O\RUVBOB\RUVBOB_w_H2O_1_relaxed.cif,-0.3147562119999747
C:\Users\GED\PycharmProjects\Aixelo_Project_DataLab_2025\data\odac\pristine_H2O\RUVCES\RUVCES_w_H2O_2_relaxed.cif,-0.5096547375000142
C:\Users\GED\PycharmProjects\Aixelo_Project_DataLab_2025\data\odac\pristine_H2O\RUVKAV\RUVKAV_w_H2O_1_relaxed.cif,-0.11717953000010083
C:\Users\GED\PycharmProjects\Aixelo_Project_DataLab_2025\data\odac\pristine_H2O\RUVKOJ\RUVKOJ_w_H2O_1_relaxed.cif,-0.8903877033333174
C:\Users\GED\PycharmProjects\Aixelo_Project_DataLab_2025\data\odac\pristine_H2O\RUVMAX\RUVMAX_w_H2O_1_relaxed.cif,0.3487083333333582
C:\Users\GED\PycharmProjects\Aixelo_Project_DataLab_2025\data\odac\pristine_H2O\RUWWOW\RUWWOW_w_H2O_1_relaxed.cif,-0.212637911999991
C:\Users\GED\PycharmProjects\Aixelo_Project_DataLab_2025\data\odac\pristine_H2O\RUWWOW01\RUWWOW01_w_H2O_1_relaxed.cif,-0.24275219599995804
C:\Users\GED\PycharmProjects\Aixelo_Project_DataLab_2025\data\odac\pristine_H2O\RUWWUC\RUWWUC_w_H2O_1_relaxed.cif,-0.540911457999971
C:\Users\GED\PycharmProjects\Aixelo_Project_DataLab_2025\data\odac\pristine_H2O\RUWXAJ\RUWXAJ_w_H2O_1_relaxed.cif,-0.19764444799999406
C:\Users\GED\PycharmProjects\Aixelo_Project_DataLab_2025\data\odac\pristine_H2O\RUWXEN\RUWXEN_w_H2O_1_relaxed.cif,-0.2829106839999781
C:\Users\GED\PycharmProjects\Aixelo_Project_DataLab_2025\data\odac\pristine_H2O\RUYNIK\RUYNIK_w_H2O_1_relaxed.cif,-0.5575624100000596
C:\Users\GED\PycharmProjects\Aixelo_Project_DataLab_2025\data\odac\pristine_H2O\RUYQIN\RUYQIN_w_H2O_1_relaxed.cif,-0.264550132500176
C:\Users\GED\PycharmProjects\Aixelo_Project_DataLab_2025\data\odac\pristine_H2O\RUYQIN01\RUYQIN01_w_H2O_1_relaxed.cif,-0.35338876499997696
C:\Users\GED\PycharmProjects\Aixelo_Project_DataLab_2025\data\odac\pristine_H2O\RUYQIN02\RUYQIN02_w_H2O_1_relaxed.cif,-0.19083558250019905
C:\Users\GED\PycharmProjects\Aixelo_Project_DataLab_2025\data\odac\pristine_H2O\RUYQIN03\RUYQIN03_w_H2O_1_relaxed.cif,-0.1550032000001238
C:\Users\GED\PycharmProjects\Aixelo_Project_DataLab_2025\data\odac\pristine_H2O\RUYQOT\RUYQOT_w_H2O_1_relaxed.cif,-0.4960422000003746
C:\Users\GED\PycharmProjects\Aixelo_Project_DataLab_2025\data\odac\pristine_H2O\RUYTIQ\RUYTIQ_w_H2O_1_relaxed.cif,-0.1406545275001463
C:\Users\GED\PycharmProjects\Aixelo_Project_DataLab_2025\data\odac\pristine_H2O\RUYTUC\RUYTUC_w_H2O_1_relaxed.cif,-0.34046642250041254
C:\Users\GED\PycharmProjects\Aixelo_Project_DataLab_2025\data\odac\pristine_H2O\RUYVAK\RUYVAK_w_H2O_random_1_relaxed.cif,-0.22352494500023562
C:\Users\GED\PycharmProjects\Aixelo_Project_DataLab_2025\data\odac\pristine_H2O\RUZCOF\RUZCOF_w_H2O_1_relaxed.cif,-0.5957161850001285
C:\Users\GED\PycharmProjects\Aixelo_Project_DataLab_2025\data\odac\pristine_H2O\RUZDAS\RUZDAS_w_H2O_random_1_relaxed.cif,0.03510703000006285
C:\Users\GED\PycharmProjects\Aixelo_Project_DataLab_2025\data\odac\pristine_H2O\S2052520616005515_bm5080sup1\S2052520616005515_bm5080sup1_w_H2O_1_relaxed.cif,-0.37043988000000355
C:\Users\GED\PycharmProjects\Aixelo_Project_DataLab_2025\data\odac\pristine_H2O\S2056989016007027_zl2661sup1\S2056989016007027_zl2661sup1_w_H2O_1_relaxed.cif,-0.42537762799997836
C:\Users\GED\PycharmProjects\Aixelo_Project_DataLab_2025\data\odac\pristine_H2O\SABKIS\SABKIS_w_H2O_1_relaxed.cif,-0.05810710199989442
C:\Users\GED\PycharmProjects\Aixelo_Project_DataLab_2025\data\odac\pristine_H2O\SABVOH01\SABVOH01_w_H2O_1_relaxed.cif,0.5100913549999859
C:\Users\GED\PycharmProjects\Aixelo_Project_DataLab_2025\data\odac\pristine_H2O\SABVOH_manual\SABVOH_manual_w_H2O_1_relaxed.cif,0.07530048249995504
C:\Users\GED\PycharmProjects\Aixelo_Project_DataLab_2025\data\odac\pristine_H2O\SABVUN_clean_h_min\SABVUN_clean_h_min_w_H2O_1_relaxed.cif,-0.19794133750031048
C:\Users\GED\PycharmProjects\Aixelo_Project_DataLab_2025\data\odac\pristine_H2O\SADLEQ\SADLEQ_w_H2O_1_relaxed.cif,0.03109100499995064
C:\Users\GED\PycharmProjects\Aixelo_Project_DataLab_2025\data\odac\pristine_H2O\SADMUH_SL\SADMUH_SL_w_H2O_1_relaxed.cif,-0.24895317399987102
C:\Users\GED\PycharmProjects\Aixelo_Project_DataLab_2025\data\odac\pristine_H2O\SAHXAD\SAHXAD_w_H2O_1_relaxed.cif,-0.5339677399999232
C:\Users\GED\PycharmProjects\Aixelo_Project_DataLab_2025\data\odac\pristine_H2O\SAHYAD02_charged\SAHYAD02_charged_w_H2O_1_relaxed.cif,-0.5130989560006128
C:\Users\GED\PycharmProjects\Aixelo_Project_DataLab_2025\data\odac\pristine_H2O\SAHYAD03_charged\SAHYAD03_charged_w_H2O_1_relaxed.cif,-0.25517018799973806
C:\Users\GED\PycharmProjects\Aixelo_Project_DataLab_2025\data\odac\pristine_H2O\SAHYAD_charged\SAHYAD_charged_w_H2O_1_relaxed.cif,-0.3082792560003326
C:\Users\GED\PycharmProjects\Aixelo_Project_DataLab_2025\data\odac\pristine_H2O\SAHYIL_charged\SAHYIL_charged_w_H2O_1_relaxed.cif,-0.28103045400021076
C:\Users\GED\PycharmProjects\Aixelo_Project_DataLab_2025\data\odac\pristine_H2O\SAJRAW10\SAJRAW10_w_H2O_1_relaxed.cif,-0.20086402000001158
C:\Users\GED\PycharmProjects\Aixelo_Project_DataLab_2025\data\odac\pristine_H2O\SAKRAZ\SAKRAZ_w_H2O_1_relaxed.cif,-0.048553377500013525
C:\Users\GED\PycharmProjects\Aixelo_Project_DataLab_2025\data\odac\pristine_H2O\SAKRED\SAKRED_w_H2O_1_relaxed.cif,-0.021781312499939497
C:\Users\GED\PycharmProjects\Aixelo_Project_DataLab_2025\data\odac\pristine_H2O\SALROO\SALROO_w_H2O_random_2_relaxed.cif,-0.4701073399999131
C:\Users\GED\PycharmProjects\Aixelo_Project_DataLab_2025\data\odac\pristine_H2O\SALRUU\SALRUU_w_H2O_1_relaxed.cif,8.354419586000063
C:\Users\GED\PycharmProjects\Aixelo_Project_DataLab_2025\data\odac\pristine_H2O\SALXEL\SALXEL_w_H2O_1_relaxed.cif,-0.230967220000366
C:\Users\GED\PycharmProjects\Aixelo_Project_DataLab_2025\data\odac\pristine_H2O\SALZAH\SALZAH_w_H2O_1_relaxed.cif,-0.6772616224999979
C:\Users\GED\PycharmProjects\Aixelo_Project_DataLab_2025\data\odac\pristine_H2O\SAMLAV_manual\SAMLAV_manual_w_H2O_1_relaxed.cif,-0.4308761659999618
C:\Users\GED\PycharmProjects\Aixelo_Project_DataLab_2025\data\odac\pristine_H2O\SAMVEK\SAMVEK_w_H2O_1_relaxed.cif,-0.2601527600001342
C:\Users\GED\PycharmProjects\Aixelo_Project_DataLab_2025\data\odac\pristine_H2O\SAMVIO\SAMVIO_w_H2O_1_relaxed.cif,-0.2887889840000298
C:\Users\GED\PycharmProjects\Aixelo_Project_DataLab_2025\data\odac\pristine_H2O\SANJAV\SANJAV_w_H2O_1_relaxed.cif,0.02507619999992126
C:\Users\GED\PycharmProjects\Aixelo_Project_DataLab_2025\data\odac\pristine_H2O\SAQQAD\SAQQAD_w_H2O_1_relaxed.cif,-0.4049480879998555
C:\Users\GED\PycharmProjects\Aixelo_Project_DataLab_2025\data\odac\pristine_H2O\SAQQEH\SAQQEH_w_H2O_1_relaxed.cif,-0.2952130199999373
C:\Users\GED\PycharmProjects\Aixelo_Project_DataLab_2025\data\odac\pristine_H2O\SAQQIL\SAQQIL_w_H2O_1_relaxed.cif,-0.2481120274999853
C:\Users\GED\PycharmProjects\Aixelo_Project_DataLab_2025\data\odac\pristine_H2O\SAQQOR_clean_h\SAQQOR_clean_h_w_H2O_1_relaxed.cif,0.42043910800011874
C:\Users\GED\PycharmProjects\Aixelo_Project_DataLab_2025\data\odac\pristine_H2O\SARGID\SARGID_w_H2O_1_relaxed.cif,-0.16264544249997925
C:\Users\GED\PycharmProjects\Aixelo_Project_DataLab_2025\data\odac\pristine_H2O\SARGOJ\SARGOJ_w_H2O_1_relaxed.cif,-0.35882200249994867
C:\Users\GED\PycharmProjects\Aixelo_Project_DataLab_2025\data\odac\pristine_H2O\SARGUP\SARGUP_w_H2O_1_relaxed.cif,-0.23510143250007326
C:\Users\GED\PycharmProjects\Aixelo_Project_DataLab_2025\data\odac\pristine_H2O\SARHAW\SARHAW_w_H2O_1_relaxed.cif,-0.23524328000000594
C:\Users\GED\PycharmProjects\Aixelo_Project_DataLab_2025\data\odac\pristine_H2O\SARHEA\SARHEA_w_H2O_1_relaxed.cif,-0.7291227225000085
C:\Users\GED\PycharmProjects\Aixelo_Project_DataLab_2025\data\odac\pristine_H2O\SARNOQ\SARNOQ_w_H2O_1_relaxed.cif,-0.5599655174999612
C:\Users\GED\PycharmProjects\Aixelo_Project_DataLab_2025\data\odac\pristine_H2O\SARTIR\SARTIR_w_H2O_1_relaxed.cif,-0.3250298974999879
C:\Users\GED\PycharmProjects\Aixelo_Project_DataLab_2025\data\odac\pristine_H2O\SATRIP\SATRIP_w_H2O_1_relaxed.cif,-0.3144966025000357
C:\Users\GED\PycharmProjects\Aixelo_Project_DataLab_2025\data\odac\pristine_H2O\SATROV\SATROV_w_H2O_1_relaxed.cif,-0.5531826125000094
C:\Users\GED\PycharmProjects\Aixelo_Project_DataLab_2025\data\odac\pristine_H2O\SAXLEK\SAXLEK_w_H2O_1_relaxed.cif,-0.0667280324999808
C:\Users\GED\PycharmProjects\Aixelo_Project_DataLab_2025\data\odac\pristine_H2O\SAYTOD\SAYTOD_w_H2O_1_relaxed.cif,-0.8213339366666332
C:\Users\GED\PycharmProjects\Aixelo_Project_DataLab_2025\data\odac\pristine_H2O\SEFBOV\SEFBOV_w_H2O_1_relaxed.cif,0.009684574999937447
C:\Users\GED\PycharmProjects\Aixelo_Project_DataLab_2025\data\odac\pristine_H2O\SEFSOM\SEFSOM_w_H2O_1_relaxed.cif,-0.46655164999998533
C:\Users\GED\PycharmProjects\Aixelo_Project_DataLab_2025\data\odac\pristine_H2O\SEFTUU\SEFTUU_w_H2O_1_relaxed.cif,-0.1410159250000333
C:\Users\GED\PycharmProjects\Aixelo_Project_DataLab_2025\data\odac\pristine_H2O\SEFVAC\SEFVAC_w_H2O_1_relaxed.cif,-0.31025742250005806
C:\Users\GED\PycharmProjects\Aixelo_Project_DataLab_2025\data\odac\pristine_H2O\SEFVEG\SEFVEG_w_H2O_1_relaxed.cif,-0.26014970999989373
C:\Users\GED\PycharmProjects\Aixelo_Project_DataLab_2025\data\odac\pristine_H2O\SEFVEG02\SEFVEG02_w_H2O_1_relaxed.cif,0.09982097000010984
C:\Users\GED\PycharmProjects\Aixelo_Project_DataLab_2025\data\odac\pristine_H2O\SEFVUW\SEFVUW_w_H2O_2_relaxed.cif,-0.4327847500000341
C:\Users\GED\PycharmProjects\Aixelo_Project_DataLab_2025\data\odac\pristine_H2O\SEFWAD\SEFWAD_w_H2O_1_relaxed.cif,-0.6304333774998554
C:\Users\GED\PycharmProjects\Aixelo_Project_DataLab_2025\data\odac\pristine_H2O\SEFWEH\SEFWEH_w_H2O_1_relaxed.cif,-0.20211906749995023
C:\Users\GED\PycharmProjects\Aixelo_Project_DataLab_2025\data\odac\pristine_H2O\SEFWIL\SEFWIL_w_H2O_1_relaxed.cif,-0.011140450000141355
C:\Users\GED\PycharmProjects\Aixelo_Project_DataLab_2025\data\odac\pristine_H2O\SEFWOR\SEFWOR_w_H2O_1_relaxed.cif,-0.15612400333308565
C:\Users\GED\PycharmProjects\Aixelo_Project_DataLab_2025\data\odac\pristine_H2O\SEGBIR\SEGBIR_w_H2O_1_relaxed.cif,-0.017296797999915736
C:\Users\GED\PycharmProjects\Aixelo_Project_DataLab_2025\data\odac\pristine_H2O\SEGMEW\SEGMEW_w_H2O_1_relaxed.cif,-0.7820321950000277
C:\Users\GED\PycharmProjects\Aixelo_Project_DataLab_2025\data\odac\pristine_H2O\SEHSII\SEHSII_w_H2O_1_relaxed.cif,-0.26047171500007943
C:\Users\GED\PycharmProjects\Aixelo_Project_DataLab_2025\data\odac\pristine_H2O\SEHSOO\SEHSOO_w_H2O_1_relaxed.cif,-0.3597559650000903
C:\Users\GED\PycharmProjects\Aixelo_Project_DataLab_2025\data\odac\pristine_H2O\SEHSUU\SEHSUU_w_H2O_1_relaxed.cif,-0.37824360749991115
C:\Users\GED\PycharmProjects\Aixelo_Project_DataLab_2025\data\odac\pristine_H2O\SEHTEF\SEHTEF_w_H2O_1_relaxed.cif,-0.600870489999977
C:\Users\GED\PycharmProjects\Aixelo_Project_DataLab_2025\data\odac\pristine_H2O\SEHVOQ\SEHVOQ_w_H2O_random_1_relaxed.cif,-0.9042354800001248
C:\Users\GED\PycharmProjects\Aixelo_Project_DataLab_2025\data\odac\pristine_H2O\SEHXIN\SEHXIN_w_H2O_1_relaxed.cif,0.9642135775000042
C:\Users\GED\PycharmProjects\Aixelo_Project_DataLab_2025\data\odac\pristine_H2O\SEHZUB\SEHZUB_w_H2O_1_relaxed.cif,-0.7626171649998525
C:\Users\GED\PycharmProjects\Aixelo_Project_DataLab_2025\data\odac\pristine_H2O\SEJBAL\SEJBAL_w_H2O_1_relaxed.cif,-0.47127467999992706
C:\Users\GED\PycharmProjects\Aixelo_Project_DataLab_2025\data\odac\pristine_H2O\SEMFIB_charged\SEMFIB_charged_w_H2O_1_relaxed.cif,-0.2741025560000707
C:\Users\GED\PycharmProjects\Aixelo_Project_DataLab_2025\data\odac\pristine_H2O\SENWAL\SENWAL_w_H2O_1_relaxed.cif,-0.3209906099999671
C:\Users\GED\PycharmProjects\Aixelo_Project_DataLab_2025\data\odac\pristine_H2O\SENWIT\SENWIT_w_H2O_1_relaxed.cif,-0.18255890666659977
C:\Users\GED\PycharmProjects\Aixelo_Project_DataLab_2025\data\odac\pristine_H2O\SENWOZ\SENWOZ_w_H2O_1_relaxed.cif,-0.227262103333184
C:\Users\GED\PycharmProjects\Aixelo_Project_DataLab_2025\data\odac\pristine_H2O\SEQTEP\SEQTEP_w_H2O_1_relaxed.cif,-0.11691415800023601
C:\Users\GED\PycharmProjects\Aixelo_Project_DataLab_2025\data\odac\pristine_H2O\SERCEZ\SERCEZ_w_H2O_1_relaxed.cif,-0.32603998000013235
C:\Users\GED\PycharmProjects\Aixelo_Project_DataLab_2025\data\odac\pristine_H2O\SERJUV\SERJUV_w_H2O_1_relaxed.cif,-0.26490771600001606
C:\Users\GED\PycharmProjects\Aixelo_Project_DataLab_2025\data\odac\pristine_H2O\SERKEG\SERKEG_w_H2O_1_relaxed.cif,-0.4561902574999692
C:\Users\GED\PycharmProjects\Aixelo_Project_DataLab_2025\data\odac\pristine_H2O\SERWAP\SERWAP_w_H2O_1_relaxed.cif,-0.3554986160000225
C:\Users\GED\PycharmProjects\Aixelo_Project_DataLab_2025\data\odac\pristine_H2O\SETDUS\SETDUS_w_H2O_1_relaxed.cif,0.31542778499991186
C:\Users\GED\PycharmProjects\Aixelo_Project_DataLab_2025\data\odac\pristine_H2O\SETQAL\SETQAL_w_H2O_random_1_relaxed.cif,-0.8106979899999374
C:\Users\GED\PycharmProjects\Aixelo_Project_DataLab_2025\data\odac\pristine_H2O\SETQEP\SETQEP_w_H2O_random_1_relaxed.cif,-0.06406941000000191
C:\Users\GED\PycharmProjects\Aixelo_Project_DataLab_2025\data\odac\pristine_H2O\SETQIT\SETQIT_w_H2O_random_1_relaxed.cif,-0.29943926000004234
C:\Users\GED\PycharmProjects\Aixelo_Project_DataLab_2025\data\odac\pristine_H2O\SETQOZ_SL\SETQOZ_SL_w_H2O_1_relaxed.cif,0.0031940725000368098
C:\Users\GED\PycharmProjects\Aixelo_Project_DataLab_2025\data\odac\pristine_H2O\SETQUF_SL\SETQUF_SL_w_H2O_1_relaxed.cif,-0.43875106000004394
C:\Users\GED\PycharmProjects\Aixelo_Project_DataLab_2025\data\odac\pristine_H2O\SETRAM\SETRAM_w_H2O_1_relaxed.cif,2.2292108624998264
C:\Users\GED\PycharmProjects\Aixelo_Project_DataLab_2025\data\odac\pristine_H2O\SETSIV\SETSIV_w_H2O_1_relaxed.cif,-0.42742102249988534
C:\Users\GED\PycharmProjects\Aixelo_Project_DataLab_2025\data\odac\pristine_H2O\SETSOB\SETSOB_w_H2O_1_relaxed.cif,-0.28843302199966275
C:\Users\GED\PycharmProjects\Aixelo_Project_DataLab_2025\data\odac\pristine_H2O\SEYQIW\SEYQIW_w_H2O_1_relaxed.cif,0.0125878199999647
C:\Users\GED\PycharmProjects\Aixelo_Project_DataLab_2025\data\odac\pristine_H2O\SEZPOE\SEZPOE_w_H2O_1_relaxed.cif,-0.3655877979999559
C:\Users\GED\PycharmProjects\Aixelo_Project_DataLab_2025\data\odac\pristine_H2O\SIDCAL\SIDCAL_w_H2O_1_relaxed.cif,-0.07760969199998721
C:\Users\GED\PycharmProjects\Aixelo_Project_DataLab_2025\data\odac\pristine_H2O\SIFVAG\SIFVAG_w_H2O_1_relaxed.cif,-0.8576256840000042
C:\Users\GED\PycharmProjects\Aixelo_Project_DataLab_2025\data\odac\pristine_H2O\SIKGAW\SIKGAW_w_H2O_1_relaxed.cif,-0.42772379749987977
C:\Users\GED\PycharmProjects\Aixelo_Project_DataLab_2025\data\odac\pristine_H2O\SIKYER\SIKYER_w_H2O_1_relaxed.cif,2.4175983024999823
C:\Users\GED\PycharmProjects\Aixelo_Project_DataLab_2025\data\odac\pristine_H2O\SINQEL\SINQEL_w_H2O_1_relaxed.cif,-0.0711673059999839
C:\Users\GED\PycharmProjects\Aixelo_Project_DataLab_2025\data\odac\pristine_H2O\SIPCID\SIPCID_w_H2O_1_relaxed.cif,-0.20322482199990186
C:\Users\GED\PycharmProjects\Aixelo_Project_DataLab_2025\data\odac\pristine_H2O\SIQCOM\SIQCOM_w_H2O_1_relaxed.cif,0.11763034800005694
C:\Users\GED\PycharmProjects\Aixelo_Project_DataLab_2025\data\odac\pristine_H2O\SIQFED\SIQFED_w_H2O_1_relaxed.cif,-0.5945774080001229
C:\Users\GED\PycharmProjects\Aixelo_Project_DataLab_2025\data\odac\pristine_H2O\SIQQEO\SIQQEO_w_H2O_1_relaxed.cif,-0.5410565924999702
C:\Users\GED\PycharmProjects\Aixelo_Project_DataLab_2025\data\odac\pristine_H2O\SISFEH\SISFEH_w_H2O_1_relaxed.cif,-0.6288726999999653
C:\Users\GED\PycharmProjects\Aixelo_Project_DataLab_2025\data\odac\pristine_H2O\SISPUH\SISPUH_w_H2O_1_relaxed.cif,-0.7744993119999435
C:\Users\GED\PycharmProjects\Aixelo_Project_DataLab_2025\data\odac\pristine_H2O\SISQES\SISQES_w_H2O_1_relaxed.cif,-0.44877982250005743
C:\Users\GED\PycharmProjects\Aixelo_Project_DataLab_2025\data\odac\pristine_H2O\SITTUM\SITTUM_w_H2O_1_relaxed.cif,-0.20443208600017893
C:\Users\GED\PycharmProjects\Aixelo_Project_DataLab_2025\data\odac\pristine_H2O\SIVGIP\SIVGIP_w_H2O_1_relaxed.cif,-0.4996079925000174
C:\Users\GED\PycharmProjects\Aixelo_Project_DataLab_2025\data\odac\pristine_H2O\SIVGOV\SIVGOV_w_H2O_1_relaxed.cif,-0.4011316800000202
C:\Users\GED\PycharmProjects\Aixelo_Project_DataLab_2025\data\odac\pristine_H2O\SIVGUB\SIVGUB_w_H2O_1_relaxed.cif,-0.32403411000012733
C:\Users\GED\PycharmProjects\Aixelo_Project_DataLab_2025\data\odac\pristine_H2O\SIVJIS\SIVJIS_w_H2O_1_relaxed.cif,-0.3694733420000375
C:\Users\GED\PycharmProjects\Aixelo_Project_DataLab_2025\data\odac\pristine_H2O\SIVQAR\SIVQAR_w_H2O_1_relaxed.cif,-0.09513932000000977
C:\Users\GED\PycharmProjects\Aixelo_Project_DataLab_2025\data\odac\pristine_H2O\SIWSUO\SIWSUO_w_H2O_1_relaxed.cif,-0.5694608360000075
C:\Users\GED\PycharmProjects\Aixelo_Project_DataLab_2025\data\odac\pristine_H2O\SIWTEZ\SIWTEZ_w_H2O_1_relaxed.cif,-0.32604478199991715
C:\Users\GED\PycharmProjects\Aixelo_Project_DataLab_2025\data\odac\pristine_H2O\SIWTOJ\SIWTOJ_w_H2O_1_relaxed.cif,-0.3384081579999929
C:\Users\GED\PycharmProjects\Aixelo_Project_DataLab_2025\data\odac\pristine_H2O\SOBZEQ\SOBZEQ_w_H2O_1_relaxed.cif,-0.5092037500000117
C:\Users\GED\PycharmProjects\Aixelo_Project_DataLab_2025\data\odac\pristine_H2O\SOBZOY\SOBZOY_w_H2O_1_relaxed.cif,-0.2514829400000096
C:\Users\GED\PycharmProjects\Aixelo_Project_DataLab_2025\data\odac\pristine_H2O\SOCKOM\SOCKOM_w_H2O_1_relaxed.cif,-0.22563594199996256
C:\Users\GED\PycharmProjects\Aixelo_Project_DataLab_2025\data\odac\pristine_H2O\SOCLAZ\SOCLAZ_w_H2O_1_relaxed.cif,-0.6364360874999875
C:\Users\GED\PycharmProjects\Aixelo_Project_DataLab_2025\data\odac\pristine_H2O\SODQOT\SODQOT_w_H2O_1_relaxed.cif,-0.21201967000001787
C:\Users\GED\PycharmProjects\Aixelo_Project_DataLab_2025\data\odac\pristine_H2O\SODZIV\SODZIV_w_H2O_1_relaxed.cif,-0.5650442274998682
C:\Users\GED\PycharmProjects\Aixelo_Project_DataLab_2025\data\odac\pristine_H2O\SOHBUO\SOHBUO_w_H2O_1_relaxed.cif,-0.16958037399995188
C:\Users\GED\PycharmProjects\Aixelo_Project_DataLab_2025\data\odac\pristine_H2O\SOHGUS\SOHGUS_w_H2O_1_relaxed.cif,-0.1178726525000684
C:\Users\GED\PycharmProjects\Aixelo_Project_DataLab_2025\data\odac\pristine_H2O\SOKWAS\SOKWAS_w_H2O_random_1_relaxed.cif,-0.19918963499998193
C:\Users\GED\PycharmProjects\Aixelo_Project_DataLab_2025\data\odac\pristine_H2O\SOKWAS01\SOKWAS01_w_H2O_random_1_relaxed.cif,-0.1640125900000271
C:\Users\GED\PycharmProjects\Aixelo_Project_DataLab_2025\data\odac\pristine_H2O\SOMSIY\SOMSIY_w_H2O_1_relaxed.cif,-0.22470668999997656
C:\Users\GED\PycharmProjects\Aixelo_Project_DataLab_2025\data\odac\pristine_H2O\SONTAR_manual\SONTAR_manual_w_H2O_1_relaxed.cif,0.01984101999999173
C:\Users\GED\PycharmProjects\Aixelo_Project_DataLab_2025\data\odac\pristine_H2O\SONTUL_neutral_b\SONTUL_neutral_b_w_H2O_1_relaxed.cif,0.09215524799997181
C:\Users\GED\PycharmProjects\Aixelo_Project_DataLab_2025\data\odac\pristine_H2O\SONVAT_neutral_b\SONVAT_neutral_b_w_H2O_1_relaxed.cif,-0.0553689125001142
C:\Users\GED\PycharmProjects\Aixelo_Project_DataLab_2025\data\odac\pristine_H2O\SONVEX_neutral_b\SONVEX_neutral_b_w_H2O_1_relaxed.cif,-0.1272623900000553
C:\Users\GED\PycharmProjects\Aixelo_Project_DataLab_2025\data\odac\pristine_H2O\SONVIB_neutral_b\SONVIB_neutral_b_w_H2O_1_relaxed.cif,-0.07543033999985482
C:\Users\GED\PycharmProjects\Aixelo_Project_DataLab_2025\data\odac\pristine_H2O\SOPLAM\SOPLAM_w_H2O_1_relaxed.cif,-0.4699525999998855
C:\Users\GED\PycharmProjects\Aixelo_Project_DataLab_2025\data\odac\pristine_H2O\SOPLOA\SOPLOA_w_H2O_1_relaxed.cif,-0.4505876624999132
C:\Users\GED\PycharmProjects\Aixelo_Project_DataLab_2025\data\odac\pristine_H2O\SOSFAJ\SOSFAJ_w_H2O_1_relaxed.cif,-0.7521136779999325
C:\Users\GED\PycharmProjects\Aixelo_Project_DataLab_2025\data\odac\pristine_H2O\SOSSEA\SOSSEA_w_H2O_1_relaxed.cif,-0.4370413399998597
C:\Users\GED\PycharmProjects\Aixelo_Project_DataLab_2025\data\odac\pristine_H2O\SOTTUR\SOTTUR_w_H2O_1_relaxed.cif,-0.4380143020000105
C:\Users\GED\PycharmProjects\Aixelo_Project_DataLab_2025\data\odac\pristine_H2O\SOTWUV\SOTWUV_w_H2O_1_relaxed.cif,-0.35777091249994436
C:\Users\GED\PycharmProjects\Aixelo_Project_DataLab_2025\data\odac\pristine_H2O\SOTXAC\SOTXAC_w_H2O_1_relaxed.cif,-0.3833488500000044
C:\Users\GED\PycharmProjects\Aixelo_Project_DataLab_2025\data\odac\pristine_H2O\SOVHAM\SOVHAM_w_H2O_1_relaxed.cif,-0.3241866299999785
C:\Users\GED\PycharmProjects\Aixelo_Project_DataLab_2025\data\odac\pristine_H2O\SOVHOA\SOVHOA_w_H2O_1_relaxed.cif,-0.5352011074999936
C:\Users\GED\PycharmProjects\Aixelo_Project_DataLab_2025\data\odac\pristine_H2O\SOXDAM\SOXDAM_w_H2O_1_relaxed.cif,-1.1804513839998436
C:\Users\GED\PycharmProjects\Aixelo_Project_DataLab_2025\data\odac\pristine_H2O\SOYFUJ\SOYFUJ_w_H2O_1_relaxed.cif,3.329841856666311
C:\Users\GED\PycharmProjects\Aixelo_Project_DataLab_2025\data\odac\pristine_H2O\SOYWOT_neutral_b\SOYWOT_neutral_b_w_H2O_1_relaxed.cif,-0.07135671999986926
C:\Users\GED\PycharmProjects\Aixelo_Project_DataLab_2025\data\odac\pristine_H2O\SOZBIS\SOZBIS_w_H2O_random_2_relaxed.cif,-0.1982079499999827
C:\Users\GED\PycharmProjects\Aixelo_Project_DataLab_2025\data\odac\pristine_H2O\SROXAL01\SROXAL01_w_H2O_1_relaxed.cif,-0.018027175999986843
C:\Users\GED\PycharmProjects\Aixelo_Project_DataLab_2025\data\odac\pristine_H2O\SUFBAY\SUFBAY_w_H2O_1_relaxed.cif,-0.011623377999967516
C:\Users\GED\PycharmProjects\Aixelo_Project_DataLab_2025\data\odac\pristine_H2O\SUFJIO\SUFJIO_w_H2O_1_relaxed.cif,-0.41285525400012374
C:\Users\GED\PycharmProjects\Aixelo_Project_DataLab_2025\data\odac\pristine_H2O\SUFJOU\SUFJOU_w_H2O_1_relaxed.cif,-0.31399100799990265
C:\Users\GED\PycharmProjects\Aixelo_Project_DataLab_2025\data\odac\pristine_H2O\SUGDIJ_auto\SUGDIJ_auto_w_H2O_1_relaxed.cif,-0.33907234499992
C:\Users\GED\PycharmProjects\Aixelo_Project_DataLab_2025\data\odac\pristine_H2O\SUGVUM\SUGVUM_w_H2O_1_relaxed.cif,-0.4272199520002232
C:\Users\GED\PycharmProjects\Aixelo_Project_DataLab_2025\data\odac\pristine_H2O\SUHMEP\SUHMEP_w_H2O_1_relaxed.cif,-0.009509009999874252
C:\Users\GED\PycharmProjects\Aixelo_Project_DataLab_2025\data\odac\pristine_H2O\SUJNUH\SUJNUH_w_H2O_1_relaxed.cif,0.8008752819999245
C:\Users\GED\PycharmProjects\Aixelo_Project_DataLab_2025\data\odac\pristine_H2O\SUKNUI_charged\SUKNUI_charged_w_H2O_1_relaxed.cif,-0.276406417500084
C:\Users\GED\PycharmProjects\Aixelo_Project_DataLab_2025\data\odac\pristine_H2O\SUKRIB\SUKRIB_w_H2O_1_relaxed.cif,-0.8156155099999751
C:\Users\GED\PycharmProjects\Aixelo_Project_DataLab_2025\data\odac\pristine_H2O\SUKYIH\SUKYIH_w_H2O_1_relaxed.cif,0.04969254499994235
C:\Users\GED\PycharmProjects\Aixelo_Project_DataLab_2025\data\odac\pristine_H2O\SUNHUF\SUNHUF_w_H2O_2_relaxed.cif,0.8397672266666708
C:\Users\GED\PycharmProjects\Aixelo_Project_DataLab_2025\data\odac\pristine_H2O\SUNJIV\SUNJIV_w_H2O_1_relaxed.cif,-0.8050207550000437
C:\Users\GED\PycharmProjects\Aixelo_Project_DataLab_2025\data\odac\pristine_H2O\SUNJOB\SUNJOB_w_H2O_1_relaxed.cif,-0.4926152319999687
C:\Users\GED\PycharmProjects\Aixelo_Project_DataLab_2025\data\odac\pristine_H2O\SUNJOB01\SUNJOB01_w_H2O_2_relaxed.cif,-0.8434090066666613
C:\Users\GED\PycharmProjects\Aixelo_Project_DataLab_2025\data\odac\pristine_H2O\SUPLOF\SUPLOF_w_H2O_1_relaxed.cif,-0.3499205125000344
C:\Users\GED\PycharmProjects\Aixelo_Project_DataLab_2025\data\odac\pristine_H2O\SUSZIQ\SUSZIQ_w_H2O_1_relaxed.cif,-0.4885710719999679
C:\Users\GED\PycharmProjects\Aixelo_Project_DataLab_2025\data\odac\pristine_H2O\SUSZOW\SUSZOW_w_H2O_1_relaxed.cif,-0.43143515200008553
C:\Users\GED\PycharmProjects\Aixelo_Project_DataLab_2025\data\odac\pristine_H2O\SUWQEI\SUWQEI_w_H2O_1_relaxed.cif,-0.22394699799997392
C:\Users\GED\PycharmProjects\Aixelo_Project_DataLab_2025\data\odac\pristine_H2O\TACFIN\TACFIN_w_H2O_1_relaxed.cif,-0.2673698500000227
C:\Users\GED\PycharmProjects\Aixelo_Project_DataLab_2025\data\odac\pristine_H2O\TACPAP\TACPAP_w_H2O_1_relaxed.cif,2.949277110000094
C:\Users\GED\PycharmProjects\Aixelo_Project_DataLab_2025\data\odac\pristine_H2O\TACPET\TACPET_w_H2O_1_relaxed.cif,3.090592771999991
C:\Users\GED\PycharmProjects\Aixelo_Project_DataLab_2025\data\odac\pristine_H2O\TACPIX\TACPIX_w_H2O_1_relaxed.cif,2.806859820000136
C:\Users\GED\PycharmProjects\Aixelo_Project_DataLab_2025\data\odac\pristine_H2O\TACWOM\TACWOM_w_H2O_1_relaxed.cif,-0.7671261275001484
C:\Users\GED\PycharmProjects\Aixelo_Project_DataLab_2025\data\odac\pristine_H2O\TACWUS\TACWUS_w_H2O_1_relaxed.cif,-0.3902613266665564
C:\Users\GED\PycharmProjects\Aixelo_Project_DataLab_2025\data\odac\pristine_H2O\TADCOS\TADCOS_w_H2O_1_relaxed.cif,-0.527927427499975
C:\Users\GED\PycharmProjects\Aixelo_Project_DataLab_2025\data\odac\pristine_H2O\TADWEC_manual\TADWEC_manual_w_H2O_1_relaxed.cif,-0.32063077800021345
C:\Users\GED\PycharmProjects\Aixelo_Project_DataLab_2025\data\odac\pristine_H2O\TADWIG_manual\TADWIG_manual_w_H2O_1_relaxed.cif,-0.27217726400012904
C:\Users\GED\PycharmProjects\Aixelo_Project_DataLab_2025\data\odac\pristine_H2O\TADYEE\TADYEE_w_H2O_1_relaxed.cif,-0.5598918149999008
C:\Users\GED\PycharmProjects\Aixelo_Project_DataLab_2025\data\odac\pristine_H2O\TADYII\TADYII_w_H2O_1_relaxed.cif,-0.02679381499996228
C:\Users\GED\PycharmProjects\Aixelo_Project_DataLab_2025\data\odac\pristine_H2O\TAGBUZ\TAGBUZ_w_H2O_1_relaxed.cif,-0.446093190000056
C:\Users\GED\PycharmProjects\Aixelo_Project_DataLab_2025\data\odac\pristine_H2O\TAGTED\TAGTED_w_H2O_1_relaxed.cif,-0.1853330924998317
C:\Users\GED\PycharmProjects\Aixelo_Project_DataLab_2025\data\odac\pristine_H2O\TAGTIH\TAGTIH_w_H2O_1_relaxed.cif,-0.5454938725000034
C:\Users\GED\PycharmProjects\Aixelo_Project_DataLab_2025\data\odac\pristine_H2O\TAGVAB\TAGVAB_w_H2O_1_relaxed.cif,-1.0390762780004479
C:\Users\GED\PycharmProjects\Aixelo_Project_DataLab_2025\data\odac\pristine_H2O\TAHNEY\TAHNEY_w_H2O_1_relaxed.cif,-0.30397920333325595
C:\Users\GED\PycharmProjects\Aixelo_Project_DataLab_2025\data\odac\pristine_H2O\TAJXIO\TAJXIO_w_H2O_1_relaxed.cif,-0.8885299980011041
C:\Users\GED\PycharmProjects\Aixelo_Project_DataLab_2025\data\odac\pristine_H2O\TAJXIO02\TAJXIO02_w_H2O_1_relaxed.cif,-0.8189571660002912
C:\Users\GED\PycharmProjects\Aixelo_Project_DataLab_2025\data\odac\pristine_H2O\TAKGOE\TAKGOE_w_H2O_1_relaxed.cif,-0.1926329574998817
C:\Users\GED\PycharmProjects\Aixelo_Project_DataLab_2025\data\odac\pristine_H2O\TAKGUK\TAKGUK_w_H2O_1_relaxed.cif,-0.0016009424998060205
C:\Users\GED\PycharmProjects\Aixelo_Project_DataLab_2025\data\odac\pristine_H2O\TAKHAR\TAKHAR_w_H2O_1_relaxed.cif,-0.29041095750005747
C:\Users\GED\PycharmProjects\Aixelo_Project_DataLab_2025\data\odac\pristine_H2O\TAKTIL\TAKTIL_w_H2O_1_relaxed.cif,-0.6469699500001297
C:\Users\GED\PycharmProjects\Aixelo_Project_DataLab_2025\data\odac\pristine_H2O\TAKTOR\TAKTOR_w_H2O_1_relaxed.cif,-0.2450770219998958
C:\Users\GED\PycharmProjects\Aixelo_Project_DataLab_2025\data\odac\pristine_H2O\TAKVAF\TAKVAF_w_H2O_1_relaxed.cif,-0.3989478279999275
C:\Users\GED\PycharmProjects\Aixelo_Project_DataLab_2025\data\odac\pristine_H2O\TAMHUM\TAMHUM_w_H2O_1_relaxed.cif,-0.6759954650001418
C:\Users\GED\PycharmProjects\Aixelo_Project_DataLab_2025\data\odac\pristine_H2O\TAMJAU_charged\TAMJAU_charged_w_H2O_1_relaxed.cif,-0.22857258999999883
C:\Users\GED\PycharmProjects\Aixelo_Project_DataLab_2025\data\odac\pristine_H2O\TAMJEY_charged\TAMJEY_charged_w_H2O_1_relaxed.cif,-0.7090747040001133
C:\Users\GED\PycharmProjects\Aixelo_Project_DataLab_2025\data\odac\pristine_H2O\TAMZUE_charged\TAMZUE_charged_w_H2O_3_relaxed.cif,-0.10924895499999818
C:\Users\GED\PycharmProjects\Aixelo_Project_DataLab_2025\data\odac\pristine_H2O\TANBAN_charged\TANBAN_charged_w_H2O_1_relaxed.cif,-0.4769047833335283
C:\Users\GED\PycharmProjects\Aixelo_Project_DataLab_2025\data\odac\pristine_H2O\TANBIV_charged\TANBIV_charged_w_H2O_random_1_relaxed.cif,-0.6676269050002475
C:\Users\GED\PycharmProjects\Aixelo_Project_DataLab_2025\data\odac\pristine_H2O\TANBOZ\TANBOZ_w_H2O_1_relaxed.cif,-0.23820705333336414
C:\Users\GED\PycharmProjects\Aixelo_Project_DataLab_2025\data\odac\pristine_H2O\TAPLED\TAPLED_w_H2O_1_relaxed.cif,-0.5207614540000123
C:\Users\GED\PycharmProjects\Aixelo_Project_DataLab_2025\data\odac\pristine_H2O\TAQGEZ\TAQGEZ_w_H2O_1_relaxed.cif,-0.5039465174999975
C:\Users\GED\PycharmProjects\Aixelo_Project_DataLab_2025\data\odac\pristine_H2O\TARVOX\TARVOX_w_H2O_1_relaxed.cif,-0.5065630449999787
C:\Users\GED\PycharmProjects\Aixelo_Project_DataLab_2025\data\odac\pristine_H2O\TARVUD\TARVUD_w_H2O_1_relaxed.cif,-0.49619205999997007
C:\Users\GED\PycharmProjects\Aixelo_Project_DataLab_2025\data\odac\pristine_H2O\TARWAK\TARWAK_w_H2O_1_relaxed.cif,-0.7536012950000099
C:\Users\GED\PycharmProjects\Aixelo_Project_DataLab_2025\data\odac\pristine_H2O\TARWEO\TARWEO_w_H2O_1_relaxed.cif,-0.5187584225000137
C:\Users\GED\PycharmProjects\Aixelo_Project_DataLab_2025\data\odac\pristine_H2O\TASXIW\TASXIW_w_H2O_1_relaxed.cif,-0.3148080179998487
C:\Users\GED\PycharmProjects\Aixelo_Project_DataLab_2025\data\odac\pristine_H2O\TATPOV\TATPOV_w_H2O_1_relaxed.cif,-0.4201975175004691
C:\Users\GED\PycharmProjects\Aixelo_Project_DataLab_2025\data\odac\pristine_H2O\TATSAK\TATSAK_w_H2O_1_relaxed.cif,-0.5640039919999253
C:\Users\GED\PycharmProjects\Aixelo_Project_DataLab_2025\data\odac\pristine_H2O\TAWHOO\TAWHOO_w_H2O_1_relaxed.cif,-0.641694753333392
C:\Users\GED\PycharmProjects\Aixelo_Project_DataLab_2025\data\odac\pristine_H2O\TAWTAP\TAWTAP_w_H2O_1_relaxed.cif,-0.2775556640000559
C:\Users\GED\PycharmProjects\Aixelo_Project_DataLab_2025\data\odac\pristine_H2O\TAWYUO\TAWYUO_w_H2O_1_relaxed.cif,-0.48683226400007695
C:\Users\GED\PycharmProjects\Aixelo_Project_DataLab_2025\data\odac\pristine_H2O\TAYNEN\TAYNEN_w_H2O_1_relaxed.cif,-0.7150718880002387
C:\Users\GED\PycharmProjects\Aixelo_Project_DataLab_2025\data\odac\pristine_H2O\TAZLUD\TAZLUD_w_H2O_1_relaxed.cif,-0.5133337750000919
C:\Users\GED\PycharmProjects\Aixelo_Project_DataLab_2025\data\odac\pristine_H2O\TAZSAP02\TAZSAP02_w_H2O_1_relaxed.cif,-0.4749997140000687
C:\Users\GED\PycharmProjects\Aixelo_Project_DataLab_2025\data\odac\pristine_H2O\TAZYAV\TAZYAV_w_H2O_1_relaxed.cif,-0.5130739340001128
C:\Users\GED\PycharmProjects\Aixelo_Project_DataLab_2025\data\odac\pristine_H2O\TEBSAW\TEBSAW_w_H2O_1_relaxed.cif,-0.5893531099999905
C:\Users\GED\PycharmProjects\Aixelo_Project_DataLab_2025\data\odac\pristine_H2O\TECTUS\TECTUS_w_H2O_1_relaxed.cif,-0.7278935980000142
C:\Users\GED\PycharmProjects\Aixelo_Project_DataLab_2025\data\odac\pristine_H2O\TECVEE\TECVEE_w_H2O_1_relaxed.cif,-0.3282891199999767
C:\Users\GED\PycharmProjects\Aixelo_Project_DataLab_2025\data\odac\pristine_H2O\TEDSIG\TEDSIG_w_H2O_1_relaxed.cif,0.12036793000006578
C:\Users\GED\PycharmProjects\Aixelo_Project_DataLab_2025\data\odac\pristine_H2O\TEHWEK\TEHWEK_w_H2O_1_relaxed.cif,0.1788518866668103
C:\Users\GED\PycharmProjects\Aixelo_Project_DataLab_2025\data\odac\pristine_H2O\TEJGEW\TEJGEW_w_H2O_1_relaxed.cif,-0.22526145999986508
C:\Users\GED\PycharmProjects\Aixelo_Project_DataLab_2025\data\odac\pristine_H2O\TEJGIA01\TEJGIA01_w_H2O_1_relaxed.cif,-0.83083770799999
C:\Users\GED\PycharmProjects\Aixelo_Project_DataLab_2025\data\odac\pristine_H2O\TEJLOL\TEJLOL_w_H2O_1_relaxed.cif,-0.3591581239999414
C:\Users\GED\PycharmProjects\Aixelo_Project_DataLab_2025\data\odac\pristine_H2O\TEMPEI\TEMPEI_w_H2O_2_relaxed.cif,-0.5927240599996821
C:\Users\GED\PycharmProjects\Aixelo_Project_DataLab_2025\data\odac\pristine_H2O\TENLIJ\TENLIJ_w_H2O_1_relaxed.cif,-0.4049939580000682
C:\Users\GED\PycharmProjects\Aixelo_Project_DataLab_2025\data\odac\pristine_H2O\TENQOS\TENQOS_w_H2O_1_relaxed.cif,-0.32295007999999825
C:\Users\GED\PycharmProjects\Aixelo_Project_DataLab_2025\data\odac\pristine_H2O\TEQPAI\TEQPAI_w_H2O_1_relaxed.cif,-0.0165574799999831
C:\Users\GED\PycharmProjects\Aixelo_Project_DataLab_2025\data\odac\pristine_H2O\TEQPEM_SL\TEQPEM_SL_w_H2O_1_relaxed.cif,-0.20318329749994743
C:\Users\GED\PycharmProjects\Aixelo_Project_DataLab_2025\data\odac\pristine_H2O\TEQVAO_manual\TEQVAO_manual_w_H2O_1_relaxed.cif,-0.5463223260001542
C:\Users\GED\PycharmProjects\Aixelo_Project_DataLab_2025\data\odac\pristine_H2O\TEQVOC\TEQVOC_w_H2O_1_relaxed.cif,-0.5466682219999257
C:\Users\GED\PycharmProjects\Aixelo_Project_DataLab_2025\data\odac\pristine_H2O\TEQWER\TEQWER_w_H2O_random_1_relaxed.cif,-0.39994593999998074
C:\Users\GED\PycharmProjects\Aixelo_Project_DataLab_2025\data\odac\pristine_H2O\TEQWER01\TEQWER01_w_H2O_random_1_relaxed.cif,-0.28034226500002996
C:\Users\GED\PycharmProjects\Aixelo_Project_DataLab_2025\data\odac\pristine_H2O\TERFED\TERFED_w_H2O_1_relaxed.cif,-0.0417512720000104
C:\Users\GED\PycharmProjects\Aixelo_Project_DataLab_2025\data\odac\pristine_H2O\TERFUT\TERFUT_w_H2O_1_relaxed.cif,-0.44218648999997184
C:\Users\GED\PycharmProjects\Aixelo_Project_DataLab_2025\data\odac\pristine_H2O\TERNUA\TERNUA_w_H2O_1_relaxed.cif,0.6453469879999603
C:\Users\GED\PycharmProjects\Aixelo_Project_DataLab_2025\data\odac\pristine_H2O\TESGOO\TESGOO_w_H2O_1_relaxed.cif,-0.4445809459999509
C:\Users\GED\PycharmProjects\Aixelo_Project_DataLab_2025\data\odac\pristine_H2O\TESGUU\TESGUU_w_H2O_1_relaxed.cif,-0.40119689000000563
C:\Users\GED\PycharmProjects\Aixelo_Project_DataLab_2025\data\odac\pristine_H2O\TESHAB\TESHAB_w_H2O_1_relaxed.cif,-0.2671408539999447
C:\Users\GED\PycharmProjects\Aixelo_Project_DataLab_2025\data\odac\pristine_H2O\TETZEX\TETZEX_w_H2O_1_relaxed.cif,-0.34654474999998847
C:\Users\GED\PycharmProjects\Aixelo_Project_DataLab_2025\data\odac\pristine_H2O\TETZID\TETZID_w_H2O_1_relaxed.cif,-0.3786824350003523
C:\Users\GED\PycharmProjects\Aixelo_Project_DataLab_2025\data\odac\pristine_H2O\TEVZEA\TEVZEA_w_H2O_1_relaxed.cif,-0.4940206460000354
C:\Users\GED\PycharmProjects\Aixelo_Project_DataLab_2025\data\odac\pristine_H2O\TEVZIE\TEVZIE_w_H2O_1_relaxed.cif,-0.47836347749998254
C:\Users\GED\PycharmProjects\Aixelo_Project_DataLab_2025\data\odac\pristine_H2O\TEVZOK\TEVZOK_w_H2O_1_relaxed.cif,-0.4603729020000401
C:\Users\GED\PycharmProjects\Aixelo_Project_DataLab_2025\data\odac\pristine_H2O\TEVZUQ\TEVZUQ_w_H2O_1_relaxed.cif,-0.4514839999999595
C:\Users\GED\PycharmProjects\Aixelo_Project_DataLab_2025\data\odac\pristine_H2O\TEWFUY\TEWFUY_w_H2O_1_relaxed.cif,-0.1903797580000628
C:\Users\GED\PycharmProjects\Aixelo_Project_DataLab_2025\data\odac\pristine_H2O\TEWGEJ\TEWGEJ_w_H2O_2_relaxed.cif,0.03862149750005981
C:\Users\GED\PycharmProjects\Aixelo_Project_DataLab_2025\data\odac\pristine_H2O\TEXTOH\TEXTOH_w_H2O_1_relaxed.cif,-0.6158911020002051
C:\Users\GED\PycharmProjects\Aixelo_Project_DataLab_2025\data\odac\pristine_H2O\TEZKAM\TEZKAM_w_H2O_1_relaxed.cif,-0.5467313700000886
C:\Users\GED\PycharmProjects\Aixelo_Project_DataLab_2025\data\odac\pristine_H2O\TIDLEZ\TIDLEZ_w_H2O_1_relaxed.cif,-0.4151992600000085
C:\Users\GED\PycharmProjects\Aixelo_Project_DataLab_2025\data\odac\pristine_H2O\TIDLID\TIDLID_w_H2O_1_relaxed.cif,-0.40597725499998205
C:\Users\GED\PycharmProjects\Aixelo_Project_DataLab_2025\data\odac\pristine_H2O\TIDMEA\TIDMEA_w_H2O_1_relaxed.cif,1.3037402000000384
C:\Users\GED\PycharmProjects\Aixelo_Project_DataLab_2025\data\odac\pristine_H2O\TIDQIG\TIDQIG_w_H2O_1_relaxed.cif,-0.4054763739999544
C:\Users\GED\PycharmProjects\Aixelo_Project_DataLab_2025\data\odac\pristine_H2O\TIDSEE\TIDSEE_w_H2O_1_relaxed.cif,-0.6599810274998958
C:\Users\GED\PycharmProjects\Aixelo_Project_DataLab_2025\data\odac\pristine_H2O\TIFZIR\TIFZIR_w_H2O_1_relaxed.cif,-0.22215828500011978
C:\Users\GED\PycharmProjects\Aixelo_Project_DataLab_2025\data\odac\pristine_H2O\TIGSOT\TIGSOT_w_H2O_1_relaxed.cif,-0.2940774999999575
C:\Users\GED\PycharmProjects\Aixelo_Project_DataLab_2025\data\odac\pristine_H2O\TIGVUC\TIGVUC_w_H2O_1_relaxed.cif,-0.6105872760001148
C:\Users\GED\PycharmProjects\Aixelo_Project_DataLab_2025\data\odac\pristine_H2O\TIJPOT\TIJPOT_w_H2O_random_1_relaxed.cif,-0.599437039999998
C:\Users\GED\PycharmProjects\Aixelo_Project_DataLab_2025\data\odac\pristine_H2O\TIKMEH\TIKMEH_w_H2O_1_relaxed.cif,-0.7451133680000567
C:\Users\GED\PycharmProjects\Aixelo_Project_DataLab_2025\data\odac\pristine_H2O\TILVOZ\TILVOZ_w_H2O_random_1_relaxed.cif,-0.3173108400000046
C:\Users\GED\PycharmProjects\Aixelo_Project_DataLab_2025\data\odac\pristine_H2O\TILVUF\TILVUF_w_H2O_random_1_relaxed.cif,1.0583872849999807
C:\Users\GED\PycharmProjects\Aixelo_Project_DataLab_2025\data\odac\pristine_H2O\TILWAM\TILWAM_w_H2O_1_relaxed.cif,-0.7090545324999908
C:\Users\GED\PycharmProjects\Aixelo_Project_DataLab_2025\data\odac\pristine_H2O\TINFIH\TINFIH_w_H2O_random_1_relaxed.cif,1.1413172449998683
C:\Users\GED\PycharmProjects\Aixelo_Project_DataLab_2025\data\odac\pristine_H2O\TIPZOJ\TIPZOJ_w_H2O_1_relaxed.cif,-0.4080797640000583
C:\Users\GED\PycharmProjects\Aixelo_Project_DataLab_2025\data\odac\pristine_H2O\TIQGUW\TIQGUW_w_H2O_1_relaxed.cif,1.6497383374999686
C:\Users\GED\PycharmProjects\Aixelo_Project_DataLab_2025\data\odac\pristine_H2O\TIQHAD\TIQHAD_w_H2O_1_relaxed.cif,0.6922033525000018
C:\Users\GED\PycharmProjects\Aixelo_Project_DataLab_2025\data\odac\pristine_H2O\TIRHIL\TIRHIL_w_H2O_1_relaxed.cif,-0.6488353333333331
C:\Users\GED\PycharmProjects\Aixelo_Project_DataLab_2025\data\odac\pristine_H2O\TIRLIQ\TIRLIQ_w_H2O_1_relaxed.cif,-0.3623742839999068
C:\Users\GED\PycharmProjects\Aixelo_Project_DataLab_2025\data\odac\pristine_H2O\TIRRIW\TIRRIW_w_H2O_1_relaxed.cif,-0.25134460600004327
C:\Users\GED\PycharmProjects\Aixelo_Project_DataLab_2025\data\odac\pristine_H2O\TISLIR\TISLIR_w_H2O_1_relaxed.cif,-0.9370244459999867
C:\Users\GED\PycharmProjects\Aixelo_Project_DataLab_2025\data\odac\pristine_H2O\TISPAO\TISPAO_w_H2O_1_relaxed.cif,-0.5994435799998883
C:\Users\GED\PycharmProjects\Aixelo_Project_DataLab_2025\data\odac\pristine_H2O\TIVXOM_charged\TIVXOM_charged_w_H2O_1_relaxed.cif,-0.0134250324999812
C:\Users\GED\PycharmProjects\Aixelo_Project_DataLab_2025\data\odac\pristine_H2O\TIXCIO\TIXCIO_w_H2O_1_relaxed.cif,-0.4636195624998436
C:\Users\GED\PycharmProjects\Aixelo_Project_DataLab_2025\data\odac\pristine_H2O\TIXMET\TIXMET_w_H2O_1_relaxed.cif,-0.639841377499863
C:\Users\GED\PycharmProjects\Aixelo_Project_DataLab_2025\data\odac\pristine_H2O\TIXMIX\TIXMIX_w_H2O_1_relaxed.cif,-0.22221767000004883
C:\Users\GED\PycharmProjects\Aixelo_Project_DataLab_2025\data\odac\pristine_H2O\TIZVIH01_charged\TIZVIH01_charged_w_H2O_1_relaxed.cif,-0.34867654399999987
C:\Users\GED\PycharmProjects\Aixelo_Project_DataLab_2025\data\odac\pristine_H2O\TOBJUR\TOBJUR_w_H2O_1_relaxed.cif,-0.3079145700000083
C:\Users\GED\PycharmProjects\Aixelo_Project_DataLab_2025\data\odac\pristine_H2O\TOBKAY\TOBKAY_w_H2O_1_relaxed.cif,-0.32823984499992775
C:\Users\GED\PycharmProjects\Aixelo_Project_DataLab_2025\data\odac\pristine_H2O\TOBKEC\TOBKEC_w_H2O_1_relaxed.cif,-0.19438519250010697
C:\Users\GED\PycharmProjects\Aixelo_Project_DataLab_2025\data\odac\pristine_H2O\TOFQEM\TOFQEM_w_H2O_1_relaxed.cif,-0.23839253999992707
C:\Users\GED\PycharmProjects\Aixelo_Project_DataLab_2025\data\odac\pristine_H2O\TOHJIL\TOHJIL_w_H2O_1_relaxed.cif,-0.14756759499994132
C:\Users\GED\PycharmProjects\Aixelo_Project_DataLab_2025\data\odac\pristine_H2O\TOHYOF\TOHYOF_w_H2O_1_relaxed.cif,-0.5440661100000626
C:\Users\GED\PycharmProjects\Aixelo_Project_DataLab_2025\data\odac\pristine_H2O\TOHYUL\TOHYUL_w_H2O_1_relaxed.cif,-0.5130900400000087
C:\Users\GED\PycharmProjects\Aixelo_Project_DataLab_2025\data\odac\pristine_H2O\TOHYUM\TOHYUM_w_H2O_1_relaxed.cif,0.572010801999977
C:\Users\GED\PycharmProjects\Aixelo_Project_DataLab_2025\data\odac\pristine_H2O\TOHZAS\TOHZAS_w_H2O_1_relaxed.cif,-0.27150647799999206
C:\Users\GED\PycharmProjects\Aixelo_Project_DataLab_2025\data\odac\pristine_H2O\TOJLOT\TOJLOT_w_H2O_1_relaxed.cif,-0.3135597900007951
C:\Users\GED\PycharmProjects\Aixelo_Project_DataLab_2025\data\odac\pristine_H2O\TOKDON\TOKDON_w_H2O_1_relaxed.cif,-0.07373116200005826
C:\Users\GED\PycharmProjects\Aixelo_Project_DataLab_2025\data\odac\pristine_H2O\TOLGOR\TOLGOR_w_H2O_1_relaxed.cif,-0.49213749000018653
C:\Users\GED\PycharmProjects\Aixelo_Project_DataLab_2025\data\odac\pristine_H2O\TOLYOJ\TOLYOJ_w_H2O_1_relaxed.cif,-0.6940336920000391
C:\Users\GED\PycharmProjects\Aixelo_Project_DataLab_2025\data\odac\pristine_H2O\TONLOY\TONLOY_w_H2O_1_relaxed.cif,-0.12880802999990237
C:\Users\GED\PycharmProjects\Aixelo_Project_DataLab_2025\data\odac\pristine_H2O\TONLOZ\TONLOZ_w_H2O_1_relaxed.cif,-0.47465327749992525
C:\Users\GED\PycharmProjects\Aixelo_Project_DataLab_2025\data\odac\pristine_H2O\TONQOD\TONQOD_w_H2O_1_relaxed.cif,1.602886220000005
C:\Users\GED\PycharmProjects\Aixelo_Project_DataLab_2025\data\odac\pristine_H2O\TOPKIT\TOPKIT_w_H2O_1_relaxed.cif,3.15916659749999
C:\Users\GED\PycharmProjects\Aixelo_Project_DataLab_2025\data\odac\pristine_H2O\TORJAN\TORJAN_w_H2O_1_relaxed.cif,-0.49628538000018807
C:\Users\GED\PycharmProjects\Aixelo_Project_DataLab_2025\data\odac\pristine_H2O\TORJUH\TORJUH_w_H2O_1_relaxed.cif,-0.5975284149998288
C:\Users\GED\PycharmProjects\Aixelo_Project_DataLab_2025\data\odac\pristine_H2O\TORPUN\TORPUN_w_H2O_1_relaxed.cif,-0.10992203800014977
C:\Users\GED\PycharmProjects\Aixelo_Project_DataLab_2025\data\odac\pristine_H2O\TORXAB\TORXAB_w_H2O_1_relaxed.cif,-0.5940978899998584
C:\Users\GED\PycharmProjects\Aixelo_Project_DataLab_2025\data\odac\pristine_H2O\TOVHUJ\TOVHUJ_w_H2O_2_relaxed.cif,-0.4062732900000583
C:\Users\GED\PycharmProjects\Aixelo_Project_DataLab_2025\data\odac\pristine_H2O\TOVJAP_charged\TOVJAP_charged_w_H2O_1_relaxed.cif,-0.5793803316667739
C:\Users\GED\PycharmProjects\Aixelo_Project_DataLab_2025\data\odac\pristine_H2O\TOVKIA\TOVKIA_w_H2O_1_relaxed.cif,-0.15221393200004057
C:\Users\GED\PycharmProjects\Aixelo_Project_DataLab_2025\data\odac\pristine_H2O\TOWNOK\TOWNOK_w_H2O_1_relaxed.cif,0.3255193466666242
C:\Users\GED\PycharmProjects\Aixelo_Project_DataLab_2025\data\odac\pristine_H2O\TOXHAR\TOXHAR_w_H2O_1_relaxed.cif,-0.383050863999938
C:\Users\GED\PycharmProjects\Aixelo_Project_DataLab_2025\data\odac\pristine_H2O\TOXHEV\TOXHEV_w_H2O_1_relaxed.cif,-0.5047229000002063
C:\Users\GED\PycharmProjects\Aixelo_Project_DataLab_2025\data\odac\pristine_H2O\TOXMUQ\TOXMUQ_w_H2O_1_relaxed.cif,-0.44105942000010145
C:\Users\GED\PycharmProjects\Aixelo_Project_DataLab_2025\data\odac\pristine_H2O\TOXNEB\TOXNEB_w_H2O_1_relaxed.cif,-0.5132059819999994
C:\Users\GED\PycharmProjects\Aixelo_Project_DataLab_2025\data\odac\pristine_H2O\TOXNIF\TOXNIF_w_H2O_1_relaxed.cif,-0.4086576480000076
C:\Users\GED\PycharmProjects\Aixelo_Project_DataLab_2025\data\odac\pristine_H2O\TOZHAR\TOZHAR_w_H2O_1_relaxed.cif,0.042289956666631136
C:\Users\GED\PycharmProjects\Aixelo_Project_DataLab_2025\data\odac\pristine_H2O\TUBCEA\TUBCEA_w_H2O_1_relaxed.cif,-0.46832014600004185
C:\Users\GED\PycharmProjects\Aixelo_Project_DataLab_2025\data\odac\pristine_H2O\TUBJAD\TUBJAD_w_H2O_1_relaxed.cif,-0.7614275200000975
C:\Users\GED\PycharmProjects\Aixelo_Project_DataLab_2025\data\odac\pristine_H2O\TUBLIN\TUBLIN_w_H2O_1_relaxed.cif,-0.1972504179999532
C:\Users\GED\PycharmProjects\Aixelo_Project_DataLab_2025\data\odac\pristine_H2O\TUCJAD\TUCJAD_w_H2O_1_relaxed.cif,-0.37829804666656247
C:\Users\GED\PycharmProjects\Aixelo_Project_DataLab_2025\data\odac\pristine_H2O\TUGTAR\TUGTAR_w_H2O_1_relaxed.cif,-0.27349398399992425
C:\Users\GED\PycharmProjects\Aixelo_Project_DataLab_2025\data\odac\pristine_H2O\TUJGIQ\TUJGIQ_w_H2O_random_1_relaxed.cif,-0.1247001500000806
C:\Users\GED\PycharmProjects\Aixelo_Project_DataLab_2025\data\odac\pristine_H2O\TUKCOT\TUKCOT_w_H2O_random_1_relaxed.cif,-0.37399757999997973
C:\Users\GED\PycharmProjects\Aixelo_Project_DataLab_2025\data\odac\pristine_H2O\TUMDAI\TUMDAI_w_H2O_1_relaxed.cif,-0.5584134080000013
C:\Users\GED\PycharmProjects\Aixelo_Project_DataLab_2025\data\odac\pristine_H2O\TUMQID\TUMQID_w_H2O_1_relaxed.cif,-0.6259109120000176
C:\Users\GED\PycharmProjects\Aixelo_Project_DataLab_2025\data\odac\pristine_H2O\TUMQOJ\TUMQOJ_w_H2O_1_relaxed.cif,-0.5957203620000427
C:\Users\GED\PycharmProjects\Aixelo_Project_DataLab_2025\data\odac\pristine_H2O\TUMRAW\TUMRAW_w_H2O_1_relaxed.cif,-0.467994125999985
C:\Users\GED\PycharmProjects\Aixelo_Project_DataLab_2025\data\odac\pristine_H2O\TUMREA\TUMREA_w_H2O_1_relaxed.cif,-0.6507290759999933
C:\Users\GED\PycharmProjects\Aixelo_Project_DataLab_2025\data\odac\pristine_H2O\TUMROK\TUMROK_w_H2O_3_relaxed.cif,-0.4318364499998779
C:\Users\GED\PycharmProjects\Aixelo_Project_DataLab_2025\data\odac\pristine_H2O\TUPDOZ\TUPDOZ_w_H2O_1_relaxed.cif,-0.3345149879999098
C:\Users\GED\PycharmProjects\Aixelo_Project_DataLab_2025\data\odac\pristine_H2O\TUQWIL\TUQWIL_w_H2O_1_relaxed.cif,0.13670213333330136
C:\Users\GED\PycharmProjects\Aixelo_Project_DataLab_2025\data\odac\pristine_H2O\TUQWIL01\TUQWIL01_w_H2O_1_relaxed.cif,-0.44245156999994606
C:\Users\GED\PycharmProjects\Aixelo_Project_DataLab_2025\data\odac\pristine_H2O\TUTHIA\TUTHIA_w_H2O_1_relaxed.cif,0.025378310000041905
C:\Users\GED\PycharmProjects\Aixelo_Project_DataLab_2025\data\odac\pristine_H2O\TUTHOG\TUTHOG_w_H2O_1_relaxed.cif,-0.17889384399998107
C:\Users\GED\PycharmProjects\Aixelo_Project_DataLab_2025\data\odac\pristine_H2O\TUTJAU\TUTJAU_w_H2O_1_relaxed.cif,-0.18996980000006258
C:\Users\GED\PycharmProjects\Aixelo_Project_DataLab_2025\data\odac\pristine_H2O\TUWPIL\TUWPIL_w_H2O_1_relaxed.cif,0.09603402166673429
C:\Users\GED\PycharmProjects\Aixelo_Project_DataLab_2025\data\odac\pristine_H2O\TUYFIE\TUYFIE_w_H2O_random_1_relaxed.cif,-0.5395191399999817
C:\Users\GED\PycharmProjects\Aixelo_Project_DataLab_2025\data\odac\pristine_H2O\TUYLIJ\TUYLIJ_w_H2O_1_relaxed.cif,-0.6176574383333673
C:\Users\GED\PycharmProjects\Aixelo_Project_DataLab_2025\data\odac\pristine_H2O\TUYNEI\TUYNEI_w_H2O_1_relaxed.cif,-0.25632763400001296
C:\Users\GED\PycharmProjects\Aixelo_Project_DataLab_2025\data\odac\pristine_H2O\TUZVUH\TUZVUH_w_H2O_1_relaxed.cif,-0.24241280799990358
C:\Users\GED\PycharmProjects\Aixelo_Project_DataLab_2025\data\odac\pristine_H2O\UBACOR\UBACOR_w_H2O_1_relaxed.cif,-0.458688149999989
C:\Users\GED\PycharmProjects\Aixelo_Project_DataLab_2025\data\odac\pristine_H2O\UBACUX\UBACUX_w_H2O_1_relaxed.cif,-0.4721855060000507
C:\Users\GED\PycharmProjects\Aixelo_Project_DataLab_2025\data\odac\pristine_H2O\UBECEM\UBECEM_w_H2O_1_relaxed.cif,-0.9435474066666719
C:\Users\GED\PycharmProjects\Aixelo_Project_DataLab_2025\data\odac\pristine_H2O\UBIBUF\UBIBUF_w_H2O_1_relaxed.cif,-0.2502942975003179
C:\Users\GED\PycharmProjects\Aixelo_Project_DataLab_2025\data\odac\pristine_H2O\UBIPAY\UBIPAY_w_H2O_1_relaxed.cif,-0.5229780059999711
C:\Users\GED\PycharmProjects\Aixelo_Project_DataLab_2025\data\odac\pristine_H2O\UBUMAH\UBUMAH_w_H2O_1_relaxed.cif,-0.3148038399999677
C:\Users\GED\PycharmProjects\Aixelo_Project_DataLab_2025\data\odac\pristine_H2O\UCABAE\UCABAE_w_H2O_1_relaxed.cif,-0.44534831599994507
C:\Users\GED\PycharmProjects\Aixelo_Project_DataLab_2025\data\odac\pristine_H2O\UCAXEC\UCAXEC_w_H2O_1_relaxed.cif,-0.3634477899999638
C:\Users\GED\PycharmProjects\Aixelo_Project_DataLab_2025\data\odac\pristine_H2O\UCOCUM_neutral\UCOCUM_neutral_w_H2O_1_relaxed.cif,-0.11638963500007546
C:\Users\GED\PycharmProjects\Aixelo_Project_DataLab_2025\data\odac\pristine_H2O\UCOXOZ\UCOXOZ_w_H2O_1_relaxed.cif,-0.351398873999824
C:\Users\GED\PycharmProjects\Aixelo_Project_DataLab_2025\data\odac\pristine_H2O\UCUTIW\UCUTIW_w_H2O_1_relaxed.cif,0.15048766600000357
C:\Users\GED\PycharmProjects\Aixelo_Project_DataLab_2025\data\odac\pristine_H2O\UDICAN\UDICAN_w_H2O_1_relaxed.cif,-0.7228483519997553
C:\Users\GED\PycharmProjects\Aixelo_Project_DataLab_2025\data\odac\pristine_H2O\UDOVUG_charged\UDOVUG_charged_w_H2O_1_relaxed.cif,-0.5157863019998331
C:\Users\GED\PycharmProjects\Aixelo_Project_DataLab_2025\data\odac\pristine_H2O\UFASEA_ion_b\UFASEA_ion_b_w_H2O_1_relaxed.cif,-0.5008500900004037
C:\Users\GED\PycharmProjects\Aixelo_Project_DataLab_2025\data\odac\pristine_H2O\UFEVIL\UFEVIL_w_H2O_1_relaxed.cif,-0.5176720920000661
C:\Users\GED\PycharmProjects\Aixelo_Project_DataLab_2025\data\odac\pristine_H2O\UFITEJ\UFITEJ_w_H2O_random_1_relaxed.cif,0.20134983499997358
C:\Users\GED\PycharmProjects\Aixelo_Project_DataLab_2025\data\odac\pristine_H2O\UFOFIF\UFOFIF_w_H2O_1_relaxed.cif,-0.5346486779999623
C:\Users\GED\PycharmProjects\Aixelo_Project_DataLab_2025\data\odac\pristine_H2O\UFUNIS\UFUNIS_w_H2O_1_relaxed.cif,-0.5450866200000632
C:\Users\GED\PycharmProjects\Aixelo_Project_DataLab_2025\data\odac\pristine_H2O\UFUQIV\UFUQIV_w_H2O_1_relaxed.cif,-0.25175032200058917
C:\Users\GED\PycharmProjects\Aixelo_Project_DataLab_2025\data\odac\pristine_H2O\UGELIB\UGELIB_w_H2O_1_relaxed.cif,-0.42370615285702634
C:\Users\GED\PycharmProjects\Aixelo_Project_DataLab_2025\data\odac\pristine_H2O\UGOSOY_charged\UGOSOY_charged_w_H2O_1_relaxed.cif,-0.6215172433333009
C:\Users\GED\PycharmProjects\Aixelo_Project_DataLab_2025\data\odac\pristine_H2O\UGUHAG\UGUHAG_w_H2O_1_relaxed.cif,-0.5038353559999905
C:\Users\GED\PycharmProjects\Aixelo_Project_DataLab_2025\data\odac\pristine_H2O\UGUQOC_charged\UGUQOC_charged_w_H2O_1_relaxed.cif,-0.6885304474999856
C:\Users\GED\PycharmProjects\Aixelo_Project_DataLab_2025\data\odac\pristine_H2O\UHASED\UHASED_w_H2O_1_relaxed.cif,-0.5125068579999834
C:\Users\GED\PycharmProjects\Aixelo_Project_DataLab_2025\data\odac\pristine_H2O\UHAXUW\UHAXUW_w_H2O_1_relaxed.cif,-0.4335794859999396
C:\Users\GED\PycharmProjects\Aixelo_Project_DataLab_2025\data\odac\pristine_H2O\UJAQEC\UJAQEC_w_H2O_1_relaxed.cif,-0.09553737200001247
C:\Users\GED\PycharmProjects\Aixelo_Project_DataLab_2025\data\odac\pristine_H2O\UJAQUS\UJAQUS_w_H2O_1_relaxed.cif,-0.434789652500001
C:\Users\GED\PycharmProjects\Aixelo_Project_DataLab_2025\data\odac\pristine_H2O\UJEGUL\UJEGUL_w_H2O_1_relaxed.cif,-0.4329085233332724
C:\Users\GED\PycharmProjects\Aixelo_Project_DataLab_2025\data\odac\pristine_H2O\UJIZET\UJIZET_w_H2O_1_relaxed.cif,-0.1911030725000273
C:\Users\GED\PycharmProjects\Aixelo_Project_DataLab_2025\data\odac\pristine_H2O\UJOWEW\UJOWEW_w_H2O_1_relaxed.cif,-0.519678909999783
C:\Users\GED\PycharmProjects\Aixelo_Project_DataLab_2025\data\odac\pristine_H2O\UJULIW\UJULIW_w_H2O_1_relaxed.cif,1.7570919074999836
C:\Users\GED\PycharmProjects\Aixelo_Project_DataLab_2025\data\odac\pristine_H2O\UJUPUM\UJUPUM_w_H2O_1_relaxed.cif,-0.6632835925001928
C:\Users\GED\PycharmProjects\Aixelo_Project_DataLab_2025\data\odac\pristine_H2O\UKAPUS\UKAPUS_w_H2O_1_relaxed.cif,-0.05922539599998798
C:\Users\GED\PycharmProjects\Aixelo_Project_DataLab_2025\data\odac\pristine_H2O\UKAQAZ\UKAQAZ_w_H2O_1_relaxed.cif,-0.20323061399994907
C:\Users\GED\PycharmProjects\Aixelo_Project_DataLab_2025\data\odac\pristine_H2O\UKAQED\UKAQED_w_H2O_1_relaxed.cif,0.7877641879999147
C:\Users\GED\PycharmProjects\Aixelo_Project_DataLab_2025\data\odac\pristine_H2O\UKAQIH\UKAQIH_w_H2O_1_relaxed.cif,-0.15412489199995885
C:\Users\GED\PycharmProjects\Aixelo_Project_DataLab_2025\data\odac\pristine_H2O\UKAZEM\UKAZEM_w_H2O_1_relaxed.cif,-0.2702446866667287
C:\Users\GED\PycharmProjects\Aixelo_Project_DataLab_2025\data\odac\pristine_H2O\UKEXEP\UKEXEP_w_H2O_1_relaxed.cif,0.14736290799964988
C:\Users\GED\PycharmProjects\Aixelo_Project_DataLab_2025\data\odac\pristine_H2O\UKIQIP\UKIQIP_w_H2O_1_relaxed.cif,-0.26414083333346144
C:\Users\GED\PycharmProjects\Aixelo_Project_DataLab_2025\data\odac\pristine_H2O\UKUBIM\UKUBIM_w_H2O_1_relaxed.cif,-0.23711048200002552
C:\Users\GED\PycharmProjects\Aixelo_Project_DataLab_2025\data\odac\pristine_H2O\UKUBOS\UKUBOS_w_H2O_1_relaxed.cif,-0.21275929000021274
C:\Users\GED\PycharmProjects\Aixelo_Project_DataLab_2025\data\odac\pristine_H2O\UKUBUY\UKUBUY_w_H2O_1_relaxed.cif,-0.529042735999974
C:\Users\GED\PycharmProjects\Aixelo_Project_DataLab_2025\data\odac\pristine_H2O\UKUPEX\UKUPEX_w_H2O_random_1_relaxed.cif,-1.046012120000114
C:\Users\GED\PycharmProjects\Aixelo_Project_DataLab_2025\data\odac\pristine_H2O\UKUPIB\UKUPIB_w_H2O_1_relaxed.cif,-0.4684870619998037
C:\Users\GED\PycharmProjects\Aixelo_Project_DataLab_2025\data\odac\pristine_H2O\ULAQAB\ULAQAB_w_H2O_1_relaxed.cif,-0.769396014999946
C:\Users\GED\PycharmProjects\Aixelo_Project_DataLab_2025\data\odac\pristine_H2O\ULASAD\ULASAD_w_H2O_1_relaxed.cif,-0.6721583674999465
C:\Users\GED\PycharmProjects\Aixelo_Project_DataLab_2025\data\odac\pristine_H2O\ULOGAE\ULOGAE_w_H2O_1_relaxed.cif,-0.4686320075003323
C:\Users\GED\PycharmProjects\Aixelo_Project_DataLab_2025\data\odac\pristine_H2O\ULUVUT\ULUVUT_w_H2O_1_relaxed.cif,-0.24385475249999894
C:\Users\GED\PycharmProjects\Aixelo_Project_DataLab_2025\data\odac\pristine_H2O\UMABIV\UMABIV_w_H2O_1_relaxed.cif,-0.48652266599988253
C:\Users\GED\PycharmProjects\Aixelo_Project_DataLab_2025\data\odac\pristine_H2O\UMABOB\UMABOB_w_H2O_1_relaxed.cif,-0.3876295560000017
C:\Users\GED\PycharmProjects\Aixelo_Project_DataLab_2025\data\odac\pristine_H2O\UMEKEE\UMEKEE_w_H2O_1_relaxed.cif,-0.3441274349997911
C:\Users\GED\PycharmProjects\Aixelo_Project_DataLab_2025\data\odac\pristine_H2O\UMEKII\UMEKII_w_H2O_1_relaxed.cif,-0.23031322999986514
C:\Users\GED\PycharmProjects\Aixelo_Project_DataLab_2025\data\odac\pristine_H2O\UMESOW\UMESOW_w_H2O_1_relaxed.cif,-0.25541978999999626
C:\Users\GED\PycharmProjects\Aixelo_Project_DataLab_2025\data\odac\pristine_H2O\UMEXUF\UMEXUF_w_H2O_1_relaxed.cif,-0.352374549999979
C:\Users\GED\PycharmProjects\Aixelo_Project_DataLab_2025\data\odac\pristine_H2O\UMEXUF01\UMEXUF01_w_H2O_1_relaxed.cif,-0.29420256499994935
C:\Users\GED\PycharmProjects\Aixelo_Project_DataLab_2025\data\odac\pristine_H2O\UMUXEG\UMUXEG_w_H2O_1_relaxed.cif,5.169203870000047
C:\Users\GED\PycharmProjects\Aixelo_Project_DataLab_2025\data\odac\pristine_H2O\UNABIV_charged\UNABIV_charged_w_H2O_1_relaxed.cif,-0.23370553166656308
C:\Users\GED\PycharmProjects\Aixelo_Project_DataLab_2025\data\odac\pristine_H2O\UNABUH\UNABUH_w_H2O_1_relaxed.cif,-0.4796840179998753
C:\Users\GED\PycharmProjects\Aixelo_Project_DataLab_2025\data\odac\pristine_H2O\UNABUH01\UNABUH01_w_H2O_1_relaxed.cif,-0.5531023460000142
C:\Users\GED\PycharmProjects\Aixelo_Project_DataLab_2025\data\odac\pristine_H2O\UNACIW\UNACIW_w_H2O_1_relaxed.cif,-0.4943288400000938
C:\Users\GED\PycharmProjects\Aixelo_Project_DataLab_2025\data\odac\pristine_H2O\UNAGUN\UNAGUN_w_H2O_1_relaxed.cif,-0.11912198999993957
C:\Users\GED\PycharmProjects\Aixelo_Project_DataLab_2025\data\odac\pristine_H2O\UNECOH\UNECOH_w_H2O_1_relaxed.cif,-0.13263591750001064
C:\Users\GED\PycharmProjects\Aixelo_Project_DataLab_2025\data\odac\pristine_H2O\UNECUN\UNECUN_w_H2O_1_relaxed.cif,-0.5751311150003175
C:\Users\GED\PycharmProjects\Aixelo_Project_DataLab_2025\data\odac\pristine_H2O\UNIGEE\UNIGEE_w_H2O_1_relaxed.cif,-0.22744520000000534
C:\Users\GED\PycharmProjects\Aixelo_Project_DataLab_2025\data\odac\pristine_H2O\UQOGAK\UQOGAK_w_H2O_1_relaxed.cif,-0.002750823333258249
C:\Users\GED\PycharmProjects\Aixelo_Project_DataLab_2025\data\odac\pristine_H2O\UQOWUU\UQOWUU_w_H2O_1_relaxed.cif,-0.35585512599991487
C:\Users\GED\PycharmProjects\Aixelo_Project_DataLab_2025\data\odac\pristine_H2O\UQOYOP\UQOYOP_w_H2O_1_relaxed.cif,-0.39823598800007853
C:\Users\GED\PycharmProjects\Aixelo_Project_DataLab_2025\data\odac\pristine_H2O\UQULAU\UQULAU_w_H2O_1_relaxed.cif,0.0857214500000282
C:\Users\GED\PycharmProjects\Aixelo_Project_DataLab_2025\data\odac\pristine_H2O\URENEM\URENEM_w_H2O_1_relaxed.cif,-0.13785232499992614
C:\Users\GED\PycharmProjects\Aixelo_Project_DataLab_2025\data\odac\pristine_H2O\UREVIY\UREVIY_w_H2O_1_relaxed.cif,-0.006785232000038399
C:\Users\GED\PycharmProjects\Aixelo_Project_DataLab_2025\data\odac\pristine_H2O\UREVOE\UREVOE_w_H2O_1_relaxed.cif,-0.06477581600001939
C:\Users\GED\PycharmProjects\Aixelo_Project_DataLab_2025\data\odac\pristine_H2O\URUWEL\URUWEL_w_H2O_1_relaxed.cif,-0.24424824250002075
C:\Users\GED\PycharmProjects\Aixelo_Project_DataLab_2025\data\odac\pristine_H2O\URUWIP\URUWIP_w_H2O_1_relaxed.cif,0.6110323399997242
C:\Users\GED\PycharmProjects\Aixelo_Project_DataLab_2025\data\odac\pristine_H2O\USAWIW\USAWIW_w_H2O_1_relaxed.cif,-0.03730385799999566
C:\Users\GED\PycharmProjects\Aixelo_Project_DataLab_2025\data\odac\pristine_H2O\USEVOF\USEVOF_w_H2O_1_relaxed.cif,-0.18677349000022328
C:\Users\GED\PycharmProjects\Aixelo_Project_DataLab_2025\data\odac\pristine_H2O\USIRUL\USIRUL_w_H2O_1_relaxed.cif,-0.3224645539998164
C:\Users\GED\PycharmProjects\Aixelo_Project_DataLab_2025\data\odac\pristine_H2O\USISEW\USISEW_w_H2O_1_relaxed.cif,-0.42668323999978386
C:\Users\GED\PycharmProjects\Aixelo_Project_DataLab_2025\data\odac\pristine_H2O\USORUR\USORUR_w_H2O_1_relaxed.cif,1.145637097500071
C:\Users\GED\PycharmProjects\Aixelo_Project_DataLab_2025\data\odac\pristine_H2O\USOXEH\USOXEH_w_H2O_1_relaxed.cif,-0.20922533999992082
C:\Users\GED\PycharmProjects\Aixelo_Project_DataLab_2025\data\odac\pristine_H2O\USUBUG\USUBUG_w_H2O_1_relaxed.cif,-0.22897238000001602
C:\Users\GED\PycharmProjects\Aixelo_Project_DataLab_2025\data\odac\pristine_H2O\USUVIP\USUVIP_w_H2O_1_relaxed.cif,-0.5314990520000265
C:\Users\GED\PycharmProjects\Aixelo_Project_DataLab_2025\data\odac\pristine_H2O\UTACOJ\UTACOJ_w_H2O_1_relaxed.cif,-0.42170536000007813
C:\Users\GED\PycharmProjects\Aixelo_Project_DataLab_2025\data\odac\pristine_H2O\UTELIQ\UTELIQ_w_H2O_1_relaxed.cif,0.009425885999917217
C:\Users\GED\PycharmProjects\Aixelo_Project_DataLab_2025\data\odac\pristine_H2O\UTEMAJ\UTEMAJ_w_H2O_1_relaxed.cif,0.3057973900000661
C:\Users\GED\PycharmProjects\Aixelo_Project_DataLab_2025\data\odac\pristine_H2O\UTEWUM\UTEWUM_w_H2O_1_relaxed.cif,-0.18949300599992963
C:\Users\GED\PycharmProjects\Aixelo_Project_DataLab_2025\data\odac\pristine_H2O\UTEXAT\UTEXAT_w_H2O_1_relaxed.cif,-0.3444849925000426
C:\Users\GED\PycharmProjects\Aixelo_Project_DataLab_2025\data\odac\pristine_H2O\UTEXIB\UTEXIB_w_H2O_1_relaxed.cif,-0.22060453599988245
C:\Users\GED\PycharmProjects\Aixelo_Project_DataLab_2025\data\odac\pristine_H2O\UTOCAJ\UTOCAJ_w_H2O_1_relaxed.cif,1.3057400180000969
C:\Users\GED\PycharmProjects\Aixelo_Project_DataLab_2025\data\odac\pristine_H2O\UTOCEN\UTOCEN_w_H2O_1_relaxed.cif,-0.2080725399999892
C:\Users\GED\PycharmProjects\Aixelo_Project_DataLab_2025\data\odac\pristine_H2O\UTULIF\UTULIF_w_H2O_1_relaxed.cif,-0.42438923999998224
C:\Users\GED\PycharmProjects\Aixelo_Project_DataLab_2025\data\odac\pristine_H2O\UVANUC\UVANUC_w_H2O_1_relaxed.cif,-0.5407924739999543
C:\Users\GED\PycharmProjects\Aixelo_Project_DataLab_2025\data\odac\pristine_H2O\UVAROZ\UVAROZ_w_H2O_1_relaxed.cif,-0.3993888459999425
C:\Users\GED\PycharmProjects\Aixelo_Project_DataLab_2025\data\odac\pristine_H2O\UVARUF\UVARUF_w_H2O_1_relaxed.cif,-0.5226122179999493
C:\Users\GED\PycharmProjects\Aixelo_Project_DataLab_2025\data\odac\pristine_H2O\UVEVAT\UVEVAT_w_H2O_1_relaxed.cif,-0.5721031075001406
C:\Users\GED\PycharmProjects\Aixelo_Project_DataLab_2025\data\odac\pristine_H2O\UVEXAV\UVEXAV_w_H2O_1_relaxed.cif,-0.6224053050000293
C:\Users\GED\PycharmProjects\Aixelo_Project_DataLab_2025\data\odac\pristine_H2O\UVINAP\UVINAP_w_H2O_1_relaxed.cif,-0.2406873159999577
C:\Users\GED\PycharmProjects\Aixelo_Project_DataLab_2025\data\odac\pristine_H2O\UVOBUE\UVOBUE_w_H2O_1_relaxed.cif,-0.6884998020000012
C:\Users\GED\PycharmProjects\Aixelo_Project_DataLab_2025\data\odac\pristine_H2O\UVUPOR\UVUPOR_w_H2O_1_relaxed.cif,-0.3441466760000367
C:\Users\GED\PycharmProjects\Aixelo_Project_DataLab_2025\data\odac\pristine_H2O\UVUQAE\UVUQAE_w_H2O_1_relaxed.cif,0.14714058399990787
C:\Users\GED\PycharmProjects\Aixelo_Project_DataLab_2025\data\odac\pristine_H2O\UWALEL\UWALEL_w_H2O_1_relaxed.cif,-0.5804188059998978
C:\Users\GED\PycharmProjects\Aixelo_Project_DataLab_2025\data\odac\pristine_H2O\UWELIS\UWELIS_w_H2O_1_relaxed.cif,-0.275634803999992
C:\Users\GED\PycharmProjects\Aixelo_Project_DataLab_2025\data\odac\pristine_H2O\UWODAN\UWODAN_w_H2O_2_relaxed.cif,-0.033412186667040565
C:\Users\GED\PycharmProjects\Aixelo_Project_DataLab_2025\data\odac\pristine_H2O\UWOWAF\UWOWAF_w_H2O_1_relaxed.cif,0.1176977583333117
C:\Users\GED\PycharmProjects\Aixelo_Project_DataLab_2025\data\odac\pristine_H2O\UWUTIQ\UWUTIQ_w_H2O_1_relaxed.cif,-0.5315363239999442
C:\Users\GED\PycharmProjects\Aixelo_Project_DataLab_2025\data\odac\pristine_H2O\UXABOL\UXABOL_w_H2O_1_relaxed.cif,-0.5286391550000076
C:\Users\GED\PycharmProjects\Aixelo_Project_DataLab_2025\data\odac\pristine_H2O\UXABUR\UXABUR_w_H2O_1_relaxed.cif,-0.23570704400001433
C:\Users\GED\PycharmProjects\Aixelo_Project_DataLab_2025\data\odac\pristine_H2O\UXEQOE\UXEQOE_w_H2O_1_relaxed.cif,-0.6671816959998977
C:\Users\GED\PycharmProjects\Aixelo_Project_DataLab_2025\data\odac\pristine_H2O\UXINAR\UXINAR_w_H2O_1_relaxed.cif,0.09890816999995877
C:\Users\GED\PycharmProjects\Aixelo_Project_DataLab_2025\data\odac\pristine_H2O\UXIQOJ\UXIQOJ_w_H2O_1_relaxed.cif,0.18895187000005076
C:\Users\GED\PycharmProjects\Aixelo_Project_DataLab_2025\data\odac\pristine_H2O\UXUNUX\UXUNUX_w_H2O_1_relaxed.cif,-0.506993716666481
C:\Users\GED\PycharmProjects\Aixelo_Project_DataLab_2025\data\odac\pristine_H2O\UXUPEJ\UXUPEJ_w_H2O_1_relaxed.cif,-0.37170047000026896
C:\Users\GED\PycharmProjects\Aixelo_Project_DataLab_2025\data\odac\pristine_H2O\UXUPIN\UXUPIN_w_H2O_1_relaxed.cif,-0.42621336500019424
C:\Users\GED\PycharmProjects\Aixelo_Project_DataLab_2025\data\odac\pristine_H2O\UXUZAP\UXUZAP_w_H2O_1_relaxed.cif,-0.32448843999998184
C:\Users\GED\PycharmProjects\Aixelo_Project_DataLab_2025\data\odac\pristine_H2O\UYAQAN\UYAQAN_w_H2O_1_relaxed.cif,-0.6158271850000574
C:\Users\GED\PycharmProjects\Aixelo_Project_DataLab_2025\data\odac\pristine_H2O\UZANOZ\UZANOZ_w_H2O_1_relaxed.cif,-0.20737293399997725
C:\Users\GED\PycharmProjects\Aixelo_Project_DataLab_2025\data\odac\pristine_H2O\UZATAR\UZATAR_w_H2O_1_relaxed.cif,-0.48711163000011765
C:\Users\GED\PycharmProjects\Aixelo_Project_DataLab_2025\data\odac\pristine_H2O\UZIGOB\UZIGOB_w_H2O_1_relaxed.cif,-0.6873744879999777
C:\Users\GED\PycharmProjects\Aixelo_Project_DataLab_2025\data\odac\pristine_H2O\UZOBAN\UZOBAN_w_H2O_1_relaxed.cif,-0.47189006333405814
C:\Users\GED\PycharmProjects\Aixelo_Project_DataLab_2025\data\odac\pristine_H2O\UZOBER\UZOBER_w_H2O_1_relaxed.cif,-0.4518830500000206
C:\Users\GED\PycharmProjects\Aixelo_Project_DataLab_2025\data\odac\pristine_H2O\UZUNAF\UZUNAF_w_H2O_1_relaxed.cif,-0.2022871175000489
C:\Users\GED\PycharmProjects\Aixelo_Project_DataLab_2025\data\odac\pristine_H2O\UZUNAF01\UZUNAF01_w_H2O_1_relaxed.cif,-0.4598129575001053
C:\Users\GED\PycharmProjects\Aixelo_Project_DataLab_2025\data\odac\pristine_H2O\UZUZUL\UZUZUL_w_H2O_1_relaxed.cif,-0.4355718960000786
C:\Users\GED\PycharmProjects\Aixelo_Project_DataLab_2025\data\odac\pristine_H2O\VABJIS\VABJIS_w_H2O_1_relaxed.cif,0.29113413799996124
C:\Users\GED\PycharmProjects\Aixelo_Project_DataLab_2025\data\odac\pristine_H2O\VACFUB01\VACFUB01_w_H2O_1_relaxed.cif,0.11852296250003741
C:\Users\GED\PycharmProjects\Aixelo_Project_DataLab_2025\data\odac\pristine_H2O\VACFUB_clean_h\VACFUB_clean_h_w_H2O_1_relaxed.cif,-0.058343985000021775
C:\Users\GED\PycharmProjects\Aixelo_Project_DataLab_2025\data\odac\pristine_H2O\VAFWAB\VAFWAB_w_H2O_1_relaxed.cif,-0.4872040960000959
C:\Users\GED\PycharmProjects\Aixelo_Project_DataLab_2025\data\odac\pristine_H2O\VAGBEN\VAGBEN_w_H2O_1_relaxed.cif,-0.1823169899999811
C:\Users\GED\PycharmProjects\Aixelo_Project_DataLab_2025\data\odac\pristine_H2O\VAGBUD\VAGBUD_w_H2O_1_relaxed.cif,-0.10342821999991726
C:\Users\GED\PycharmProjects\Aixelo_Project_DataLab_2025\data\odac\pristine_H2O\VAGJET\VAGJET_w_H2O_1_relaxed.cif,-0.4214836879999666
C:\Users\GED\PycharmProjects\Aixelo_Project_DataLab_2025\data\odac\pristine_H2O\VAGMEX\VAGMEX_w_H2O_1_relaxed.cif,-0.157944217499903
C:\Users\GED\PycharmProjects\Aixelo_Project_DataLab_2025\data\odac\pristine_H2O\VAGTAA\VAGTAA_w_H2O_1_relaxed.cif,-0.15867244199996544
C:\Users\GED\PycharmProjects\Aixelo_Project_DataLab_2025\data\odac\pristine_H2O\VAGTAA01\VAGTAA01_w_H2O_1_relaxed.cif,-0.7028140679998842
C:\Users\GED\PycharmProjects\Aixelo_Project_DataLab_2025\data\odac\pristine_H2O\VAGTUU\VAGTUU_w_H2O_1_relaxed.cif,-0.2897121850000985
C:\Users\GED\PycharmProjects\Aixelo_Project_DataLab_2025\data\odac\pristine_H2O\VAHJIA\VAHJIA_w_H2O_1_relaxed.cif,-0.08400813999999925
C:\Users\GED\PycharmProjects\Aixelo_Project_DataLab_2025\data\odac\pristine_H2O\VAHSON\VAHSON_w_H2O_1_relaxed.cif,-0.5770460466667089
C:\Users\GED\PycharmProjects\Aixelo_Project_DataLab_2025\data\odac\pristine_H2O\VAHVOR\VAHVOR_w_H2O_1_relaxed.cif,-0.2542727099999335
C:\Users\GED\PycharmProjects\Aixelo_Project_DataLab_2025\data\odac\pristine_H2O\VAJTEH\VAJTEH_w_H2O_1_relaxed.cif,-0.30963045000025885
C:\Users\GED\PycharmProjects\Aixelo_Project_DataLab_2025\data\odac\pristine_H2O\VAKBIU\VAKBIU_w_H2O_1_relaxed.cif,-0.44272507400019095
C:\Users\GED\PycharmProjects\Aixelo_Project_DataLab_2025\data\odac\pristine_H2O\VALWUD\VALWUD_w_H2O_1_relaxed.cif,-0.20947621200011776
C:\Users\GED\PycharmProjects\Aixelo_Project_DataLab_2025\data\odac\pristine_H2O\VALXAK\VALXAK_w_H2O_1_relaxed.cif,0.0015130359996874212
C:\Users\GED\PycharmProjects\Aixelo_Project_DataLab_2025\data\odac\pristine_H2O\VALXOY\VALXOY_w_H2O_1_relaxed.cif,-0.6859715400003097
C:\Users\GED\PycharmProjects\Aixelo_Project_DataLab_2025\data\odac\pristine_H2O\VALZIU\VALZIU_w_H2O_1_relaxed.cif,-0.2865644140000313
C:\Users\GED\PycharmProjects\Aixelo_Project_DataLab_2025\data\odac\pristine_H2O\VAMPUX\VAMPUX_w_H2O_1_relaxed.cif,-0.4982981500000392
C:\Users\GED\PycharmProjects\Aixelo_Project_DataLab_2025\data\odac\pristine_H2O\VAMQAE\VAMQAE_w_H2O_1_relaxed.cif,-0.17889165999997655
C:\Users\GED\PycharmProjects\Aixelo_Project_DataLab_2025\data\odac\pristine_H2O\VAMQIM\VAMQIM_w_H2O_1_relaxed.cif,-0.34028697249999595
C:\Users\GED\PycharmProjects\Aixelo_Project_DataLab_2025\data\odac\pristine_H2O\VAMQOS\VAMQOS_w_H2O_1_relaxed.cif,-0.35347774000013027
C:\Users\GED\PycharmProjects\Aixelo_Project_DataLab_2025\data\odac\pristine_H2O\VANXUD\VANXUD_w_H2O_1_relaxed.cif,0.10394470800000591
C:\Users\GED\PycharmProjects\Aixelo_Project_DataLab_2025\data\odac\pristine_H2O\VANXUD03\VANXUD03_w_H2O_1_relaxed.cif,-0.1488480325000125
C:\Users\GED\PycharmProjects\Aixelo_Project_DataLab_2025\data\odac\pristine_H2O\VAPBEV\VAPBEV_w_H2O_1_relaxed.cif,-0.3617990100002316
C:\Users\GED\PycharmProjects\Aixelo_Project_DataLab_2025\data\odac\pristine_H2O\VAPBIZ\VAPBIZ_w_H2O_1_relaxed.cif,-0.09476652599992119
C:\Users\GED\PycharmProjects\Aixelo_Project_DataLab_2025\data\odac\pristine_H2O\VAPFUP\VAPFUP_w_H2O_random_1_relaxed.cif,-0.6465430000000083
C:\Users\GED\PycharmProjects\Aixelo_Project_DataLab_2025\data\odac\pristine_H2O\VAPHOM\VAPHOM_w_H2O_1_relaxed.cif,-0.44801858399994215
C:\Users\GED\PycharmProjects\Aixelo_Project_DataLab_2025\data\odac\pristine_H2O\VARJAB\VARJAB_w_H2O_1_relaxed.cif,0.06202350400021713
C:\Users\GED\PycharmProjects\Aixelo_Project_DataLab_2025\data\odac\pristine_H2O\VARJEF\VARJEF_w_H2O_1_relaxed.cif,0.2118925699998044
C:\Users\GED\PycharmProjects\Aixelo_Project_DataLab_2025\data\odac\pristine_H2O\VASFAZ\VASFAZ_w_H2O_1_relaxed.cif,-0.2441743475000493
C:\Users\GED\PycharmProjects\Aixelo_Project_DataLab_2025\data\odac\pristine_H2O\VASFED\VASFED_w_H2O_1_relaxed.cif,-0.1041981799999831
C:\Users\GED\PycharmProjects\Aixelo_Project_DataLab_2025\data\odac\pristine_H2O\VASFIH\VASFIH_w_H2O_1_relaxed.cif,-0.35610328199996955
C:\Users\GED\PycharmProjects\Aixelo_Project_DataLab_2025\data\odac\pristine_H2O\VASFON\VASFON_w_H2O_1_relaxed.cif,0.9323861550000032
C:\Users\GED\PycharmProjects\Aixelo_Project_DataLab_2025\data\odac\pristine_H2O\VASFUT\VASFUT_w_H2O_1_relaxed.cif,-0.1558951324999498
C:\Users\GED\PycharmProjects\Aixelo_Project_DataLab_2025\data\odac\pristine_H2O\VASKOR\VASKOR_w_H2O_1_relaxed.cif,-0.5668269266665978
C:\Users\GED\PycharmProjects\Aixelo_Project_DataLab_2025\data\odac\pristine_H2O\VATVIY\VATVIY_w_H2O_1_relaxed.cif,-0.12453500999993135
C:\Users\GED\PycharmProjects\Aixelo_Project_DataLab_2025\data\odac\pristine_H2O\VATVOE\VATVOE_w_H2O_1_relaxed.cif,-0.07837932250072299
C:\Users\GED\PycharmProjects\Aixelo_Project_DataLab_2025\data\odac\pristine_H2O\VATVUK\VATVUK_w_H2O_1_relaxed.cif,-0.6201182766668959
C:\Users\GED\PycharmProjects\Aixelo_Project_DataLab_2025\data\odac\pristine_H2O\VATXEU\VATXEU_w_H2O_1_relaxed.cif,0.1388898350001
C:\Users\GED\PycharmProjects\Aixelo_Project_DataLab_2025\data\odac\pristine_H2O\VATYAR\VATYAR_w_H2O_1_relaxed.cif,-0.17279578249998903
C:\Users\GED\PycharmProjects\Aixelo_Project_DataLab_2025\data\odac\pristine_H2O\VATYIZ\VATYIZ_w_H2O_1_relaxed.cif,-0.2989514574999816
C:\Users\GED\PycharmProjects\Aixelo_Project_DataLab_2025\data\odac\pristine_H2O\VATYOF\VATYOF_w_H2O_1_relaxed.cif,-0.3691590100000255
C:\Users\GED\PycharmProjects\Aixelo_Project_DataLab_2025\data\odac\pristine_H2O\VAXMUF\VAXMUF_w_H2O_1_relaxed.cif,-0.31096524249991825
C:\Users\GED\PycharmProjects\Aixelo_Project_DataLab_2025\data\odac\pristine_H2O\VAYWEZ\VAYWEZ_w_H2O_random_1_relaxed.cif,0.3070090800000571
C:\Users\GED\PycharmProjects\Aixelo_Project_DataLab_2025\data\odac\pristine_H2O\VAYWID\VAYWID_w_H2O_random_1_relaxed.cif,-0.5856279899999208
C:\Users\GED\PycharmProjects\Aixelo_Project_DataLab_2025\data\odac\pristine_H2O\VAZROF\VAZROF_w_H2O_1_relaxed.cif,-0.4732377959997393
C:\Users\GED\PycharmProjects\Aixelo_Project_DataLab_2025\data\odac\pristine_H2O\VAZTOG\VAZTOG_w_H2O_1_relaxed.cif,-0.19200687000002856
C:\Users\GED\PycharmProjects\Aixelo_Project_DataLab_2025\data\odac\pristine_H2O\VAZTUM\VAZTUM_w_H2O_1_relaxed.cif,-0.3845645000000104
C:\Users\GED\PycharmProjects\Aixelo_Project_DataLab_2025\data\odac\pristine_H2O\VEBHUG_SL\VEBHUG_SL_w_H2O_1_relaxed.cif,-0.21264631250002705
C:\Users\GED\PycharmProjects\Aixelo_Project_DataLab_2025\data\odac\pristine_H2O\VECWUX\VECWUX_w_H2O_random_1_relaxed.cif,1.1646628599996802
C:\Users\GED\PycharmProjects\Aixelo_Project_DataLab_2025\data\odac\pristine_H2O\VECZAG\VECZAG_w_H2O_random_1_relaxed.cif,-0.4491529799999512
C:\Users\GED\PycharmProjects\Aixelo_Project_DataLab_2025\data\odac\pristine_H2O\VECZEI\VECZEI_w_H2O_1_relaxed.cif,-0.28693107749997887
C:\Users\GED\PycharmProjects\Aixelo_Project_DataLab_2025\data\odac\pristine_H2O\VECZEK\VECZEK_w_H2O_random_1_relaxed.cif,-0.45017592000004925
C:\Users\GED\PycharmProjects\Aixelo_Project_DataLab_2025\data\odac\pristine_H2O\VEDGIW\VEDGIW_w_H2O_3_relaxed.cif,0.1128143199998703
C:\Users\GED\PycharmProjects\Aixelo_Project_DataLab_2025\data\odac\pristine_H2O\VEGMIE01_charged\VEGMIE01_charged_w_H2O_1_relaxed.cif,-0.5594631460000983
C:\Users\GED\PycharmProjects\Aixelo_Project_DataLab_2025\data\odac\pristine_H2O\VEGMOK01_charged\VEGMOK01_charged_w_H2O_1_relaxed.cif,-0.42364653999993607
C:\Users\GED\PycharmProjects\Aixelo_Project_DataLab_2025\data\odac\pristine_H2O\VEGMOK02_charged\VEGMOK02_charged_w_H2O_1_relaxed.cif,-0.5290529179999794
C:\Users\GED\PycharmProjects\Aixelo_Project_DataLab_2025\data\odac\pristine_H2O\VEGMOK03_charged\VEGMOK03_charged_w_H2O_1_relaxed.cif,-0.4148701800000708
C:\Users\GED\PycharmProjects\Aixelo_Project_DataLab_2025\data\odac\pristine_H2O\VEGMOK04_charged\VEGMOK04_charged_w_H2O_1_relaxed.cif,-0.46014569000003575
C:\Users\GED\PycharmProjects\Aixelo_Project_DataLab_2025\data\odac\pristine_H2O\VEGMOK_charged\VEGMOK_charged_w_H2O_1_relaxed.cif,-0.4031529859999409
C:\Users\GED\PycharmProjects\Aixelo_Project_DataLab_2025\data\odac\pristine_H2O\VEHJID01\VEHJID01_w_H2O_1_relaxed.cif,-0.20108967666673527
C:\Users\GED\PycharmProjects\Aixelo_Project_DataLab_2025\data\odac\pristine_H2O\VEHJOJ\VEHJOJ_w_H2O_1_relaxed.cif,0.8198616975000164
C:\Users\GED\PycharmProjects\Aixelo_Project_DataLab_2025\data\odac\pristine_H2O\VEHJUP\VEHJUP_w_H2O_1_relaxed.cif,-0.3011311400001091
C:\Users\GED\PycharmProjects\Aixelo_Project_DataLab_2025\data\odac\pristine_H2O\VEHKIE_SL\VEHKIE_SL_w_H2O_1_relaxed.cif,-0.7579253349999817
C:\Users\GED\PycharmProjects\Aixelo_Project_DataLab_2025\data\odac\pristine_H2O\VEHLAW\VEHLAW_w_H2O_1_relaxed.cif,-0.565747548000013
C:\Users\GED\PycharmProjects\Aixelo_Project_DataLab_2025\data\odac\pristine_H2O\VEHLIE\VEHLIE_w_H2O_1_relaxed.cif,-0.5443650075000619
C:\Users\GED\PycharmProjects\Aixelo_Project_DataLab_2025\data\odac\pristine_H2O\VEHPUU\VEHPUU_w_H2O_1_relaxed.cif,-0.09380181999989642
C:\Users\GED\PycharmProjects\Aixelo_Project_DataLab_2025\data\odac\pristine_H2O\VEHROR_charged\VEHROR_charged_w_H2O_1_relaxed.cif,-0.7736804024999628
C:\Users\GED\PycharmProjects\Aixelo_Project_DataLab_2025\data\odac\pristine_H2O\VEJHID\VEJHID_w_H2O_1_relaxed.cif,-0.46558546333380946
C:\Users\GED\PycharmProjects\Aixelo_Project_DataLab_2025\data\odac\pristine_H2O\VEJYIT\VEJYIT_w_H2O_1_relaxed.cif,-0.21422562249995275
C:\Users\GED\PycharmProjects\Aixelo_Project_DataLab_2025\data\odac\pristine_H2O\VEJYIT01\VEJYIT01_w_H2O_1_relaxed.cif,-0.20074451749991337
C:\Users\GED\PycharmProjects\Aixelo_Project_DataLab_2025\data\odac\pristine_H2O\VEJYOZ\VEJYOZ_w_H2O_1_relaxed.cif,-0.33683869499992625
C:\Users\GED\PycharmProjects\Aixelo_Project_DataLab_2025\data\odac\pristine_H2O\VEMMAC\VEMMAC_w_H2O_1_relaxed.cif,-0.015934672000014444
C:\Users\GED\PycharmProjects\Aixelo_Project_DataLab_2025\data\odac\pristine_H2O\VEMMEG\VEMMEG_w_H2O_1_relaxed.cif,-0.45688076199996885
C:\Users\GED\PycharmProjects\Aixelo_Project_DataLab_2025\data\odac\pristine_H2O\VEMMIK\VEMMIK_w_H2O_1_relaxed.cif,-0.26148234749990706
C:\Users\GED\PycharmProjects\Aixelo_Project_DataLab_2025\data\odac\pristine_H2O\VEMMOQ\VEMMOQ_w_H2O_1_relaxed.cif,-0.09378616250000955
C:\Users\GED\PycharmProjects\Aixelo_Project_DataLab_2025\data\odac\pristine_H2O\VEMSUC\VEMSUC_w_H2O_1_relaxed.cif,-0.02186474599993742
C:\Users\GED\PycharmProjects\Aixelo_Project_DataLab_2025\data\odac\pristine_H2O\VEMSUC01\VEMSUC01_w_H2O_1_relaxed.cif,0.006799147999890899
C:\Users\GED\PycharmProjects\Aixelo_Project_DataLab_2025\data\odac\pristine_H2O\VEQBID\VEQBID_w_H2O_1_relaxed.cif,-0.7824613549997821
C:\Users\GED\PycharmProjects\Aixelo_Project_DataLab_2025\data\odac\pristine_H2O\VETTOE\VETTOE_w_H2O_1_relaxed.cif,-0.18771945399996634
C:\Users\GED\PycharmProjects\Aixelo_Project_DataLab_2025\data\odac\pristine_H2O\VEWKUF\VEWKUF_w_H2O_1_relaxed.cif,-0.22275971000059747
C:\Users\GED\PycharmProjects\Aixelo_Project_DataLab_2025\data\odac\pristine_H2O\VEXVAW\VEXVAW_w_H2O_1_relaxed.cif,-0.16072015200006712
C:\Users\GED\PycharmProjects\Aixelo_Project_DataLab_2025\data\odac\pristine_H2O\VEXYON_charged\VEXYON_charged_w_H2O_1_relaxed.cif,-0.04590239999993173
C:\Users\GED\PycharmProjects\Aixelo_Project_DataLab_2025\data\odac\pristine_H2O\VICDOC\VICDOC_w_H2O_1_relaxed.cif,-0.3527262740000424
C:\Users\GED\PycharmProjects\Aixelo_Project_DataLab_2025\data\odac\pristine_H2O\VICSIL\VICSIL_w_H2O_1_relaxed.cif,-0.5847185240000272
C:\Users\GED\PycharmProjects\Aixelo_Project_DataLab_2025\data\odac\pristine_H2O\VICYOX\VICYOX_w_H2O_1_relaxed.cif,-0.44376842999997734
C:\Users\GED\PycharmProjects\Aixelo_Project_DataLab_2025\data\odac\pristine_H2O\VICYUD\VICYUD_w_H2O_1_relaxed.cif,-0.008436230000052081
C:\Users\GED\PycharmProjects\Aixelo_Project_DataLab_2025\data\odac\pristine_H2O\VIDXOX\VIDXOX_w_H2O_1_relaxed.cif,-0.6323277399999142
C:\Users\GED\PycharmProjects\Aixelo_Project_DataLab_2025\data\odac\pristine_H2O\VILXOE\VILXOE_w_H2O_1_relaxed.cif,-0.3715824259999635
C:\Users\GED\PycharmProjects\Aixelo_Project_DataLab_2025\data\odac\pristine_H2O\VIMRAM\VIMRAM_w_H2O_1_relaxed.cif,-0.023565084000119883
C:\Users\GED\PycharmProjects\Aixelo_Project_DataLab_2025\data\odac\pristine_H2O\VIPYOK\VIPYOK_w_H2O_1_relaxed.cif,-0.6895296699999562
C:\Users\GED\PycharmProjects\Aixelo_Project_DataLab_2025\data\odac\pristine_H2O\VIPZAX\VIPZAX_w_H2O_1_relaxed.cif,-0.12497709999988729
C:\Users\GED\PycharmProjects\Aixelo_Project_DataLab_2025\data\odac\pristine_H2O\VIQFIL\VIQFIL_w_H2O_random_2_relaxed.cif,-0.4059094899999991
C:\Users\GED\PycharmProjects\Aixelo_Project_DataLab_2025\data\odac\pristine_H2O\VIQQUJ\VIQQUJ_w_H2O_1_relaxed.cif,0.5070403499998974
C:\Users\GED\PycharmProjects\Aixelo_Project_DataLab_2025\data\odac\pristine_H2O\VIRKIQ\VIRKIQ_w_H2O_1_relaxed.cif,-0.6424947680000287
C:\Users\GED\PycharmProjects\Aixelo_Project_DataLab_2025\data\odac\pristine_H2O\VIRPOC\VIRPOC_w_H2O_1_relaxed.cif,-0.023454412500029772
C:\Users\GED\PycharmProjects\Aixelo_Project_DataLab_2025\data\odac\pristine_H2O\VIRQES\VIRQES_w_H2O_1_relaxed.cif,-0.2920283799999651
C:\Users\GED\PycharmProjects\Aixelo_Project_DataLab_2025\data\odac\pristine_H2O\VIRVEY\VIRVEY_w_H2O_1_relaxed.cif,-0.33475187750005375
C:\Users\GED\PycharmProjects\Aixelo_Project_DataLab_2025\data\odac\pristine_H2O\VIRXIF\VIRXIF_w_H2O_1_relaxed.cif,-0.3921347220000143
C:\Users\GED\PycharmProjects\Aixelo_Project_DataLab_2025\data\odac\pristine_H2O\VITZAB\VITZAB_w_H2O_1_relaxed.cif,-0.2516045249999763
C:\Users\GED\PycharmProjects\Aixelo_Project_DataLab_2025\data\odac\pristine_H2O\VITZIJ\VITZIJ_w_H2O_1_relaxed.cif,-0.2823622399999976
C:\Users\GED\PycharmProjects\Aixelo_Project_DataLab_2025\data\odac\pristine_H2O\VIVXOP\VIVXOP_w_H2O_1_relaxed.cif,-0.09298949000030912
C:\Users\GED\PycharmProjects\Aixelo_Project_DataLab_2025\data\odac\pristine_H2O\VIWHUG\VIWHUG_w_H2O_1_relaxed.cif,-0.5447640579999188
C:\Users\GED\PycharmProjects\Aixelo_Project_DataLab_2025\data\odac\pristine_H2O\VIWKIX\VIWKIX_w_H2O_1_relaxed.cif,-0.6939677499999183
C:\Users\GED\PycharmProjects\Aixelo_Project_DataLab_2025\data\odac\pristine_H2O\VIWLIY\VIWLIY_w_H2O_1_relaxed.cif,-0.008910013999957282
C:\Users\GED\PycharmProjects\Aixelo_Project_DataLab_2025\data\odac\pristine_H2O\VIWZOR\VIWZOR_w_H2O_1_relaxed.cif,-0.14053918499993753
C:\Users\GED\PycharmProjects\Aixelo_Project_DataLab_2025\data\odac\pristine_H2O\VIXCUB\VIXCUB_w_H2O_1_relaxed.cif,-0.28176899749996664
C:\Users\GED\PycharmProjects\Aixelo_Project_DataLab_2025\data\odac\pristine_H2O\VIXGAM\VIXGAM_w_H2O_1_relaxed.cif,0.0047789733333161
C:\Users\GED\PycharmProjects\Aixelo_Project_DataLab_2025\data\odac\pristine_H2O\VIXGAM01\VIXGAM01_w_H2O_1_relaxed.cif,-0.3330792483333435
C:\Users\GED\PycharmProjects\Aixelo_Project_DataLab_2025\data\odac\pristine_H2O\VIXGEQ\VIXGEQ_w_H2O_1_relaxed.cif,-0.00013153999998868326
C:\Users\GED\PycharmProjects\Aixelo_Project_DataLab_2025\data\odac\pristine_H2O\VIYMAT\VIYMAT_w_H2O_1_relaxed.cif,0.18511355000003962
C:\Users\GED\PycharmProjects\Aixelo_Project_DataLab_2025\data\odac\pristine_H2O\VIYSON\VIYSON_w_H2O_1_relaxed.cif,-0.5178294919999189
C:\Users\GED\PycharmProjects\Aixelo_Project_DataLab_2025\data\odac\pristine_H2O\VIYTAA\VIYTAA_w_H2O_1_relaxed.cif,-0.47976434999991396
C:\Users\GED\PycharmProjects\Aixelo_Project_DataLab_2025\data\odac\pristine_H2O\VIYVIK\VIYVIK_w_H2O_1_relaxed.cif,-0.4490641400002005
C:\Users\GED\PycharmProjects\Aixelo_Project_DataLab_2025\data\odac\pristine_H2O\VIZSOO\VIZSOO_w_H2O_1_relaxed.cif,-0.4688632575002884
C:\Users\GED\PycharmProjects\Aixelo_Project_DataLab_2025\data\odac\pristine_H2O\VOBKAA\VOBKAA_w_H2O_1_relaxed.cif,-0.5473481900001389
C:\Users\GED\PycharmProjects\Aixelo_Project_DataLab_2025\data\odac\pristine_H2O\VOBRUB\VOBRUB_w_H2O_1_relaxed.cif,-0.1222558879999042
C:\Users\GED\PycharmProjects\Aixelo_Project_DataLab_2025\data\odac\pristine_H2O\VODSEM\VODSEM_w_H2O_1_relaxed.cif,-0.734108938000054
C:\Users\GED\PycharmProjects\Aixelo_Project_DataLab_2025\data\odac\pristine_H2O\VOGTIV_clean_h\VOGTIV_clean_h_w_H2O_1_relaxed.cif,-0.3604207175000056
C:\Users\GED\PycharmProjects\Aixelo_Project_DataLab_2025\data\odac\pristine_H2O\VOHQEO\VOHQEO_w_H2O_1_relaxed.cif,-0.2858768850000217
C:\Users\GED\PycharmProjects\Aixelo_Project_DataLab_2025\data\odac\pristine_H2O\VOHQIS\VOHQIS_w_H2O_1_relaxed.cif,-0.5554324216666563
C:\Users\GED\PycharmProjects\Aixelo_Project_DataLab_2025\data\odac\pristine_H2O\VOJGOS\VOJGOS_w_H2O_1_relaxed.cif,-0.3713828575000093
C:\Users\GED\PycharmProjects\Aixelo_Project_DataLab_2025\data\odac\pristine_H2O\VOLPET\VOLPET_w_H2O_1_relaxed.cif,-0.27662834750006476
C:\Users\GED\PycharmProjects\Aixelo_Project_DataLab_2025\data\odac\pristine_H2O\VOLQOD\VOLQOD_w_H2O_1_relaxed.cif,-0.2753693080001539
C:\Users\GED\PycharmProjects\Aixelo_Project_DataLab_2025\data\odac\pristine_H2O\VONCIM\VONCIM_w_H2O_1_relaxed.cif,-1.2170014540000011
C:\Users\GED\PycharmProjects\Aixelo_Project_DataLab_2025\data\odac\pristine_H2O\VONCOS\VONCOS_w_H2O_1_relaxed.cif,-0.8701341159998719
C:\Users\GED\PycharmProjects\Aixelo_Project_DataLab_2025\data\odac\pristine_H2O\VONDEJ\VONDEJ_w_H2O_1_relaxed.cif,-0.343697481999925
C:\Users\GED\PycharmProjects\Aixelo_Project_DataLab_2025\data\odac\pristine_H2O\VOTKEW\VOTKEW_w_H2O_1_relaxed.cif,-0.9490639659999488
C:\Users\GED\PycharmProjects\Aixelo_Project_DataLab_2025\data\odac\pristine_H2O\VOVKUO\VOVKUO_w_H2O_1_relaxed.cif,1.225303262000034
C:\Users\GED\PycharmProjects\Aixelo_Project_DataLab_2025\data\odac\pristine_H2O\VOXQOQ\VOXQOQ_w_H2O_1_relaxed.cif,-0.5680146760000753
C:\Users\GED\PycharmProjects\Aixelo_Project_DataLab_2025\data\odac\pristine_H2O\VOXVEL\VOXVEL_w_H2O_1_relaxed.cif,-0.6022131880000415
C:\Users\GED\PycharmProjects\Aixelo_Project_DataLab_2025\data\odac\pristine_H2O\VOXYUE\VOXYUE_w_H2O_random_1_relaxed.cif,0.20993657500002885
C:\Users\GED\PycharmProjects\Aixelo_Project_DataLab_2025\data\odac\pristine_H2O\VUCTUK\VUCTUK_w_H2O_1_relaxed.cif,-0.23938194599996904
C:\Users\GED\PycharmProjects\Aixelo_Project_DataLab_2025\data\odac\pristine_H2O\VUFBEE\VUFBEE_w_H2O_1_relaxed.cif,-0.7661290679999524
C:\Users\GED\PycharmProjects\Aixelo_Project_DataLab_2025\data\odac\pristine_H2O\VUGWUR\VUGWUR_w_H2O_1_relaxed.cif,-0.2579059066665839
C:\Users\GED\PycharmProjects\Aixelo_Project_DataLab_2025\data\odac\pristine_H2O\VUGXAY\VUGXAY_w_H2O_1_relaxed.cif,-0.4247858616666728
C:\Users\GED\PycharmProjects\Aixelo_Project_DataLab_2025\data\odac\pristine_H2O\VUGXEC\VUGXEC_w_H2O_1_relaxed.cif,-0.4290218533333056
C:\Users\GED\PycharmProjects\Aixelo_Project_DataLab_2025\data\odac\pristine_H2O\VUGXIG\VUGXIG_w_H2O_1_relaxed.cif,-0.4343642916666302
C:\Users\GED\PycharmProjects\Aixelo_Project_DataLab_2025\data\odac\pristine_H2O\VUGXOM\VUGXOM_w_H2O_1_relaxed.cif,-0.3924591216666424
C:\Users\GED\PycharmProjects\Aixelo_Project_DataLab_2025\data\odac\pristine_H2O\VUGYED\VUGYED_w_H2O_2_relaxed.cif,-0.31539674250001326
C:\Users\GED\PycharmProjects\Aixelo_Project_DataLab_2025\data\odac\pristine_H2O\VUHJAK\VUHJAK_w_H2O_1_relaxed.cif,-0.3810911679999208
C:\Users\GED\PycharmProjects\Aixelo_Project_DataLab_2025\data\odac\pristine_H2O\VUKHOZ\VUKHOZ_w_H2O_1_relaxed.cif,-0.2743337475000658
C:\Users\GED\PycharmProjects\Aixelo_Project_DataLab_2025\data\odac\pristine_H2O\VUKROK\VUKROK_w_H2O_1_relaxed.cif,-0.34058298749997107
C:\Users\GED\PycharmProjects\Aixelo_Project_DataLab_2025\data\odac\pristine_H2O\VUKRUQ\VUKRUQ_w_H2O_1_relaxed.cif,-0.30583393499996697
C:\Users\GED\PycharmProjects\Aixelo_Project_DataLab_2025\data\odac\pristine_H2O\VUKSAX\VUKSAX_w_H2O_1_relaxed.cif,-0.052775090000011425
C:\Users\GED\PycharmProjects\Aixelo_Project_DataLab_2025\data\odac\pristine_H2O\VUKSOL\VUKSOL_w_H2O_1_relaxed.cif,-0.5907187519999979
C:\Users\GED\PycharmProjects\Aixelo_Project_DataLab_2025\data\odac\pristine_H2O\VULFIT\VULFIT_w_H2O_1_relaxed.cif,-0.44471716799989736
C:\Users\GED\PycharmProjects\Aixelo_Project_DataLab_2025\data\odac\pristine_H2O\VULFOZ\VULFOZ_w_H2O_1_relaxed.cif,-0.5432819350000386
C:\Users\GED\PycharmProjects\Aixelo_Project_DataLab_2025\data\odac\pristine_H2O\VULKIX\VULKIX_w_H2O_1_relaxed.cif,-0.6263877040000125
C:\Users\GED\PycharmProjects\Aixelo_Project_DataLab_2025\data\odac\pristine_H2O\VULKOD\VULKOD_w_H2O_1_relaxed.cif,-0.372415176000186
C:\Users\GED\PycharmProjects\Aixelo_Project_DataLab_2025\data\odac\pristine_H2O\VUMBIQ\VUMBIQ_w_H2O_random_2_relaxed.cif,-0.6164586800000507
C:\Users\GED\PycharmProjects\Aixelo_Project_DataLab_2025\data\odac\pristine_H2O\VUMBOW\VUMBOW_w_H2O_1_relaxed.cif,-0.6737701166669771
C:\Users\GED\PycharmProjects\Aixelo_Project_DataLab_2025\data\odac\pristine_H2O\VUMCEM\VUMCEM_w_H2O_1_relaxed.cif,-0.4545810366666956
C:\Users\GED\PycharmProjects\Aixelo_Project_DataLab_2025\data\odac\pristine_H2O\VUNHAO\VUNHAO_w_H2O_1_relaxed.cif,-0.17602391250005664
C:\Users\GED\PycharmProjects\Aixelo_Project_DataLab_2025\data\odac\pristine_H2O\VUNNEZ\VUNNEZ_w_H2O_1_relaxed.cif,0.029261009999970576
C:\Users\GED\PycharmProjects\Aixelo_Project_DataLab_2025\data\odac\pristine_H2O\VUQJUN\VUQJUN_w_H2O_1_relaxed.cif,-0.3606086325002025
C:\Users\GED\PycharmProjects\Aixelo_Project_DataLab_2025\data\odac\pristine_H2O\VUQJUN01\VUQJUN01_w_H2O_1_relaxed.cif,-0.511132622499872
C:\Users\GED\PycharmProjects\Aixelo_Project_DataLab_2025\data\odac\pristine_H2O\VUQKAU\VUQKAU_w_H2O_1_relaxed.cif,-0.6053163359998962
C:\Users\GED\PycharmProjects\Aixelo_Project_DataLab_2025\data\odac\pristine_H2O\VUQKAU02\VUQKAU02_w_H2O_random_1_relaxed.cif,-0.49592900000004647
C:\Users\GED\PycharmProjects\Aixelo_Project_DataLab_2025\data\odac\pristine_H2O\VUQKOI\VUQKOI_w_H2O_1_relaxed.cif,-0.5204374780000762
C:\Users\GED\PycharmProjects\Aixelo_Project_DataLab_2025\data\odac\pristine_H2O\VUQKUO\VUQKUO_w_H2O_1_relaxed.cif,-0.6778853620004156
C:\Users\GED\PycharmProjects\Aixelo_Project_DataLab_2025\data\odac\pristine_H2O\VURLIF\VURLIF_w_H2O_1_relaxed.cif,-0.05815981799996732
C:\Users\GED\PycharmProjects\Aixelo_Project_DataLab_2025\data\odac\pristine_H2O\VURNED\VURNED_w_H2O_1_relaxed.cif,0.67599961599999
C:\Users\GED\PycharmProjects\Aixelo_Project_DataLab_2025\data\odac\pristine_H2O\VURNED01\VURNED01_w_H2O_2_relaxed.cif,-0.18399455999997372
C:\Users\GED\PycharmProjects\Aixelo_Project_DataLab_2025\data\odac\pristine_H2O\VURNED02\VURNED02_w_H2O_1_relaxed.cif,-0.03110988500006326
C:\Users\GED\PycharmProjects\Aixelo_Project_DataLab_2025\data\odac\pristine_H2O\VURNED03\VURNED03_w_H2O_1_relaxed.cif,5.1507324200000255
C:\Users\GED\PycharmProjects\Aixelo_Project_DataLab_2025\data\odac\pristine_H2O\VURNED04\VURNED04_w_H2O_2_relaxed.cif,-0.29947626000006267
C:\Users\GED\PycharmProjects\Aixelo_Project_DataLab_2025\data\odac\pristine_H2O\VURYIR\VURYIR_w_H2O_random_1_relaxed.cif,-0.740280279999979
C:\Users\GED\PycharmProjects\Aixelo_Project_DataLab_2025\data\odac\pristine_H2O\VURYOX\VURYOX_w_H2O_1_relaxed.cif,-0.12692182999992382
C:\Users\GED\PycharmProjects\Aixelo_Project_DataLab_2025\data\odac\pristine_H2O\VUSKAW\VUSKAW_w_H2O_1_relaxed.cif,-0.19859239249996105
C:\Users\GED\PycharmProjects\Aixelo_Project_DataLab_2025\data\odac\pristine_H2O\VUSKEA\VUSKEA_w_H2O_1_relaxed.cif,-0.22948886749992423
C:\Users\GED\PycharmProjects\Aixelo_Project_DataLab_2025\data\odac\pristine_H2O\VUWSAJ\VUWSAJ_w_H2O_3_relaxed.cif,-0.4218307400000185
C:\Users\GED\PycharmProjects\Aixelo_Project_DataLab_2025\data\odac\pristine_H2O\WABTOK\WABTOK_w_H2O_1_relaxed.cif,-0.4549311824999904
C:\Users\GED\PycharmProjects\Aixelo_Project_DataLab_2025\data\odac\pristine_H2O\WABVIF\WABVIF_w_H2O_2_relaxed.cif,0.005509053333317568
C:\Users\GED\PycharmProjects\Aixelo_Project_DataLab_2025\data\odac\pristine_H2O\WABVIF01\WABVIF01_w_H2O_1_relaxed.cif,-0.3659657300000134
C:\Users\GED\PycharmProjects\Aixelo_Project_DataLab_2025\data\odac\pristine_H2O\WABVIF02\WABVIF02_w_H2O_1_relaxed.cif,-0.34535550750000255
C:\Users\GED\PycharmProjects\Aixelo_Project_DataLab_2025\data\odac\pristine_H2O\WABVIF03\WABVIF03_w_H2O_2_relaxed.cif,-0.3373396499999804
C:\Users\GED\PycharmProjects\Aixelo_Project_DataLab_2025\data\odac\pristine_H2O\WABVIF04\WABVIF04_w_H2O_2_relaxed.cif,-0.18988659666669605
C:\Users\GED\PycharmProjects\Aixelo_Project_DataLab_2025\data\odac\pristine_H2O\WABVUR\WABVUR_w_H2O_1_relaxed.cif,1.2158052350000617
C:\Users\GED\PycharmProjects\Aixelo_Project_DataLab_2025\data\odac\pristine_H2O\WABWAY\WABWAY_w_H2O_1_relaxed.cif,1.9101800199999843
C:\Users\GED\PycharmProjects\Aixelo_Project_DataLab_2025\data\odac\pristine_H2O\WABWEC\WABWEC_w_H2O_1_relaxed.cif,1.4784324274999392
C:\Users\GED\PycharmProjects\Aixelo_Project_DataLab_2025\data\odac\pristine_H2O\WACLEU\WACLEU_w_H2O_1_relaxed.cif,-0.502032046000022
C:\Users\GED\PycharmProjects\Aixelo_Project_DataLab_2025\data\odac\pristine_H2O\WAFKAQ\WAFKAQ_w_H2O_1_relaxed.cif,0.0294124175001116
C:\Users\GED\PycharmProjects\Aixelo_Project_DataLab_2025\data\odac\pristine_H2O\WAFKIY\WAFKIY_w_H2O_1_relaxed.cif,5.660125732500006
C:\Users\GED\PycharmProjects\Aixelo_Project_DataLab_2025\data\odac\pristine_H2O\WAGZEL\WAGZEL_w_H2O_1_relaxed.cif,0.03728273799997622
C:\Users\GED\PycharmProjects\Aixelo_Project_DataLab_2025\data\odac\pristine_H2O\WAHFUJ01\WAHFUJ01_w_H2O_1_relaxed.cif,-0.3604339519998575
C:\Users\GED\PycharmProjects\Aixelo_Project_DataLab_2025\data\odac\pristine_H2O\WAHGIY\WAHGIY_w_H2O_1_relaxed.cif,-0.32310845800011523
C:\Users\GED\PycharmProjects\Aixelo_Project_DataLab_2025\data\odac\pristine_H2O\WAHKUO\WAHKUO_w_H2O_1_relaxed.cif,-0.6819151650006461
C:\Users\GED\PycharmProjects\Aixelo_Project_DataLab_2025\data\odac\pristine_H2O\WAHNEB\WAHNEB_w_H2O_1_relaxed.cif,-0.2770573900002091
C:\Users\GED\PycharmProjects\Aixelo_Project_DataLab_2025\data\odac\pristine_H2O\WAHNOL\WAHNOL_w_H2O_2_relaxed.cif,-0.6010475250000127
C:\Users\GED\PycharmProjects\Aixelo_Project_DataLab_2025\data\odac\pristine_H2O\WAJHOG\WAJHOG_w_H2O_1_relaxed.cif,-0.4040550799999437
C:\Users\GED\PycharmProjects\Aixelo_Project_DataLab_2025\data\odac\pristine_H2O\WALKAY\WALKAY_w_H2O_1_relaxed.cif,0.1222332975003155
C:\Users\GED\PycharmProjects\Aixelo_Project_DataLab_2025\data\odac\pristine_H2O\WALMOO\WALMOO_w_H2O_1_relaxed.cif,-0.3239641380000194
C:\Users\GED\PycharmProjects\Aixelo_Project_DataLab_2025\data\odac\pristine_H2O\WAMREJ\WAMREJ_w_H2O_1_relaxed.cif,-0.013394565000112348
C:\Users\GED\PycharmProjects\Aixelo_Project_DataLab_2025\data\odac\pristine_H2O\WAMRIN\WAMRIN_w_H2O_1_relaxed.cif,-0.10815108499974713
C:\Users\GED\PycharmProjects\Aixelo_Project_DataLab_2025\data\odac\pristine_H2O\WAMRIN01\WAMRIN01_w_H2O_1_relaxed.cif,-0.2691064525004094
C:\Users\GED\PycharmProjects\Aixelo_Project_DataLab_2025\data\odac\pristine_H2O\WAMRIN02\WAMRIN02_w_H2O_1_relaxed.cif,-0.4510738699999024
C:\Users\GED\PycharmProjects\Aixelo_Project_DataLab_2025\data\odac\pristine_H2O\WAQDOJ_charged\WAQDOJ_charged_w_H2O_1_relaxed.cif,-0.38329884199993103
C:\Users\GED\PycharmProjects\Aixelo_Project_DataLab_2025\data\odac\pristine_H2O\WAQFIG\WAQFIG_w_H2O_1_relaxed.cif,-0.2930468825000503
C:\Users\GED\PycharmProjects\Aixelo_Project_DataLab_2025\data\odac\pristine_H2O\WARFAY05\WARFAY05_w_H2O_1_relaxed.cif,-0.3463887699999304
C:\Users\GED\PycharmProjects\Aixelo_Project_DataLab_2025\data\odac\pristine_H2O\WARJAC\WARJAC_w_H2O_1_relaxed.cif,-0.9059893133333693
C:\Users\GED\PycharmProjects\Aixelo_Project_DataLab_2025\data\odac\pristine_H2O\WASNIO\WASNIO_w_H2O_1_relaxed.cif,-0.6557820280000215
C:\Users\GED\PycharmProjects\Aixelo_Project_DataLab_2025\data\odac\pristine_H2O\WASPAK\WASPAK_w_H2O_1_relaxed.cif,-0.25938914800008206
C:\Users\GED\PycharmProjects\Aixelo_Project_DataLab_2025\data\odac\pristine_H2O\WAVQUH\WAVQUH_w_H2O_1_relaxed.cif,-0.1943608659997153
C:\Users\GED\PycharmProjects\Aixelo_Project_DataLab_2025\data\odac\pristine_H2O\WAWGOQ\WAWGOQ_w_H2O_1_relaxed.cif,-0.29230190000007494
C:\Users\GED\PycharmProjects\Aixelo_Project_DataLab_2025\data\odac\pristine_H2O\WAYKAK\WAYKAK_w_H2O_2_relaxed.cif,0.6178373049999948
C:\Users\GED\PycharmProjects\Aixelo_Project_DataLab_2025\data\odac\pristine_H2O\WAYMAM\WAYMAM_w_H2O_1_relaxed.cif,-0.2436569150000025
C:\Users\GED\PycharmProjects\Aixelo_Project_DataLab_2025\data\odac\pristine_H2O\WAYMEQ_SL\WAYMEQ_SL_w_H2O_1_relaxed.cif,0.4031478299999378
C:\Users\GED\PycharmProjects\Aixelo_Project_DataLab_2025\data\odac\pristine_H2O\WAYMIU_manual\WAYMIU_manual_w_H2O_1_relaxed.cif,0.08705925000006687
C:\Users\GED\PycharmProjects\Aixelo_Project_DataLab_2025\data\odac\pristine_H2O\WAYMOA_manual\WAYMOA_manual_w_H2O_1_relaxed.cif,0.30113812750002467
C:\Users\GED\PycharmProjects\Aixelo_Project_DataLab_2025\data\odac\pristine_H2O\WAZCUX\WAZCUX_w_H2O_2_relaxed.cif,-0.7977244274999862
C:\Users\GED\PycharmProjects\Aixelo_Project_DataLab_2025\data\odac\pristine_H2O\WAZRAS\WAZRAS_w_H2O_1_relaxed.cif,-0.6219737460000033
C:\Users\GED\PycharmProjects\Aixelo_Project_DataLab_2025\data\odac\pristine_H2O\WEBKOD\WEBKOD_w_H2O_1_relaxed.cif,-0.3594616780000024
C:\Users\GED\PycharmProjects\Aixelo_Project_DataLab_2025\data\odac\pristine_H2O\WEBREC\WEBREC_w_H2O_1_relaxed.cif,-0.6003093759999956
C:\Users\GED\PycharmProjects\Aixelo_Project_DataLab_2025\data\odac\pristine_H2O\WECBEN\WECBEN_w_H2O_1_relaxed.cif,-0.25362304750001385
C:\Users\GED\PycharmProjects\Aixelo_Project_DataLab_2025\data\odac\pristine_H2O\WECBOX\WECBOX_w_H2O_1_relaxed.cif,0.6148602000001802
C:\Users\GED\PycharmProjects\Aixelo_Project_DataLab_2025\data\odac\pristine_H2O\WECFAN01\WECFAN01_w_H2O_1_relaxed.cif,-0.7207721033332367
C:\Users\GED\PycharmProjects\Aixelo_Project_DataLab_2025\data\odac\pristine_H2O\WEDQED\WEDQED_w_H2O_1_relaxed.cif,-0.661374645999922
C:\Users\GED\PycharmProjects\Aixelo_Project_DataLab_2025\data\odac\pristine_H2O\WEFCAN\WEFCAN_w_H2O_1_relaxed.cif,-0.335548302000052
C:\Users\GED\PycharmProjects\Aixelo_Project_DataLab_2025\data\odac\pristine_H2O\WEFXEM\WEFXEM_w_H2O_3_relaxed.cif,-0.2602407500000936
C:\Users\GED\PycharmProjects\Aixelo_Project_DataLab_2025\data\odac\pristine_H2O\WEFZIS\WEFZIS_w_H2O_1_relaxed.cif,-0.5855427649999854
C:\Users\GED\PycharmProjects\Aixelo_Project_DataLab_2025\data\odac\pristine_H2O\WEGDIX_charged\WEGDIX_charged_w_H2O_1_relaxed.cif,-0.38760690199997044
C:\Users\GED\PycharmProjects\Aixelo_Project_DataLab_2025\data\odac\pristine_H2O\WEGFUL\WEGFUL_w_H2O_1_relaxed.cif,-0.5096452659999159
C:\Users\GED\PycharmProjects\Aixelo_Project_DataLab_2025\data\odac\pristine_H2O\WEGGAS\WEGGAS_w_H2O_1_relaxed.cif,-0.5124989499999856
C:\Users\GED\PycharmProjects\Aixelo_Project_DataLab_2025\data\odac\pristine_H2O\WEHHEY\WEHHEY_w_H2O_1_relaxed.cif,-0.43066016200036755
C:\Users\GED\PycharmProjects\Aixelo_Project_DataLab_2025\data\odac\pristine_H2O\WEHHIC\WEHHIC_w_H2O_1_relaxed.cif,-0.42936822500007565
C:\Users\GED\PycharmProjects\Aixelo_Project_DataLab_2025\data\odac\pristine_H2O\WEHHOI\WEHHOI_w_H2O_1_relaxed.cif,0.8860989359995074
C:\Users\GED\PycharmProjects\Aixelo_Project_DataLab_2025\data\odac\pristine_H2O\WEHHUO\WEHHUO_w_H2O_1_relaxed.cif,-0.3007022720002169
C:\Users\GED\PycharmProjects\Aixelo_Project_DataLab_2025\data\odac\pristine_H2O\WEHJAW\WEHJAW_w_H2O_2_relaxed.cif,1.10446168999988
C:\Users\GED\PycharmProjects\Aixelo_Project_DataLab_2025\data\odac\pristine_H2O\WEHQAC_charged\WEHQAC_charged_w_H2O_1_relaxed.cif,-0.5208416174999115
C:\Users\GED\PycharmProjects\Aixelo_Project_DataLab_2025\data\odac\pristine_H2O\WEHRIL_charged\WEHRIL_charged_w_H2O_1_relaxed.cif,-0.27583862599994974
C:\Users\GED\PycharmProjects\Aixelo_Project_DataLab_2025\data\odac\pristine_H2O\WEMDID\WEMDID_w_H2O_1_relaxed.cif,1.8419925050000643
C:\Users\GED\PycharmProjects\Aixelo_Project_DataLab_2025\data\odac\pristine_H2O\WEMDUP\WEMDUP_w_H2O_1_relaxed.cif,-0.36979531999998017
C:\Users\GED\PycharmProjects\Aixelo_Project_DataLab_2025\data\odac\pristine_H2O\WEMFAX\WEMFAX_w_H2O_1_relaxed.cif,-0.33094091333333603
C:\Users\GED\PycharmProjects\Aixelo_Project_DataLab_2025\data\odac\pristine_H2O\WEMFEB\WEMFEB_w_H2O_1_relaxed.cif,-0.21938334999998685
C:\Users\GED\PycharmProjects\Aixelo_Project_DataLab_2025\data\odac\pristine_H2O\WEMNAF\WEMNAF_w_H2O_1_relaxed.cif,-0.3354045860000269
C:\Users\GED\PycharmProjects\Aixelo_Project_DataLab_2025\data\odac\pristine_H2O\WEMYEU\WEMYEU_w_H2O_1_relaxed.cif,0.1467172019996724
C:\Users\GED\PycharmProjects\Aixelo_Project_DataLab_2025\data\odac\pristine_H2O\WENDIE\WENDIE_w_H2O_1_relaxed.cif,-0.37809138666665376
C:\Users\GED\PycharmProjects\Aixelo_Project_DataLab_2025\data\odac\pristine_H2O\WENKEH\WENKEH_w_H2O_1_relaxed.cif,-0.045494434999909614
C:\Users\GED\PycharmProjects\Aixelo_Project_DataLab_2025\data\odac\pristine_H2O\WENKIL_manual\WENKIL_manual_w_H2O_1_relaxed.cif,-0.36495242800001504
C:\Users\GED\PycharmProjects\Aixelo_Project_DataLab_2025\data\odac\pristine_H2O\WENKOR\WENKOR_w_H2O_1_relaxed.cif,-0.4346499020001374
C:\Users\GED\PycharmProjects\Aixelo_Project_DataLab_2025\data\odac\pristine_H2O\WERHIK\WERHIK_w_H2O_1_relaxed.cif,-0.40525650666665075
C:\Users\GED\PycharmProjects\Aixelo_Project_DataLab_2025\data\odac\pristine_H2O\WEVQIX\WEVQIX_w_H2O_1_relaxed.cif,-0.2192331759998524
C:\Users\GED\PycharmProjects\Aixelo_Project_DataLab_2025\data\odac\pristine_H2O\WEVQOD\WEVQOD_w_H2O_1_relaxed.cif,-0.15870285000005424
C:\Users\GED\PycharmProjects\Aixelo_Project_DataLab_2025\data\odac\pristine_H2O\WEVQOD01\WEVQOD01_w_H2O_1_relaxed.cif,-0.5080081999997977
C:\Users\GED\PycharmProjects\Aixelo_Project_DataLab_2025\data\odac\pristine_H2O\WEVQUJ\WEVQUJ_w_H2O_2_relaxed.cif,-0.16741670999988406
C:\Users\GED\PycharmProjects\Aixelo_Project_DataLab_2025\data\odac\pristine_H2O\WEVRUK\WEVRUK_w_H2O_1_relaxed.cif,-0.11396730750004733
C:\Users\GED\PycharmProjects\Aixelo_Project_DataLab_2025\data\odac\pristine_H2O\WEXTAV\WEXTAV_w_H2O_1_relaxed.cif,-0.25132219499997177
C:\Users\GED\PycharmProjects\Aixelo_Project_DataLab_2025\data\odac\pristine_H2O\WEYQAU01\WEYQAU01_w_H2O_1_relaxed.cif,0.013769045999879359
C:\Users\GED\PycharmProjects\Aixelo_Project_DataLab_2025\data\odac\pristine_H2O\WEYQAU02\WEYQAU02_w_H2O_1_relaxed.cif,0.1849929360001624
C:\Users\GED\PycharmProjects\Aixelo_Project_DataLab_2025\data\odac\pristine_H2O\WEYQAU03\WEYQAU03_w_H2O_1_relaxed.cif,0.16707904799991408
C:\Users\GED\PycharmProjects\Aixelo_Project_DataLab_2025\data\odac\pristine_H2O\WEYQAU04\WEYQAU04_w_H2O_1_relaxed.cif,-0.3986007960000279
C:\Users\GED\PycharmProjects\Aixelo_Project_DataLab_2025\data\odac\pristine_H2O\WEYQAU05\WEYQAU05_w_H2O_1_relaxed.cif,0.03528653400003352
C:\Users\GED\PycharmProjects\Aixelo_Project_DataLab_2025\data\odac\pristine_H2O\WEYQAU06\WEYQAU06_w_H2O_random_1_relaxed.cif,-0.4337904650001292
C:\Users\GED\PycharmProjects\Aixelo_Project_DataLab_2025\data\odac\pristine_H2O\WEYQAU07\WEYQAU07_w_H2O_1_relaxed.cif,0.12656928599981254
C:\Users\GED\PycharmProjects\Aixelo_Project_DataLab_2025\data\odac\pristine_H2O\WEYQAU08\WEYQAU08_w_H2O_1_relaxed.cif,-0.3736259199999495
C:\Users\GED\PycharmProjects\Aixelo_Project_DataLab_2025\data\odac\pristine_H2O\WEYQAU09\WEYQAU09_w_H2O_1_relaxed.cif,0.18379944200014503
C:\Users\GED\PycharmProjects\Aixelo_Project_DataLab_2025\data\odac\pristine_H2O\WEYQAU10\WEYQAU10_w_H2O_1_relaxed.cif,-0.5537569480001366
C:\Users\GED\PycharmProjects\Aixelo_Project_DataLab_2025\data\odac\pristine_H2O\WEYQAU12\WEYQAU12_w_H2O_1_relaxed.cif,-0.5390618380000433
C:\Users\GED\PycharmProjects\Aixelo_Project_DataLab_2025\data\odac\pristine_H2O\WEZCIO\WEZCIO_w_H2O_1_relaxed.cif,-0.34571288249998133
C:\Users\GED\PycharmProjects\Aixelo_Project_DataLab_2025\data\odac\pristine_H2O\WICGEV\WICGEV_w_H2O_1_relaxed.cif,-0.011850420000058634
C:\Users\GED\PycharmProjects\Aixelo_Project_DataLab_2025\data\odac\pristine_H2O\WIDQEG\WIDQEG_w_H2O_1_relaxed.cif,-0.5008557375000748
C:\Users\GED\PycharmProjects\Aixelo_Project_DataLab_2025\data\odac\pristine_H2O\WIDZUG\WIDZUG_w_H2O_1_relaxed.cif,-0.41459338799998025
C:\Users\GED\PycharmProjects\Aixelo_Project_DataLab_2025\data\odac\pristine_H2O\WIFBAQ\WIFBAQ_w_H2O_1_relaxed.cif,-0.29310668999996775
C:\Users\GED\PycharmProjects\Aixelo_Project_DataLab_2025\data\odac\pristine_H2O\WIHDUN\WIHDUN_w_H2O_1_relaxed.cif,0.3802678680001008
C:\Users\GED\PycharmProjects\Aixelo_Project_DataLab_2025\data\odac\pristine_H2O\WIHVAL\WIHVAL_w_H2O_1_relaxed.cif,0.6651720075000185
C:\Users\GED\PycharmProjects\Aixelo_Project_DataLab_2025\data\odac\pristine_H2O\WIHVEP\WIHVEP_w_H2O_1_relaxed.cif,-0.3907451475000698
C:\Users\GED\PycharmProjects\Aixelo_Project_DataLab_2025\data\odac\pristine_H2O\WIHWAN\WIHWAN_w_H2O_1_relaxed.cif,-0.4244100825003443
C:\Users\GED\PycharmProjects\Aixelo_Project_DataLab_2025\data\odac\pristine_H2O\WIJDAV\WIJDAV_w_H2O_1_relaxed.cif,-0.47738462250003977
C:\Users\GED\PycharmProjects\Aixelo_Project_DataLab_2025\data\odac\pristine_H2O\WIKLOT\WIKLOT_w_H2O_1_relaxed.cif,-0.8072273099999165
C:\Users\GED\PycharmProjects\Aixelo_Project_DataLab_2025\data\odac\pristine_H2O\WILDUR\WILDUR_w_H2O_1_relaxed.cif,-0.04539706399996246
C:\Users\GED\PycharmProjects\Aixelo_Project_DataLab_2025\data\odac\pristine_H2O\WILFAZ\WILFAZ_w_H2O_1_relaxed.cif,-0.4879701083334946
C:\Users\GED\PycharmProjects\Aixelo_Project_DataLab_2025\data\odac\pristine_H2O\WILGII\WILGII_w_H2O_1_relaxed.cif,-0.002187373333337401
C:\Users\GED\PycharmProjects\Aixelo_Project_DataLab_2025\data\odac\pristine_H2O\WILHIK\WILHIK_w_H2O_1_relaxed.cif,-0.3157654219999585
C:\Users\GED\PycharmProjects\Aixelo_Project_DataLab_2025\data\odac\pristine_H2O\WILNEL01\WILNEL01_w_H2O_1_relaxed.cif,-0.43422335600052975
C:\Users\GED\PycharmProjects\Aixelo_Project_DataLab_2025\data\odac\pristine_H2O\WILRAK\WILRAK_w_H2O_1_relaxed.cif,4.112255804999961
C:\Users\GED\PycharmProjects\Aixelo_Project_DataLab_2025\data\odac\pristine_H2O\WILREO\WILREO_w_H2O_1_relaxed.cif,0.6281688199999849
C:\Users\GED\PycharmProjects\Aixelo_Project_DataLab_2025\data\odac\pristine_H2O\WILRIS\WILRIS_w_H2O_1_relaxed.cif,-0.37343236999993223
C:\Users\GED\PycharmProjects\Aixelo_Project_DataLab_2025\data\odac\pristine_H2O\WIMWIA\WIMWIA_w_H2O_1_relaxed.cif,-0.6774463940000259
C:\Users\GED\PycharmProjects\Aixelo_Project_DataLab_2025\data\odac\pristine_H2O\WINCEC\WINCEC_w_H2O_1_relaxed.cif,0.12623916399995774
C:\Users\GED\PycharmProjects\Aixelo_Project_DataLab_2025\data\odac\pristine_H2O\WIPLOY\WIPLOY_w_H2O_1_relaxed.cif,0.6493070740000348
C:\Users\GED\PycharmProjects\Aixelo_Project_DataLab_2025\data\odac\pristine_H2O\WISTID\WISTID_w_H2O_1_relaxed.cif,-0.4699394419999862
C:\Users\GED\PycharmProjects\Aixelo_Project_DataLab_2025\data\odac\pristine_H2O\WISVEB\WISVEB_w_H2O_1_relaxed.cif,-0.40982638750000433
C:\Users\GED\PycharmProjects\Aixelo_Project_DataLab_2025\data\odac\pristine_H2O\WIVKOD\WIVKOD_w_H2O_1_relaxed.cif,0.017940946000044283
C:\Users\GED\PycharmProjects\Aixelo_Project_DataLab_2025\data\odac\pristine_H2O\WIVVII\WIVVII_w_H2O_1_relaxed.cif,-0.3826982320003481
C:\Users\GED\PycharmProjects\Aixelo_Project_DataLab_2025\data\odac\pristine_H2O\WIWQUO\WIWQUO_w_H2O_1_relaxed.cif,10.38289523000006
C:\Users\GED\PycharmProjects\Aixelo_Project_DataLab_2025\data\odac\pristine_H2O\WIYFAM\WIYFAM_w_H2O_1_relaxed.cif,-0.2935683699999458
C:\Users\GED\PycharmProjects\Aixelo_Project_DataLab_2025\data\odac\pristine_H2O\WIYZOU\WIYZOU_w_H2O_random_1_relaxed.cif,0.06134550500001975
C:\Users\GED\PycharmProjects\Aixelo_Project_DataLab_2025\data\odac\pristine_H2O\WIZDEP\WIZDEP_w_H2O_1_relaxed.cif,-0.5215088925000231
C:\Users\GED\PycharmProjects\Aixelo_Project_DataLab_2025\data\odac\pristine_H2O\WIZKOH\WIZKOH_w_H2O_1_relaxed.cif,-0.27445895000005294
C:\Users\GED\PycharmProjects\Aixelo_Project_DataLab_2025\data\odac\pristine_H2O\WOBHEB01\WOBHEB01_w_H2O_1_relaxed.cif,-0.4466955824999985
C:\Users\GED\PycharmProjects\Aixelo_Project_DataLab_2025\data\odac\pristine_H2O\WOBHOL\WOBHOL_w_H2O_1_relaxed.cif,-0.4484766749999949
C:\Users\GED\PycharmProjects\Aixelo_Project_DataLab_2025\data\odac\pristine_H2O\WOBHOM\WOBHOM_w_H2O_1_relaxed.cif,-0.34705212333331775
C:\Users\GED\PycharmProjects\Aixelo_Project_DataLab_2025\data\odac\pristine_H2O\WOBQEL\WOBQEL_w_H2O_1_relaxed.cif,-0.3967168040000615
C:\Users\GED\PycharmProjects\Aixelo_Project_DataLab_2025\data\odac\pristine_H2O\WOCWAN\WOCWAN_w_H2O_1_relaxed.cif,-0.453319104999963
C:\Users\GED\PycharmProjects\Aixelo_Project_DataLab_2025\data\odac\pristine_H2O\WODFOL\WODFOL_w_H2O_1_relaxed.cif,-0.3980334820000052
C:\Users\GED\PycharmProjects\Aixelo_Project_DataLab_2025\data\odac\pristine_H2O\WODPUC\WODPUC_w_H2O_1_relaxed.cif,-0.5621889220000412
C:\Users\GED\PycharmProjects\Aixelo_Project_DataLab_2025\data\odac\pristine_H2O\WODROY\WODROY_w_H2O_1_relaxed.cif,-0.38002476000003754
C:\Users\GED\PycharmProjects\Aixelo_Project_DataLab_2025\data\odac\pristine_H2O\WODVOB\WODVOB_w_H2O_1_relaxed.cif,-0.38465747600012035
C:\Users\GED\PycharmProjects\Aixelo_Project_DataLab_2025\data\odac\pristine_H2O\WODXAQ\WODXAQ_w_H2O_1_relaxed.cif,0.8287141760000623
C:\Users\GED\PycharmProjects\Aixelo_Project_DataLab_2025\data\odac\pristine_H2O\WODXEU\WODXEU_w_H2O_1_relaxed.cif,-0.5452899639999714
C:\Users\GED\PycharmProjects\Aixelo_Project_DataLab_2025\data\odac\pristine_H2O\WOHBIF\WOHBIF_w_H2O_1_relaxed.cif,-0.4361332480000556
C:\Users\GED\PycharmProjects\Aixelo_Project_DataLab_2025\data\odac\pristine_H2O\WOHQAN\WOHQAN_w_H2O_2_relaxed.cif,-0.492481426666662
C:\Users\GED\PycharmProjects\Aixelo_Project_DataLab_2025\data\odac\pristine_H2O\WOHSIV\WOHSIV_w_H2O_1_relaxed.cif,-0.4175976100002117
C:\Users\GED\PycharmProjects\Aixelo_Project_DataLab_2025\data\odac\pristine_H2O\WOJJOV_SL\WOJJOV_SL_w_H2O_1_relaxed.cif,-0.08524952600005235
C:\Users\GED\PycharmProjects\Aixelo_Project_DataLab_2025\data\odac\pristine_H2O\WOJZAY\WOJZAY_w_H2O_2_relaxed.cif,-0.28316765500005653
C:\Users\GED\PycharmProjects\Aixelo_Project_DataLab_2025\data\odac\pristine_H2O\WOJZIG\WOJZIG_w_H2O_2_relaxed.cif,-0.17365480499984182
C:\Users\GED\PycharmProjects\Aixelo_Project_DataLab_2025\data\odac\pristine_H2O\WOJZOM\WOJZOM_w_H2O_2_relaxed.cif,-0.3856701550001844
C:\Users\GED\PycharmProjects\Aixelo_Project_DataLab_2025\data\odac\pristine_H2O\WOLRIZ\WOLRIZ_w_H2O_1_relaxed.cif,-0.4506923340000185
C:\Users\GED\PycharmProjects\Aixelo_Project_DataLab_2025\data\odac\pristine_H2O\WOMFIO_charged\WOMFIO_charged_w_H2O_1_relaxed.cif,-0.41533929749999743
C:\Users\GED\PycharmProjects\Aixelo_Project_DataLab_2025\data\odac\pristine_H2O\WONZOP\WONZOP_w_H2O_1_relaxed.cif,-0.23450192000001377
C:\Users\GED\PycharmProjects\Aixelo_Project_DataLab_2025\data\odac\pristine_H2O\WONZUV\WONZUV_w_H2O_1_relaxed.cif,-0.3229111774999751
C:\Users\GED\PycharmProjects\Aixelo_Project_DataLab_2025\data\odac\pristine_H2O\WOPDEL\WOPDEL_w_H2O_1_relaxed.cif,-0.33903734000004987
C:\Users\GED\PycharmProjects\Aixelo_Project_DataLab_2025\data\odac\pristine_H2O\WOPROK\WOPROK_w_H2O_1_relaxed.cif,-0.4875104179999653
C:\Users\GED\PycharmProjects\Aixelo_Project_DataLab_2025\data\odac\pristine_H2O\WOPSAX\WOPSAX_w_H2O_1_relaxed.cif,-0.26419510499994203
C:\Users\GED\PycharmProjects\Aixelo_Project_DataLab_2025\data\odac\pristine_H2O\WOPSAX02\WOPSAX02_w_H2O_1_relaxed.cif,-0.270910027499724
C:\Users\GED\PycharmProjects\Aixelo_Project_DataLab_2025\data\odac\pristine_H2O\WOPSOL\WOPSOL_w_H2O_1_relaxed.cif,-0.2513888800000359
C:\Users\GED\PycharmProjects\Aixelo_Project_DataLab_2025\data\odac\pristine_H2O\WOPSOL01\WOPSOL01_w_H2O_1_relaxed.cif,-0.31134903750006515
C:\Users\GED\PycharmProjects\Aixelo_Project_DataLab_2025\data\odac\pristine_H2O\WOPWOO\WOPWOO_w_H2O_1_relaxed.cif,1.5630587999994532
C:\Users\GED\PycharmProjects\Aixelo_Project_DataLab_2025\data\odac\pristine_H2O\WOQTUT\WOQTUT_w_H2O_1_relaxed.cif,-0.36576762250012956
C:\Users\GED\PycharmProjects\Aixelo_Project_DataLab_2025\data\odac\pristine_H2O\WORKUL\WORKUL_w_H2O_1_relaxed.cif,-0.018603738000047082
C:\Users\GED\PycharmProjects\Aixelo_Project_DataLab_2025\data\odac\pristine_H2O\WORLAS\WORLAS_w_H2O_1_relaxed.cif,-0.3131488760000593
C:\Users\GED\PycharmProjects\Aixelo_Project_DataLab_2025\data\odac\pristine_H2O\WORREC\WORREC_w_H2O_1_relaxed.cif,-0.1935057949999645
C:\Users\GED\PycharmProjects\Aixelo_Project_DataLab_2025\data\odac\pristine_H2O\WOSHET\WOSHET_w_H2O_1_relaxed.cif,-0.30109311199976213
C:\Users\GED\PycharmProjects\Aixelo_Project_DataLab_2025\data\odac\pristine_H2O\WOSZEL_charged\WOSZEL_charged_w_H2O_1_relaxed.cif,-0.2619791100000384
C:\Users\GED\PycharmProjects\Aixelo_Project_DataLab_2025\data\odac\pristine_H2O\WOTLOI\WOTLOI_w_H2O_1_relaxed.cif,-0.19911856249990478
C:\Users\GED\PycharmProjects\Aixelo_Project_DataLab_2025\data\odac\pristine_H2O\WOTSEF\WOTSEF_w_H2O_1_relaxed.cif,-0.36122954999991636
C:\Users\GED\PycharmProjects\Aixelo_Project_DataLab_2025\data\odac\pristine_H2O\WOYHUP\WOYHUP_w_H2O_1_relaxed.cif,-0.4787064166662276
C:\Users\GED\PycharmProjects\Aixelo_Project_DataLab_2025\data\odac\pristine_H2O\WOYJIF\WOYJIF_w_H2O_1_relaxed.cif,-0.507736759999716
C:\Users\GED\PycharmProjects\Aixelo_Project_DataLab_2025\data\odac\pristine_H2O\WUBHEI\WUBHEI_w_H2O_random_1_relaxed.cif,-0.8819331299999931
C:\Users\GED\PycharmProjects\Aixelo_Project_DataLab_2025\data\odac\pristine_H2O\WUCRUH\WUCRUH_w_H2O_1_relaxed.cif,0.08112355000002938
C:\Users\GED\PycharmProjects\Aixelo_Project_DataLab_2025\data\odac\pristine_H2O\WUHJIT\WUHJIT_w_H2O_1_relaxed.cif,-0.4300725824999745
C:\Users\GED\PycharmProjects\Aixelo_Project_DataLab_2025\data\odac\pristine_H2O\WULQUR\WULQUR_w_H2O_1_relaxed.cif,-0.19971113999997664
C:\Users\GED\PycharmProjects\Aixelo_Project_DataLab_2025\data\odac\pristine_H2O\WUNSEE01_charged\WUNSEE01_charged_w_H2O_1_relaxed.cif,-0.6064520600005381
C:\Users\GED\PycharmProjects\Aixelo_Project_DataLab_2025\data\odac\pristine_H2O\WUNSEE02_charged\WUNSEE02_charged_w_H2O_1_relaxed.cif,-0.5334765200004767
C:\Users\GED\PycharmProjects\Aixelo_Project_DataLab_2025\data\odac\pristine_H2O\WUNSEE_charged\WUNSEE_charged_w_H2O_1_relaxed.cif,-0.6014160879999508
C:\Users\GED\PycharmProjects\Aixelo_Project_DataLab_2025\data\odac\pristine_H2O\WUNSII01_charged\WUNSII01_charged_w_H2O_1_relaxed.cif,-0.3806716760002927
C:\Users\GED\PycharmProjects\Aixelo_Project_DataLab_2025\data\odac\pristine_H2O\WUNSII02_charged\WUNSII02_charged_w_H2O_1_relaxed.cif,-0.19428603800042765
C:\Users\GED\PycharmProjects\Aixelo_Project_DataLab_2025\data\odac\pristine_H2O\WUNSII_charged\WUNSII_charged_w_H2O_1_relaxed.cif,-0.579352346000087
C:\Users\GED\PycharmProjects\Aixelo_Project_DataLab_2025\data\odac\pristine_H2O\WUNTAB_charged\WUNTAB_charged_w_H2O_1_relaxed.cif,-0.26919368400049276
C:\Users\GED\PycharmProjects\Aixelo_Project_DataLab_2025\data\odac\pristine_H2O\WUNTEF\WUNTEF_w_H2O_1_relaxed.cif,-0.11407899599998923
C:\Users\GED\PycharmProjects\Aixelo_Project_DataLab_2025\data\odac\pristine_H2O\WUNTIJ\WUNTIJ_w_H2O_1_relaxed.cif,-0.2247076700001344
C:\Users\GED\PycharmProjects\Aixelo_Project_DataLab_2025\data\odac\pristine_H2O\WUNTOP\WUNTOP_w_H2O_1_relaxed.cif,-0.431012438000289
C:\Users\GED\PycharmProjects\Aixelo_Project_DataLab_2025\data\odac\pristine_H2O\WUNTUV\WUNTUV_w_H2O_1_relaxed.cif,-0.1365594859998964
C:\Users\GED\PycharmProjects\Aixelo_Project_DataLab_2025\data\odac\pristine_H2O\WUNVAD\WUNVAD_w_H2O_1_relaxed.cif,-0.1496370920000117
C:\Users\GED\PycharmProjects\Aixelo_Project_DataLab_2025\data\odac\pristine_H2O\WUNVEH_charged\WUNVEH_charged_w_H2O_1_relaxed.cif,-0.45394456800031546
C:\Users\GED\PycharmProjects\Aixelo_Project_DataLab_2025\data\odac\pristine_H2O\WUNVIL_charged\WUNVIL_charged_w_H2O_1_relaxed.cif,-0.5047115160003159
C:\Users\GED\PycharmProjects\Aixelo_Project_DataLab_2025\data\odac\pristine_H2O\WUNVUX\WUNVUX_w_H2O_1_relaxed.cif,-0.4234290260007583
C:\Users\GED\PycharmProjects\Aixelo_Project_DataLab_2025\data\odac\pristine_H2O\WUPZUE\WUPZUE_w_H2O_1_relaxed.cif,-0.4079454840000153
C:\Users\GED\PycharmProjects\Aixelo_Project_DataLab_2025\data\odac\pristine_H2O\WURKEB\WURKEB_w_H2O_1_relaxed.cif,-0.1231680649998452
C:\Users\GED\PycharmProjects\Aixelo_Project_DataLab_2025\data\odac\pristine_H2O\WUSCUJ\WUSCUJ_w_H2O_1_relaxed.cif,-0.6793310799999214
C:\Users\GED\PycharmProjects\Aixelo_Project_DataLab_2025\data\odac\pristine_H2O\WUSGIC\WUSGIC_w_H2O_1_relaxed.cif,-0.7098768840000502
C:\Users\GED\PycharmProjects\Aixelo_Project_DataLab_2025\data\odac\pristine_H2O\WUSSEK\WUSSEK_w_H2O_1_relaxed.cif,-0.025815791999821182
C:\Users\GED\PycharmProjects\Aixelo_Project_DataLab_2025\data\odac\pristine_H2O\WUSXEP\WUSXEP_w_H2O_1_relaxed.cif,-0.2593047299998943
C:\Users\GED\PycharmProjects\Aixelo_Project_DataLab_2025\data\odac\pristine_H2O\WUTBES\WUTBES_w_H2O_1_relaxed.cif,-0.4770602759997473
C:\Users\GED\PycharmProjects\Aixelo_Project_DataLab_2025\data\odac\pristine_H2O\WUTBEU\WUTBEU_w_H2O_1_relaxed.cif,-0.3055057749999719
C:\Users\GED\PycharmProjects\Aixelo_Project_DataLab_2025\data\odac\pristine_H2O\WUTBIW\WUTBIW_w_H2O_1_relaxed.cif,-0.413961929999914
C:\Users\GED\PycharmProjects\Aixelo_Project_DataLab_2025\data\odac\pristine_H2O\WUTBOC\WUTBOC_w_H2O_1_relaxed.cif,-0.5446213719999833
C:\Users\GED\PycharmProjects\Aixelo_Project_DataLab_2025\data\odac\pristine_H2O\WUTBUI\WUTBUI_w_H2O_1_relaxed.cif,-0.2949590920000901
C:\Users\GED\PycharmProjects\Aixelo_Project_DataLab_2025\data\odac\pristine_H2O\WUTCAP\WUTCAP_w_H2O_1_relaxed.cif,-0.44712618600005954
C:\Users\GED\PycharmProjects\Aixelo_Project_DataLab_2025\data\odac\pristine_H2O\WUTKIG\WUTKIG_w_H2O_1_relaxed.cif,-0.7252341000000797
C:\Users\GED\PycharmProjects\Aixelo_Project_DataLab_2025\data\odac\pristine_H2O\WUWQEL\WUWQEL_w_H2O_1_relaxed.cif,-0.6661151324999679
C:\Users\GED\PycharmProjects\Aixelo_Project_DataLab_2025\data\odac\pristine_H2O\WUYWIY\WUYWIY_w_H2O_1_relaxed.cif,-0.1405675299999984
C:\Users\GED\PycharmProjects\Aixelo_Project_DataLab_2025\data\odac\pristine_H2O\WUYWOE\WUYWOE_w_H2O_1_relaxed.cif,-0.3084490660004121
C:\Users\GED\PycharmProjects\Aixelo_Project_DataLab_2025\data\odac\pristine_H2O\WUYXAR\WUYXAR_w_H2O_1_relaxed.cif,-0.4648924999998485
C:\Users\GED\PycharmProjects\Aixelo_Project_DataLab_2025\data\odac\pristine_H2O\WUYXIZ\WUYXIZ_w_H2O_1_relaxed.cif,-0.35781964249986226
C:\Users\GED\PycharmProjects\Aixelo_Project_DataLab_2025\data\odac\pristine_H2O\WUYXOF\WUYXOF_w_H2O_1_relaxed.cif,-0.346327067499999
C:\Users\GED\PycharmProjects\Aixelo_Project_DataLab_2025\data\odac\pristine_H2O\WUYYOG\WUYYOG_w_H2O_1_relaxed.cif,-0.4729454979998081
C:\Users\GED\PycharmProjects\Aixelo_Project_DataLab_2025\data\odac\pristine_H2O\WUZDOL\WUZDOL_w_H2O_1_relaxed.cif,-0.04213183000024401
C:\Users\GED\PycharmProjects\Aixelo_Project_DataLab_2025\data\odac\pristine_H2O\WUZGAB\WUZGAB_w_H2O_1_relaxed.cif,-0.17937946800047935
C:\Users\GED\PycharmProjects\Aixelo_Project_DataLab_2025\data\odac\pristine_H2O\WUZQOZ\WUZQOZ_w_H2O_1_relaxed.cif,-0.28506929199994596
C:\Users\GED\PycharmProjects\Aixelo_Project_DataLab_2025\data\odac\pristine_H2O\XACGIT_charged\XACGIT_charged_w_H2O_1_relaxed.cif,-0.42122339799993824
C:\Users\GED\PycharmProjects\Aixelo_Project_DataLab_2025\data\odac\pristine_H2O\XACQAT\XACQAT_w_H2O_1_relaxed.cif,-0.5714114285713988
C:\Users\GED\PycharmProjects\Aixelo_Project_DataLab_2025\data\odac\pristine_H2O\XACZEH\XACZEH_w_H2O_1_relaxed.cif,-0.5465565799999694
C:\Users\GED\PycharmProjects\Aixelo_Project_DataLab_2025\data\odac\pristine_H2O\XADCEM\XADCEM_w_H2O_1_relaxed.cif,10.507959600000078
C:\Users\GED\PycharmProjects\Aixelo_Project_DataLab_2025\data\odac\pristine_H2O\XADDEN_manual\XADDEN_manual_w_H2O_1_relaxed.cif,-0.013693147500021048
C:\Users\GED\PycharmProjects\Aixelo_Project_DataLab_2025\data\odac\pristine_H2O\XADDIR_manual\XADDIR_manual_w_H2O_1_relaxed.cif,-0.023216912499947256
C:\Users\GED\PycharmProjects\Aixelo_Project_DataLab_2025\data\odac\pristine_H2O\XADDUD\XADDUD_w_H2O_1_relaxed.cif,-0.12602122250012826
C:\Users\GED\PycharmProjects\Aixelo_Project_DataLab_2025\data\odac\pristine_H2O\XADGAM\XADGAM_w_H2O_1_relaxed.cif,-0.5601586100000304
C:\Users\GED\PycharmProjects\Aixelo_Project_DataLab_2025\data\odac\pristine_H2O\XADGOA\XADGOA_w_H2O_random_1_relaxed.cif,-0.8252827450001519
C:\Users\GED\PycharmProjects\Aixelo_Project_DataLab_2025\data\odac\pristine_H2O\XAFBEN\XAFBEN_w_H2O_1_relaxed.cif,0.03413261400003192
C:\Users\GED\PycharmProjects\Aixelo_Project_DataLab_2025\data\odac\pristine_H2O\XAFFAN\XAFFAN_w_H2O_1_relaxed.cif,0.39618655999998964
C:\Users\GED\PycharmProjects\Aixelo_Project_DataLab_2025\data\odac\pristine_H2O\XAFFER\XAFFER_w_H2O_1_relaxed.cif,-0.16798775499995594
C:\Users\GED\PycharmProjects\Aixelo_Project_DataLab_2025\data\odac\pristine_H2O\XAFFOB\XAFFOB_w_H2O_1_relaxed.cif,-0.33345862499999157
C:\Users\GED\PycharmProjects\Aixelo_Project_DataLab_2025\data\odac\pristine_H2O\XAFXOT\XAFXOT_w_H2O_1_relaxed.cif,-0.1940101679999315
C:\Users\GED\PycharmProjects\Aixelo_Project_DataLab_2025\data\odac\pristine_H2O\XAGPUT\XAGPUT_w_H2O_random_1_relaxed.cif,0.10693949999989624
C:\Users\GED\PycharmProjects\Aixelo_Project_DataLab_2025\data\odac\pristine_H2O\XAHPAZ\XAHPAZ_w_H2O_1_relaxed.cif,-0.023986952499910733
C:\Users\GED\PycharmProjects\Aixelo_Project_DataLab_2025\data\odac\pristine_H2O\XAHPED\XAHPED_w_H2O_1_relaxed.cif,-0.17103246250002252
C:\Users\GED\PycharmProjects\Aixelo_Project_DataLab_2025\data\odac\pristine_H2O\XAHPIH\XAHPIH_w_H2O_2_relaxed.cif,-0.0689512666666966
C:\Users\GED\PycharmProjects\Aixelo_Project_DataLab_2025\data\odac\pristine_H2O\XAHPON\XAHPON_w_H2O_2_relaxed.cif,-0.11175849666672844
C:\Users\GED\PycharmProjects\Aixelo_Project_DataLab_2025\data\odac\pristine_H2O\XAHWAG\XAHWAG_w_H2O_random_1_relaxed.cif,-0.7611040649999836
C:\Users\GED\PycharmProjects\Aixelo_Project_DataLab_2025\data\odac\pristine_H2O\XAKQOR\XAKQOR_w_H2O_1_relaxed.cif,-0.31290779799996926
C:\Users\GED\PycharmProjects\Aixelo_Project_DataLab_2025\data\odac\pristine_H2O\XAKVUB\XAKVUB_w_H2O_1_relaxed.cif,-0.44386978857139475
C:\Users\GED\PycharmProjects\Aixelo_Project_DataLab_2025\data\odac\pristine_H2O\XALDAS\XALDAS_w_H2O_1_relaxed.cif,-0.37042760400045155
C:\Users\GED\PycharmProjects\Aixelo_Project_DataLab_2025\data\odac\pristine_H2O\XALTIP\XALTIP_w_H2O_1_relaxed.cif,-0.19027469750039924
C:\Users\GED\PycharmProjects\Aixelo_Project_DataLab_2025\data\odac\pristine_H2O\XAMDUM\XAMDUM_w_H2O_1_relaxed.cif,-0.11929684200003976
C:\Users\GED\PycharmProjects\Aixelo_Project_DataLab_2025\data\odac\pristine_H2O\XAMDUM01\XAMDUM01_w_H2O_1_relaxed.cif,0.11185980599989302
C:\Users\GED\PycharmProjects\Aixelo_Project_DataLab_2025\data\odac\pristine_H2O\XAMDUM02\XAMDUM02_w_H2O_1_relaxed.cif,-0.20065573199990464
C:\Users\GED\PycharmProjects\Aixelo_Project_DataLab_2025\data\odac\pristine_H2O\XAMDUM03\XAMDUM03_w_H2O_1_relaxed.cif,-0.009382297499882931
C:\Users\GED\PycharmProjects\Aixelo_Project_DataLab_2025\data\odac\pristine_H2O\XAMDUM04\XAMDUM04_w_H2O_1_relaxed.cif,-0.35269331999978704
C:\Users\GED\PycharmProjects\Aixelo_Project_DataLab_2025\data\odac\pristine_H2O\XAMDUM05\XAMDUM05_w_H2O_1_relaxed.cif,-0.0914721975001953
C:\Users\GED\PycharmProjects\Aixelo_Project_DataLab_2025\data\odac\pristine_H2O\XAMDUM06\XAMDUM06_w_H2O_1_relaxed.cif,-0.298966660000057
C:\Users\GED\PycharmProjects\Aixelo_Project_DataLab_2025\data\odac\pristine_H2O\XAMDUM07\XAMDUM07_w_H2O_1_relaxed.cif,-0.35345473249986975
C:\Users\GED\PycharmProjects\Aixelo_Project_DataLab_2025\data\odac\pristine_H2O\XAMHEA_manual\XAMHEA_manual_w_H2O_1_relaxed.cif,-0.31589844999990646
C:\Users\GED\PycharmProjects\Aixelo_Project_DataLab_2025\data\odac\pristine_H2O\XANLEE\XANLEE_w_H2O_1_relaxed.cif,0.0887085549995845
C:\Users\GED\PycharmProjects\Aixelo_Project_DataLab_2025\data\odac\pristine_H2O\XANMIJ\XANMIJ_w_H2O_1_relaxed.cif,-0.3907885480000118
C:\Users\GED\PycharmProjects\Aixelo_Project_DataLab_2025\data\odac\pristine_H2O\XANMUX\XANMUX_w_H2O_1_relaxed.cif,-0.258076525000007
C:\Users\GED\PycharmProjects\Aixelo_Project_DataLab_2025\data\odac\pristine_H2O\XANMUX01\XANMUX01_w_H2O_1_relaxed.cif,0.58572880800009
C:\Users\GED\PycharmProjects\Aixelo_Project_DataLab_2025\data\odac\pristine_H2O\XANMUX02\XANMUX02_w_H2O_1_relaxed.cif,-0.23657174750002238
C:\Users\GED\PycharmProjects\Aixelo_Project_DataLab_2025\data\odac\pristine_H2O\XANMUX03\XANMUX03_w_H2O_1_relaxed.cif,0.12730349599996765
C:\Users\GED\PycharmProjects\Aixelo_Project_DataLab_2025\data\odac\pristine_H2O\XANMUX04\XANMUX04_w_H2O_1_relaxed.cif,-0.1882877279998638
C:\Users\GED\PycharmProjects\Aixelo_Project_DataLab_2025\data\odac\pristine_H2O\XANMUX05\XANMUX05_w_H2O_1_relaxed.cif,0.2115185800000062
C:\Users\GED\PycharmProjects\Aixelo_Project_DataLab_2025\data\odac\pristine_H2O\XANMUX06\XANMUX06_w_H2O_1_relaxed.cif,1.957210542000007
C:\Users\GED\PycharmProjects\Aixelo_Project_DataLab_2025\data\odac\pristine_H2O\XANMUX08\XANMUX08_w_H2O_1_relaxed.cif,-0.2842299520000552
C:\Users\GED\PycharmProjects\Aixelo_Project_DataLab_2025\data\odac\pristine_H2O\XANZAQ\XANZAQ_w_H2O_1_relaxed.cif,0.9603450474999137
C:\Users\GED\PycharmProjects\Aixelo_Project_DataLab_2025\data\odac\pristine_H2O\XANZAQ01\XANZAQ01_w_H2O_1_relaxed.cif,-0.08753586999991965
C:\Users\GED\PycharmProjects\Aixelo_Project_DataLab_2025\data\odac\pristine_H2O\XANZAQ02\XANZAQ02_w_H2O_1_relaxed.cif,-0.6296762959999797
C:\Users\GED\PycharmProjects\Aixelo_Project_DataLab_2025\data\odac\pristine_H2O\XANZAQ04\XANZAQ04_w_H2O_1_relaxed.cif,1.2691921600000455
C:\Users\GED\PycharmProjects\Aixelo_Project_DataLab_2025\data\odac\pristine_H2O\XANZAQ05\XANZAQ05_w_H2O_1_relaxed.cif,0.021161675000001892
C:\Users\GED\PycharmProjects\Aixelo_Project_DataLab_2025\data\odac\pristine_H2O\XANZAQ06\XANZAQ06_w_H2O_1_relaxed.cif,0.35671914000005245
C:\Users\GED\PycharmProjects\Aixelo_Project_DataLab_2025\data\odac\pristine_H2O\XANZAQ07\XANZAQ07_w_H2O_1_relaxed.cif,-0.2095400175000463
C:\Users\GED\PycharmProjects\Aixelo_Project_DataLab_2025\data\odac\pristine_H2O\XANZAQ08\XANZAQ08_w_H2O_1_relaxed.cif,0.7481193650000932
C:\Users\GED\PycharmProjects\Aixelo_Project_DataLab_2025\data\odac\pristine_H2O\XAPCOJ\XAPCOJ_w_H2O_1_relaxed.cif,-0.3430319824998378
C:\Users\GED\PycharmProjects\Aixelo_Project_DataLab_2025\data\odac\pristine_H2O\XAPCOJ01\XAPCOJ01_w_H2O_1_relaxed.cif,-0.3126519274997008
C:\Users\GED\PycharmProjects\Aixelo_Project_DataLab_2025\data\odac\pristine_H2O\XAPCOJ02\XAPCOJ02_w_H2O_1_relaxed.cif,-0.323551134999775
C:\Users\GED\PycharmProjects\Aixelo_Project_DataLab_2025\data\odac\pristine_H2O\XAPCOJ03\XAPCOJ03_w_H2O_1_relaxed.cif,-0.5055022450001161
C:\Users\GED\PycharmProjects\Aixelo_Project_DataLab_2025\data\odac\pristine_H2O\XAPCOJ04\XAPCOJ04_w_H2O_1_relaxed.cif,-0.28686693000008745
C:\Users\GED\PycharmProjects\Aixelo_Project_DataLab_2025\data\odac\pristine_H2O\XAPCOJ05\XAPCOJ05_w_H2O_1_relaxed.cif,-0.32240606500005237
C:\Users\GED\PycharmProjects\Aixelo_Project_DataLab_2025\data\odac\pristine_H2O\XAPCOJ06\XAPCOJ06_w_H2O_1_relaxed.cif,-0.2640530799998828
C:\Users\GED\PycharmProjects\Aixelo_Project_DataLab_2025\data\odac\pristine_H2O\XAPCOJ07\XAPCOJ07_w_H2O_1_relaxed.cif,-0.3472427524999375
C:\Users\GED\PycharmProjects\Aixelo_Project_DataLab_2025\data\odac\pristine_H2O\XAPGOK\XAPGOK_w_H2O_1_relaxed.cif,-0.6208828899999617
C:\Users\GED\PycharmProjects\Aixelo_Project_DataLab_2025\data\odac\pristine_H2O\XAPGUQ\XAPGUQ_w_H2O_1_relaxed.cif,-0.8028705759999866
C:\Users\GED\PycharmProjects\Aixelo_Project_DataLab_2025\data\odac\pristine_H2O\XAPNIN\XAPNIN_w_H2O_1_relaxed.cif,-0.23254835999998136
C:\Users\GED\PycharmProjects\Aixelo_Project_DataLab_2025\data\odac\pristine_H2O\XAPTUE\XAPTUE_w_H2O_1_relaxed.cif,-0.2406924439999784
C:\Users\GED\PycharmProjects\Aixelo_Project_DataLab_2025\data\odac\pristine_H2O\XARPAK\XARPAK_w_H2O_1_relaxed.cif,-0.5361714180000945
C:\Users\GED\PycharmProjects\Aixelo_Project_DataLab_2025\data\odac\pristine_H2O\XASFAY\XASFAY_w_H2O_1_relaxed.cif,-0.36332271399996896
C:\Users\GED\PycharmProjects\Aixelo_Project_DataLab_2025\data\odac\pristine_H2O\XASPEP\XASPEP_w_H2O_1_relaxed.cif,-0.3016853100000389
C:\Users\GED\PycharmProjects\Aixelo_Project_DataLab_2025\data\odac\pristine_H2O\XATLIQ\XATLIQ_w_H2O_1_relaxed.cif,-0.23737053249993775
C:\Users\GED\PycharmProjects\Aixelo_Project_DataLab_2025\data\odac\pristine_H2O\XATZOK\XATZOK_w_H2O_1_relaxed.cif,-0.38631331799979307
C:\Users\GED\PycharmProjects\Aixelo_Project_DataLab_2025\data\odac\pristine_H2O\XATZUQ\XATZUQ_w_H2O_1_relaxed.cif,-0.4590247833340679
C:\Users\GED\PycharmProjects\Aixelo_Project_DataLab_2025\data\odac\pristine_H2O\XAVDEF_clean_h\XAVDEF_clean_h_w_H2O_1_relaxed.cif,-0.2636903374997246
C:\Users\GED\PycharmProjects\Aixelo_Project_DataLab_2025\data\odac\pristine_H2O\XAVQIU\XAVQIU_w_H2O_1_relaxed.cif,-0.4218664260000196
C:\Users\GED\PycharmProjects\Aixelo_Project_DataLab_2025\data\odac\pristine_H2O\XAVQIU01\XAVQIU01_w_H2O_1_relaxed.cif,0.001013881999892837
C:\Users\GED\PycharmProjects\Aixelo_Project_DataLab_2025\data\odac\pristine_H2O\XAWVUN\XAWVUN_w_H2O_1_relaxed.cif,0.01049140499998203
C:\Users\GED\PycharmProjects\Aixelo_Project_DataLab_2025\data\odac\pristine_H2O\XAYMUF_charged\XAYMUF_charged_w_H2O_1_relaxed.cif,-0.4283111539999254
C:\Users\GED\PycharmProjects\Aixelo_Project_DataLab_2025\data\odac\pristine_H2O\XAZFEJ\XAZFEJ_w_H2O_1_relaxed.cif,-0.7585711274999767
C:\Users\GED\PycharmProjects\Aixelo_Project_DataLab_2025\data\odac\pristine_H2O\XAZGAG_charged\XAZGAG_charged_w_H2O_1_relaxed.cif,0.8261660825000945
C:\Users\GED\PycharmProjects\Aixelo_Project_DataLab_2025\data\odac\pristine_H2O\XEBHOC\XEBHOC_w_H2O_1_relaxed.cif,-0.2925236400000131
C:\Users\GED\PycharmProjects\Aixelo_Project_DataLab_2025\data\odac\pristine_H2O\XEDLUN\XEDLUN_w_H2O_1_relaxed.cif,-0.9305459949999602
C:\Users\GED\PycharmProjects\Aixelo_Project_DataLab_2025\data\odac\pristine_H2O\XEDLUN01\XEDLUN01_w_H2O_1_relaxed.cif,-0.9393242799999655
C:\Users\GED\PycharmProjects\Aixelo_Project_DataLab_2025\data\odac\pristine_H2O\XEDPIH\XEDPIH_w_H2O_1_relaxed.cif,-0.3833652879999817
C:\Users\GED\PycharmProjects\Aixelo_Project_DataLab_2025\data\odac\pristine_H2O\XEDPON\XEDPON_w_H2O_1_relaxed.cif,-0.4560953900000527
C:\Users\GED\PycharmProjects\Aixelo_Project_DataLab_2025\data\odac\pristine_H2O\XEFGAQ\XEFGAQ_w_H2O_1_relaxed.cif,-0.39629548999975356
C:\Users\GED\PycharmProjects\Aixelo_Project_DataLab_2025\data\odac\pristine_H2O\XEFKOI\XEFKOI_w_H2O_1_relaxed.cif,-0.08100693999999739
C:\Users\GED\PycharmProjects\Aixelo_Project_DataLab_2025\data\odac\pristine_H2O\XEGJOK\XEGJOK_w_H2O_1_relaxed.cif,-0.4571948279998651
C:\Users\GED\PycharmProjects\Aixelo_Project_DataLab_2025\data\odac\pristine_H2O\XEGKIF\XEGKIF_w_H2O_1_relaxed.cif,-0.26854231000015716
C:\Users\GED\PycharmProjects\Aixelo_Project_DataLab_2025\data\odac\pristine_H2O\XEGKOL\XEGKOL_w_H2O_1_relaxed.cif,-0.7485499859998981
C:\Users\GED\PycharmProjects\Aixelo_Project_DataLab_2025\data\odac\pristine_H2O\XEGKUR\XEGKUR_w_H2O_1_relaxed.cif,0.8764813500000855
C:\Users\GED\PycharmProjects\Aixelo_Project_DataLab_2025\data\odac\pristine_H2O\XEHRUY\XEHRUY_w_H2O_1_relaxed.cif,-0.40034757399998855
C:\Users\GED\PycharmProjects\Aixelo_Project_DataLab_2025\data\odac\pristine_H2O\XEHSAF\XEHSAF_w_H2O_1_relaxed.cif,-0.4150010700000166
C:\Users\GED\PycharmProjects\Aixelo_Project_DataLab_2025\data\odac\pristine_H2O\XEHSEJ\XEHSEJ_w_H2O_1_relaxed.cif,-0.2772995280000259
C:\Users\GED\PycharmProjects\Aixelo_Project_DataLab_2025\data\odac\pristine_H2O\XEHSIN\XEHSIN_w_H2O_1_relaxed.cif,-0.36098142999999255
C:\Users\GED\PycharmProjects\Aixelo_Project_DataLab_2025\data\odac\pristine_H2O\XEHSOT\XEHSOT_w_H2O_1_relaxed.cif,-0.39186573800002406
C:\Users\GED\PycharmProjects\Aixelo_Project_DataLab_2025\data\odac\pristine_H2O\XEHSUZ\XEHSUZ_w_H2O_1_relaxed.cif,-0.34074414199992586
C:\Users\GED\PycharmProjects\Aixelo_Project_DataLab_2025\data\odac\pristine_H2O\XEJWUG\XEJWUG_w_H2O_1_relaxed.cif,-0.3665542700001197
C:\Users\GED\PycharmProjects\Aixelo_Project_DataLab_2025\data\odac\pristine_H2O\XEJXAN\XEJXAN_w_H2O_1_relaxed.cif,-0.3948894199999813
C:\Users\GED\PycharmProjects\Aixelo_Project_DataLab_2025\data\odac\pristine_H2O\XEJXER\XEJXER_w_H2O_1_relaxed.cif,-0.2692502659999718
C:\Users\GED\PycharmProjects\Aixelo_Project_DataLab_2025\data\odac\pristine_H2O\XEKCAT\XEKCAT_w_H2O_1_relaxed.cif,-0.19801511750000603
C:\Users\GED\PycharmProjects\Aixelo_Project_DataLab_2025\data\odac\pristine_H2O\XEKCAT01\XEKCAT01_w_H2O_1_relaxed.cif,-0.31017559249988835
C:\Users\GED\PycharmProjects\Aixelo_Project_DataLab_2025\data\odac\pristine_H2O\XEKDOI\XEKDOI_w_H2O_1_relaxed.cif,-0.5370612800000572
C:\Users\GED\PycharmProjects\Aixelo_Project_DataLab_2025\data\odac\pristine_H2O\XENCAU\XENCAU_w_H2O_1_relaxed.cif,-0.36539859250012796
C:\Users\GED\PycharmProjects\Aixelo_Project_DataLab_2025\data\odac\pristine_H2O\XENKIM\XENKIM_w_H2O_1_relaxed.cif,-0.16213695750002438
C:\Users\GED\PycharmProjects\Aixelo_Project_DataLab_2025\data\odac\pristine_H2O\XENMIO_SL\XENMIO_SL_w_H2O_1_relaxed.cif,-0.3542995850000163
C:\Users\GED\PycharmProjects\Aixelo_Project_DataLab_2025\data\odac\pristine_H2O\XEPBAX\XEPBAX_w_H2O_1_relaxed.cif,-0.31700918600008665
C:\Users\GED\PycharmProjects\Aixelo_Project_DataLab_2025\data\odac\pristine_H2O\XEQGAC\XEQGAC_w_H2O_1_relaxed.cif,-0.909216001999971
C:\Users\GED\PycharmProjects\Aixelo_Project_DataLab_2025\data\odac\pristine_H2O\XEQRAO\XEQRAO_w_H2O_1_relaxed.cif,-0.3407947120000244
C:\Users\GED\PycharmProjects\Aixelo_Project_DataLab_2025\data\odac\pristine_H2O\XESKAJ\XESKAJ_w_H2O_1_relaxed.cif,-0.5181764299999543
C:\Users\GED\PycharmProjects\Aixelo_Project_DataLab_2025\data\odac\pristine_H2O\XESKEN_SL\XESKEN_SL_w_H2O_1_relaxed.cif,-0.380121092500076
C:\Users\GED\PycharmProjects\Aixelo_Project_DataLab_2025\data\odac\pristine_H2O\XESKIR_clean_h\XESKIR_clean_h_w_H2O_1_relaxed.cif,0.07399742499998752
C:\Users\GED\PycharmProjects\Aixelo_Project_DataLab_2025\data\odac\pristine_H2O\XESLAK\XESLAK_w_H2O_1_relaxed.cif,-0.5835954649999735
C:\Users\GED\PycharmProjects\Aixelo_Project_DataLab_2025\data\odac\pristine_H2O\XEVHEN\XEVHEN_w_H2O_1_relaxed.cif,0.5728715040000679
C:\Users\GED\PycharmProjects\Aixelo_Project_DataLab_2025\data\odac\pristine_H2O\XEWDUA\XEWDUA_w_H2O_1_relaxed.cif,-0.769369622000022
C:\Users\GED\PycharmProjects\Aixelo_Project_DataLab_2025\data\odac\pristine_H2O\XEWFAI\XEWFAI_w_H2O_1_relaxed.cif,-0.4349070500001062
C:\Users\GED\PycharmProjects\Aixelo_Project_DataLab_2025\data\odac\pristine_H2O\XEXLAP\XEXLAP_w_H2O_1_relaxed.cif,0.08277904000001395
C:\Users\GED\PycharmProjects\Aixelo_Project_DataLab_2025\data\odac\pristine_H2O\XEXLET\XEXLET_w_H2O_1_relaxed.cif,-0.029489035999995354
C:\Users\GED\PycharmProjects\Aixelo_Project_DataLab_2025\data\odac\pristine_H2O\XEXLIX\XEXLIX_w_H2O_1_relaxed.cif,0.06620597250002899
C:\Users\GED\PycharmProjects\Aixelo_Project_DataLab_2025\data\odac\pristine_H2O\XEXLOD\XEXLOD_w_H2O_1_relaxed.cif,-0.34739279599994
C:\Users\GED\PycharmProjects\Aixelo_Project_DataLab_2025\data\odac\pristine_H2O\XEXLUJ\XEXLUJ_w_H2O_1_relaxed.cif,-0.05372354600003741
C:\Users\GED\PycharmProjects\Aixelo_Project_DataLab_2025\data\odac\pristine_H2O\XEXMAQ\XEXMAQ_w_H2O_1_relaxed.cif,-0.37238083399988675
C:\Users\GED\PycharmProjects\Aixelo_Project_DataLab_2025\data\odac\pristine_H2O\XEXMEU\XEXMEU_w_H2O_1_relaxed.cif,-0.3318091820000518
C:\Users\GED\PycharmProjects\Aixelo_Project_DataLab_2025\data\odac\pristine_H2O\XIBZUF\XIBZUF_w_H2O_1_relaxed.cif,-0.23221871750024542
C:\Users\GED\PycharmProjects\Aixelo_Project_DataLab_2025\data\odac\pristine_H2O\XICDUI_charged\XICDUI_charged_w_H2O_1_relaxed.cif,0.0559607899998809
C:\Users\GED\PycharmProjects\Aixelo_Project_DataLab_2025\data\odac\pristine_H2O\XICYEP_SL\XICYEP_SL_w_H2O_1_relaxed.cif,-0.2101074940002945
C:\Users\GED\PycharmProjects\Aixelo_Project_DataLab_2025\data\odac\pristine_H2O\XICYIT_SL\XICYIT_SL_w_H2O_1_relaxed.cif,-0.2561641900001632
C:\Users\GED\PycharmProjects\Aixelo_Project_DataLab_2025\data\odac\pristine_H2O\XIDBUJ\XIDBUJ_w_H2O_1_relaxed.cif,-0.3507872874999407
C:\Users\GED\PycharmProjects\Aixelo_Project_DataLab_2025\data\odac\pristine_H2O\XIFHIF\XIFHIF_w_H2O_random_1_relaxed.cif,-0.2097218899998552
C:\Users\GED\PycharmProjects\Aixelo_Project_DataLab_2025\data\odac\pristine_H2O\XIGFOJ_manual\XIGFOJ_manual_w_H2O_2_relaxed.cif,0.002366869999946175
C:\Users\GED\PycharmProjects\Aixelo_Project_DataLab_2025\data\odac\pristine_H2O\XIGHAX\XIGHAX_w_H2O_1_relaxed.cif,-0.4278385650004566
C:\Users\GED\PycharmProjects\Aixelo_Project_DataLab_2025\data\odac\pristine_H2O\XIGHIF\XIGHIF_w_H2O_1_relaxed.cif,-0.4600370875001545
C:\Users\GED\PycharmProjects\Aixelo_Project_DataLab_2025\data\odac\pristine_H2O\XIGWUF\XIGWUF_w_H2O_1_relaxed.cif,-0.5074314699999908
C:\Users\GED\PycharmProjects\Aixelo_Project_DataLab_2025\data\odac\pristine_H2O\XIHRIQ\XIHRIQ_w_H2O_1_relaxed.cif,-0.3809089224998843
C:\Users\GED\PycharmProjects\Aixelo_Project_DataLab_2025\data\odac\pristine_H2O\XILDUT\XILDUT_w_H2O_1_relaxed.cif,-0.49200391999997917
C:\Users\GED\PycharmProjects\Aixelo_Project_DataLab_2025\data\odac\pristine_H2O\XILLIP\XILLIP_w_H2O_1_relaxed.cif,-0.3591398240001581
C:\Users\GED\PycharmProjects\Aixelo_Project_DataLab_2025\data\odac\pristine_H2O\XILSUI\XILSUI_w_H2O_1_relaxed.cif,-0.10751527499985512
C:\Users\GED\PycharmProjects\Aixelo_Project_DataLab_2025\data\odac\pristine_H2O\XILTAP\XILTAP_w_H2O_1_relaxed.cif,-0.2871556800001599
C:\Users\GED\PycharmProjects\Aixelo_Project_DataLab_2025\data\odac\pristine_H2O\XILVIZ\XILVIZ_w_H2O_1_relaxed.cif,-0.03669212399997832
C:\Users\GED\PycharmProjects\Aixelo_Project_DataLab_2025\data\odac\pristine_H2O\XINFUW\XINFUW_w_H2O_1_relaxed.cif,-0.5261874049999733
C:\Users\GED\PycharmProjects\Aixelo_Project_DataLab_2025\data\odac\pristine_H2O\XINHOT\XINHOT_w_H2O_1_relaxed.cif,-0.21690321999994921
C:\Users\GED\PycharmProjects\Aixelo_Project_DataLab_2025\data\odac\pristine_H2O\XINRAP\XINRAP_w_H2O_1_relaxed.cif,-0.14013433250011076
C:\Users\GED\PycharmProjects\Aixelo_Project_DataLab_2025\data\odac\pristine_H2O\XINWUO\XINWUO_w_H2O_1_relaxed.cif,-0.42006317249990843
C:\Users\GED\PycharmProjects\Aixelo_Project_DataLab_2025\data\odac\pristine_H2O\XINZEB\XINZEB_w_H2O_1_relaxed.cif,-0.33776895599999074
C:\Users\GED\PycharmProjects\Aixelo_Project_DataLab_2025\data\odac\pristine_H2O\XISKUF\XISKUF_w_H2O_1_relaxed.cif,-0.5487818983333644
C:\Users\GED\PycharmProjects\Aixelo_Project_DataLab_2025\data\odac\pristine_H2O\XISPEW\XISPEW_w_H2O_1_relaxed.cif,-0.30827856999997033
C:\Users\GED\PycharmProjects\Aixelo_Project_DataLab_2025\data\odac\pristine_H2O\XISPEW01\XISPEW01_w_H2O_1_relaxed.cif,-0.2340477719999398
C:\Users\GED\PycharmProjects\Aixelo_Project_DataLab_2025\data\odac\pristine_H2O\XISPEW02\XISPEW02_w_H2O_1_relaxed.cif,-0.3395119880000265
C:\Users\GED\PycharmProjects\Aixelo_Project_DataLab_2025\data\odac\pristine_H2O\XISPUM\XISPUM_w_H2O_1_relaxed.cif,-0.31275647200002366
C:\Users\GED\PycharmProjects\Aixelo_Project_DataLab_2025\data\odac\pristine_H2O\XISPUM01\XISPUM01_w_H2O_1_relaxed.cif,-0.27378313200001686
C:\Users\GED\PycharmProjects\Aixelo_Project_DataLab_2025\data\odac\pristine_H2O\XISVUR\XISVUR_w_H2O_1_relaxed.cif,-0.43388430500004915
C:\Users\GED\PycharmProjects\Aixelo_Project_DataLab_2025\data\odac\pristine_H2O\XITYOP\XITYOP_w_H2O_3_relaxed.cif,-0.3564297366668446
C:\Users\GED\PycharmProjects\Aixelo_Project_DataLab_2025\data\odac\pristine_H2O\XIVMEW\XIVMEW_w_H2O_1_relaxed.cif,-0.029953258333288588
C:\Users\GED\PycharmProjects\Aixelo_Project_DataLab_2025\data\odac\pristine_H2O\XIVMEW01\XIVMEW01_w_H2O_1_relaxed.cif,-0.3941919000000477
C:\Users\GED\PycharmProjects\Aixelo_Project_DataLab_2025\data\odac\pristine_H2O\XIWLAQ\XIWLAQ_w_H2O_1_relaxed.cif,-0.32068820749999816
C:\Users\GED\PycharmProjects\Aixelo_Project_DataLab_2025\data\odac\pristine_H2O\XIWYEH\XIWYEH_w_H2O_1_relaxed.cif,-0.5524706559998777
C:\Users\GED\PycharmProjects\Aixelo_Project_DataLab_2025\data\odac\pristine_H2O\XIYYEL\XIYYEL_w_H2O_1_relaxed.cif,1.4467941766666854
C:\Users\GED\PycharmProjects\Aixelo_Project_DataLab_2025\data\odac\pristine_H2O\XIZJEW\XIZJEW_w_H2O_1_relaxed.cif,-0.3451902340000288
C:\Users\GED\PycharmProjects\Aixelo_Project_DataLab_2025\data\odac\pristine_H2O\XOBXIW\XOBXIW_w_H2O_1_relaxed.cif,-0.4310696059998918
C:\Users\GED\PycharmProjects\Aixelo_Project_DataLab_2025\data\odac\pristine_H2O\XOCWET\XOCWET_w_H2O_1_relaxed.cif,-0.7836749866666727
C:\Users\GED\PycharmProjects\Aixelo_Project_DataLab_2025\data\odac\pristine_H2O\XOGXAU\XOGXAU_w_H2O_1_relaxed.cif,-0.2601229419999981
C:\Users\GED\PycharmProjects\Aixelo_Project_DataLab_2025\data\odac\pristine_H2O\XOHLEM\XOHLEM_w_H2O_1_relaxed.cif,-0.16086792249998888
C:\Users\GED\PycharmProjects\Aixelo_Project_DataLab_2025\data\odac\pristine_H2O\XOHTUJ\XOHTUJ_w_H2O_1_relaxed.cif,-0.258012444999963
C:\Users\GED\PycharmProjects\Aixelo_Project_DataLab_2025\data\odac\pristine_H2O\XOJWEZ\XOJWEZ_w_H2O_1_relaxed.cif,-0.3687451699999769
C:\Users\GED\PycharmProjects\Aixelo_Project_DataLab_2025\data\odac\pristine_H2O\XOJWOJ\XOJWOJ_w_H2O_1_relaxed.cif,-0.8254232120000552
C:\Users\GED\PycharmProjects\Aixelo_Project_DataLab_2025\data\odac\pristine_H2O\XOMCUZ\XOMCUZ_w_H2O_1_relaxed.cif,-0.39414061200000106
C:\Users\GED\PycharmProjects\Aixelo_Project_DataLab_2025\data\odac\pristine_H2O\XOMGIQ\XOMGIQ_w_H2O_1_relaxed.cif,-0.7429726780001147
C:\Users\GED\PycharmProjects\Aixelo_Project_DataLab_2025\data\odac\pristine_H2O\XOMJOY\XOMJOY_w_H2O_3_relaxed.cif,-0.0785311899999214
C:\Users\GED\PycharmProjects\Aixelo_Project_DataLab_2025\data\odac\pristine_H2O\XOPJAO\XOPJAO_w_H2O_1_relaxed.cif,-0.31665987599997153
C:\Users\GED\PycharmProjects\Aixelo_Project_DataLab_2025\data\odac\pristine_H2O\XOPLOE\XOPLOE_w_H2O_1_relaxed.cif,-0.2021512819999316
C:\Users\GED\PycharmProjects\Aixelo_Project_DataLab_2025\data\odac\pristine_H2O\XOPMIA\XOPMIA_w_H2O_1_relaxed.cif,-0.09998191600006974
C:\Users\GED\PycharmProjects\Aixelo_Project_DataLab_2025\data\odac\pristine_H2O\XOQXIL\XOQXIL_w_H2O_1_relaxed.cif,-0.3555396799999471
C:\Users\GED\PycharmProjects\Aixelo_Project_DataLab_2025\data\odac\pristine_H2O\XORHET\XORHET_w_H2O_1_relaxed.cif,-0.5795880180001405
C:\Users\GED\PycharmProjects\Aixelo_Project_DataLab_2025\data\odac\pristine_H2O\XOSPOK\XOSPOK_w_H2O_1_relaxed.cif,-0.28111098749999996
C:\Users\GED\PycharmProjects\Aixelo_Project_DataLab_2025\data\odac\pristine_H2O\XOTGUI\XOTGUI_w_H2O_1_relaxed.cif,-0.6542950940000083
C:\Users\GED\PycharmProjects\Aixelo_Project_DataLab_2025\data\odac\pristine_H2O\XOTHAP\XOTHAP_w_H2O_1_relaxed.cif,-0.418456407500031
C:\Users\GED\PycharmProjects\Aixelo_Project_DataLab_2025\data\odac\pristine_H2O\XOTSEG\XOTSEG_w_H2O_1_relaxed.cif,-0.18667494999994003
C:\Users\GED\PycharmProjects\Aixelo_Project_DataLab_2025\data\odac\pristine_H2O\XOTXAG\XOTXAG_w_H2O_random_1_relaxed.cif,0.1987987200000134
C:\Users\GED\PycharmProjects\Aixelo_Project_DataLab_2025\data\odac\pristine_H2O\XOTXUB\XOTXUB_w_H2O_1_relaxed.cif,-0.929430429999987
C:\Users\GED\PycharmProjects\Aixelo_Project_DataLab_2025\data\odac\pristine_H2O\XOVPIH\XOVPIH_w_H2O_1_relaxed.cif,-0.5268607399999382
C:\Users\GED\PycharmProjects\Aixelo_Project_DataLab_2025\data\odac\pristine_H2O\XOVPON\XOVPON_w_H2O_1_relaxed.cif,-0.23369909333333294
C:\Users\GED\PycharmProjects\Aixelo_Project_DataLab_2025\data\odac\pristine_H2O\XOVQIJ\XOVQIJ_w_H2O_1_relaxed.cif,-0.46305061800039765
C:\Users\GED\PycharmProjects\Aixelo_Project_DataLab_2025\data\odac\pristine_H2O\XOVVEK\XOVVEK_w_H2O_1_relaxed.cif,-0.3776374039999837
C:\Users\GED\PycharmProjects\Aixelo_Project_DataLab_2025\data\odac\pristine_H2O\XOVVOU\XOVVOU_w_H2O_1_relaxed.cif,-0.5606777759999659
C:\Users\GED\PycharmProjects\Aixelo_Project_DataLab_2025\data\odac\pristine_H2O\XUBGUY\XUBGUY_w_H2O_1_relaxed.cif,-0.17222918499987824
C:\Users\GED\PycharmProjects\Aixelo_Project_DataLab_2025\data\odac\pristine_H2O\XUDYEC\XUDYEC_w_H2O_1_relaxed.cif,-0.383276115000001
C:\Users\GED\PycharmProjects\Aixelo_Project_DataLab_2025\data\odac\pristine_H2O\XUGROI\XUGROI_w_H2O_1_relaxed.cif,-0.14148185999999896
C:\Users\GED\PycharmProjects\Aixelo_Project_DataLab_2025\data\odac\pristine_H2O\XUGSEY\XUGSEY_w_H2O_1_relaxed.cif,-0.23762569749993642
C:\Users\GED\PycharmProjects\Aixelo_Project_DataLab_2025\data\odac\pristine_H2O\XUJPEY\XUJPEY_w_H2O_random_2_relaxed.cif,-0.1033755300002212
C:\Users\GED\PycharmProjects\Aixelo_Project_DataLab_2025\data\odac\pristine_H2O\XUJPOI\XUJPOI_w_H2O_1_relaxed.cif,-0.35002760799993665
C:\Users\GED\PycharmProjects\Aixelo_Project_DataLab_2025\data\odac\pristine_H2O\XUJQAV\XUJQAV_w_H2O_1_relaxed.cif,-0.41997567200010055
C:\Users\GED\PycharmProjects\Aixelo_Project_DataLab_2025\data\odac\pristine_H2O\XUKHUI\XUKHUI_w_H2O_1_relaxed.cif,-0.565052285999991
C:\Users\GED\PycharmProjects\Aixelo_Project_DataLab_2025\data\odac\pristine_H2O\XUKLAS\XUKLAS_w_H2O_1_relaxed.cif,-0.4151318479999418
C:\Users\GED\PycharmProjects\Aixelo_Project_DataLab_2025\data\odac\pristine_H2O\XUKNIC\XUKNIC_w_H2O_1_relaxed.cif,-0.48165418750011213
C:\Users\GED\PycharmProjects\Aixelo_Project_DataLab_2025\data\odac\pristine_H2O\XUKYEI_neutral\XUKYEI_neutral_w_H2O_1_relaxed.cif,-0.16092589000007246
C:\Users\GED\PycharmProjects\Aixelo_Project_DataLab_2025\data\odac\pristine_H2O\XULGUI\XULGUI_w_H2O_1_relaxed.cif,-0.25939226000002685
C:\Users\GED\PycharmProjects\Aixelo_Project_DataLab_2025\data\odac\pristine_H2O\XUMMOJ\XUMMOJ_w_H2O_1_relaxed.cif,0.1597834625000019
C:\Users\GED\PycharmProjects\Aixelo_Project_DataLab_2025\data\odac\pristine_H2O\XUMMUP\XUMMUP_w_H2O_1_relaxed.cif,-0.17988426750002867
C:\Users\GED\PycharmProjects\Aixelo_Project_DataLab_2025\data\odac\pristine_H2O\XUMNEA\XUMNEA_w_H2O_1_relaxed.cif,-0.3007716640003309
C:\Users\GED\PycharmProjects\Aixelo_Project_DataLab_2025\data\odac\pristine_H2O\XUMTUV\XUMTUV_w_H2O_1_relaxed.cif,-0.38236670800004047
C:\Users\GED\PycharmProjects\Aixelo_Project_DataLab_2025\data\odac\pristine_H2O\XUMVAD\XUMVAD_w_H2O_1_relaxed.cif,-0.47572878399989804
C:\Users\GED\PycharmProjects\Aixelo_Project_DataLab_2025\data\odac\pristine_H2O\XUNGOD\XUNGOD_w_H2O_1_relaxed.cif,-0.08027710599995996
C:\Users\GED\PycharmProjects\Aixelo_Project_DataLab_2025\data\odac\pristine_H2O\XUNGUJ\XUNGUJ_w_H2O_1_relaxed.cif,-0.17495273599997743
C:\Users\GED\PycharmProjects\Aixelo_Project_DataLab_2025\data\odac\pristine_H2O\XUNHAQ\XUNHAQ_w_H2O_1_relaxed.cif,-0.17221754199997572
C:\Users\GED\PycharmProjects\Aixelo_Project_DataLab_2025\data\odac\pristine_H2O\XUNSAC\XUNSAC_w_H2O_1_relaxed.cif,-0.1704976299999998
C:\Users\GED\PycharmProjects\Aixelo_Project_DataLab_2025\data\odac\pristine_H2O\XUNSEG\XUNSEG_w_H2O_1_relaxed.cif,-0.16483385599997286
C:\Users\GED\PycharmProjects\Aixelo_Project_DataLab_2025\data\odac\pristine_H2O\XUNSIK\XUNSIK_w_H2O_1_relaxed.cif,-0.15397387599995224
C:\Users\GED\PycharmProjects\Aixelo_Project_DataLab_2025\data\odac\pristine_H2O\XUNSOQ\XUNSOQ_w_H2O_1_relaxed.cif,-0.014919297999949779
C:\Users\GED\PycharmProjects\Aixelo_Project_DataLab_2025\data\odac\pristine_H2O\XUNTIL\XUNTIL_w_H2O_1_relaxed.cif,-0.19963928200002096
C:\Users\GED\PycharmProjects\Aixelo_Project_DataLab_2025\data\odac\pristine_H2O\XUPSAE\XUPSAE_w_H2O_1_relaxed.cif,-0.44106649399996056
C:\Users\GED\PycharmProjects\Aixelo_Project_DataLab_2025\data\odac\pristine_H2O\XUVHEB\XUVHEB_w_H2O_1_relaxed.cif,-0.309175334000156
C:\Users\GED\PycharmProjects\Aixelo_Project_DataLab_2025\data\odac\pristine_H2O\XUWSUD\XUWSUD_w_H2O_1_relaxed.cif,-0.5747090933333917
C:\Users\GED\PycharmProjects\Aixelo_Project_DataLab_2025\data\odac\pristine_H2O\XUWTAK\XUWTAK_w_H2O_1_relaxed.cif,-0.46096111333323125
C:\Users\GED\PycharmProjects\Aixelo_Project_DataLab_2025\data\odac\pristine_H2O\XUYXAR\XUYXAR_w_H2O_1_relaxed.cif,-0.13686974199990795
C:\Users\GED\PycharmProjects\Aixelo_Project_DataLab_2025\data\odac\pristine_H2O\YABPAU\YABPAU_w_H2O_1_relaxed.cif,0.2673599620000459
C:\Users\GED\PycharmProjects\Aixelo_Project_DataLab_2025\data\odac\pristine_H2O\YAGJOI\YAGJOI_w_H2O_1_relaxed.cif,0.4580215450000651
C:\Users\GED\PycharmProjects\Aixelo_Project_DataLab_2025\data\odac\pristine_H2O\YAHPED\YAHPED_w_H2O_2_relaxed.cif,-0.4281292499998699
C:\Users\GED\PycharmProjects\Aixelo_Project_DataLab_2025\data\odac\pristine_H2O\YANBAR\YANBAR_w_H2O_1_relaxed.cif,-0.11403435200004419
C:\Users\GED\PycharmProjects\Aixelo_Project_DataLab_2025\data\odac\pristine_H2O\YANBAR01\YANBAR01_w_H2O_1_relaxed.cif,-0.4497160319999011
C:\Users\GED\PycharmProjects\Aixelo_Project_DataLab_2025\data\odac\pristine_H2O\YANBAR02\YANBAR02_w_H2O_1_relaxed.cif,-0.36058756000002173
C:\Users\GED\PycharmProjects\Aixelo_Project_DataLab_2025\data\odac\pristine_H2O\YANBAR03\YANBAR03_w_H2O_1_relaxed.cif,-0.331067550000057
C:\Users\GED\PycharmProjects\Aixelo_Project_DataLab_2025\data\odac\pristine_H2O\YAPRUE_charged\YAPRUE_charged_w_H2O_random_2_relaxed.cif,-0.1291006100002505
C:\Users\GED\PycharmProjects\Aixelo_Project_DataLab_2025\data\odac\pristine_H2O\YAPXIX\YAPXIX_w_H2O_1_relaxed.cif,-0.23909639999997126
C:\Users\GED\PycharmProjects\Aixelo_Project_DataLab_2025\data\odac\pristine_H2O\YAQKEI\YAQKEI_w_H2O_1_relaxed.cif,-0.5666265299999168
C:\Users\GED\PycharmProjects\Aixelo_Project_DataLab_2025\data\odac\pristine_H2O\YARDEC\YARDEC_w_H2O_1_relaxed.cif,-0.43896332999997867
C:\Users\GED\PycharmProjects\Aixelo_Project_DataLab_2025\data\odac\pristine_H2O\YARDIG\YARDIG_w_H2O_1_relaxed.cif,-0.41496018750007124
C:\Users\GED\PycharmProjects\Aixelo_Project_DataLab_2025\data\odac\pristine_H2O\YARKAF\YARKAF_w_H2O_1_relaxed.cif,0.48239348500021606
C:\Users\GED\PycharmProjects\Aixelo_Project_DataLab_2025\data\odac\pristine_H2O\YARKEJ\YARKEJ_w_H2O_1_relaxed.cif,-0.46050017399998067
C:\Users\GED\PycharmProjects\Aixelo_Project_DataLab_2025\data\odac\pristine_H2O\YARKOT\YARKOT_w_H2O_1_relaxed.cif,-0.2997046299999283
C:\Users\GED\PycharmProjects\Aixelo_Project_DataLab_2025\data\odac\pristine_H2O\YARSAN\YARSAN_w_H2O_1_relaxed.cif,-0.4442152500000702
C:\Users\GED\PycharmProjects\Aixelo_Project_DataLab_2025\data\odac\pristine_H2O\YARSIV\YARSIV_w_H2O_1_relaxed.cif,-0.5214247680000881
C:\Users\GED\PycharmProjects\Aixelo_Project_DataLab_2025\data\odac\pristine_H2O\YARYEV\YARYEV_w_H2O_1_relaxed.cif,-0.4365304766666422
C:\Users\GED\PycharmProjects\Aixelo_Project_DataLab_2025\data\odac\pristine_H2O\YARYIZ\YARYIZ_w_H2O_1_relaxed.cif,-0.6027471533333255
C:\Users\GED\PycharmProjects\Aixelo_Project_DataLab_2025\data\odac\pristine_H2O\YARYOF\YARYOF_w_H2O_1_relaxed.cif,-0.4974681749999945
C:\Users\GED\PycharmProjects\Aixelo_Project_DataLab_2025\data\odac\pristine_H2O\YARYUL\YARYUL_w_H2O_1_relaxed.cif,-0.26742438999997376
C:\Users\GED\PycharmProjects\Aixelo_Project_DataLab_2025\data\odac\pristine_H2O\YARZEZ02\YARZEZ02_w_H2O_1_relaxed.cif,-0.2272541799999316
C:\Users\GED\PycharmProjects\Aixelo_Project_DataLab_2025\data\odac\pristine_H2O\YARZEZ03\YARZEZ03_w_H2O_1_relaxed.cif,-0.2582264566667239
C:\Users\GED\PycharmProjects\Aixelo_Project_DataLab_2025\data\odac\pristine_H2O\YASLUA\YASLUA_w_H2O_1_relaxed.cif,-0.5166563049999837
C:\Users\GED\PycharmProjects\Aixelo_Project_DataLab_2025\data\odac\pristine_H2O\YATDUV\YATDUV_w_H2O_1_relaxed.cif,-0.1800837824999348
C:\Users\GED\PycharmProjects\Aixelo_Project_DataLab_2025\data\odac\pristine_H2O\YATTUK\YATTUK_w_H2O_1_relaxed.cif,-0.2194974024999396
C:\Users\GED\PycharmProjects\Aixelo_Project_DataLab_2025\data\odac\pristine_H2O\YAVSOG\YAVSOG_w_H2O_1_relaxed.cif,-0.6212120859999686
C:\Users\GED\PycharmProjects\Aixelo_Project_DataLab_2025\data\odac\pristine_H2O\YAVTUN\YAVTUN_w_H2O_1_relaxed.cif,-0.23178001000002268
C:\Users\GED\PycharmProjects\Aixelo_Project_DataLab_2025\data\odac\pristine_H2O\YAVVID\YAVVID_w_H2O_1_relaxed.cif,-0.6609872980000091
C:\Users\GED\PycharmProjects\Aixelo_Project_DataLab_2025\data\odac\pristine_H2O\YAVVOJ\YAVVOJ_w_H2O_1_relaxed.cif,-0.098249622499992
C:\Users\GED\PycharmProjects\Aixelo_Project_DataLab_2025\data\odac\pristine_H2O\YAVVUP\YAVVUP_w_H2O_1_relaxed.cif,0.013570267499943646
C:\Users\GED\PycharmProjects\Aixelo_Project_DataLab_2025\data\odac\pristine_H2O\YAVZAX\YAVZAX_w_H2O_1_relaxed.cif,-0.21200060249999805
C:\Users\GED\PycharmProjects\Aixelo_Project_DataLab_2025\data\odac\pristine_H2O\YAWFEI_charged\YAWFEI_charged_w_H2O_1_relaxed.cif,-0.3346842659999993
C:\Users\GED\PycharmProjects\Aixelo_Project_DataLab_2025\data\odac\pristine_H2O\YAWFOS\YAWFOS_w_H2O_1_relaxed.cif,0.2887619650001625
C:\Users\GED\PycharmProjects\Aixelo_Project_DataLab_2025\data\odac\pristine_H2O\YAXBOP_SL\YAXBOP_SL_w_H2O_random_1_relaxed.cif,0.65015523999989
C:\Users\GED\PycharmProjects\Aixelo_Project_DataLab_2025\data\odac\pristine_H2O\YAYLER\YAYLER_w_H2O_1_relaxed.cif,-0.30511652750004714
C:\Users\GED\PycharmProjects\Aixelo_Project_DataLab_2025\data\odac\pristine_H2O\YAYPOF\YAYPOF_w_H2O_1_relaxed.cif,-0.8789498299998968
C:\Users\GED\PycharmProjects\Aixelo_Project_DataLab_2025\data\odac\pristine_H2O\YAYRAT\YAYRAT_w_H2O_1_relaxed.cif,-0.6435448974999645
C:\Users\GED\PycharmProjects\Aixelo_Project_DataLab_2025\data\odac\pristine_H2O\YAZWOM\YAZWOM_w_H2O_1_relaxed.cif,-0.277198040000053
C:\Users\GED\PycharmProjects\Aixelo_Project_DataLab_2025\data\odac\pristine_H2O\YEBLAT\YEBLAT_w_H2O_1_relaxed.cif,-0.3014790225000183
C:\Users\GED\PycharmProjects\Aixelo_Project_DataLab_2025\data\odac\pristine_H2O\YEDLAV\YEDLAV_w_H2O_1_relaxed.cif,-0.5156399149999514
C:\Users\GED\PycharmProjects\Aixelo_Project_DataLab_2025\data\odac\pristine_H2O\YEFNEC\YEFNEC_w_H2O_random_2_relaxed.cif,-0.2015220499999657
C:\Users\GED\PycharmProjects\Aixelo_Project_DataLab_2025\data\odac\pristine_H2O\YEFNIG\YEFNIG_w_H2O_random_1_relaxed.cif,-0.18765966499996975
C:\Users\GED\PycharmProjects\Aixelo_Project_DataLab_2025\data\odac\pristine_H2O\YEFNOM\YEFNOM_w_H2O_1_relaxed.cif,-0.2701365599999974
C:\Users\GED\PycharmProjects\Aixelo_Project_DataLab_2025\data\odac\pristine_H2O\YEGCUJ\YEGCUJ_w_H2O_1_relaxed.cif,0.06262592799998852
C:\Users\GED\PycharmProjects\Aixelo_Project_DataLab_2025\data\odac\pristine_H2O\YEGHEZ\YEGHEZ_w_H2O_1_relaxed.cif,3.7827246125000897
C:\Users\GED\PycharmProjects\Aixelo_Project_DataLab_2025\data\odac\pristine_H2O\YEGKOM\YEGKOM_w_H2O_1_relaxed.cif,-0.4529405660000066
C:\Users\GED\PycharmProjects\Aixelo_Project_DataLab_2025\data\odac\pristine_H2O\YEKXET\YEKXET_w_H2O_1_relaxed.cif,-0.32803917499990115
C:\Users\GED\PycharmProjects\Aixelo_Project_DataLab_2025\data\odac\pristine_H2O\YEKXOD\YEKXOD_w_H2O_1_relaxed.cif,0.005736032499896751
C:\Users\GED\PycharmProjects\Aixelo_Project_DataLab_2025\data\odac\pristine_H2O\YEKXUJ\YEKXUJ_w_H2O_1_relaxed.cif,-0.3305867819998184
C:\Users\GED\PycharmProjects\Aixelo_Project_DataLab_2025\data\odac\pristine_H2O\YELYOE\YELYOE_w_H2O_1_relaxed.cif,-0.8856610679999903
C:\Users\GED\PycharmProjects\Aixelo_Project_DataLab_2025\data\odac\pristine_H2O\YEMFOM\YEMFOM_w_H2O_1_relaxed.cif,-0.4372022900000161
C:\Users\GED\PycharmProjects\Aixelo_Project_DataLab_2025\data\odac\pristine_H2O\YEMJAC\YEMJAC_w_H2O_1_relaxed.cif,-0.19775761749994555
C:\Users\GED\PycharmProjects\Aixelo_Project_DataLab_2025\data\odac\pristine_H2O\YEMLUY_charged\YEMLUY_charged_w_H2O_1_relaxed.cif,-0.1893966775000422
C:\Users\GED\PycharmProjects\Aixelo_Project_DataLab_2025\data\odac\pristine_H2O\YEYCUC_SL\YEYCUC_SL_w_H2O_1_relaxed.cif,-0.1430434240000977
C:\Users\GED\PycharmProjects\Aixelo_Project_DataLab_2025\data\odac\pristine_H2O\YEYLUJ\YEYLUJ_w_H2O_1_relaxed.cif,-0.3877572999997937
C:\Users\GED\PycharmProjects\Aixelo_Project_DataLab_2025\data\odac\pristine_H2O\YEZFIU\YEZFIU_w_H2O_1_relaxed.cif,-0.40399920749996454
C:\Users\GED\PycharmProjects\Aixelo_Project_DataLab_2025\data\odac\pristine_H2O\YEZKEV\YEZKEV_w_H2O_1_relaxed.cif,-0.22825658499982632
C:\Users\GED\PycharmProjects\Aixelo_Project_DataLab_2025\data\odac\pristine_H2O\YIBMUT\YIBMUT_w_H2O_1_relaxed.cif,-0.21560641166670771
C:\Users\GED\PycharmProjects\Aixelo_Project_DataLab_2025\data\odac\pristine_H2O\YICDAR\YICDAR_w_H2O_1_relaxed.cif,-0.4470939680002175
C:\Users\GED\PycharmProjects\Aixelo_Project_DataLab_2025\data\odac\pristine_H2O\YIDSOT\YIDSOT_w_H2O_1_relaxed.cif,-0.6634189775000436
C:\Users\GED\PycharmProjects\Aixelo_Project_DataLab_2025\data\odac\pristine_H2O\YILJAG\YILJAG_w_H2O_1_relaxed.cif,-0.4608250574999886
C:\Users\GED\PycharmProjects\Aixelo_Project_DataLab_2025\data\odac\pristine_H2O\YILJUA\YILJUA_w_H2O_1_relaxed.cif,-0.49490520249992187
C:\Users\GED\PycharmProjects\Aixelo_Project_DataLab_2025\data\odac\pristine_H2O\YILKAH\YILKAH_w_H2O_1_relaxed.cif,-0.5287774779997108
C:\Users\GED\PycharmProjects\Aixelo_Project_DataLab_2025\data\odac\pristine_H2O\YINCEF\YINCEF_w_H2O_1_relaxed.cif,-0.34160144800011943
C:\Users\GED\PycharmProjects\Aixelo_Project_DataLab_2025\data\odac\pristine_H2O\YINCIJ\YINCIJ_w_H2O_1_relaxed.cif,0.05061504600007538
C:\Users\GED\PycharmProjects\Aixelo_Project_DataLab_2025\data\odac\pristine_H2O\YINCOP\YINCOP_w_H2O_1_relaxed.cif,-0.5515754259999994
C:\Users\GED\PycharmProjects\Aixelo_Project_DataLab_2025\data\odac\pristine_H2O\YINCUV\YINCUV_w_H2O_1_relaxed.cif,-0.5724158860003626
C:\Users\GED\PycharmProjects\Aixelo_Project_DataLab_2025\data\odac\pristine_H2O\YINXIE\YINXIE_w_H2O_1_relaxed.cif,-0.3340326560000221
C:\Users\GED\PycharmProjects\Aixelo_Project_DataLab_2025\data\odac\pristine_H2O\YIPDOR\YIPDOR_w_H2O_1_relaxed.cif,-0.23699912399979434
C:\Users\GED\PycharmProjects\Aixelo_Project_DataLab_2025\data\odac\pristine_H2O\YISFEL\YISFEL_w_H2O_1_relaxed.cif,-0.4770949319999886
C:\Users\GED\PycharmProjects\Aixelo_Project_DataLab_2025\data\odac\pristine_H2O\YIVNIC\YIVNIC_w_H2O_1_relaxed.cif,-0.5977972350002574
C:\Users\GED\PycharmProjects\Aixelo_Project_DataLab_2025\data\odac\pristine_H2O\YIWBEN\YIWBEN_w_H2O_1_relaxed.cif,-0.3467235420001088
C:\Users\GED\PycharmProjects\Aixelo_Project_DataLab_2025\data\odac\pristine_H2O\YIWBIR\YIWBIR_w_H2O_1_relaxed.cif,3.1556008680001013
C:\Users\GED\PycharmProjects\Aixelo_Project_DataLab_2025\data\odac\pristine_H2O\YIWLEV\YIWLEV_w_H2O_1_relaxed.cif,2.7434455999999776
C:\Users\GED\PycharmProjects\Aixelo_Project_DataLab_2025\data\odac\pristine_H2O\YIWLIZ\YIWLIZ_w_H2O_1_relaxed.cif,-0.339181336666627
C:\Users\GED\PycharmProjects\Aixelo_Project_DataLab_2025\data\odac\pristine_H2O\YIWLUL\YIWLUL_w_H2O_1_relaxed.cif,6.727553419999983
C:\Users\GED\PycharmProjects\Aixelo_Project_DataLab_2025\data\odac\pristine_H2O\YIWMEW\YIWMEW_w_H2O_1_relaxed.cif,-0.29861136000003796
C:\Users\GED\PycharmProjects\Aixelo_Project_DataLab_2025\data\odac\pristine_H2O\YIWMOG\YIWMOG_w_H2O_1_relaxed.cif,1.976023650000002
C:\Users\GED\PycharmProjects\Aixelo_Project_DataLab_2025\data\odac\pristine_H2O\YIWMUM\YIWMUM_w_H2O_1_relaxed.cif,3.5907712349999628
C:\Users\GED\PycharmProjects\Aixelo_Project_DataLab_2025\data\odac\pristine_H2O\YIWNAT\YIWNAT_w_H2O_2_relaxed.cif,9.835524013333364
C:\Users\GED\PycharmProjects\Aixelo_Project_DataLab_2025\data\odac\pristine_H2O\YIWNEX\YIWNEX_w_H2O_1_relaxed.cif,-0.5803318666667868
C:\Users\GED\PycharmProjects\Aixelo_Project_DataLab_2025\data\odac\pristine_H2O\YIWNIB\YIWNIB_w_H2O_1_relaxed.cif,-0.26278556333335246
C:\Users\GED\PycharmProjects\Aixelo_Project_DataLab_2025\data\odac\pristine_H2O\YIWNOH\YIWNOH_w_H2O_1_relaxed.cif,-0.24678135333332799
C:\Users\GED\PycharmProjects\Aixelo_Project_DataLab_2025\data\odac\pristine_H2O\YIWNUN\YIWNUN_w_H2O_1_relaxed.cif,3.8991319249999634
C:\Users\GED\PycharmProjects\Aixelo_Project_DataLab_2025\data\odac\pristine_H2O\YIWPAV\YIWPAV_w_H2O_1_relaxed.cif,-0.2917238733333249
C:\Users\GED\PycharmProjects\Aixelo_Project_DataLab_2025\data\odac\pristine_H2O\YIWPEZ_SL_part\YIWPEZ_SL_part_w_H2O_1_relaxed.cif,-0.30099339666666464
C:\Users\GED\PycharmProjects\Aixelo_Project_DataLab_2025\data\odac\pristine_H2O\YIWPID\YIWPID_w_H2O_1_relaxed.cif,-0.7081598099999837
C:\Users\GED\PycharmProjects\Aixelo_Project_DataLab_2025\data\odac\pristine_H2O\YIXFIW\YIXFIW_w_H2O_1_relaxed.cif,2.515062459999899
C:\Users\GED\PycharmProjects\Aixelo_Project_DataLab_2025\data\odac\pristine_H2O\YIXYUB\YIXYUB_w_H2O_1_relaxed.cif,-0.24727620400012706
C:\Users\GED\PycharmProjects\Aixelo_Project_DataLab_2025\data\odac\pristine_H2O\YIXZEM\YIXZEM_w_H2O_1_relaxed.cif,0.3768207460001122
C:\Users\GED\PycharmProjects\Aixelo_Project_DataLab_2025\data\odac\pristine_H2O\YIYHAQ\YIYHAQ_w_H2O_1_relaxed.cif,-0.49548050999995513
C:\Users\GED\PycharmProjects\Aixelo_Project_DataLab_2025\data\odac\pristine_H2O\YIZGEV\YIZGEV_w_H2O_1_relaxed.cif,-0.6376421200000474
C:\Users\GED\PycharmProjects\Aixelo_Project_DataLab_2025\data\odac\pristine_H2O\YIZGIZ\YIZGIZ_w_H2O_1_relaxed.cif,-0.2751357366665464
C:\Users\GED\PycharmProjects\Aixelo_Project_DataLab_2025\data\odac\pristine_H2O\YIZGOF\YIZGOF_w_H2O_1_relaxed.cif,-0.3972856433332859
C:\Users\GED\PycharmProjects\Aixelo_Project_DataLab_2025\data\odac\pristine_H2O\YIZWIN\YIZWIN_w_H2O_1_relaxed.cif,-0.2940252699999746
C:\Users\GED\PycharmProjects\Aixelo_Project_DataLab_2025\data\odac\pristine_H2O\YOCLEJ\YOCLEJ_w_H2O_1_relaxed.cif,0.16839012750017446
C:\Users\GED\PycharmProjects\Aixelo_Project_DataLab_2025\data\odac\pristine_H2O\YOCLIN\YOCLIN_w_H2O_1_relaxed.cif,-0.12003725999984453
C:\Users\GED\PycharmProjects\Aixelo_Project_DataLab_2025\data\odac\pristine_H2O\YOCNAH\YOCNAH_w_H2O_1_relaxed.cif,-0.5079888349998782
C:\Users\GED\PycharmProjects\Aixelo_Project_DataLab_2025\data\odac\pristine_H2O\YOCSEQ\YOCSEQ_w_H2O_1_relaxed.cif,-0.26209972799999826
C:\Users\GED\PycharmProjects\Aixelo_Project_DataLab_2025\data\odac\pristine_H2O\YOFGOR\YOFGOR_w_H2O_1_relaxed.cif,0.30100102599999445
C:\Users\GED\PycharmProjects\Aixelo_Project_DataLab_2025\data\odac\pristine_H2O\YOGKOW\YOGKOW_w_H2O_1_relaxed.cif,-0.6793765475000555
C:\Users\GED\PycharmProjects\Aixelo_Project_DataLab_2025\data\odac\pristine_H2O\YOGVEX\YOGVEX_w_H2O_1_relaxed.cif,-0.4423243719999846
C:\Users\GED\PycharmProjects\Aixelo_Project_DataLab_2025\data\odac\pristine_H2O\YOKKIU\YOKKIU_w_H2O_1_relaxed.cif,0.13652209199990462
C:\Users\GED\PycharmProjects\Aixelo_Project_DataLab_2025\data\odac\pristine_H2O\YOLGUB\YOLGUB_w_H2O_1_relaxed.cif,-0.4353147333332951
C:\Users\GED\PycharmProjects\Aixelo_Project_DataLab_2025\data\odac\pristine_H2O\YOMBAE_charged\YOMBAE_charged_w_H2O_1_relaxed.cif,-0.4571437874997173
C:\Users\GED\PycharmProjects\Aixelo_Project_DataLab_2025\data\odac\pristine_H2O\YOMVIG\YOMVIG_w_H2O_1_relaxed.cif,-0.03187293000000105
C:\Users\GED\PycharmProjects\Aixelo_Project_DataLab_2025\data\odac\pristine_H2O\YOMVIG01\YOMVIG01_w_H2O_1_relaxed.cif,-0.26360377666677925
C:\Users\GED\PycharmProjects\Aixelo_Project_DataLab_2025\data\odac\pristine_H2O\YOMZIL\YOMZIL_w_H2O_1_relaxed.cif,-0.30242709200019813
C:\Users\GED\PycharmProjects\Aixelo_Project_DataLab_2025\data\odac\pristine_H2O\YONNUL\YONNUL_w_H2O_1_relaxed.cif,-0.33391196800048417
C:\Users\GED\PycharmProjects\Aixelo_Project_DataLab_2025\data\odac\pristine_H2O\YOPPAW\YOPPAW_w_H2O_1_relaxed.cif,-0.46881186199989316
C:\Users\GED\PycharmProjects\Aixelo_Project_DataLab_2025\data\odac\pristine_H2O\YORGOD\YORGOD_w_H2O_1_relaxed.cif,-0.4085039019999385
C:\Users\GED\PycharmProjects\Aixelo_Project_DataLab_2025\data\odac\pristine_H2O\YORNIE\YORNIE_w_H2O_1_relaxed.cif,0.17254156999993595
C:\Users\GED\PycharmProjects\Aixelo_Project_DataLab_2025\data\odac\pristine_H2O\YOVXEO\YOVXEO_w_H2O_2_relaxed.cif,0.6726036599998224
C:\Users\GED\PycharmProjects\Aixelo_Project_DataLab_2025\data\odac\pristine_H2O\YOYBUL\YOYBUL_w_H2O_1_relaxed.cif,-0.4309065299999929
C:\Users\GED\PycharmProjects\Aixelo_Project_DataLab_2025\data\odac\pristine_H2O\YOYNUX\YOYNUX_w_H2O_1_relaxed.cif,-0.34583287799996465
C:\Users\GED\PycharmProjects\Aixelo_Project_DataLab_2025\data\odac\pristine_H2O\YOYPEJ\YOYPEJ_w_H2O_2_relaxed.cif,-0.414283634999947
C:\Users\GED\PycharmProjects\Aixelo_Project_DataLab_2025\data\odac\pristine_H2O\YOYQIO\YOYQIO_w_H2O_1_relaxed.cif,-0.3479216800002177
C:\Users\GED\PycharmProjects\Aixelo_Project_DataLab_2025\data\odac\pristine_H2O\YOYQUA\YOYQUA_w_H2O_1_relaxed.cif,0.03681424999999764
C:\Users\GED\PycharmProjects\Aixelo_Project_DataLab_2025\data\odac\pristine_H2O\YOYRAH\YOYRAH_w_H2O_1_relaxed.cif,0.364225881999937
C:\Users\GED\PycharmProjects\Aixelo_Project_DataLab_2025\data\odac\pristine_H2O\YOYREL\YOYREL_w_H2O_1_relaxed.cif,-0.08322244800001496
C:\Users\GED\PycharmProjects\Aixelo_Project_DataLab_2025\data\odac\pristine_H2O\YOYRIP\YOYRIP_w_H2O_1_relaxed.cif,0.00951267800005554
C:\Users\GED\PycharmProjects\Aixelo_Project_DataLab_2025\data\odac\pristine_H2O\YOYTOX\YOYTOX_w_H2O_1_relaxed.cif,-0.49295547800038547
C:\Users\GED\PycharmProjects\Aixelo_Project_DataLab_2025\data\odac\pristine_H2O\YOYVOZ\YOYVOZ_w_H2O_1_relaxed.cif,0.34767066200020047
C:\Users\GED\PycharmProjects\Aixelo_Project_DataLab_2025\data\odac\pristine_H2O\YOYVOZ01\YOYVOZ01_w_H2O_1_relaxed.cif,-0.45834130200028084
C:\Users\GED\PycharmProjects\Aixelo_Project_DataLab_2025\data\odac\pristine_H2O\YOYWEQ\YOYWEQ_w_H2O_1_relaxed.cif,0.6768803819996719
C:\Users\GED\PycharmProjects\Aixelo_Project_DataLab_2025\data\odac\pristine_H2O\YOYWEQ01\YOYWEQ01_w_H2O_1_relaxed.cif,-0.41908585400014997
C:\Users\GED\PycharmProjects\Aixelo_Project_DataLab_2025\data\odac\pristine_H2O\YOZJEE\YOZJEE_w_H2O_1_relaxed.cif,0.2030554539999684
C:\Users\GED\PycharmProjects\Aixelo_Project_DataLab_2025\data\odac\pristine_H2O\YOZJEE01\YOZJEE01_w_H2O_1_relaxed.cif,-0.50520402200018
C:\Users\GED\PycharmProjects\Aixelo_Project_DataLab_2025\data\odac\pristine_H2O\YOZKOP\YOZKOP_w_H2O_1_relaxed.cif,-0.3902870449998659
C:\Users\GED\PycharmProjects\Aixelo_Project_DataLab_2025\data\odac\pristine_H2O\YOZQEK\YOZQEK_w_H2O_1_relaxed.cif,-0.2725436199998512
C:\Users\GED\PycharmProjects\Aixelo_Project_DataLab_2025\data\odac\pristine_H2O\YOZYOD\YOZYOD_w_H2O_1_relaxed.cif,-0.47843167999994873
C:\Users\GED\PycharmProjects\Aixelo_Project_DataLab_2025\data\odac\pristine_H2O\YUBFOR\YUBFOR_w_H2O_1_relaxed.cif,-0.04431502750009034
C:\Users\GED\PycharmProjects\Aixelo_Project_DataLab_2025\data\odac\pristine_H2O\YUBGIN\YUBGIN_w_H2O_1_relaxed.cif,-0.7942622200000642
C:\Users\GED\PycharmProjects\Aixelo_Project_DataLab_2025\data\odac\pristine_H2O\YUBHAG\YUBHAG_w_H2O_1_relaxed.cif,0.024002770000095097
C:\Users\GED\PycharmProjects\Aixelo_Project_DataLab_2025\data\odac\pristine_H2O\YUCZOM\YUCZOM_w_H2O_random_1_relaxed.cif,-0.2833438999999487
C:\Users\GED\PycharmProjects\Aixelo_Project_DataLab_2025\data\odac\pristine_H2O\YUFLIW\YUFLIW_w_H2O_random_1_relaxed.cif,-0.24293554000030326
C:\Users\GED\PycharmProjects\Aixelo_Project_DataLab_2025\data\odac\pristine_H2O\YUFLOC\YUFLOC_w_H2O_1_relaxed.cif,-0.9615029259999689
C:\Users\GED\PycharmProjects\Aixelo_Project_DataLab_2025\data\odac\pristine_H2O\YUGLES\YUGLES_w_H2O_1_relaxed.cif,-0.09495722250005653
C:\Users\GED\PycharmProjects\Aixelo_Project_DataLab_2025\data\odac\pristine_H2O\YUGZIK\YUGZIK_w_H2O_1_relaxed.cif,-0.3423459625006444
C:\Users\GED\PycharmProjects\Aixelo_Project_DataLab_2025\data\odac\pristine_H2O\YUHHIU\YUHHIU_w_H2O_1_relaxed.cif,-0.80847143999992
C:\Users\GED\PycharmProjects\Aixelo_Project_DataLab_2025\data\odac\pristine_H2O\YUJCOX\YUJCOX_w_H2O_1_relaxed.cif,-0.2298779024999362
C:\Users\GED\PycharmProjects\Aixelo_Project_DataLab_2025\data\odac\pristine_H2O\YUJNOH\YUJNOH_w_H2O_1_relaxed.cif,-0.5590783600000122
C:\Users\GED\PycharmProjects\Aixelo_Project_DataLab_2025\data\odac\pristine_H2O\YUKCAJ\YUKCAJ_w_H2O_1_relaxed.cif,-0.13012258599997034
C:\Users\GED\PycharmProjects\Aixelo_Project_DataLab_2025\data\odac\pristine_H2O\YUKKAR\YUKKAR_w_H2O_1_relaxed.cif,-0.24991339499997875
C:\Users\GED\PycharmProjects\Aixelo_Project_DataLab_2025\data\odac\pristine_H2O\YULNOK\YULNOK_w_H2O_1_relaxed.cif,-0.9738151380001
C:\Users\GED\PycharmProjects\Aixelo_Project_DataLab_2025\data\odac\pristine_H2O\YUMKAU\YUMKAU_w_H2O_1_relaxed.cif,1.3663209025000356
C:\Users\GED\PycharmProjects\Aixelo_Project_DataLab_2025\data\odac\pristine_H2O\YUMYUC\YUMYUC_w_H2O_1_relaxed.cif,-0.44346893000000875
C:\Users\GED\PycharmProjects\Aixelo_Project_DataLab_2025\data\odac\pristine_H2O\YUNJUO\YUNJUO_w_H2O_1_relaxed.cif,-0.24470614499996182
C:\Users\GED\PycharmProjects\Aixelo_Project_DataLab_2025\data\odac\pristine_H2O\YUNKAV\YUNKAV_w_H2O_1_relaxed.cif,-0.08373828499999068
C:\Users\GED\PycharmProjects\Aixelo_Project_DataLab_2025\data\odac\pristine_H2O\YUQNAB\YUQNAB_w_H2O_1_relaxed.cif,-0.49315100199983136
C:\Users\GED\PycharmProjects\Aixelo_Project_DataLab_2025\data\odac\pristine_H2O\YURJUR\YURJUR_w_H2O_1_relaxed.cif,-0.03634424199995009
C:\Users\GED\PycharmProjects\Aixelo_Project_DataLab_2025\data\odac\pristine_H2O\YURKEC\YURKEC_w_H2O_1_relaxed.cif,-0.26970919600007615
C:\Users\GED\PycharmProjects\Aixelo_Project_DataLab_2025\data\odac\pristine_H2O\YUSGID\YUSGID_w_H2O_1_relaxed.cif,-0.46967954799999917
C:\Users\GED\PycharmProjects\Aixelo_Project_DataLab_2025\data\odac\pristine_H2O\YUSGOJ_SL\YUSGOJ_SL_w_H2O_1_relaxed.cif,-0.4823728125000173
C:\Users\GED\PycharmProjects\Aixelo_Project_DataLab_2025\data\odac\pristine_H2O\YUSWEQ\YUSWEQ_w_H2O_1_relaxed.cif,-0.05503515333339234
C:\Users\GED\PycharmProjects\Aixelo_Project_DataLab_2025\data\odac\pristine_H2O\YUTDUO\YUTDUO_w_H2O_1_relaxed.cif,-0.5697813166666302
C:\Users\GED\PycharmProjects\Aixelo_Project_DataLab_2025\data\odac\pristine_H2O\YUXQIS\YUXQIS_w_H2O_1_relaxed.cif,-0.31952999749989885
C:\Users\GED\PycharmProjects\Aixelo_Project_DataLab_2025\data\odac\pristine_H2O\YUXQOY\YUXQOY_w_H2O_1_relaxed.cif,-0.5500868850000984
C:\Users\GED\PycharmProjects\Aixelo_Project_DataLab_2025\data\odac\pristine_H2O\YUYBIF\YUYBIF_w_H2O_1_relaxed.cif,-0.38970591799984505
C:\Users\GED\PycharmProjects\Aixelo_Project_DataLab_2025\data\odac\pristine_H2O\YUYGOQ\YUYGOQ_w_H2O_1_relaxed.cif,-0.6978109820002828
C:\Users\GED\PycharmProjects\Aixelo_Project_DataLab_2025\data\odac\pristine_H2O\YUYLIP\YUYLIP_w_H2O_1_relaxed.cif,-0.5022498560002532
C:\Users\GED\PycharmProjects\Aixelo_Project_DataLab_2025\data\odac\pristine_H2O\YUZSUH\YUZSUH_w_H2O_1_relaxed.cif,-0.5993276349999803
C:\Users\GED\PycharmProjects\Aixelo_Project_DataLab_2025\data\odac\pristine_H2O\YUZXAT\YUZXAT_w_H2O_1_relaxed.cif,-0.3597155220000786
C:\Users\GED\PycharmProjects\Aixelo_Project_DataLab_2025\data\odac\pristine_H2O\ZABQIC_ion_b\ZABQIC_ion_b_w_H2O_random_1_relaxed.cif,-0.11553380499981356
C:\Users\GED\PycharmProjects\Aixelo_Project_DataLab_2025\data\odac\pristine_H2O\ZACCUB\ZACCUB_w_H2O_1_relaxed.cif,0.11141035142869829
C:\Users\GED\PycharmProjects\Aixelo_Project_DataLab_2025\data\odac\pristine_H2O\ZAGHAT\ZAGHAT_w_H2O_1_relaxed.cif,-0.8636662549999983
C:\Users\GED\PycharmProjects\Aixelo_Project_DataLab_2025\data\odac\pristine_H2O\ZALDUO\ZALDUO_w_H2O_1_relaxed.cif,-0.2900563775000932
C:\Users\GED\PycharmProjects\Aixelo_Project_DataLab_2025\data\odac\pristine_H2O\ZALMIL\ZALMIL_w_H2O_1_relaxed.cif,-0.8017034659999354
C:\Users\GED\PycharmProjects\Aixelo_Project_DataLab_2025\data\odac\pristine_H2O\ZALREM\ZALREM_w_H2O_1_relaxed.cif,-0.3134855249999949
C:\Users\GED\PycharmProjects\Aixelo_Project_DataLab_2025\data\odac\pristine_H2O\ZARLEL\ZARLEL_w_H2O_1_relaxed.cif,-0.18781972250030773
C:\Users\GED\PycharmProjects\Aixelo_Project_DataLab_2025\data\odac\pristine_H2O\ZARLIP\ZARLIP_w_H2O_1_relaxed.cif,-0.15753835666661564
C:\Users\GED\PycharmProjects\Aixelo_Project_DataLab_2025\data\odac\pristine_H2O\ZARLUB_charged\ZARLUB_charged_w_H2O_1_relaxed.cif,-0.4866787800000566
C:\Users\GED\PycharmProjects\Aixelo_Project_DataLab_2025\data\odac\pristine_H2O\ZARMAI_charged\ZARMAI_charged_w_H2O_1_relaxed.cif,-0.1060527460000685
C:\Users\GED\PycharmProjects\Aixelo_Project_DataLab_2025\data\odac\pristine_H2O\ZARPUF\ZARPUF_w_H2O_1_relaxed.cif,-1.3080657140000085
C:\Users\GED\PycharmProjects\Aixelo_Project_DataLab_2025\data\odac\pristine_H2O\ZARTAP03\ZARTAP03_w_H2O_1_relaxed.cif,-0.4226672999999721
C:\Users\GED\PycharmProjects\Aixelo_Project_DataLab_2025\data\odac\pristine_H2O\ZARZAV\ZARZAV_w_H2O_1_relaxed.cif,-0.407716241999924
C:\Users\GED\PycharmProjects\Aixelo_Project_DataLab_2025\data\odac\pristine_H2O\ZASJAG\ZASJAG_w_H2O_1_relaxed.cif,-0.2982250775000352
C:\Users\GED\PycharmProjects\Aixelo_Project_DataLab_2025\data\odac\pristine_H2O\ZASTUK\ZASTUK_w_H2O_1_relaxed.cif,-0.4455653500000153
C:\Users\GED\PycharmProjects\Aixelo_Project_DataLab_2025\data\odac\pristine_H2O\ZAVPET\ZAVPET_w_H2O_1_relaxed.cif,-0.3168052519998582
C:\Users\GED\PycharmProjects\Aixelo_Project_DataLab_2025\data\odac\pristine_H2O\ZAVPIX\ZAVPIX_w_H2O_1_relaxed.cif,-0.42686924200006615
C:\Users\GED\PycharmProjects\Aixelo_Project_DataLab_2025\data\odac\pristine_H2O\ZAVQIY\ZAVQIY_w_H2O_1_relaxed.cif,-0.33137237200007796
C:\Users\GED\PycharmProjects\Aixelo_Project_DataLab_2025\data\odac\pristine_H2O\ZAVQOE\ZAVQOE_w_H2O_1_relaxed.cif,-0.642383899999686
C:\Users\GED\PycharmProjects\Aixelo_Project_DataLab_2025\data\odac\pristine_H2O\ZAXQOG\ZAXQOG_w_H2O_1_relaxed.cif,0.361680226000226
C:\Users\GED\PycharmProjects\Aixelo_Project_DataLab_2025\data\odac\pristine_H2O\ZAXQUM_charged\ZAXQUM_charged_w_H2O_1_relaxed.cif,-0.18682315200012453
C:\Users\GED\PycharmProjects\Aixelo_Project_DataLab_2025\data\odac\pristine_H2O\ZAZBUZ\ZAZBUZ_w_H2O_1_relaxed.cif,-0.10920128800001974
C:\Users\GED\PycharmProjects\Aixelo_Project_DataLab_2025\data\odac\pristine_H2O\ZEBMAW\ZEBMAW_w_H2O_1_relaxed.cif,-0.03815984199991358
C:\Users\GED\PycharmProjects\Aixelo_Project_DataLab_2025\data\odac\pristine_H2O\ZECKID\ZECKID_w_H2O_1_relaxed.cif,-0.35314125249998085
C:\Users\GED\PycharmProjects\Aixelo_Project_DataLab_2025\data\odac\pristine_H2O\ZECKOJ\ZECKOJ_w_H2O_1_relaxed.cif,-0.18636494999999795
C:\Users\GED\PycharmProjects\Aixelo_Project_DataLab_2025\data\odac\pristine_H2O\ZEDHIB\ZEDHIB_w_H2O_1_relaxed.cif,-0.418130629999996
C:\Users\GED\PycharmProjects\Aixelo_Project_DataLab_2025\data\odac\pristine_H2O\ZEDLOL\ZEDLOL_w_H2O_1_relaxed.cif,-0.7010324299999979
C:\Users\GED\PycharmProjects\Aixelo_Project_DataLab_2025\data\odac\pristine_H2O\ZEDQEG\ZEDQEG_w_H2O_1_relaxed.cif,-0.9397099083333463
C:\Users\GED\PycharmProjects\Aixelo_Project_DataLab_2025\data\odac\pristine_H2O\ZEDROR\ZEDROR_w_H2O_1_relaxed.cif,-0.5403172479998375
C:\Users\GED\PycharmProjects\Aixelo_Project_DataLab_2025\data\odac\pristine_H2O\ZEKRIS\ZEKRIS_w_H2O_1_relaxed.cif,-0.6691380020000224
C:\Users\GED\PycharmProjects\Aixelo_Project_DataLab_2025\data\odac\pristine_H2O\ZELROZ_manual\ZELROZ_manual_w_H2O_1_relaxed.cif,-0.2533922025000095
C:\Users\GED\PycharmProjects\Aixelo_Project_DataLab_2025\data\odac\pristine_H2O\ZERQOE\ZERQOE_w_H2O_1_relaxed.cif,0.03930567333327414
C:\Users\GED\PycharmProjects\Aixelo_Project_DataLab_2025\data\odac\pristine_H2O\ZESFUY\ZESFUY_w_H2O_1_relaxed.cif,0.11141568500003983
C:\Users\GED\PycharmProjects\Aixelo_Project_DataLab_2025\data\odac\pristine_H2O\ZETLER\ZETLER_w_H2O_1_relaxed.cif,-0.38987682500021487
C:\Users\GED\PycharmProjects\Aixelo_Project_DataLab_2025\data\odac\pristine_H2O\ZEXKUK\ZEXKUK_w_H2O_2_relaxed.cif,-0.3520449900000812
C:\Users\GED\PycharmProjects\Aixelo_Project_DataLab_2025\data\odac\pristine_H2O\ZEZPUR\ZEZPUR_w_H2O_1_relaxed.cif,-1.0826593680000087
C:\Users\GED\PycharmProjects\Aixelo_Project_DataLab_2025\data\odac\pristine_H2O\ZEZQAY\ZEZQAY_w_H2O_1_relaxed.cif,-0.6679808200000252
C:\Users\GED\PycharmProjects\Aixelo_Project_DataLab_2025\data\odac\pristine_H2O\ZEZQEC\ZEZQEC_w_H2O_1_relaxed.cif,-0.6217472059999409
C:\Users\GED\PycharmProjects\Aixelo_Project_DataLab_2025\data\odac\pristine_H2O\ZEZQIG\ZEZQIG_w_H2O_1_relaxed.cif,-0.6464303899999095
C:\Users\GED\PycharmProjects\Aixelo_Project_DataLab_2025\data\odac\pristine_H2O\ZIDBEV\ZIDBEV_w_H2O_1_relaxed.cif,-0.6662739524999779
C:\Users\GED\PycharmProjects\Aixelo_Project_DataLab_2025\data\odac\pristine_H2O\ZIDVAL\ZIDVAL_w_H2O_1_relaxed.cif,0.05416349333340046
C:\Users\GED\PycharmProjects\Aixelo_Project_DataLab_2025\data\odac\pristine_H2O\ZIGWUJ\ZIGWUJ_w_H2O_1_relaxed.cif,0.3051038483333362
C:\Users\GED\PycharmProjects\Aixelo_Project_DataLab_2025\data\odac\pristine_H2O\ZIHFUR\ZIHFUR_w_H2O_1_relaxed.cif,-0.3052598999999532
C:\Users\GED\PycharmProjects\Aixelo_Project_DataLab_2025\data\odac\pristine_H2O\ZIHFUR01\ZIHFUR01_w_H2O_1_relaxed.cif,-0.2916107825000154
C:\Users\GED\PycharmProjects\Aixelo_Project_DataLab_2025\data\odac\pristine_H2O\ZIHTEP\ZIHTEP_w_H2O_1_relaxed.cif,-0.5824745879999682
C:\Users\GED\PycharmProjects\Aixelo_Project_DataLab_2025\data\odac\pristine_H2O\ZIJVOF\ZIJVOF_w_H2O_1_relaxed.cif,-0.45861408999994635
C:\Users\GED\PycharmProjects\Aixelo_Project_DataLab_2025\data\odac\pristine_H2O\ZIJVOF01\ZIJVOF01_w_H2O_1_relaxed.cif,-0.20828253199990737
C:\Users\GED\PycharmProjects\Aixelo_Project_DataLab_2025\data\odac\pristine_H2O\ZIJVOF02\ZIJVOF02_w_H2O_1_relaxed.cif,-0.18889887999998795
C:\Users\GED\PycharmProjects\Aixelo_Project_DataLab_2025\data\odac\pristine_H2O\ZIKJIO\ZIKJIO_w_H2O_1_relaxed.cif,-0.12171480749998402
C:\Users\GED\PycharmProjects\Aixelo_Project_DataLab_2025\data\odac\pristine_H2O\ZIKJOU\ZIKJOU_w_H2O_1_relaxed.cif,-0.39608326200004734
C:\Users\GED\PycharmProjects\Aixelo_Project_DataLab_2025\data\odac\pristine_H2O\ZILBUT\ZILBUT_w_H2O_1_relaxed.cif,-0.38878984249998894
C:\Users\GED\PycharmProjects\Aixelo_Project_DataLab_2025\data\odac\pristine_H2O\ZIMTAS\ZIMTAS_w_H2O_1_relaxed.cif,-0.12268474249975722
C:\Users\GED\PycharmProjects\Aixelo_Project_DataLab_2025\data\odac\pristine_H2O\ZISFEO\ZISFEO_w_H2O_1_relaxed.cif,-0.2901918920000298
C:\Users\GED\PycharmProjects\Aixelo_Project_DataLab_2025\data\odac\pristine_H2O\ZISFEO01\ZISFEO01_w_H2O_1_relaxed.cif,-0.5529979440000261
C:\Users\GED\PycharmProjects\Aixelo_Project_DataLab_2025\data\odac\pristine_H2O\ZISYAD\ZISYAD_w_H2O_1_relaxed.cif,-0.27144990400015556
C:\Users\GED\PycharmProjects\Aixelo_Project_DataLab_2025\data\odac\pristine_H2O\ZITRUP\ZITRUP_w_H2O_1_relaxed.cif,3.8105838950000077
C:\Users\GED\PycharmProjects\Aixelo_Project_DataLab_2025\data\odac\pristine_H2O\ZIWMEZ\ZIWMEZ_w_H2O_random_1_relaxed.cif,-0.39914337999999816
C:\Users\GED\PycharmProjects\Aixelo_Project_DataLab_2025\data\odac\pristine_H2O\ZIWTII\ZIWTII_w_H2O_random_1_relaxed.cif,0.5149028050000197
C:\Users\GED\PycharmProjects\Aixelo_Project_DataLab_2025\data\odac\pristine_H2O\ZIYPUU\ZIYPUU_w_H2O_random_1_relaxed.cif,-0.4357481600000028
C:\Users\GED\PycharmProjects\Aixelo_Project_DataLab_2025\data\odac\pristine_H2O\ZIZTEJ\ZIZTEJ_w_H2O_1_relaxed.cif,0.22823622999987947
C:\Users\GED\PycharmProjects\Aixelo_Project_DataLab_2025\data\odac\pristine_H2O\ZIZTOT\ZIZTOT_w_H2O_random_1_relaxed.cif,-0.6729001799999992
C:\Users\GED\PycharmProjects\Aixelo_Project_DataLab_2025\data\odac\pristine_H2O\ZOFZOL\ZOFZOL_w_H2O_1_relaxed.cif,-0.06780272250006189
C:\Users\GED\PycharmProjects\Aixelo_Project_DataLab_2025\data\odac\pristine_H2O\ZOMNEW\ZOMNEW_w_H2O_1_relaxed.cif,-0.44505711500011097
C:\Users\GED\PycharmProjects\Aixelo_Project_DataLab_2025\data\odac\pristine_H2O\ZOMNIA\ZOMNIA_w_H2O_1_relaxed.cif,-0.40546751000003195
C:\Users\GED\PycharmProjects\Aixelo_Project_DataLab_2025\data\odac\pristine_H2O\ZOMNUM\ZOMNUM_w_H2O_1_relaxed.cif,-0.2578391049999027
C:\Users\GED\PycharmProjects\Aixelo_Project_DataLab_2025\data\odac\pristine_H2O\ZOXFAV_charged\ZOXFAV_charged_w_H2O_1_relaxed.cif,-0.4959179299999505
C:\Users\GED\PycharmProjects\Aixelo_Project_DataLab_2025\data\odac\pristine_H2O\ZOXFEZ\ZOXFEZ_w_H2O_1_relaxed.cif,0.1265751780002574
C:\Users\GED\PycharmProjects\Aixelo_Project_DataLab_2025\data\odac\pristine_H2O\ZOXGOK\ZOXGOK_w_H2O_1_relaxed.cif,-0.4554038800000342
C:\Users\GED\PycharmProjects\Aixelo_Project_DataLab_2025\data\odac\pristine_H2O\ZOXNEH\ZOXNEH_w_H2O_1_relaxed.cif,-0.8273930039999982
C:\Users\GED\PycharmProjects\Aixelo_Project_DataLab_2025\data\odac\pristine_H2O\ZOYKAB\ZOYKAB_w_H2O_1_relaxed.cif,-0.4723499879999508
C:\Users\GED\PycharmProjects\Aixelo_Project_DataLab_2025\data\odac\pristine_H2O\ZOZCIC\ZOZCIC_w_H2O_1_relaxed.cif,-0.4779011320000336
C:\Users\GED\PycharmProjects\Aixelo_Project_DataLab_2025\data\odac\pristine_H2O\ZOZKAC\ZOZKAC_w_H2O_1_relaxed.cif,-0.3040657324999358
C:\Users\GED\PycharmProjects\Aixelo_Project_DataLab_2025\data\odac\pristine_H2O\ZOZPUB\ZOZPUB_w_H2O_1_relaxed.cif,-0.5098251325000547
C:\Users\GED\PycharmProjects\Aixelo_Project_DataLab_2025\data\odac\pristine_H2O\ZUDQUM\ZUDQUM_w_H2O_1_relaxed.cif,-0.5698461024999801
C:\Users\GED\PycharmProjects\Aixelo_Project_DataLab_2025\data\odac\pristine_H2O\ZUDXAZ\ZUDXAZ_w_H2O_1_relaxed.cif,0.21912423499998113
C:\Users\GED\PycharmProjects\Aixelo_Project_DataLab_2025\data\odac\pristine_H2O\ZUGDEM\ZUGDEM_w_H2O_1_relaxed.cif,-0.27581299749999744
C:\Users\GED\PycharmProjects\Aixelo_Project_DataLab_2025\data\odac\pristine_H2O\ZUHSEC\ZUHSEC_w_H2O_1_relaxed.cif,-0.7607543500000247
C:\Users\GED\PycharmProjects\Aixelo_Project_DataLab_2025\data\odac\pristine_H2O\ZUNZIT\ZUNZIT_w_H2O_1_relaxed.cif,-0.28531181199987254
C:\Users\GED\PycharmProjects\Aixelo_Project_DataLab_2025\data\odac\pristine_H2O\ZUPBET\ZUPBET_w_H2O_2_relaxed.cif,-0.3969235825000226
C:\Users\GED\PycharmProjects\Aixelo_Project_DataLab_2025\data\odac\pristine_H2O\ZURQOS\ZURQOS_w_H2O_1_relaxed.cif,-0.4476000549999597
C:\Users\GED\PycharmProjects\Aixelo_Project_DataLab_2025\data\odac\pristine_H2O\ZUSBIA\ZUSBIA_w_H2O_1_relaxed.cif,-0.6455301759999656
C:\Users\GED\PycharmProjects\Aixelo_Project_DataLab_2025\data\odac\pristine_H2O\ZUSBOG\ZUSBOG_w_H2O_1_relaxed.cif,-0.5123008720000144
C:\Users\GED\PycharmProjects\Aixelo_Project_DataLab_2025\data\odac\pristine_H2O\ZUTBIB\ZUTBIB_w_H2O_1_relaxed.cif,-0.46793148399997336
C:\Users\GED\PycharmProjects\Aixelo_Project_DataLab_2025\data\odac\pristine_H2O\ZUTBUN\ZUTBUN_w_H2O_1_relaxed.cif,1.5640237816668712
C:\Users\GED\PycharmProjects\Aixelo_Project_DataLab_2025\data\odac\pristine_H2O\ZUXPOZ\ZUXPOZ_w_H2O_1_relaxed.cif,-0.5017033800000945
C:\Users\GED\PycharmProjects\Aixelo_Project_DataLab_2025\data\odac\pristine_H2O\ac403674p_si_001\ac403674p_si_001_w_H2O_1_relaxed.cif,-0.1265153274999306
C:\Users\GED\PycharmProjects\Aixelo_Project_DataLab_2025\data\odac\pristine_H2O\acs.cgd.5b01686_WAHFUJ1434675\acs.cgd.5b01686_WAHFUJ1434675_w_H2O_1_relaxed.cif,-0.24917728999994324
C:\Users\GED\PycharmProjects\Aixelo_Project_DataLab_2025\data\odac\pristine_H2O\acs.chemrev.6b00346_cr6b00346_si_001\acs.chemrev.6b00346_cr6b00346_si_001_w_H2O_1_relaxed.cif,-0.14055449249997307
C:\Users\GED\PycharmProjects\Aixelo_Project_DataLab_2025\data\odac\pristine_H2O\acs.inorgchem.5b02108_ic5b02108_si_002\acs.inorgchem.5b02108_ic5b02108_si_002_w_H2O_1_relaxed.cif,-0.6429857939999692
C:\Users\GED\PycharmProjects\Aixelo_Project_DataLab_2025\data\odac\pristine_H2O\acs.inorgchem.5b02973_ic5b02973_si_002\acs.inorgchem.5b02973_ic5b02973_si_002_w_H2O_1_relaxed.cif,-0.16428352166686486
C:\Users\GED\PycharmProjects\Aixelo_Project_DataLab_2025\data\odac\pristine_H2O\acs.inorgchem.6b00433_ic6b00433_si_002\acs.inorgchem.6b00433_ic6b00433_si_002_w_H2O_1_relaxed.cif,-0.7310613166666448
C:\Users\GED\PycharmProjects\Aixelo_Project_DataLab_2025\data\odac\pristine_H2O\acs.inorgchem.6b02407_ic6b02407_si_002\acs.inorgchem.6b02407_ic6b02407_si_002_w_H2O_random_1_relaxed.cif,0.8108467699998982
C:\Users\GED\PycharmProjects\Aixelo_Project_DataLab_2025\data\odac\pristine_H2O\acs.inorgchem.6b02407_ic6b02407_si_003\acs.inorgchem.6b02407_ic6b02407_si_003_w_H2O_1_relaxed.cif,-0.6172222200005308
C:\Users\GED\PycharmProjects\Aixelo_Project_DataLab_2025\data\odac\pristine_H2O\acs.inorgchem.6b02514_ic6b02514_si_002\acs.inorgchem.6b02514_ic6b02514_si_002_w_H2O_random_1_relaxed.cif,-0.42701434000008476
C:\Users\GED\PycharmProjects\Aixelo_Project_DataLab_2025\data\odac\pristine_H2O\acs.jchemed.6b00258_ed6b00258_si_005\acs.jchemed.6b00258_ed6b00258_si_005_w_H2O_1_relaxed.cif,-0.24132815800026033
C:\Users\GED\PycharmProjects\Aixelo_Project_DataLab_2025\data\odac\pristine_H2O\acs.jpcc.6b08594_UiO66_Ce2Zr4_opt\acs.jpcc.6b08594_UiO66_Ce2Zr4_opt_w_H2O_1_relaxed.cif,-0.2808023080001021
C:\Users\GED\PycharmProjects\Aixelo_Project_DataLab_2025\data\odac\pristine_H2O\acs.jpcc.6b08594_Zn2Cd6MOF5_opt\acs.jpcc.6b08594_Zn2Cd6MOF5_opt_w_H2O_1_relaxed.cif,-0.07380081250028066
C:\Users\GED\PycharmProjects\Aixelo_Project_DataLab_2025\data\odac\pristine_H2O\acscombsci.5b00188_24205\acscombsci.5b00188_24205_w_H2O_1_relaxed.cif,-0.3514922039999874
C:\Users\GED\PycharmProjects\Aixelo_Project_DataLab_2025\data\odac\pristine_H2O\acscombsci.5b00188_5013797\acscombsci.5b00188_5013797_w_H2O_1_relaxed.cif,-0.42893180999993774
C:\Users\GED\PycharmProjects\Aixelo_Project_DataLab_2025\data\odac\pristine_H2O\acscombsci.5b00188_5020072\acscombsci.5b00188_5020072_w_H2O_1_relaxed.cif,-0.43433505249996074
C:\Users\GED\PycharmProjects\Aixelo_Project_DataLab_2025\data\odac\pristine_H2O\acscombsci.5b00188_5024922\acscombsci.5b00188_5024922_w_H2O_1_relaxed.cif,-0.5631994575000192
C:\Users\GED\PycharmProjects\Aixelo_Project_DataLab_2025\data\odac\pristine_H2O\acscombsci.5b00188_5036495\acscombsci.5b00188_5036495_w_H2O_1_relaxed.cif,-0.15876906999992949
C:\Users\GED\PycharmProjects\Aixelo_Project_DataLab_2025\data\odac\pristine_H2O\acscombsci.5b00188_5040209\acscombsci.5b00188_5040209_w_H2O_1_relaxed.cif,-0.45360919500004115
C:\Users\GED\PycharmProjects\Aixelo_Project_DataLab_2025\data\odac\pristine_H2O\acscombsci.5b00188_8372\acscombsci.5b00188_8372_w_H2O_1_relaxed.cif,-0.4290782024999942
C:\Users\GED\PycharmProjects\Aixelo_Project_DataLab_2025\data\odac\pristine_H2O\am301365h_si_002\am301365h_si_002_w_H2O_random_1_relaxed.cif,0.0681164700001772
C:\Users\GED\PycharmProjects\Aixelo_Project_DataLab_2025\data\odac\pristine_H2O\c4dt03702b_c4dt03702b2\c4dt03702b_c4dt03702b2_w_H2O_random_1_relaxed.cif,-0.131224809999594
C:\Users\GED\PycharmProjects\Aixelo_Project_DataLab_2025\data\odac\pristine_H2O\c5cc04223b_c5cc04223b2\c5cc04223b_c5cc04223b2_w_H2O_1_relaxed.cif,-0.23457844749995613
C:\Users\GED\PycharmProjects\Aixelo_Project_DataLab_2025\data\odac\pristine_H2O\c5cc10203k_c5cc10203k2\c5cc10203k_c5cc10203k2_w_H2O_1_relaxed.cif,-0.22506243000043463
C:\Users\GED\PycharmProjects\Aixelo_Project_DataLab_2025\data\odac\pristine_H2O\c5ce01948f_c5ce01948f2\c5ce01948f_c5ce01948f2_w_H2O_1_relaxed.cif,-0.4256435049999822
C:\Users\GED\PycharmProjects\Aixelo_Project_DataLab_2025\data\odac\pristine_H2O\c5cp03920g_c5cp03920g2\c5cp03920g_c5cp03920g2_w_H2O_1_relaxed.cif,-0.16158995000000684
C:\Users\GED\PycharmProjects\Aixelo_Project_DataLab_2025\data\odac\pristine_H2O\c5dt01100k_c5dt01100k2\c5dt01100k_c5dt01100k2_w_H2O_1_relaxed.cif,-0.8333259374999784
C:\Users\GED\PycharmProjects\Aixelo_Project_DataLab_2025\data\odac\pristine_H2O\c5gc02393a_c5gc02393a2\c5gc02393a_c5gc02393a2_w_H2O_1_relaxed.cif,-0.605363096000383
C:\Users\GED\PycharmProjects\Aixelo_Project_DataLab_2025\data\odac\pristine_H2O\c5nj02634b_c5nj02634b2\c5nj02634b_c5nj02634b2_w_H2O_1_relaxed.cif,-0.35108810250017086
C:\Users\GED\PycharmProjects\Aixelo_Project_DataLab_2025\data\odac\pristine_H2O\c5ta03835a_c5ta03835a2\c5ta03835a_c5ta03835a2_w_H2O_1_relaxed.cif,-0.5748611000005439
C:\Users\GED\PycharmProjects\Aixelo_Project_DataLab_2025\data\odac\pristine_H2O\c5ta04989j_c5ta04989j2\c5ta04989j_c5ta04989j2_w_H2O_1_relaxed.cif,1.1414357966666937
C:\Users\GED\PycharmProjects\Aixelo_Project_DataLab_2025\data\odac\pristine_H2O\c6cc00589f_c6cc00589f3\c6cc00589f_c6cc00589f3_w_H2O_1_relaxed.cif,-0.438130726666562
C:\Users\GED\PycharmProjects\Aixelo_Project_DataLab_2025\data\odac\pristine_H2O\c6cc00862c_c6cc00862c2\c6cc00862c_c6cc00862c2_w_H2O_1_relaxed.cif,1.093939592500078
C:\Users\GED\PycharmProjects\Aixelo_Project_DataLab_2025\data\odac\pristine_H2O\c6cc02494g_c6cc02494g3\c6cc02494g_c6cc02494g3_w_H2O_2_relaxed.cif,-0.115463400000408
C:\Users\GED\PycharmProjects\Aixelo_Project_DataLab_2025\data\odac\pristine_H2O\c6cc02494g_c6cc02494g4\c6cc02494g_c6cc02494g4_w_H2O_2_relaxed.cif,-0.05317295666660957
C:\Users\GED\PycharmProjects\Aixelo_Project_DataLab_2025\data\odac\pristine_H2O\c6ce00126b_c6ce00126b2\c6ce00126b_c6ce00126b2_w_H2O_1_relaxed.cif,-0.363299508000091
C:\Users\GED\PycharmProjects\Aixelo_Project_DataLab_2025\data\odac\pristine_H2O\c6ce00407e_c6ce00407e1\c6ce00407e_c6ce00407e1_w_H2O_1_relaxed.cif,0.08613367749995855
C:\Users\GED\PycharmProjects\Aixelo_Project_DataLab_2025\data\odac\pristine_H2O\c6ce00407e_c6ce00407e2\c6ce00407e_c6ce00407e2_w_H2O_1_relaxed.cif,-0.19486760999998293
C:\Users\GED\PycharmProjects\Aixelo_Project_DataLab_2025\data\odac\pristine_H2O\c6ce00407e_c6ce00407e3\c6ce00407e_c6ce00407e3_w_H2O_1_relaxed.cif,-0.001736130000040234
C:\Users\GED\PycharmProjects\Aixelo_Project_DataLab_2025\data\odac\pristine_H2O\c6ce00407e_c6ce00407e8\c6ce00407e_c6ce00407e8_w_H2O_1_relaxed.cif,-0.3003650140000218
C:\Users\GED\PycharmProjects\Aixelo_Project_DataLab_2025\data\odac\pristine_H2O\c6ce00407e_c6ce00407e9\c6ce00407e_c6ce00407e9_w_H2O_1_relaxed.cif,-0.4096210460000066
C:\Users\GED\PycharmProjects\Aixelo_Project_DataLab_2025\data\odac\pristine_H2O\cg034025wsi20030214_115651\cg034025wsi20030214_115651_w_H2O_1_relaxed.cif,-0.5033115125000052
C:\Users\GED\PycharmProjects\Aixelo_Project_DataLab_2025\data\odac\pristine_H2O\cg200332y_si_002\cg200332y_si_002_w_H2O_1_relaxed.cif,-0.5894267860000241
C:\Users\GED\PycharmProjects\Aixelo_Project_DataLab_2025\data\odac\pristine_H2O\cg200606r_si_001\cg200606r_si_001_w_H2O_1_relaxed.cif,-0.2382341799998812
C:\Users\GED\PycharmProjects\Aixelo_Project_DataLab_2025\data\odac\pristine_H2O\cg300302n_si_004\cg300302n_si_004_w_H2O_1_relaxed.cif,-0.2689377620000186
C:\Users\GED\PycharmProjects\Aixelo_Project_DataLab_2025\data\odac\pristine_H2O\cg301725z_si_004\cg301725z_si_004_w_H2O_1_relaxed.cif,-0.05300701399978606
C:\Users\GED\PycharmProjects\Aixelo_Project_DataLab_2025\data\odac\pristine_H2O\cg401858s_si_002\cg401858s_si_002_w_H2O_1_relaxed.cif,-0.1286349050000694
C:\Users\GED\PycharmProjects\Aixelo_Project_DataLab_2025\data\odac\pristine_H2O\cg401887b_si_004\cg401887b_si_004_w_H2O_1_relaxed.cif,-0.29896545750000314
C:\Users\GED\PycharmProjects\Aixelo_Project_DataLab_2025\data\odac\pristine_H2O\cg500033b_si_002\cg500033b_si_002_w_H2O_1_relaxed.cif,0.03036090399973542
C:\Users\GED\PycharmProjects\Aixelo_Project_DataLab_2025\data\odac\pristine_H2O\cg500033b_si_003\cg500033b_si_003_w_H2O_1_relaxed.cif,-0.3151650739999695
C:\Users\GED\PycharmProjects\Aixelo_Project_DataLab_2025\data\odac\pristine_H2O\cg500091k_si_002\cg500091k_si_002_w_H2O_1_relaxed.cif,-0.2091447849999781
C:\Users\GED\PycharmProjects\Aixelo_Project_DataLab_2025\data\odac\pristine_H2O\cg500121f_si_004\cg500121f_si_004_w_H2O_1_relaxed.cif,-0.22162572600007024
C:\Users\GED\PycharmProjects\Aixelo_Project_DataLab_2025\data\odac\pristine_H2O\cg500149s_si_002\cg500149s_si_002_w_H2O_1_relaxed.cif,-0.41465725999992176
C:\Users\GED\PycharmProjects\Aixelo_Project_DataLab_2025\data\odac\pristine_H2O\cg500192d_si_003\cg500192d_si_003_w_H2O_1_relaxed.cif,-0.29315048249998193
C:\Users\GED\PycharmProjects\Aixelo_Project_DataLab_2025\data\odac\pristine_H2O\cg501012e_si_002\cg501012e_si_002_w_H2O_1_relaxed.cif,-0.5561957525000594
C:\Users\GED\PycharmProjects\Aixelo_Project_DataLab_2025\data\odac\pristine_H2O\cg5010616_si_003\cg5010616_si_003_w_H2O_1_relaxed.cif,-0.282416217999912
C:\Users\GED\PycharmProjects\Aixelo_Project_DataLab_2025\data\odac\pristine_H2O\cg5010616_si_007\cg5010616_si_007_w_H2O_1_relaxed.cif,-0.4126027766666122
C:\Users\GED\PycharmProjects\Aixelo_Project_DataLab_2025\data\odac\pristine_H2O\cg501332u_si_002\cg501332u_si_002_w_H2O_1_relaxed.cif,-0.6456938620000529
C:\Users\GED\PycharmProjects\Aixelo_Project_DataLab_2025\data\odac\pristine_H2O\cg501730q_si_002\cg501730q_si_002_w_H2O_1_relaxed.cif,-0.3535930180001287
C:\Users\GED\PycharmProjects\Aixelo_Project_DataLab_2025\data\odac\pristine_H2O\cg8002564_si_008\cg8002564_si_008_w_H2O_1_relaxed.cif,-0.6317997474999686
C:\Users\GED\PycharmProjects\Aixelo_Project_DataLab_2025\data\odac\pristine_H2O\cg800424t_si_002\cg800424t_si_002_w_H2O_1_relaxed.cif,-0.25601146599992713
C:\Users\GED\PycharmProjects\Aixelo_Project_DataLab_2025\data\odac\pristine_H2O\cg901114e_si_002\cg901114e_si_002_w_H2O_1_relaxed.cif,-0.18980361749996175
C:\Users\GED\PycharmProjects\Aixelo_Project_DataLab_2025\data\odac\pristine_H2O\cg901128k_si_004\cg901128k_si_004_w_H2O_1_relaxed.cif,-0.3577613439999595
C:\Users\GED\PycharmProjects\Aixelo_Project_DataLab_2025\data\odac\pristine_H2O\cm071462f-file004\cm071462f-file004_w_H2O_1_relaxed.cif,-0.5291612740000347
C:\Users\GED\PycharmProjects\Aixelo_Project_DataLab_2025\data\odac\pristine_H2O\cm1008587_si_003\cm1008587_si_003_w_H2O_1_relaxed.cif,-0.12279695999997382
C:\Users\GED\PycharmProjects\Aixelo_Project_DataLab_2025\data\odac\pristine_H2O\cm202876r_si_002\cm202876r_si_002_w_H2O_1_relaxed.cif,0.20133937999990317
C:\Users\GED\PycharmProjects\Aixelo_Project_DataLab_2025\data\odac\pristine_H2O\cm301726k_si_004\cm301726k_si_004_w_H2O_1_relaxed.cif,-0.20023848749997336
C:\Users\GED\PycharmProjects\Aixelo_Project_DataLab_2025\data\odac\pristine_H2O\cm303749m_si_001\cm303749m_si_001_w_H2O_1_relaxed.cif,-0.2803828974999476
C:\Users\GED\PycharmProjects\Aixelo_Project_DataLab_2025\data\odac\pristine_H2O\cm303749m_si_002\cm303749m_si_002_w_H2O_1_relaxed.cif,-0.22433997250001877
C:\Users\GED\PycharmProjects\Aixelo_Project_DataLab_2025\data\odac\pristine_H2O\cm501138g_si_002\cm501138g_si_002_w_H2O_1_relaxed.cif,-0.3425776020001649
C:\Users\GED\PycharmProjects\Aixelo_Project_DataLab_2025\data\odac\pristine_H2O\cm501138g_si_004\cm501138g_si_004_w_H2O_1_relaxed.cif,-0.2792650933332273
C:\Users\GED\PycharmProjects\Aixelo_Project_DataLab_2025\data\odac\pristine_H2O\cm501138g_si_005\cm501138g_si_005_w_H2O_1_relaxed.cif,-0.015316052500054418
C:\Users\GED\PycharmProjects\Aixelo_Project_DataLab_2025\data\odac\pristine_H2O\cm501138g_si_006\cm501138g_si_006_w_H2O_1_relaxed.cif,-0.2428968233332398
C:\Users\GED\PycharmProjects\Aixelo_Project_DataLab_2025\data\odac\pristine_H2O\cm501138g_si_008\cm501138g_si_008_w_H2O_1_relaxed.cif,0.014503070000102966
C:\Users\GED\PycharmProjects\Aixelo_Project_DataLab_2025\data\odac\pristine_H2O\cm501138g_si_009\cm501138g_si_009_w_H2O_1_relaxed.cif,-0.21691488200008274
C:\Users\GED\PycharmProjects\Aixelo_Project_DataLab_2025\data\odac\pristine_H2O\cm501138g_si_010\cm501138g_si_010_w_H2O_1_relaxed.cif,-0.010303946000021831
C:\Users\GED\PycharmProjects\Aixelo_Project_DataLab_2025\data\odac\pristine_H2O\cm501138g_si_011\cm501138g_si_011_w_H2O_1_relaxed.cif,-0.18236054000010427
C:\Users\GED\PycharmProjects\Aixelo_Project_DataLab_2025\data\odac\pristine_H2O\cm501138g_si_012\cm501138g_si_012_w_H2O_1_relaxed.cif,-0.22566166599995086
C:\Users\GED\PycharmProjects\Aixelo_Project_DataLab_2025\data\odac\pristine_H2O\cm503311x_F-mil-53-Al-lp-mono\cm503311x_F-mil-53-Al-lp-mono_w_H2O_1_relaxed.cif,-0.14048768750006954
C:\Users\GED\PycharmProjects\Aixelo_Project_DataLab_2025\data\odac\pristine_H2O\cm503311x_F-mil-53-Al-lp-ortho\cm503311x_F-mil-53-Al-lp-ortho_w_H2O_1_relaxed.cif,-0.16516549499988284
C:\Users\GED\PycharmProjects\Aixelo_Project_DataLab_2025\data\odac\pristine_H2O\cm503311x_OH-mil-53-Al-lp-ortho\cm503311x_OH-mil-53-Al-lp-ortho_w_H2O_1_relaxed.cif,-0.16372956749995635
C:\Users\GED\PycharmProjects\Aixelo_Project_DataLab_2025\data\odac\pristine_H2O\cm503311x_alf100K\cm503311x_alf100K_w_H2O_1_relaxed.cif,-0.14280224999993146
C:\Users\GED\PycharmProjects\Aixelo_Project_DataLab_2025\data\odac\pristine_H2O\cm503311x_alf11K\cm503311x_alf11K_w_H2O_1_relaxed.cif,-0.22193150749995993
C:\Users\GED\PycharmProjects\Aixelo_Project_DataLab_2025\data\odac\pristine_H2O\cm503311x_alf125K\cm503311x_alf125K_w_H2O_1_relaxed.cif,-0.19408370250000925
C:\Users\GED\PycharmProjects\Aixelo_Project_DataLab_2025\data\odac\pristine_H2O\cm503311x_alf175K\cm503311x_alf175K_w_H2O_2_relaxed.cif,0.5173284650000198
C:\Users\GED\PycharmProjects\Aixelo_Project_DataLab_2025\data\odac\pristine_H2O\cm503311x_alf200K\cm503311x_alf200K_w_H2O_2_relaxed.cif,-0.37568769999995766
C:\Users\GED\PycharmProjects\Aixelo_Project_DataLab_2025\data\odac\pristine_H2O\cm503311x_alf225K\cm503311x_alf225K_w_H2O_1_relaxed.cif,-0.19247652249997313
C:\Users\GED\PycharmProjects\Aixelo_Project_DataLab_2025\data\odac\pristine_H2O\cm503311x_alf250K\cm503311x_alf250K_w_H2O_2_relaxed.cif,-0.16304988666666984
C:\Users\GED\PycharmProjects\Aixelo_Project_DataLab_2025\data\odac\pristine_H2O\cm503311x_alf275K\cm503311x_alf275K_w_H2O_2_relaxed.cif,-0.124986766666647
C:\Users\GED\PycharmProjects\Aixelo_Project_DataLab_2025\data\odac\pristine_H2O\cm503311x_alf290K\cm503311x_alf290K_w_H2O_1_relaxed.cif,-0.2400602574999908
C:\Users\GED\PycharmProjects\Aixelo_Project_DataLab_2025\data\odac\pristine_H2O\cm503311x_alf300K\cm503311x_alf300K_w_H2O_1_relaxed.cif,-0.12151811333334687
C:\Users\GED\PycharmProjects\Aixelo_Project_DataLab_2025\data\odac\pristine_H2O\cm503311x_alf325K\cm503311x_alf325K_w_H2O_1_relaxed.cif,-0.29321348750002585
C:\Users\GED\PycharmProjects\Aixelo_Project_DataLab_2025\data\odac\pristine_H2O\cm503311x_alf350K\cm503311x_alf350K_w_H2O_1_relaxed.cif,-0.24711309000001333
C:\Users\GED\PycharmProjects\Aixelo_Project_DataLab_2025\data\odac\pristine_H2O\cm503311x_alf400K\cm503311x_alf400K_w_H2O_2_relaxed.cif,-0.09642019333332048
C:\Users\GED\PycharmProjects\Aixelo_Project_DataLab_2025\data\odac\pristine_H2O\cm503311x_alf40K\cm503311x_alf40K_w_H2O_1_relaxed.cif,-0.15971372999996442
C:\Users\GED\PycharmProjects\Aixelo_Project_DataLab_2025\data\odac\pristine_H2O\cm503311x_alf425K\cm503311x_alf425K_w_H2O_2_relaxed.cif,-0.20444141000001537
C:\Users\GED\PycharmProjects\Aixelo_Project_DataLab_2025\data\odac\pristine_H2O\cm503311x_alf450K\cm503311x_alf450K_w_H2O_2_relaxed.cif,0.37302181000004
C:\Users\GED\PycharmProjects\Aixelo_Project_DataLab_2025\data\odac\pristine_H2O\cm503311x_alf475K\cm503311x_alf475K_w_H2O_1_relaxed.cif,-0.17557244000002467
C:\Users\GED\PycharmProjects\Aixelo_Project_DataLab_2025\data\odac\pristine_H2O\cm503311x_alf500K\cm503311x_alf500K_w_H2O_2_relaxed.cif,0.26320096666665904
C:\Users\GED\PycharmProjects\Aixelo_Project_DataLab_2025\data\odac\pristine_H2O\cm503311x_alf70K\cm503311x_alf70K_w_H2O_2_relaxed.cif,-0.11707007499990135
C:\Users\GED\PycharmProjects\Aixelo_Project_DataLab_2025\data\odac\pristine_H2O\cm503311x_aloh150K\cm503311x_aloh150K_w_H2O_2_relaxed.cif,-0.16195426999998594
C:\Users\GED\PycharmProjects\Aixelo_Project_DataLab_2025\data\odac\pristine_H2O\cm503311x_aloh175K\cm503311x_aloh175K_w_H2O_random_1_relaxed.cif,-0.19452184499999697
C:\Users\GED\PycharmProjects\Aixelo_Project_DataLab_2025\data\odac\pristine_H2O\cm503311x_aloh200K\cm503311x_aloh200K_w_H2O_2_relaxed.cif,0.07682825500000945
C:\Users\GED\PycharmProjects\Aixelo_Project_DataLab_2025\data\odac\pristine_H2O\cm503311x_aloh225K\cm503311x_aloh225K_w_H2O_1_relaxed.cif,-0.24283693666668185
C:\Users\GED\PycharmProjects\Aixelo_Project_DataLab_2025\data\odac\pristine_H2O\cm503311x_aloh250K\cm503311x_aloh250K_w_H2O_2_relaxed.cif,0.025773290000017806
C:\Users\GED\PycharmProjects\Aixelo_Project_DataLab_2025\data\odac\pristine_H2O\cm503311x_aloh275K\cm503311x_aloh275K_w_H2O_2_relaxed.cif,-0.22111849999996025
C:\Users\GED\PycharmProjects\Aixelo_Project_DataLab_2025\data\odac\pristine_H2O\cm503311x_aloh300K\cm503311x_aloh300K_w_H2O_2_relaxed.cif,-0.08725707000000205
C:\Users\GED\PycharmProjects\Aixelo_Project_DataLab_2025\data\odac\pristine_H2O\cm503311x_aloh325K\cm503311x_aloh325K_w_H2O_2_relaxed.cif,-0.3360916666666564
C:\Users\GED\PycharmProjects\Aixelo_Project_DataLab_2025\data\odac\pristine_H2O\cm503311x_aloh350K\cm503311x_aloh350K_w_H2O_random_2_relaxed.cif,0.0739799500000799
C:\Users\GED\PycharmProjects\Aixelo_Project_DataLab_2025\data\odac\pristine_H2O\cm503311x_aloh375K\cm503311x_aloh375K_w_H2O_2_relaxed.cif,-0.15257337000000842
C:\Users\GED\PycharmProjects\Aixelo_Project_DataLab_2025\data\odac\pristine_H2O\cm503311x_aloh400K\cm503311x_aloh400K_w_H2O_2_relaxed.cif,-0.0541474749999793
C:\Users\GED\PycharmProjects\Aixelo_Project_DataLab_2025\data\odac\pristine_H2O\cm503311x_aloh425K\cm503311x_aloh425K_w_H2O_2_relaxed.cif,-0.03264970000006425
C:\Users\GED\PycharmProjects\Aixelo_Project_DataLab_2025\data\odac\pristine_H2O\cm503311x_aloh450K\cm503311x_aloh450K_w_H2O_2_relaxed.cif,-0.4094936399999937
C:\Users\GED\PycharmProjects\Aixelo_Project_DataLab_2025\data\odac\pristine_H2O\cm503311x_aloh475K\cm503311x_aloh475K_w_H2O_1_relaxed.cif,-0.13362441000001013
C:\Users\GED\PycharmProjects\Aixelo_Project_DataLab_2025\data\odac\pristine_H2O\cm503311x_aloh500K\cm503311x_aloh500K_w_H2O_1_relaxed.cif,-0.3175921166667308
C:\Users\GED\PycharmProjects\Aixelo_Project_DataLab_2025\data\odac\pristine_H2O\ic025743v_s1\ic025743v_s1_w_H2O_1_relaxed.cif,-0.6262530899999547
C:\Users\GED\PycharmProjects\Aixelo_Project_DataLab_2025\data\odac\pristine_H2O\ic034943jsi20030807_040506\ic034943jsi20030807_040506_w_H2O_1_relaxed.cif,-0.23706738000015548
C:\Users\GED\PycharmProjects\Aixelo_Project_DataLab_2025\data\odac\pristine_H2O\ic050064gsi20050115_040515\ic050064gsi20050115_040515_w_H2O_1_relaxed.cif,-0.16900255999992927
C:\Users\GED\PycharmProjects\Aixelo_Project_DataLab_2025\data\odac\pristine_H2O\ic051810ksi20060220_094504\ic051810ksi20060220_094504_w_H2O_1_relaxed.cif,-0.31464446500001486
C:\Users\GED\PycharmProjects\Aixelo_Project_DataLab_2025\data\odac\pristine_H2O\ic0520162si20051122_054836\ic0520162si20051122_054836_w_H2O_1_relaxed.cif,-0.6337922760005312
C:\Users\GED\PycharmProjects\Aixelo_Project_DataLab_2025\data\odac\pristine_H2O\ic060608urom20060410_101638\ic060608urom20060410_101638_w_H2O_1_relaxed.cif,-0.3888216479999983
C:\Users\GED\PycharmProjects\Aixelo_Project_DataLab_2025\data\odac\pristine_H2O\ic060771psi20060614_113937\ic060771psi20060614_113937_w_H2O_1_relaxed.cif,-0.4096228850000614
C:\Users\GED\PycharmProjects\Aixelo_Project_DataLab_2025\data\odac\pristine_H2O\ic100188w_si_002\ic100188w_si_002_w_H2O_1_relaxed.cif,0.5804504099998666
C:\Users\GED\PycharmProjects\Aixelo_Project_DataLab_2025\data\odac\pristine_H2O\ic101789u_si_002\ic101789u_si_002_w_H2O_1_relaxed.cif,-0.4817621049998593
C:\Users\GED\PycharmProjects\Aixelo_Project_DataLab_2025\data\odac\pristine_H2O\ic101935f_si_002_auto\ic101935f_si_002_auto_w_H2O_1_relaxed.cif,-0.5088342050001984
C:\Users\GED\PycharmProjects\Aixelo_Project_DataLab_2025\data\odac\pristine_H2O\ic102347b_si_001\ic102347b_si_001_w_H2O_1_relaxed.cif,-0.2488290933332943
C:\Users\GED\PycharmProjects\Aixelo_Project_DataLab_2025\data\odac\pristine_H2O\ic2017598_si_001_clean_h\ic2017598_si_001_clean_h_w_H2O_1_relaxed.cif,-0.2789872624999248
C:\Users\GED\PycharmProjects\Aixelo_Project_DataLab_2025\data\odac\pristine_H2O\ic202626c_si_002\ic202626c_si_002_w_H2O_1_relaxed.cif,-0.45637666250001985
C:\Users\GED\PycharmProjects\Aixelo_Project_DataLab_2025\data\odac\pristine_H2O\ic202769e_si_002\ic202769e_si_002_w_H2O_1_relaxed.cif,-0.36045144400022766
C:\Users\GED\PycharmProjects\Aixelo_Project_DataLab_2025\data\odac\pristine_H2O\ic300665a_si_002\ic300665a_si_002_w_H2O_1_relaxed.cif,-0.3526555280002867
C:\Users\GED\PycharmProjects\Aixelo_Project_DataLab_2025\data\odac\pristine_H2O\ic3019502_si_002\ic3019502_si_002_w_H2O_1_relaxed.cif,-0.2183948124999517
C:\Users\GED\PycharmProjects\Aixelo_Project_DataLab_2025\data\odac\pristine_H2O\ic400607w_si_001\ic400607w_si_001_w_H2O_1_relaxed.cif,-0.32091739799984675
C:\Users\GED\PycharmProjects\Aixelo_Project_DataLab_2025\data\odac\pristine_H2O\ic401157n_si_003\ic401157n_si_003_w_H2O_1_relaxed.cif,-0.5051372020000144
C:\Users\GED\PycharmProjects\Aixelo_Project_DataLab_2025\data\odac\pristine_H2O\ic402058f_si_002\ic402058f_si_002_w_H2O_1_relaxed.cif,-0.17794888200010062
C:\Users\GED\PycharmProjects\Aixelo_Project_DataLab_2025\data\odac\pristine_H2O\ic402058f_si_003\ic402058f_si_003_w_H2O_1_relaxed.cif,-0.36078786999996737
C:\Users\GED\PycharmProjects\Aixelo_Project_DataLab_2025\data\odac\pristine_H2O\ic402058f_si_004\ic402058f_si_004_w_H2O_1_relaxed.cif,0.06071634799995992
C:\Users\GED\PycharmProjects\Aixelo_Project_DataLab_2025\data\odac\pristine_H2O\ic402058f_si_005\ic402058f_si_005_w_H2O_1_relaxed.cif,-0.6349091725003291
C:\Users\GED\PycharmProjects\Aixelo_Project_DataLab_2025\data\odac\pristine_H2O\ic402692p_si_002\ic402692p_si_002_w_H2O_1_relaxed.cif,-0.2921414439999807
C:\Users\GED\PycharmProjects\Aixelo_Project_DataLab_2025\data\odac\pristine_H2O\ic402692p_si_003\ic402692p_si_003_w_H2O_1_relaxed.cif,-0.3969919079998817
C:\Users\GED\PycharmProjects\Aixelo_Project_DataLab_2025\data\odac\pristine_H2O\ic402692p_si_004\ic402692p_si_004_w_H2O_2_relaxed.cif,-0.23719869666660998
C:\Users\GED\PycharmProjects\Aixelo_Project_DataLab_2025\data\odac\pristine_H2O\ic402692p_si_005\ic402692p_si_005_w_H2O_1_relaxed.cif,-0.2396317824999414
C:\Users\GED\PycharmProjects\Aixelo_Project_DataLab_2025\data\odac\pristine_H2O\ic403134c_si_002\ic403134c_si_002_w_H2O_1_relaxed.cif,-0.13706101999998732
C:\Users\GED\PycharmProjects\Aixelo_Project_DataLab_2025\data\odac\pristine_H2O\ic500323r_si_001\ic500323r_si_001_w_H2O_1_relaxed.cif,-0.3559832000000256
C:\Users\GED\PycharmProjects\Aixelo_Project_DataLab_2025\data\odac\pristine_H2O\ic500323r_si_002\ic500323r_si_002_w_H2O_1_relaxed.cif,0.10838054749993375
C:\Users\GED\PycharmProjects\Aixelo_Project_DataLab_2025\data\odac\pristine_H2O\ic5008457_si_002\ic5008457_si_002_w_H2O_1_relaxed.cif,-0.33048182749985244
C:\Users\GED\PycharmProjects\Aixelo_Project_DataLab_2025\data\odac\pristine_H2O\ic5011133_si_003\ic5011133_si_003_w_H2O_1_relaxed.cif,-0.06231651250007535
C:\Users\GED\PycharmProjects\Aixelo_Project_DataLab_2025\data\odac\pristine_H2O\ic501477u_si_002\ic501477u_si_002_w_H2O_1_relaxed.cif,-0.41702204000006304
C:\Users\GED\PycharmProjects\Aixelo_Project_DataLab_2025\data\odac\pristine_H2O\ic501801f_si_002\ic501801f_si_002_w_H2O_1_relaxed.cif,0.0707696219999889
C:\Users\GED\PycharmProjects\Aixelo_Project_DataLab_2025\data\odac\pristine_H2O\ic501849g_si_002\ic501849g_si_002_w_H2O_1_relaxed.cif,-0.14810545000003114
C:\Users\GED\PycharmProjects\Aixelo_Project_DataLab_2025\data\odac\pristine_H2O\ic502254c_si_002\ic502254c_si_002_w_H2O_1_relaxed.cif,-0.06177820199991396
C:\Users\GED\PycharmProjects\Aixelo_Project_DataLab_2025\data\odac\pristine_H2O\ic502643m_si_003\ic502643m_si_003_w_H2O_1_relaxed.cif,-0.26731496249988135
C:\Users\GED\PycharmProjects\Aixelo_Project_DataLab_2025\data\odac\pristine_H2O\ic502643m_si_006\ic502643m_si_006_w_H2O_1_relaxed.cif,-0.20854882999974503
C:\Users\GED\PycharmProjects\Aixelo_Project_DataLab_2025\data\odac\pristine_H2O\ic502643m_si_007\ic502643m_si_007_w_H2O_1_relaxed.cif,-0.36164524666734604
C:\Users\GED\PycharmProjects\Aixelo_Project_DataLab_2025\data\odac\pristine_H2O\ic502643m_si_008\ic502643m_si_008_w_H2O_1_relaxed.cif,-0.26951017000033056
C:\Users\GED\PycharmProjects\Aixelo_Project_DataLab_2025\data\odac\pristine_H2O\ic502643m_si_009\ic502643m_si_009_w_H2O_2_relaxed.cif,-0.12380433500015894
C:\Users\GED\PycharmProjects\Aixelo_Project_DataLab_2025\data\odac\pristine_H2O\ic502643m_si_010\ic502643m_si_010_w_H2O_1_relaxed.cif,-0.32694596000040593
C:\Users\GED\PycharmProjects\Aixelo_Project_DataLab_2025\data\odac\pristine_H2O\ic502725y_si_004\ic502725y_si_004_w_H2O_1_relaxed.cif,-0.02636457999994945
C:\Users\GED\PycharmProjects\Aixelo_Project_DataLab_2025\data\odac\pristine_H2O\ic502730y_si_002\ic502730y_si_002_w_H2O_1_relaxed.cif,-0.3156628925000291
C:\Users\GED\PycharmProjects\Aixelo_Project_DataLab_2025\data\odac\pristine_H2O\ic5028256_si_002\ic5028256_si_002_w_H2O_1_relaxed.cif,-0.14750820999998376
C:\Users\GED\PycharmProjects\Aixelo_Project_DataLab_2025\data\odac\pristine_H2O\ic502921j_si_002\ic502921j_si_002_w_H2O_random_1_relaxed.cif,-0.3368270850007775
C:\Users\GED\PycharmProjects\Aixelo_Project_DataLab_2025\data\odac\pristine_H2O\ic5b00130_si_002\ic5b00130_si_002_w_H2O_1_relaxed.cif,-0.03378903399989212
C:\Users\GED\PycharmProjects\Aixelo_Project_DataLab_2025\data\odac\pristine_H2O\ic5b00535_si_002\ic5b00535_si_002_w_H2O_1_relaxed.cif,-0.2632770600001095
C:\Users\GED\PycharmProjects\Aixelo_Project_DataLab_2025\data\odac\pristine_H2O\ic700893w-file001\ic700893w-file001_w_H2O_1_relaxed.cif,-0.20586743399999247
C:\Users\GED\PycharmProjects\Aixelo_Project_DataLab_2025\data\odac\pristine_H2O\ic7014034-file001\ic7014034-file001_w_H2O_1_relaxed.cif,-0.434873482000512
C:\Users\GED\PycharmProjects\Aixelo_Project_DataLab_2025\data\odac\pristine_H2O\ic7025158-file001\ic7025158-file001_w_H2O_1_relaxed.cif,-0.49575674500000133
C:\Users\GED\PycharmProjects\Aixelo_Project_DataLab_2025\data\odac\pristine_H2O\ic8004536-file004\ic8004536-file004_w_H2O_1_relaxed.cif,-0.5918396466667369
C:\Users\GED\PycharmProjects\Aixelo_Project_DataLab_2025\data\odac\pristine_H2O\ic9002115_si_001\ic9002115_si_001_w_H2O_1_relaxed.cif,-0.5984523500004798
C:\Users\GED\PycharmProjects\Aixelo_Project_DataLab_2025\data\odac\pristine_H2O\j.ica.2016.05.002_2\j.ica.2016.05.002_2_w_H2O_1_relaxed.cif,-0.006665533333792463
C:\Users\GED\PycharmProjects\Aixelo_Project_DataLab_2025\data\odac\pristine_H2O\j.ica.2016.08.030_3\j.ica.2016.08.030_3_w_H2O_1_relaxed.cif,-0.6522986300001321
C:\Users\GED\PycharmProjects\Aixelo_Project_DataLab_2025\data\odac\pristine_H2O\j.inoche.2015.01.025_INC05862-mmc2\j.inoche.2015.01.025_INC05862-mmc2_w_H2O_1_relaxed.cif,-0.3731670279999889
C:\Users\GED\PycharmProjects\Aixelo_Project_DataLab_2025\data\odac\pristine_H2O\j.inoche.2015.02.023_INC05895-mmc1\j.inoche.2015.02.023_INC05895-mmc1_w_H2O_1_relaxed.cif,-0.7305137179999519
C:\Users\GED\PycharmProjects\Aixelo_Project_DataLab_2025\data\odac\pristine_H2O\j.inoche.2015.03.028_inc05925-mmc2\j.inoche.2015.03.028_inc05925-mmc2_w_H2O_1_relaxed.cif,-0.35181071000008046
C:\Users\GED\PycharmProjects\Aixelo_Project_DataLab_2025\data\odac\pristine_H2O\j.inoche.2015.03.054_CIFs\j.inoche.2015.03.054_CIFs_w_H2O_1_relaxed.cif,-0.263977739999882
C:\Users\GED\PycharmProjects\Aixelo_Project_DataLab_2025\data\odac\pristine_H2O\j.inoche.2015.06.036_inc06102-mmc1\j.inoche.2015.06.036_inc06102-mmc1_w_H2O_1_relaxed.cif,-0.05400704499999165
C:\Users\GED\PycharmProjects\Aixelo_Project_DataLab_2025\data\odac\pristine_H2O\j.inoche.2015.12.019_1\j.inoche.2015.12.019_1_w_H2O_1_relaxed.cif,-0.26770599399997075
C:\Users\GED\PycharmProjects\Aixelo_Project_DataLab_2025\data\odac\pristine_H2O\j.jssc.2014.11.015_mmc2\j.jssc.2014.11.015_mmc2_w_H2O_1_relaxed.cif,-0.3384830419999162
C:\Users\GED\PycharmProjects\Aixelo_Project_DataLab_2025\data\odac\pristine_H2O\j.jssc.2015.05.012_mmc6\j.jssc.2015.05.012_mmc6_w_H2O_1_relaxed.cif,-0.4947094316665546
C:\Users\GED\PycharmProjects\Aixelo_Project_DataLab_2025\data\odac\pristine_H2O\j.jssc.2016.09.008_mmc8\j.jssc.2016.09.008_mmc8_w_H2O_1_relaxed.cif,-0.37319082399992565
C:\Users\GED\PycharmProjects\Aixelo_Project_DataLab_2025\data\odac\pristine_H2O\ja074366osi20070816_031204\ja074366osi20070816_031204_w_H2O_1_relaxed.cif,-0.22375092250004508
C:\Users\GED\PycharmProjects\Aixelo_Project_DataLab_2025\data\odac\pristine_H2O\ja109659k_si_002\ja109659k_si_002_w_H2O_1_relaxed.cif,-0.3028330350002193
C:\Users\GED\PycharmProjects\Aixelo_Project_DataLab_2025\data\odac\pristine_H2O\ja111042f_si_002\ja111042f_si_002_w_H2O_1_relaxed.cif,0.12860309500013042
C:\Users\GED\PycharmProjects\Aixelo_Project_DataLab_2025\data\odac\pristine_H2O\ja203898s_si_004\ja203898s_si_004_w_H2O_1_relaxed.cif,-0.2969029880000107
C:\Users\GED\PycharmProjects\Aixelo_Project_DataLab_2025\data\odac\pristine_H2O\ja205976v_si_004\ja205976v_si_004_w_H2O_1_relaxed.cif,-0.22174513000004478
C:\Users\GED\PycharmProjects\Aixelo_Project_DataLab_2025\data\odac\pristine_H2O\ja206917z_si_001\ja206917z_si_001_w_H2O_2_relaxed.cif,-0.5087334275000899
C:\Users\GED\PycharmProjects\Aixelo_Project_DataLab_2025\data\odac\pristine_H2O\ja300034j_si_002\ja300034j_si_002_w_H2O_1_relaxed.cif,-0.33028236250001436
C:\Users\GED\PycharmProjects\Aixelo_Project_DataLab_2025\data\odac\pristine_H2O\ja302110d_si_001\ja302110d_si_001_w_H2O_1_relaxed.cif,-0.1747228940001605
C:\Users\GED\PycharmProjects\Aixelo_Project_DataLab_2025\data\odac\pristine_H2O\ja302380x_si_003\ja302380x_si_003_w_H2O_1_relaxed.cif,-0.3106174800007769
C:\Users\GED\PycharmProjects\Aixelo_Project_DataLab_2025\data\odac\pristine_H2O\ja308995t_si_002\ja308995t_si_002_w_H2O_1_relaxed.cif,0.09530915399996046
C:\Users\GED\PycharmProjects\Aixelo_Project_DataLab_2025\data\odac\pristine_H2O\ja4012707_si_003\ja4012707_si_003_w_H2O_1_relaxed.cif,-0.6710528249999896
C:\Users\GED\PycharmProjects\Aixelo_Project_DataLab_2025\data\odac\pristine_H2O\ja4012707_si_004\ja4012707_si_004_w_H2O_1_relaxed.cif,13.510659909999982
C:\Users\GED\PycharmProjects\Aixelo_Project_DataLab_2025\data\odac\pristine_H2O\ja4015666_si_002\ja4015666_si_002_w_H2O_1_relaxed.cif,-0.23497475499993922
C:\Users\GED\PycharmProjects\Aixelo_Project_DataLab_2025\data\odac\pristine_H2O\ja406030p_si_002_manual\ja406030p_si_002_manual_w_H2O_2_relaxed.cif,-0.47205367333375153
C:\Users\GED\PycharmProjects\Aixelo_Project_DataLab_2025\data\odac\pristine_H2O\ja406030p_si_003\ja406030p_si_003_w_H2O_1_relaxed.cif,-0.6368763350003519
C:\Users\GED\PycharmProjects\Aixelo_Project_DataLab_2025\data\odac\pristine_H2O\ja406030p_si_004\ja406030p_si_004_w_H2O_1_relaxed.cif,-0.6103824950004082
C:\Users\GED\PycharmProjects\Aixelo_Project_DataLab_2025\data\odac\pristine_H2O\ja406030p_si_005_manual\ja406030p_si_005_manual_w_H2O_1_relaxed.cif,-0.556598210000781
C:\Users\GED\PycharmProjects\Aixelo_Project_DataLab_2025\data\odac\pristine_H2O\ja406030p_si_006_manual\ja406030p_si_006_manual_w_H2O_1_relaxed.cif,-0.836300778000259
C:\Users\GED\PycharmProjects\Aixelo_Project_DataLab_2025\data\odac\pristine_H2O\ja406030p_si_008_manual\ja406030p_si_008_manual_w_H2O_1_relaxed.cif,-0.5402537200000097
C:\Users\GED\PycharmProjects\Aixelo_Project_DataLab_2025\data\odac\pristine_H2O\ja406030p_si_009_manual\ja406030p_si_009_manual_w_H2O_1_relaxed.cif,-0.15528652000034524
C:\Users\GED\PycharmProjects\Aixelo_Project_DataLab_2025\data\odac\pristine_H2O\ja407778a_si_003\ja407778a_si_003_w_H2O_1_relaxed.cif,-0.15934196599997671
C:\Users\GED\PycharmProjects\Aixelo_Project_DataLab_2025\data\odac\pristine_H2O\ja500330a_si_005\ja500330a_si_005_w_H2O_1_relaxed.cif,-0.3573687166667696
C:\Users\GED\PycharmProjects\Aixelo_Project_DataLab_2025\data\odac\pristine_H2O\ja501810r_si_002\ja501810r_si_002_w_H2O_1_relaxed.cif,10.499488399999905
C:\Users\GED\PycharmProjects\Aixelo_Project_DataLab_2025\data\odac\pristine_H2O\ja5063423_si_002\ja5063423_si_002_w_H2O_1_relaxed.cif,-0.18060770999997539
C:\Users\GED\PycharmProjects\Aixelo_Project_DataLab_2025\data\odac\pristine_H2O\ja506357n_si_002\ja506357n_si_002_w_H2O_1_relaxed.cif,-0.49090514799986523
C:\Users\GED\PycharmProjects\Aixelo_Project_DataLab_2025\data\odac\pristine_H2O\ja507269n_si_002\ja507269n_si_002_w_H2O_1_relaxed.cif,0.030575412500240852
C:\Users\GED\PycharmProjects\Aixelo_Project_DataLab_2025\data\odac\pristine_H2O\ja512437u_si_004\ja512437u_si_004_w_H2O_1_relaxed.cif,-0.024998052000137258
C:\Users\GED\PycharmProjects\Aixelo_Project_DataLab_2025\data\odac\pristine_H2O\ja512762r_si_002_auto\ja512762r_si_002_auto_w_H2O_1_relaxed.cif,-0.3400366200003191
C:\Users\GED\PycharmProjects\Aixelo_Project_DataLab_2025\data\odac\pristine_H2O\ja512973b_si_002_auto\ja512973b_si_002_auto_w_H2O_1_relaxed.cif,-0.5531060800003615
C:\Users\GED\PycharmProjects\Aixelo_Project_DataLab_2025\data\odac\pristine_H2O\ja512973b_si_003_auto\ja512973b_si_003_auto_w_H2O_1_relaxed.cif,-0.4494900700007065
C:\Users\GED\PycharmProjects\Aixelo_Project_DataLab_2025\data\odac\pristine_H2O\ja512973b_si_004_auto\ja512973b_si_004_auto_w_H2O_1_relaxed.cif,-0.19573799000022515
C:\Users\GED\PycharmProjects\Aixelo_Project_DataLab_2025\data\odac\pristine_H2O\ja5131269_si_002\ja5131269_si_002_w_H2O_1_relaxed.cif,-0.5324761219999801
C:\Users\GED\PycharmProjects\Aixelo_Project_DataLab_2025\data\odac\pristine_H2O\ja5131269_si_003\ja5131269_si_003_w_H2O_1_relaxed.cif,-0.1012230860001182
C:\Users\GED\PycharmProjects\Aixelo_Project_DataLab_2025\data\odac\pristine_H2O\ja5b02556_si_002\ja5b02556_si_002_w_H2O_1_relaxed.cif,-0.057479351666671556
C:\Users\GED\PycharmProjects\Aixelo_Project_DataLab_2025\data\odac\pristine_H2O\ja5b02897_si_003\ja5b02897_si_003_w_H2O_1_relaxed.cif,0.0027803825000489654
C:\Users\GED\PycharmProjects\Aixelo_Project_DataLab_2025\data\odac\pristine_H2O\ja5b02999_si_002\ja5b02999_si_002_w_H2O_1_relaxed.cif,0.6333789960000104
C:\Users\GED\PycharmProjects\Aixelo_Project_DataLab_2025\data\odac\pristine_H2O\ja5b02999_si_006\ja5b02999_si_006_w_H2O_1_relaxed.cif,-0.18417374400000877
C:\Users\GED\PycharmProjects\Aixelo_Project_DataLab_2025\data\odac\pristine_H2O\ja5b02999_si_007\ja5b02999_si_007_w_H2O_1_relaxed.cif,13.658674677500017
C:\Users\GED\PycharmProjects\Aixelo_Project_DataLab_2025\data\odac\pristine_H2O\ja903726m_si_002\ja903726m_si_002_w_H2O_1_relaxed.cif,-0.31250505250000055
C:\Users\GED\PycharmProjects\Aixelo_Project_DataLab_2025\data\odac\pristine_H2O\ja994186h\ja994186h_w_H2O_1_relaxed.cif,-0.37221070499995784
C:\Users\GED\PycharmProjects\Aixelo_Project_DataLab_2025\data\odac\pristine_H2O\jacs.5b13491_ja5b13491_si_002\jacs.5b13491_ja5b13491_si_002_w_H2O_1_relaxed.cif,-0.3909660680000343
C:\Users\GED\PycharmProjects\Aixelo_Project_DataLab_2025\data\odac\pristine_H2O\jacs.6b02030_ja6b02030_si_003\jacs.6b02030_ja6b02030_si_003_w_H2O_1_relaxed.cif,-0.3647196766666336
C:\Users\GED\PycharmProjects\Aixelo_Project_DataLab_2025\data\odac\pristine_H2O\jacs.6b08724_ja6b08724_si_014\jacs.6b08724_ja6b08724_si_014_w_H2O_random_1_relaxed.cif,-0.0817510299998502
C:\Users\GED\PycharmProjects\Aixelo_Project_DataLab_2025\data\odac\pristine_H2O\jacs.6b09113_ja6b09113_si_002\jacs.6b09113_ja6b09113_si_002_w_H2O_1_relaxed.cif,0.12789128250000203
C:\Users\GED\PycharmProjects\Aixelo_Project_DataLab_2025\data\odac\pristine_H2O\jacs.6b09155_ja6b09155_si_009\jacs.6b09155_ja6b09155_si_009_w_H2O_1_relaxed.cif,0.06787765499996108
C:\Users\GED\PycharmProjects\Aixelo_Project_DataLab_2025\data\odac\pristine_H2O\jp102463p_si_002\jp102463p_si_002_w_H2O_1_relaxed.cif,0.3363375575000589
C:\Users\GED\PycharmProjects\Aixelo_Project_DataLab_2025\data\odac\pristine_H2O\jp2064408_si_002\jp2064408_si_002_w_H2O_1_relaxed.cif,-0.31753985999995393
C:\Users\GED\PycharmProjects\Aixelo_Project_DataLab_2025\data\odac\pristine_H2O\jp302979a_si_002\jp302979a_si_002_w_H2O_random_1_relaxed.cif,-0.7327509599999757
C:\Users\GED\PycharmProjects\Aixelo_Project_DataLab_2025\data\odac\pristine_H2O\jz4002345_si_002\jz4002345_si_002_w_H2O_1_relaxed.cif,-0.14735568599992344
C:\Users\GED\PycharmProjects\Aixelo_Project_DataLab_2025\data\odac\pristine_H2O\jz4002345_si_003\jz4002345_si_003_w_H2O_1_relaxed.cif,-0.19538462400003023
C:\Users\GED\PycharmProjects\Aixelo_Project_DataLab_2025\data\odac\pristine_H2O\jz4002345_si_004\jz4002345_si_004_w_H2O_1_relaxed.cif,-0.16985202799994564
C:\Users\GED\PycharmProjects\Aixelo_Project_DataLab_2025\data\odac\pristine_H2O\jz4002345_si_005\jz4002345_si_005_w_H2O_1_relaxed.cif,-0.14522865599992651
C:\Users\GED\PycharmProjects\Aixelo_Project_DataLab_2025\data\odac\pristine_H2O\jz4002345_si_006\jz4002345_si_006_w_H2O_1_relaxed.cif,-0.04996804599995808
C:\Users\GED\PycharmProjects\Aixelo_Project_DataLab_2025\data\odac\pristine_H2O\ncomms11831_ncomms11831-s2\ncomms11831_ncomms11831-s2_w_H2O_1_relaxed.cif,-0.10100472333334658
C:\Users\GED\PycharmProjects\Aixelo_Project_DataLab_2025\data\odac\pristine_H2O\ncomms11831_ncomms11831-s3\ncomms11831_ncomms11831-s3_w_H2O_random_1_relaxed.cif,-0.23628014999997043
C:\Users\GED\PycharmProjects\Aixelo_Project_DataLab_2025\data\odac\pristine_H2O\ncomms7350-s2\ncomms7350-s2_w_H2O_1_relaxed.cif,-0.3185865699998658
C:\Users\GED\PycharmProjects\Aixelo_Project_DataLab_2025\data\odac\pristine_H2O\om701262m-file004\om701262m-file004_w_H2O_1_relaxed.cif,-0.26794279249986624
C:\Users\GED\PycharmProjects\Aixelo_Project_DataLab_2025\data\odac\pristine_H2O\science.1056698_manual\science.1056698_manual_w_H2O_random_1_relaxed.cif,-0.3150831000004927
