MOF,atomic_num_mean,atomic_num_geometric_mean,atomic_num_standard_deviation,atomic_num_max,atomic_num_min,group_num_mean,group_num_geometric_mean,group_num_standard_deviation,group_num_max,group_num_min,period_num_mean,period_num_geometric_mean,period_num_standard_deviation,period_num_max,period_num_min,electronegativity_mean,electronegativity_geometric_mean,electronegativity_standard_deviation,electronegativity_max,electronegativity_min,electron_affinity_mean,electron_affinity_geometric_mean,electron_affinity_standard_deviation,electron_affinity_max,electron_affinity_min,melting_mean,melting_geometric_mean,melting_standard_deviation,melting_max,melting_min,boiling_mean,boiling_geometric_mean,boiling_standard_deviation,boiling_max,boiling_min,density_mean,density_geometric_mean,density_standard_deviation,density_max,density_min,ionization_energy_mean,ionization_energy_geometric_mean,ionization_energy_standard_deviation,ionization_energy_max,ionization_energy_geometric_min,energy
ABEXEM_FSR,7.911111111111111,4.969128230384587,10.905293764899938,57.0,1.0,12.088888888888889,8.304651893626652,6.036268980908368,19.0,1.0,1.9555555555555555,1.8002790606832295,0.9650689222492648,6.0,1.0,2.7480000000000007,2.668011404935015,0.6056717115915372,3.44,1.1,113.81333333333336,91.31229113724598,48.23644818322897,153.9,7.0,1269.41,176.0834273491746,1732.1984704351223,3823.15,14.009999999999993,1545.3864444444448,250.80726482615128,1997.170224423831,4300.15,20.279999999999973,976.8741777777776,10.957385777967245,1521.040044816073,6146.0,0.0899,1216.1088888888887,1196.8188534059036,184.30872026421343,1402.3,538.1,-0.46665692374998
ABEXOW_FSR,8.0,4.9767503471103245,11.30584902704004,59.0,1.0,12.088888888888889,8.304651893626652,6.036268980908368,19.0,1.0,1.9555555555555555,1.8002790606832295,0.9650689222492648,6.0,1.0,2.7493333333333334,2.671203953129564,0.6020645960175518,3.44,1.13,113.90222222222224,91.47811039775604,48.11678149802204,153.9,7.0,1269.9433333333334,176.16182558904208,1732.176447671157,3823.15,14.009999999999993,1537.6531111111117,250.2763579764895,1988.988543092887,4300.15,20.279999999999973,998.8297333333333,10.995100355848727,1597.156496491714,6640.0,0.0899,1215.6155555555554,1195.710640843954,186.1287343695881,1402.3,527.0,-0.30318775124979425
ABEYAJ_FSR,8.133333333333333,4.987732740022432,11.908167132033562,62.0,1.0,12.088888888888889,8.304651893626652,6.036268980908368,19.0,1.0,1.9555555555555555,1.8002790606832295,0.9650689222492648,6.0,1.0,2.7511111111111117,2.675336961037328,0.5973207670635872,3.44,1.17,113.90222222222224,91.47811039775604,48.11678149802204,153.9,7.0,1276.21,177.03092607995293,1732.1821396659702,3823.15,14.009999999999993,1471.5642222222218,244.33982255616783,1944.8023507361456,4300.15,20.279999999999973,1030.518622222222,11.04505620986292,1711.73120026243,7353.0,0.0899,1216.3933333333332,1197.447935065461,183.26410498997825,1402.3,544.5,-0.39626969500002923
ABEYIR_FSR,8.222222222222221,4.9947756643594845,12.310589639978684,64.0,1.0,12.088888888888889,8.304651893626652,6.036268980908368,19.0,1.0,1.9555555555555555,1.8002790606832295,0.9650689222492648,6.0,1.0,2.752444444444445,2.678349040590567,0.5938131227005327,3.44,1.2,113.90222222222224,91.47811039775604,48.11678149802204,153.9,7.0,1286.9211111111113,178.3323725236724,1733.3200693623555,3823.15,14.009999999999993,1535.8753333333336,250.15081181950973,1987.19440630654,4300.15,20.279999999999973,1054.8741777777775,11.080398368351911,1802.984316681859,7901.0,0.0899,1218.5666666666664,1202.033646210357,175.40464202649952,1402.3,593.4,-0.3939730137500703
ACAJOF_FSR,4.918032786885246,3.072521496183087,5.233232652856647,29.0,1.0,8.655737704918034,4.6001119694101344,6.657635197501029,16.0,1.0,1.639344262295082,1.5226215234118,0.6536853127008814,4.0,1.0,2.5122950819672125,2.4807099928243628,0.4199976324781942,3.44,1.9,111.66065573770491,99.07031622975931,42.30733873745095,153.9,7.0,1501.2647540983603,169.5138595415028,1821.6440037267064,3823.15,14.009999999999993,1737.3401639344263,228.39301886222495,2053.96155758277,4300.15,20.279999999999973,1146.168383606558,9.371952410966593,1801.1935928671546,8960.0,0.0899,1211.611475409836,1202.356980758672,141.01436399147968,1402.3,745.5,-0.24876903500016087
ACOLIP_FSR,4.862745098039215,3.298523530221816,4.441425349040938,30.0,1.0,9.372549019607844,5.312665059753384,6.483646953391628,16.0,1.0,1.6666666666666667,1.5659724411750873,0.5829830881301377,4.0,1.0,2.519803921568628,2.4924557772680567,0.382455893630699,3.44,1.65,105.25490196078432,0.0,51.74073115336221,153.9,0.0,1678.486666666667,219.28305406179223,1870.27692089645,3823.15,14.009999999999993,1900.3249019607845,283.84621827136425,2096.207969969164,4300.15,20.279999999999973,1115.1701784313727,14.267623381105327,1399.7407692542156,7140.0,0.0899,1215.774509803921,1208.7505411580808,129.23418148452598,1402.3,906.4,-0.41160500285710505
ADABUE_FSR,5.872340425531915,3.9843316459616474,5.522168173002246,29.0,1.0,10.382978723404255,6.480104516614075,6.180109451242311,16.0,1.0,1.7872340425531914,1.6756035560310134,0.6502428421249414,4.0,1.0,2.598085106382978,2.566316153512221,0.4131026264633839,3.44,1.9,95.8787234042553,62.62595839918539,57.025406566853896,153.9,7.0,1462.8751063829789,200.2166258170065,1796.2226106623796,3823.15,14.009999999999993,1706.1993617021276,262.2583484518713,2030.1126735478483,4300.15,20.279999999999973,1199.1379702127665,12.694415409703776,1955.9490593257935,8960.0,0.0899,1225.7042553191484,1213.575106907866,162.28731935812317,1402.3,745.5,-0.16335181142863214
ADIQEL_FSR,5.171428571428572,3.5328402055481374,4.582486625563614,27.0,1.0,9.685714285714283,5.702000403241718,6.368545151519204,16.0,1.0,1.7142857142857142,1.6084981600629786,0.6127888739864918,4.0,1.0,2.540571428571428,2.511862278933331,0.3987261348497798,3.44,1.88,113.64857142857144,96.33603223919783,46.03762666979865,153.9,7.0,1812.9191428571432,266.1529481714573,1866.843444272974,3823.15,14.009999999999993,2078.9037142857146,347.29720736163426,2103.647595745591,4300.15,20.279999999999973,1287.6941942857147,20.45083271383018,1714.6106560570242,8900.0,0.0899,1198.5314285714278,1189.7269075104207,139.7508083726757,1402.3,760.4,-0.29100399500004903
ADODII_FSR,5.469026548672566,3.475455411630821,7.434755498190862,57.0,1.0,9.823008849557525,5.656101703288801,6.594755342427067,19.0,1.0,1.7168141592920354,1.5955680420005154,0.746306854594974,6.0,1.0,2.550088495575221,2.5075084809310133,0.4623420477954428,3.44,1.1,121.14867256637169,113.97459152824476,38.49726140137843,153.9,48.0,1794.6075221238937,251.90857142028509,1879.1698846092067,3823.15,14.009999999999993,2067.327876106195,336.31581338406966,2117.5759118377523,4300.15,20.279999999999973,1149.0508584070797,18.46099392256818,1303.3175885000533,6146.0,0.0899,1194.8522123893804,1184.3997650483611,142.39906352067598,1313.9,538.1,-0.2546053199999581
ADODOO_FSR,5.575221238938053,3.481617249784078,8.175947142485516,63.0,1.0,9.823008849557525,5.656101703288801,6.594755342427067,19.0,1.0,1.7168141592920354,1.5955680420005154,0.7463068545949741,6.0,1.0,,,,,,121.18407079646018,114.05696942848272,38.43084713803744,153.9,50.0,1792.8907079646012,251.53047068497727,1879.763722906015,3823.15,14.009999999999993,2033.044690265487,331.99578146789173,2105.9119858505005,4300.15,20.279999999999973,1133.0862566371684,18.409207019322743,1246.2878209147027,5244.0,0.0899,1195.0115044247786,1184.7475303863353,141.66746539909565,1313.9,547.1,-0.3262214450000253
ADODUU_FSR,5.610619469026549,3.483543612503649,8.425029742673356,65.0,1.0,9.823008849557525,5.656101703288801,6.594755342427067,19.0,1.0,1.7168141592920354,1.5955680420005154,0.746306854594974,6.0,1.0,,,,,,121.1840707964602,114.05696942848265,38.43084713803744,153.9,50.0,1802.34203539823,253.30483468074203,1877.572950226779,3823.15,14.009999999999993,2063.186283185841,335.9311410762538,2114.532637575924,4300.15,20.279999999999973,1185.7411238938057,18.556205580510515,1462.8835437325529,8219.0,0.0899,1195.342477876106,1185.452487793894,140.16728362627944,1313.9,565.8,-0.23825401499982488
AFITEP_FSR,5.061224489795919,3.5584211159243,4.405044248036035,30.0,1.0,9.918367346938776,5.9768576257358825,6.242830123164404,16.0,1.0,1.7142857142857142,1.6176253946745665,0.5714285714285714,4.0,1.0,2.5100000000000007,2.485850167065713,0.3597107681661668,3.44,1.65,117.22857142857144,0.0,46.69714408083349,153.9,0.0,2054.3722448979597,353.69096454110024,1882.9497269360195,3823.15,14.009999999999993,2322.9438775510203,450.99511217824033,2108.341449889391,4300.15,20.279999999999973,1345.0950285714289,34.14867054416184,1393.2963429820247,7140.0,0.0899,1187.9102040816324,1181.4840546612925,123.58793324113604,1402.3,906.4,-0.23775033142851493
AFOTUL_FSR,6.044444444444444,3.80898934363147,8.841708119426688,62.0,1.0,10.422222222222222,6.350556485876996,6.406555284806645,19.0,1.0,1.7777777777777777,1.6518815927963326,0.7856742013183862,6.0,1.0,2.568666666666667,2.5245727300683725,0.4700004728130009,3.44,1.17,124.06666666666666,117.08053757486329,37.75834859854029,153.9,50.0,1913.097555555556,306.754416603774,1877.9499067430545,3823.15,14.009999999999993,2170.786,402.12867714739946,2103.6247242123136,4300.15,20.279999999999973,1268.5709022222222,26.77762671679981,1445.426345570019,7353.0,0.0899,1185.0377777777776,1173.5891675300347,147.75485446266717,1313.9,544.5,-0.04413915857134854
AFOVAT_FSR,5.933333333333334,3.8018788399052337,8.141525928500407,57.0,1.0,10.422222222222222,6.350556485876996,6.406555284806645,19.0,1.0,1.7777777777777777,1.6518815927963326,0.7856742013183862,6.0,1.0,2.567111111111111,2.521113992587852,0.4747192022529258,3.44,1.1,124.02222222222224,116.97437548904875,37.84657852663619,153.9,48.0,1909.6975555555557,305.93241512646625,1879.113231184865,3823.15,14.009999999999993,2207.697111111111,407.415900158624,2116.175244616383,4300.15,20.279999999999973,1241.74868,26.671140919791945,1339.595645100895,6146.0,0.0899,1184.8955555555551,1173.2808533271066,148.37312568215094,1313.9,538.1,-0.07031844999991266
AFOVEX_FSR,5.955555555555556,3.803348486074927,8.281050807061613,58.0,1.0,10.422222222222222,6.350556485876996,6.406555284806645,19.0,1.0,1.7777777777777777,1.6518815927963326,0.7856742013183862,6.0,1.0,2.567555555555556,2.522123677082164,0.4733528425817752,3.44,1.12,124.06666666666666,117.08053757486329,37.75834859854029,153.9,50.0,1907.0086666666664,305.20566661747654,1880.224314369136,3823.15,14.009999999999993,2205.386,407.1604558255691,2114.5598145045064,4300.15,20.279999999999973,1253.8153466666668,26.721367191337155,1385.380460301371,6689.0,0.0899,1184.813333333333,1173.1009694178747,148.7321210170225,1313.9,534.4,-0.24049156749994435
AFOVOH_FSR,6.0,3.806214886004776,8.560892995995738,60.0,1.0,10.422222222222222,6.350556485876996,6.406555284806645,19.0,1.0,1.7777777777777777,1.6518815927963326,0.7856742013183862,6.0,1.0,2.5680000000000005,2.5231158838092944,0.4720009416186463,3.44,1.14,124.06666666666666,117.08053757486329,37.75834859854029,153.9,50.0,1911.964222222222,306.4910520710195,1878.307673301793,3823.15,14.009999999999993,2199.608222222222,406.4891677839408,2111.0029470375644,4300.15,20.279999999999973,1260.94868,26.74921544946985,1413.8811488457163,7010.0,0.0899,1184.7844444444445,1173.0374777397417,148.8585233711759,1313.9,533.1,0.09510067333326337
AJOVEB_FSR,7.818181818181818,5.336872713195205,9.136024417040506,48.0,1.0,12.363636363636363,9.079425636306844,5.50244123132017,17.0,1.0,1.9545454545454544,1.838169058276974,0.7673610461879152,5.0,1.0,2.8243181818181817,2.7524625900395554,0.6492387070718524,3.98,1.69,153.26136363636363,0.0,80.24574533017335,328.0,0.0,1698.9845454545457,297.1440792146072,1855.317643301955,3823.15,14.009999999999993,1937.905,404.4781313653062,2069.131219478468,4300.15,20.279999999999973,1369.6308227272727,31.629421985470994,1931.499286451044,8650.0,0.0899,1245.140909090909,1228.0394458959186,212.19065432057027,1681.0,867.8,-0.37359551142861036
ALOLIY_FSR,5.39622641509434,3.493474229602385,4.880997511109094,25.0,1.0,9.39622641509434,5.232148754324979,6.749813757434864,16.0,1.0,1.69811320754717,1.5804959720531908,0.6611854893560466,4.0,1.0,2.6320754716981134,2.576224513034901,0.5490037580741087,3.44,1.55,113.8377358490566,0.0,42.63636602808883,153.9,0.0,1232.2952830188676,133.77780159382118,1726.841720813434,3823.15,14.009999999999993,1419.4349056603771,186.4925787643584,1943.073792216491,4300.15,20.279999999999973,964.5893018867926,6.4238214643074105,1648.38690252811,7470.0,0.0899,1222.020754716981,1211.965768797838,143.5330681226923,1313.9,717.3,-0.42432282571404095
ALULAV_FSR,5.634920634920635,3.3931775950008167,8.155826794874136,64.0,1.0,9.492063492063492,5.275272401790117,6.7185434359487965,19.0,1.0,1.7142857142857142,1.583125899993569,0.7648751621051911,6.0,1.0,2.532539682539683,2.495885896504104,0.4328237599248159,3.44,1.2,114.18571428571428,97.83878290565728,47.07367362230528,200.0,7.0,1569.9334920634922,198.55382510103536,1838.7132232590827,3823.15,14.009999999999993,1807.9911111111112,266.0712491124249,2069.744593568661,4300.15,20.279999999999973,1084.735596825397,13.277907644675352,1401.07662332545,7901.0,0.0899,1205.7333333333331,1195.830072005726,143.42116910007303,1402.3,593.4,-0.21743856500023634
AMILUE_FSR,5.081081081081081,3.3595929536143463,4.953177404336661,30.0,1.0,9.405405405405403,5.3318267456020925,6.505546321697707,16.0,1.0,1.6824324324324325,1.5750584912356569,0.6155327527913914,4.0,1.0,2.527635135135135,2.495626160534991,0.4153317812246637,3.44,1.65,109.18716216216217,0.0,49.15815936838174,153.9,0.0,1661.483918918919,217.2563972920805,1864.1291336042707,3823.15,14.009999999999993,1884.972567567568,285.0362048424282,2087.406319466208,4300.15,20.279999999999973,1155.273625,14.683612458925746,1489.077329160128,7140.0,0.0899,1210.7574324324326,1203.811220373076,127.82089617434626,1402.3,906.4,-0.3353520957144025
AMOYOR_FSR,4.590163934426229,3.1177377879705284,4.19358233018153,30.0,1.0,9.01639344262295,4.998964793321817,6.481984626459857,16.0,1.0,1.639344262295082,1.5400218494558666,0.5735362519519966,4.0,1.0,2.471967213114754,2.450433171386548,0.3394103839912469,3.44,1.65,113.8065573770492,0.0,45.68361929351597,153.9,0.0,1902.7691803278688,270.7202443783187,1891.0766076881257,3823.15,14.009999999999993,2150.608032786886,348.1125162374479,2119.5957904804304,4300.15,20.279999999999973,1228.694681967213,20.62795564459365,1355.7194181214725,7140.0,0.0899,1197.5344262295082,1191.26696343658,121.94442819962327,1402.3,906.4,0.010228183750072598
AMUFOF_FSR,5.75,3.749748121480703,5.427727634353743,27.0,1.0,9.840909090909092,5.7706196762775175,6.512027968648693,16.0,1.0,1.75,1.6296311410801565,0.6784005252999681,4.0,1.0,2.624772727272728,2.580381196086753,0.4975050873945623,3.44,1.88,112.5431818181818,97.5766310525543,43.82209590921038,153.9,7.0,1403.8249999999998,172.50312734322486,1776.2891859058054,3823.15,14.009999999999993,1642.3629545454546,236.51916750825907,2018.478229926941,4300.15,20.279999999999973,1175.4122840909092,10.13786113871596,1989.9970649681563,8900.0,0.0899,1214.5886363636362,1204.2065090974786,148.48540671470516,1402.3,760.4,-0.130004751428487
APAYOH_FSR,6.0,3.66415253554294,9.2951600308978,65.0,1.0,10.133333333333333,5.988833944806761,6.530611678004511,19.0,1.0,1.7555555555555555,1.6266321745273755,0.7931808132255441,6.0,1.0,,,,,,122.26444444444444,115.1489819050935,38.22397825423522,153.9,50.0,1834.7611111111112,271.9609433189337,1874.6345505098936,3823.15,14.009999999999993,2107.3888888888887,361.17344244220095,2112.457880003209,4300.15,20.279999999999973,1237.5951222222225,21.43192091218482,1533.9687202582825,8219.0,0.0899,1190.522222222222,1179.5232832475897,146.1080496510699,1313.9,565.8,-0.2654629616663442
APAZIC_FSR,5.490909090909091,3.5098217736909816,7.499994490356102,57.0,1.0,9.89090909090909,5.768188738093859,6.521775350240781,19.0,1.0,1.7272727272727273,1.6058787350796953,0.7496555682941198,6.0,1.0,2.532181818181818,2.4926608955441725,0.442088806006999,3.44,1.1,122.08181818181818,114.86792694298626,38.57254365435266,153.9,48.0,1911.312545454545,290.7969871914158,1883.7704380467849,3823.15,14.009999999999993,2199.0640000000003,384.26131596361614,2120.594082002494,4300.15,20.279999999999973,1221.4389109090907,23.79948163109437,1304.7000126837445,6146.0,0.0899,1187.5054545454543,1177.0099354358588,142.66730455303963,1313.9,538.1,-0.23972611999981075
APAZOI_FSR,6.342857142857143,3.89118442105122,9.108686143747962,57.0,1.0,10.514285714285714,6.352738392723542,6.526304701837364,19.0,1.0,1.8,1.6597879385489305,0.855235974119758,6.0,1.0,2.6020000000000003,2.5449229641876743,0.5262308021608552,3.44,1.1,122.43714285714286,115.32270414362262,37.89025570712106,153.9,48.0,1689.4945714285714,240.46607498284567,1857.73188116253,3823.15,14.009999999999993,1976.6994285714284,328.87585700973364,2102.0289718024383,4300.15,20.279999999999973,1144.5263114285715,17.878789138247434,1399.381656415227,6146.0,0.0899,1193.6799999999996,1180.093888128212,157.81698767876674,1313.9,538.1,-0.19825360833332673
APEBEE_FSR,5.1454545454545455,3.2814099942030466,6.431225478633511,48.0,1.0,9.290909090909093,5.197970274779234,6.549594650254674,16.0,1.0,1.6727272727272726,1.5607255602120915,0.6620778711284772,5.0,1.0,2.536363636363636,2.506083298405778,0.4020690290637061,3.44,1.69,92.84727272727274,0.0,55.24484954864928,153.9,0.0,1393.8778181818184,161.43417758145603,1792.776600147169,3823.15,14.009999999999993,1609.0776363636362,212.02151700324984,2037.686368069044,4300.15,20.279999999999973,983.0702345454548,8.310818814932615,1506.1391502187198,8650.0,0.0899,1231.6399999999996,1222.5071948277348,144.17315801115365,1402.3,800.6,-0.2827976371428674
ASEJOZ01_FSR,6.835820895522388,3.989381113707593,9.357887589997333,48.0,1.0,10.238805970149254,6.084380848752508,6.526843657276579,16.0,1.0,1.8059701492537317,1.6595965937584525,0.832883965868878,5.0,1.0,2.667611940298508,2.6160788948508267,0.5266256694069562,3.44,1.69,99.75820895522388,0.0,53.90073006249332,153.9,0.0,1078.9489552238808,123.96641873486128,1667.2586712872394,3823.15,14.009999999999993,1239.286417910448,170.96495107980328,1866.337849299388,4300.15,20.279999999999973,994.9977582089554,6.060129492283976,1931.950407525072,8650.0,0.0899,1242.7641791044773,1234.5067719942206,136.66413640582525,1402.3,867.8,0.5201537485713094
ASINAT_FSR,4.808743169398907,3.352626310047217,4.151703851247613,30.0,1.0,9.540983606557376,5.540247130795127,6.367370125193498,16.0,1.0,1.6775956284153006,1.5813998421879123,0.5628680560357635,4.0,1.0,2.498251366120219,2.4754678731165662,0.3495558496239626,3.44,1.65,114.43005464480876,0.0,47.32532938751043,153.9,0.0,1966.2412021857929,306.48050806246687,1889.5198556480357,3823.15,14.009999999999993,2222.087923497268,391.6810847030666,2117.4015377914484,4300.15,20.279999999999973,1265.7687404371584,25.816849735558232,1352.4889803412627,7140.0,0.0899,1195.3284153005463,1188.8956250086453,123.8057206284518,1402.3,906.4,-0.30307584499966345
ATIBOU_FSR,7.888888888888889,5.365651914108273,6.623937138128392,25.0,1.0,11.22222222222222,7.65172473108956,6.08783445857899,16.0,1.0,2.0,1.8517494245745807,0.816496580927726,4.0,1.0,2.756666666666667,2.667193823486779,0.66907896893167,3.44,1.55,113.04444444444444,0.0,49.980754320729645,153.9,0.0,1045.8744444444446,150.43061702083102,1553.079916231766,3823.15,14.009999999999993,1259.5566666666666,219.39388768523955,1769.6795725466488,4300.15,20.279999999999973,1332.8773111111116,10.28328217763836,2357.6601122971933,7470.0,0.0899,1196.655555555555,1177.2677465249935,193.1159588958068,1313.9,717.3,-0.37591516166658795
ATIBUA_FSR,6.916666666666667,4.55789120425385,6.1344881159265805,25.0,1.0,10.52777777777778,6.662156651492042,6.35734968848878,16.0,1.0,1.8888888888888888,1.747818715379054,0.773799348732451,4.0,1.0,2.6908333333333334,2.616154748732608,0.6193247891409194,3.44,1.55,113.88888888888889,0.0,47.53918137107642,153.9,0.0,1212.2805555555558,160.96871234795185,1668.522414796238,3823.15,14.009999999999993,1427.2222222222222,228.65807548640385,1885.8905184378943,4300.15,20.279999999999973,1250.818777777778,10.467309315148908,2122.3350118642866,7470.0,0.0899,1200.4888888888888,1184.559540265995,176.53324329330815,1313.9,717.3,-0.08511762166674923
AVAQIX01_FSR,6.133333333333334,3.751083587610392,8.23704369837194,48.0,1.0,10.0,5.93631134001134,6.418722614352485,16.0,1.0,1.7666666666666666,1.6366331016465638,0.7608474807008885,5.0,1.0,2.5856666666666666,2.546661182432264,0.4606928357255936,3.44,1.69,109.79333333333334,0.0,50.02887122008208,153.9,0.0,1567.082333333333,207.69271668522865,1844.8428416673387,3823.15,14.009999999999993,1781.6906666666666,276.3513500397496,2063.9892649719754,4300.15,20.279999999999973,1192.684866666667,14.336825587566048,1764.830470477326,8650.0,0.0899,1213.3299999999997,1205.647286894099,133.13774859144945,1402.3,867.8,-0.20779986571437797
AVEHAM_FSR,4.793103448275862,3.3211101551151856,4.134625116182534,29.0,1.0,9.448275862068966,5.437225961873099,6.403588470788115,16.0,1.0,1.6724137931034482,1.5748041437985785,0.5689655172413793,4.0,1.0,2.505689655172413,2.482919641103724,0.3553003201225568,3.44,1.9,117.74655172413794,104.23307656032723,43.06425918489573,153.9,7.0,1946.9600000000005,296.6891812585266,1884.1012135681476,3823.15,14.009999999999993,2216.7474137931035,383.0116721220424,2114.549800755316,4300.15,20.279999999999973,1284.6816362068964,24.16044130473417,1512.4677992486204,8960.0,0.0899,1192.7603448275863,1185.2234567118,130.46707860560494,1402.3,745.5,-0.2550892883333896
AVESOL_FSR,6.319148936170213,4.518716867932663,5.585339407499508,30.0,1.0,11.340425531914894,7.737650115353767,5.795363501696415,16.0,1.0,1.851063829787234,1.751402454208599,0.6181208104822957,4.0,1.0,2.638085106382979,2.5936944750918056,0.4906775094589301,3.44,1.65,125.35106382978724,0.0,42.08483768173585,153.9,0.0,1916.4951063829783,354.2665768689221,1871.0845418529757,3823.15,14.009999999999993,2180.4165957446808,470.30092419958544,2087.0987771150694,4300.15,20.279999999999973,1410.142721276596,39.51652607841494,1637.1641628391938,7140.0,0.0899,1184.8340425531912,1178.054975740013,125.35674077657671,1313.9,906.4,0.1371480199999106
AVIMOI_FSR,5.424242424242424,3.6531250888681583,5.116996651270085,30.0,1.0,9.969696969696969,5.923803675802681,6.39831819041132,16.0,1.0,1.7272727272727273,1.6210961891629232,0.6165754530113879,4.0,1.0,2.567878787878788,2.52975456183875,0.4572497333415898,3.44,1.65,119.85757575757576,0.0,42.20789837260486,153.9,0.0,1773.4284848484851,258.7081202488484,1874.554905855628,3823.15,14.009999999999993,2013.5448484848484,343.47698069528263,2096.328135610513,4300.15,20.279999999999973,1243.926148484849,20.932176463615992,1522.8659948802338,7140.0,0.0899,1197.5545454545456,1191.1100151114192,122.48198653187085,1313.9,906.4,-0.2974205728572282
AVIMUO_FSR,5.2727272727272725,3.632997606236783,4.412604036186036,25.0,1.0,9.818181818181818,5.827834718804113,6.407640067893125,16.0,1.0,1.7272727272727273,1.6210961891629232,0.6165754530113879,4.0,1.0,2.564848484848485,2.524966336679808,0.463609822967816,3.44,1.55,119.85757575757576,0.0,42.20789837260486,153.9,0.0,1798.4730303030306,264.9387327431515,1865.4473249558016,3823.15,14.009999999999993,2048.514545454545,350.64943072380424,2091.7544483361053,4300.15,20.279999999999973,1253.926148484849,20.960855554683352,1562.1274965228884,7470.0,0.0899,1191.8242424242424,1182.6943188793375,139.2458563233174,1313.9,717.3,-0.12034806857124226
AWIBAL_FSR,6.513513513513513,3.682913769263605,11.120036995907787,71.0,1.0,9.64864864864865,5.499476961857934,6.682838918579989,16.0,1.0,1.7567567567567568,1.6149454935849696,0.8512440944877633,6.0,1.0,2.624594594594595,2.571174755147372,0.5220054602313294,3.44,1.27,107.89729729729729,87.65418565466099,47.66659256491335,153.9,7.0,1314.1629729729732,149.78342619139386,1765.166203020485,3823.15,14.009999999999993,1526.882972972973,204.14951137518287,2008.2930693163617,4300.15,20.279999999999973,999.387937837838,7.405377394622417,1809.7467410950503,9841.0,0.0899,1225.2864864864862,1210.7815662385292,162.59839127252144,1402.3,523.5,-0.3801766614286391
AXIPEE03_FSR,9.17948717948718,4.635491112563092,16.734536367324992,79.0,1.0,10.564102564102564,7.027365884329941,5.754796758624091,15.0,1.0,2.0,1.8031393527599395,1.086041978694737,6.0,1.0,2.5417948717948717,2.52334031770317,0.3064174443958956,3.04,1.83,102.96153846153848,64.77207003833145,65.20348667484136,222.8,7.0,1896.0771794871796,363.4185756374924,1824.1841242958649,3823.15,14.009999999999993,2246.585384615384,466.039561949034,2059.7645850608765,4300.15,20.279999999999973,2234.9976153846155,41.630165422841976,4248.991824043061,19300.0,0.0899,1190.720512820513,1178.6297405058135,165.23851010055083,1402.3,762.5,-0.07808433499993345
AZIXUD_FSR,5.409836065573771,3.5253048240735367,5.3266328957337,30.0,1.0,9.672131147540984,5.53306865959846,6.570478714688708,16.0,1.0,1.7049180327868851,1.5934250355706827,0.6361838659649921,4.0,1.0,2.585409836065573,2.542713148244605,0.4828860428662803,3.44,1.65,112.25081967213114,0.0,46.41425594648527,153.9,0.0,1482.1365573770488,181.33845651179644,1825.082406232828,3823.15,14.009999999999993,1687.6660655737708,244.74821670591385,2042.429904868041,4300.15,20.279999999999973,1086.5840622950825,11.152415367252516,1554.546306814378,7140.0,0.0899,1217.011475409836,1210.2005264825982,125.74616390636903,1402.3,906.4,-0.3474763185715801
BACGAQ_FSR,4.662921348314606,3.107508198116846,5.301989917351933,48.0,1.0,9.02247191011236,5.003543598497037,6.4789677498150535,16.0,1.0,1.6404494382022472,1.5385749212026467,0.6042395352696069,5.0,1.0,2.475730337078652,2.456448596213379,0.3205539013744852,3.44,1.69,109.79438202247192,0.0,48.679029837974575,153.9,0.0,1866.041797752809,258.42796773141725,1893.20592073403,3823.15,14.009999999999993,2106.534382022472,330.08040247508967,2123.580592085698,4300.15,20.279999999999973,1189.2850393258427,18.48596104078106,1376.234135901465,8650.0,0.0899,1204.2325842696628,1197.6287557379574,125.38407312014536,1402.3,867.8,-0.33270458499993083
BAKJII_FSR,5.807692307692308,4.12637572128213,4.930433205878886,27.0,1.0,10.653846153846152,6.922279967776379,5.993216085980417,16.0,1.0,1.807692307692308,1.7043607928571491,0.6213651700539812,4.0,1.0,2.5857692307692317,2.5534353014958087,0.4243381550396866,3.44,1.88,120.96153846153848,106.5381661011201,43.062236507382565,153.9,7.0,1994.2161538461537,364.3812018121811,1858.0239192115184,3823.15,14.009999999999993,2295.4776923076925,475.26106505448206,2090.9099082094667,4300.15,20.279999999999973,1472.599857692308,37.57210523713341,1852.5087036749603,8900.0,0.0899,1181.7999999999995,1172.408782155065,143.14211604072153,1402.3,760.4,-0.07727301499998399
BEPLUF_FSR,5.103448275862069,3.1776787712237096,5.479396062783,30.0,1.0,8.89655172413793,4.782169522440555,6.681651806852424,16.0,1.0,1.6551724137931034,1.537610033259583,0.6578891044254799,4.0,1.0,2.530689655172414,2.4928006357698185,0.4517317714543226,3.44,1.65,103.12413793103448,0.0,49.71266858015456,153.9,0.0,1359.9241379310347,148.47657587136908,1791.113010708064,3823.15,14.009999999999993,1549.6803448275862,199.37436873265636,2006.12315273546,4300.15,20.279999999999973,1025.8378206896552,7.667245943849442,1570.610002282096,7140.0,0.0899,1226.7448275862066,1219.6435077970586,128.45925044530767,1402.3,906.4,-0.2555623383332393
BEPNOB_FSR,5.25,3.3116352170263537,5.520254911298416,30.0,1.0,9.178571428571429,5.057050465204265,6.628151926380662,16.0,1.0,1.6785714285714286,1.56141836431142,0.6575697371257846,4.0,1.0,2.5425,2.5039495689945817,0.4553070000403181,3.44,1.65,104.20714285714286,0.0,50.25532614681203,153.9,0.0,1407.9924999999998,161.53734348799853,1804.3430535983864,3823.15,14.009999999999993,1604.301785714286,216.33130713433368,2020.332093891379,4300.15,20.279999999999973,1062.471675,8.986682200030502,1586.1895232432205,7140.0,0.0899,1223.6999999999998,1216.4681215581188,129.70069390716458,1402.3,906.4,-0.4438767619999453
BEPNUH_FSR,6.153846153846154,3.3115829560447803,8.08936770226729,35.0,1.0,8.76923076923077,4.662960426288532,6.709967856782419,17.0,1.0,1.7307692307692308,1.5733571020626107,0.811347042681884,4.0,1.0,2.4892307692307694,2.45756945629988,0.4063905196210534,3.44,1.65,107.9423076923077,0.0,66.14384193138305,324.6,0.0,1375.2611538461538,158.4262301191187,1786.0567607190449,3823.15,14.009999999999993,1568.1519230769234,209.67659267573657,2000.2005608477195,4300.15,20.279999999999973,1177.1672653846156,10.481272616757922,1648.4679981607828,7140.0,0.0899,1218.8153846153843,1211.5133069029332,130.43267255946998,1402.3,906.4,-0.2155862400000217
BEPPIX_FSR,4.526315789473684,2.7836985188333867,5.030103285040155,30.0,1.0,8.052631578947368,4.065790076567667,6.727584099187045,16.0,1.0,1.5789473684210529,1.4667587301394749,0.6337681357259102,4.0,1.0,2.4799999999999995,2.448483882348972,0.4128654680847528,3.44,1.65,102.34473684210526,0.0,47.26686108162563,153.9,0.0,1341.8765789473684,132.17739520009786,1792.480387420087,3823.15,14.009999999999993,1525.338421052632,177.11034124795387,2009.3105610167129,4300.15,20.279999999999973,961.3114789473684,5.9528060700794425,1471.321108647054,7140.0,0.0899,1229.1342105263157,1222.5733060527132,123.64541253182914,1402.3,906.4,-0.24182953400004403
BEPPOD_FSR,4.794117647058823,2.9788174603908213,5.200562253340024,30.0,1.0,8.5,4.437102030620292,6.704914790878492,16.0,1.0,1.6176470588235294,1.5034066538560549,0.6423626372894575,4.0,1.0,2.502647058823529,2.4687609373934296,0.4277114807047428,3.44,1.65,103.43529411764706,0.0,48.37989301810109,153.9,0.0,1386.0626470588231,145.94306208980646,1803.4336291010004,3823.15,14.009999999999993,1576.5255882352942,195.22998216471453,2020.73249113983,4300.15,20.279999999999973,1007.9284264705884,7.236532900497221,1512.006275092234,7140.0,0.0899,1226.0176470588233,1219.2055215895607,125.98741410200756,1402.3,906.4,-0.45807202199998753
BEPVEZ_FSR,5.461538461538462,3.263421277429313,6.362333686692988,29.0,1.0,8.73076923076923,4.806577390475497,6.415472236996169,15.0,1.0,1.7115384615384617,1.5733571020626105,0.7425667144733779,4.0,1.0,2.4465384615384616,2.4267099601308124,0.3163547462008227,3.04,1.9,96.5,69.64528917288781,52.47921200158872,153.9,7.0,1564.1330769230772,198.81703609610148,1811.7003391942849,3823.15,14.009999999999993,1837.5617307692305,260.0615413815199,2049.4446643333195,4300.15,20.279999999999973,1386.3826134615383,12.897395439500722,2161.951849791557,8960.0,0.0899,1206.478846153846,1193.209871858935,167.90561375200613,1402.3,745.5,-0.1866288466666219
BEPVID_FSR,5.461538461538462,3.263421277429313,6.362333686692988,29.0,1.0,8.73076923076923,4.806577390475497,6.415472236996169,15.0,1.0,1.7115384615384617,1.5733571020626105,0.7425667144733779,4.0,1.0,2.4465384615384616,2.4267099601308124,0.3163547462008227,3.04,1.9,96.5,69.64528917288781,52.47921200158872,153.9,7.0,1564.1330769230772,198.81703609610148,1811.7003391942849,3823.15,14.009999999999993,1837.5617307692305,260.0615413815199,2049.4446643333195,4300.15,20.279999999999973,1386.3826134615383,12.897395439500722,2161.951849791557,8960.0,0.0899,1206.478846153846,1193.209871858935,167.90561375200613,1402.3,745.5,-0.24957059166661108
BEPVOJ01_FSR,5.461538461538462,3.263421277429313,6.362333686692988,29.0,1.0,8.73076923076923,4.806577390475497,6.415472236996169,15.0,1.0,1.7115384615384617,1.5733571020626105,0.7425667144733779,4.0,1.0,2.4465384615384616,2.4267099601308124,0.3163547462008227,3.04,1.9,96.5,69.64528917288781,52.47921200158872,153.9,7.0,1564.1330769230772,198.81703609610148,1811.7003391942849,3823.15,14.009999999999993,1837.5617307692305,260.0615413815199,2049.4446643333195,4300.15,20.279999999999973,1386.3826134615383,12.897395439500722,2161.951849791557,8960.0,0.0899,1206.478846153846,1193.209871858935,167.90561375200613,1402.3,745.5,-0.27070114666668127
BEPVOJ_FSR,5.461538461538462,3.263421277429313,6.362333686692988,29.0,1.0,8.73076923076923,4.806577390475497,6.415472236996169,15.0,1.0,1.7115384615384617,1.5733571020626105,0.7425667144733779,4.0,1.0,2.4465384615384616,2.4267099601308124,0.3163547462008227,3.04,1.9,96.5,69.64528917288781,52.47921200158872,153.9,7.0,1564.1330769230772,198.81703609610148,1811.7003391942849,3823.15,14.009999999999993,1837.5617307692305,260.0615413815199,2049.4446643333195,4300.15,20.279999999999973,1386.3826134615383,12.897395439500722,2161.951849791557,8960.0,0.0899,1206.478846153846,1193.209871858935,167.90561375200613,1402.3,745.5,-0.27070114666668127
BEXRUT_FSR,5.326315789473684,3.446452427314917,5.033450433718213,28.0,1.0,9.473684210526317,5.27803985103339,6.715013979313988,16.0,1.0,1.6842105263157894,1.5720330829069216,0.6368203563054389,4.0,1.0,2.632315789473684,2.5866245041643663,0.5076850507975629,3.44,1.91,115.49263157894735,105.15284372566154,39.6115991574644,153.9,7.0,1282.3769473684208,139.71052438126327,1751.1331544328204,3823.15,14.009999999999993,1490.671052631579,193.6962678142562,1984.9860002807247,4300.15,20.279999999999973,995.410888421053,6.740088321032967,1768.60151393888,8908.0,0.0899,1225.015789473684,1215.987531976326,138.20801737410898,1402.3,737.1,0.007443034285773001
BIBBUL_FSR,4.610169491525424,3.081347428287185,4.286426939010627,30.0,1.0,8.915254237288135,4.850098239316043,6.582689511631993,16.0,1.0,1.6271186440677967,1.526438528352702,0.5792544912079681,4.0,1.0,2.502542372881356,2.476461947193803,0.373397562565642,3.44,1.65,102.48813559322036,0.0,51.37663217662407,153.9,0.0,1582.7494915254238,187.3603019031939,1857.2586100299147,3823.15,14.009999999999993,1791.451355932204,243.44890931782567,2082.6706015215727,4300.15,20.279999999999973,1040.5996542372882,10.580640736120175,1363.4080365188763,7140.0,0.0899,1222.708474576271,1215.8414769197866,127.78761018976788,1402.3,906.4,-0.17477833428564993
BIQHEQ_FSR,5.392592592592592,3.649719124395186,5.169850339973385,30.0,1.0,9.822222222222225,5.9323799704072,6.20258806994565,16.0,1.0,1.7481481481481482,1.6370644390599631,0.6408156667816938,4.0,1.0,2.498296296296296,2.475554182290373,0.3373349599010866,3.44,1.65,97.86962962962964,0.0,57.72965509719077,153.9,0.0,1813.695407407408,281.4171849253944,1866.353690918625,3823.15,14.009999999999993,2068.0947407407407,356.04573345150595,2095.9448362856165,4300.15,20.279999999999973,1313.4987822222226,22.95692845067017,1634.573495165821,7874.0,0.0899,1206.0266666666664,1196.6792280535822,146.9051188881979,1402.3,762.5,0.4471538628568591
BOZFIH_FSR,5.75,4.010280318077431,5.227223319924607,30.0,1.0,10.590909090909092,6.737684196514705,6.097011868038988,16.0,1.0,1.7840909090909092,1.681792830507429,0.6114227751052094,4.0,1.0,2.579204545454546,2.543456129581582,0.4384275144580735,3.44,1.65,115.36136363636363,0.0,49.41099995266554,153.9,0.0,1863.9646590909088,310.0984887963274,1875.8369216098936,3823.15,14.009999999999993,2116.0659090909094,404.00695286501497,2096.853323355584,4300.15,20.279999999999973,1322.3531761363638,29.06709762600092,1557.8965181785493,7140.0,0.0899,1195.959090909091,1188.7842886702838,129.90812368429297,1402.3,906.4,0.5816632316670317
BUKYAJ_FSR,4.0,2.827091701951889,2.7338039817306425,8.0,1.0,8.105263157894736,4.082316846291676,6.765973200641617,16.0,1.0,1.5789473684210529,1.4937589616544855,0.4937279747182557,2.0,1.0,2.439473684210527,2.373495331305389,0.5148885795077214,3.44,0.98,105.7,89.9552512632952,45.46892518957026,153.9,7.0,1447.398421052632,166.02410904991208,1817.0022603156672,3823.15,14.009999999999993,1691.3842105263157,230.71812573158783,2022.485107577246,4300.15,20.279999999999973,861.043589473684,9.125096837031654,1074.902823447146,2260.0,0.0899,1192.1999999999998,1170.040174111827,194.44543815953264,1402.3,520.2,-0.29311193166665817
BUSGOM_FSR,7.676470588235294,4.768126185924484,10.576668518726365,62.0,1.0,11.529411764705882,7.810500378781144,5.971674777981403,19.0,1.0,1.9411764705882355,1.790961334787815,0.9055767246082737,6.0,1.0,2.646176470588235,2.5871786338960603,0.5371329921081673,3.44,1.17,119.04117647058824,101.18989130784988,44.67166569832578,153.9,7.0,1673.6470588235295,278.0425694803105,1823.7002430490688,3823.15,14.009999999999993,1945.657647058824,374.9668937562448,2047.9337464970693,4300.15,20.279999999999973,1410.8133294117647,25.5324431590296,2015.9746148015531,8960.0,0.0899,1185.6705882352942,1168.4316648095007,179.5098695130581,1402.3,544.5,1.359401252500021
BUSQEM_FSR,5.163934426229508,3.937144544736664,3.455479506327725,25.0,1.0,10.63934426229508,7.006181349292249,5.831044072877871,15.0,1.0,1.7704918032786885,1.6865772047346488,0.5245901639344263,4.0,1.0,2.522131147540984,2.5043311005724798,0.2951416151007121,3.04,1.55,106.02295081967216,0.0,57.95585486043786,153.9,0.0,2169.8509836065577,441.2170122537202,1864.717448114848,3823.15,14.009999999999993,2453.070983606557,540.5874428743087,2092.7178612345665,4300.15,20.279999999999973,1382.3598098360656,47.262888179909055,1360.4078372605284,7470.0,0.0899,1191.3655737704917,1182.285420338243,144.65362459999642,1402.3,717.3,-0.07062182500001765
BUSQIQ_FSR,6.25,4.646951530287423,3.561951712193752,13.0,1.0,11.45,7.57834438586325,6.119436248544469,16.0,1.0,1.85,1.751384987282098,0.5722761571129799,3.0,1.0,2.7245,2.6457370552915918,0.6366904663963485,3.44,1.61,117.325,108.36001035263672,40.176260092248505,153.9,42.5,1074.577,149.5875873131942,1608.6616657367704,3823.15,14.009999999999993,1395.4225,230.0968364826723,1859.728356230756,4300.15,20.279999999999973,835.594075,9.596575858760817,1143.5398378114323,2700.0,0.0899,1182.935,1153.6418845941662,223.6185530652589,1313.9,577.5,-0.462646218750038
BUVWOF03_FSR,5.019607843137255,3.627762917601786,3.862794863817969,26.0,1.0,10.0,6.132931948685545,6.158049092647036,15.0,1.0,1.7254901960784317,1.6311419669655502,0.5628509840944048,4.0,1.0,2.522156862745098,2.5036115365889757,0.3080572503800652,3.04,1.83,96.94313725490196,63.4806482310188,58.52474005068942,153.9,7.0,1851.400196078432,289.91660491350626,1875.051701149148,3823.15,14.009999999999993,2106.5849019607845,362.0627825388235,2111.395716736311,4300.15,20.279999999999973,1218.1950666666664,22.16347054722045,1461.253367035628,7874.0,0.0899,1212.813725490196,1203.4757259378955,147.00696131257192,1402.3,762.5,-0.04381807499968695
BUVXOG01_FSR,5.019607843137255,3.627762917601786,3.86279486381797,26.0,1.0,10.0,6.132931948685545,6.158049092647036,15.0,1.0,1.7254901960784317,1.6311419669655502,0.5628509840944048,4.0,1.0,2.522156862745098,2.5036115365889757,0.3080572503800652,3.04,1.83,96.94313725490196,63.4806482310188,58.52474005068941,153.9,7.0,1851.4001960784312,289.91660491350626,1875.0517011491484,3823.15,14.009999999999993,2106.5849019607845,362.0627825388235,2111.395716736311,4300.15,20.279999999999973,1218.195066666667,22.16347054722044,1461.253367035628,7874.0,0.0899,1212.813725490196,1203.4757259378955,147.00696131257192,1402.3,762.5,-0.20572606600021573
BUVYIB_FSR,5.019607843137255,3.627762917601786,3.86279486381797,26.0,1.0,10.0,6.132931948685545,6.158049092647036,15.0,1.0,1.7254901960784317,1.6311419669655502,0.5628509840944048,4.0,1.0,2.522156862745098,2.5036115365889757,0.3080572503800652,3.04,1.83,96.94313725490196,63.4806482310188,58.52474005068941,153.9,7.0,1851.4001960784312,289.91660491350626,1875.0517011491484,3823.15,14.009999999999993,2106.5849019607845,362.0627825388235,2111.395716736311,4300.15,20.279999999999973,1218.195066666667,22.16347054722044,1461.253367035628,7874.0,0.0899,1212.813725490196,1203.4757259378955,147.00696131257192,1402.3,762.5,-0.21703287833338433
CADZIT_FSR,5.019607843137255,3.4448025209159385,4.439087505944062,30.0,1.0,9.68627450980392,5.616583437592448,6.454942462884869,16.0,1.0,1.6862745098039216,1.5874010519681996,0.5770172144926337,4.0,1.0,2.5519607843137257,2.520499928073487,0.4136827410308965,3.44,1.65,109.21960784313728,0.0,50.01542514852183,153.9,0.0,1679.1266666666668,224.61613721614728,1869.712029656393,3823.15,14.009999999999993,1901.949607843137,293.1627580762104,2094.780246477233,4300.15,20.279999999999973,1115.1999254901964,15.102152168309368,1399.7170869132726,7140.0,0.0899,1214.0784313725485,1207.2425161736885,127.32808989367106,1402.3,906.4,-0.7136914085715489
CAVRAU_FSR,6.0,3.8229156688328167,6.287441044941656,30.0,1.0,9.97872340425532,5.9631759466755065,6.358071973591297,16.0,1.0,1.7765957446808511,1.6510733969050082,0.701885838434327,4.0,1.0,2.5567021276595745,2.5155249613375075,0.4647291324967886,3.44,1.65,103.11914893617022,0.0,54.21608318452592,153.9,0.0,1519.2724468085107,206.06236354006043,1820.98696106522,3823.15,14.009999999999993,1736.216170212766,273.6854734633952,2035.49546495787,4300.15,20.279999999999973,1245.6662010638297,14.97103810241158,1765.247611290382,7140.0,0.0899,1212.972340425532,1204.6964462125004,138.56370637475618,1402.3,906.4,-0.34659498571422126
CAVREY_FSR,6.061855670103093,3.9112279541927695,6.199126032498272,30.0,1.0,10.164948453608249,6.1480105460625945,6.345191234428374,16.0,1.0,1.7835051546391754,1.6608925735649656,0.6920283070861201,4.0,1.0,2.584020618556701,2.539993738042594,0.4823667163677561,3.44,1.65,104.29072164948454,0.0,53.77250683417874,153.9,0.0,1473.9810309278355,197.7974441301698,1810.4451015421332,3823.15,14.009999999999993,1685.3100000000002,264.4542650135913,2023.931492202712,4300.15,20.279999999999973,1207.18463814433,13.92190703805467,1751.035205457065,7140.0,0.0899,1216.0938144329896,1207.933803205014,137.5186853766358,1402.3,906.4,0.5047484271429832
CAXVII_FSR,7.6,5.292792048051072,6.606057825965498,26.0,1.0,11.4,8.128234186089598,5.642694391866354,16.0,1.0,2.0,1.8660659830736148,0.7745966692414834,4.0,1.0,2.675,2.620072145493836,0.5462096667031809,3.44,1.83,119.99,102.7253010830878,46.10207045242112,153.9,15.7,1729.6320000000003,323.4480921065895,1784.3575198362012,3823.15,14.009999999999993,2064.606,447.7681236203037,2029.4663018744604,4300.15,20.279999999999973,1691.84668,37.02751134601703,2319.6299328991417,7874.0,0.0899,1167.4199999999994,1152.8992000986375,172.14189379694884,1313.9,762.5,-0.17521069200000733
CAYSOK_FSR,4.726027397260274,3.452610553962128,3.4133511993652648,25.0,1.0,9.73972602739726,5.867846721963501,6.180010633630684,15.0,1.0,1.6986301369863013,1.607625656305265,0.5410525385789452,4.0,1.0,2.474931506849316,2.459597250901161,0.2732208865422533,3.04,1.55,109.0301369863014,0.0,53.27672571321328,153.9,0.0,2127.2026027397264,380.7948777358418,1875.140287385298,3823.15,14.009999999999993,2403.3664383561645,471.8134844909578,2105.105265511904,4300.15,20.279999999999973,1340.8515835616436,36.10902343281076,1328.6075518911136,7470.0,0.0899,1190.1876712328767,1182.0355603641678,136.97910244097727,1402.3,717.3,-0.3639918000001216
CEDFIC_FSR,5.826923076923077,3.56462742271316,8.629602793796376,64.0,1.0,9.961538461538462,5.691224538505492,6.7238425897397125,19.0,1.0,1.7211538461538465,1.59627677309639,0.7653145503299578,6.0,1.0,2.62076923076923,2.5708425017573004,0.5072885923971988,3.44,1.2,110.4326923076923,92.0040007090856,46.32319248478292,153.9,7.0,1374.7319230769228,157.94897770691756,1794.1620509232782,3823.15,14.009999999999993,1587.7796153846152,214.65107991072472,2029.9661947421696,4300.15,20.279999999999973,934.6684740384616,8.000447791139925,1447.3793357351317,7901.0,0.0899,1226.6028846153845,1216.2822591644729,144.185429793568,1402.3,593.4,-0.17847219499992656
CELZEA_FSR,7.5,4.2606063976662405,9.160604055774195,42.0,1.0,9.944444444444445,5.816175128234621,6.695539329552194,16.0,1.0,1.8888888888888888,1.7083517219595528,0.936238863686262,5.0,1.0,2.6883333333333344,2.635301419784608,0.5489813799716302,3.44,2.16,113.40555555555557,106.94713341669475,36.924645070470845,153.9,71.0,1051.0700000000002,122.81826915230712,1617.406389913597,3823.15,14.009999999999993,1296.0877777777778,178.8209763621255,1946.7217540965732,4912.15,20.279999999999973,1175.117411111111,7.117564187624947,2410.347192171947,10280.0,0.0899,1210.9722222222222,1196.654349098163,167.30394431677524,1313.9,684.3,-0.2631796725000157
CETFUD_FSR,4.96,2.775383642609843,8.226688276578855,59.0,1.0,8.16,4.049088106138172,6.9350126171478585,19.0,1.0,1.6,1.46581115647334,0.7999999999999999,6.0,1.0,2.488,2.445815937560799,0.4593255925811231,3.44,1.13,108.15,97.55650417363223,41.6508355258331,153.9,7.0,1339.6188,128.6487592010713,1790.1446149500212,3823.15,14.009999999999993,1557.2306,175.93273852663356,2029.149979251814,4300.15,20.279999999999973,901.4682320000002,5.473870782728172,1343.775036142553,6640.0,0.0899,1221.7019999999998,1210.1246401750411,147.04911899090044,1402.3,527.0,-0.34350164571433034
CEYPUT01_FSR,5.666666666666667,3.937761757581769,4.929127336181962,27.0,1.0,10.333333333333334,6.460090020351829,6.182412330330469,16.0,1.0,1.7777777777777777,1.6710335980604352,0.628539361054709,4.0,1.0,2.5896296296296293,2.5559693660753067,0.4318391459918541,3.44,1.88,113.73703703703704,93.68527791730376,47.54174109954753,153.9,7.0,1781.6122222222227,277.40668595985414,1854.362059100676,3823.15,14.009999999999993,2054.811481481481,364.3913926460801,2092.1681457224186,4300.15,20.279999999999973,1334.405081481482,22.759536856979874,1850.1653027526515,8900.0,0.0899,1198.3185185185189,1188.4820247096748,146.7997175217714,1402.3,760.4,-0.26657583500004023
CODFEH_FSR,5.65,3.480236407528817,5.415487051041669,25.0,1.0,9.15,4.930858082525713,6.922969016253069,16.0,1.0,1.7,1.5691681957935013,0.714142842854285,4.0,1.0,2.671500000000001,2.6036892393858317,0.6012260390235937,3.44,1.55,109.25,0.0,43.35626252342331,153.9,0.0,865.3890000000001,87.67007452497634,1513.578340958604,3823.15,14.009999999999993,1016.437,126.57177282460002,1714.800840882404,4300.15,20.279999999999973,826.03611,3.164119481489957,1768.962990829153,7470.0,0.0899,1237.83,1226.482430054278,149.5109664874119,1313.9,717.3,-0.1153315299999917
COKMEW_FSR,8.083333333333334,6.583117820698446,5.722154800034297,26.0,1.0,13.25,11.33776644917635,4.264680527307995,16.0,1.0,2.083333333333333,2.0,0.6400954789890507,4.0,1.0,2.831666666666667,2.775644918702432,0.5514652200174449,3.44,1.83,130.25,115.26389942288708,40.61673505670621,153.9,15.7,1767.9299999999998,384.0300424604538,1799.790844533516,3823.15,14.009999999999993,2092.2025,535.7803939793549,2037.0065315274312,4300.15,20.279999999999973,1598.4362416666668,50.07698848203878,2177.1140146649323,7874.0,0.0899,1173.0416666666663,1159.919434079777,164.44516035410985,1313.9,762.5,-0.16492448199983298
COKMIA_FSR,8.166666666666666,6.6038544977892535,5.983774357005414,27.0,1.0,13.333333333333334,11.449597421841306,4.169998667732268,16.0,1.0,2.083333333333333,2.0,0.6400954789890507,4.0,1.0,2.835833333333333,2.781886906573012,0.5440198883210878,3.44,1.88,134.25,129.53286047916433,30.154919443876263,153.9,63.7,1764.3466666666666,383.2618492448763,1799.7440328526966,3823.15,14.009999999999993,2097.7025,536.7116599902668,2039.8994538911516,4300.15,20.279999999999973,1683.9362416666668,50.59074635404122,2427.624267782281,8900.0,0.0899,1172.8666666666666,1159.652886432793,164.8824951964951,1313.9,760.4,-0.30359038600008714
COKMOG_FSR,8.10752688172043,6.779594137560366,5.761314003330863,29.0,1.0,13.913978494623656,12.384093498793892,3.656356709435541,16.0,1.0,2.064516129032258,2.0,0.5642856672430935,4.0,1.0,2.906559139784947,2.8554416412708084,0.5317742560576918,3.44,1.9,140.2741935483871,138.3339226918451,19.96776382301161,153.9,72.8,1635.49064516129,334.33529750650365,1805.741263668666,3823.15,14.009999999999993,1937.7325806451613,476.2238314317252,2030.863823458395,4300.15,20.279999999999973,1477.8861870967744,39.3792154437677,2242.179155003348,8960.0,0.0899,1186.6354838709672,1174.3778647451586,158.81074260484198,1313.9,745.5,-0.05444678000012575
COKMUM_FSR,8.0,6.56163672950074,5.461989869391313,25.0,1.0,13.166666666666666,11.212303483702614,4.374801582802229,16.0,1.0,2.083333333333333,2.0,0.6400954789890507,4.0,1.0,2.8083333333333336,2.737498928351588,0.5973669075385933,3.44,1.55,128.94166666666666,0.0,44.36538549990922,153.9,0.0,1743.5966666666666,378.4446645685722,1801.01552823832,3823.15,14.009999999999993,2025.535833333333,522.7823290439932,2014.7848929950244,4300.15,20.279999999999973,1564.769575,49.85766893141362,2080.802416219499,7470.0,0.0899,1169.275,1154.0277184070965,174.04316574248668,1313.9,717.3,-0.2857272820000162
COKNAT_FSR,8.416666666666666,6.662091913440985,6.77567134845118,30.0,1.0,13.583333333333334,11.727401073499,3.98869931459144,16.0,1.0,2.083333333333333,2.0,0.6400954789890507,4.0,1.0,2.816666666666667,2.751798597709683,0.5802059021493051,3.44,1.65,128.94166666666666,0.0,44.36538549990922,153.9,0.0,1674.7241666666669,354.470463109379,1823.938313889564,3823.15,14.009999999999993,1929.3691666666664,493.8991400477792,2025.272741930735,4300.15,20.279999999999973,1537.269575,49.67029853609207,2003.314696189768,7140.0,0.0899,1185.0333333333333,1176.7507823001429,137.0323096531942,1313.9,906.4,-0.3815822080001908
COKPEZ_FSR,6.916666666666667,6.172327376868208,2.43099202430247,12.0,1.0,12.75,10.100801596145756,5.11737237261468,16.0,1.0,2.0,1.9526231515547865,0.408248290463863,3.0,1.0,2.7883333333333336,2.699389728181458,0.6415454430946849,3.44,1.31,128.94166666666666,0.0,44.36538549990922,153.9,0.0,1693.9300000000003,363.0571728655879,1814.686343164203,3823.15,14.009999999999993,1944.6191666666664,499.868158414054,2020.256588189804,4300.15,20.279999999999973,1087.1029083333333,44.15291693892124,1094.5753140908696,2260.0,0.0899,1170.9749999999997,1156.727745854622,169.6646649767319,1313.9,737.7,-0.45766303800010066
COKPID_FSR,7.933333333333334,6.714814979910408,5.144144459696113,26.0,1.0,13.666666666666666,12.038707757429286,3.9271137266728378,16.0,1.0,2.066666666666667,2.0,0.573488351136175,4.0,1.0,2.894000000000001,2.8401084899471893,0.5422520938948354,3.44,1.83,133.26,120.70717964039942,36.92440565985231,153.9,15.7,1676.5339999999997,345.31104282110067,1804.4183180508155,3823.15,14.009999999999993,1972.472,485.4538937991966,2040.724972677439,4300.15,20.279999999999973,1429.6061933333333,40.178040842650255,2032.8778005922804,7874.0,0.0899,1186.053333333333,1174.2283197164948,156.8733198759078,1313.9,762.5,-0.2703247079999073
COKPOJ_FSR,8.0,6.731730872677193,5.378971401051816,27.0,1.0,13.733333333333333,12.133610236217065,3.837823457233135,16.0,1.0,2.066666666666667,2.0,0.573488351136175,4.0,1.0,2.897333333333334,2.845216906943145,0.5358167182493987,3.44,1.88,136.46,132.52030332998257,27.46611973565493,153.9,63.7,1673.667333333333,344.75833875976383,1804.2363251542804,3823.15,14.009999999999993,1976.872,486.1288094048084,2043.2944527182888,4300.15,20.279999999999973,1498.0061933333332,40.507464710293206,2253.8156679047447,8900.0,0.0899,1185.913333333333,1174.0124461104351,157.25173392437438,1313.9,760.4,-0.29606921200033864
COKPUP_FSR,8.2,6.779181233138128,6.090429650963332,30.0,1.0,13.933333333333334,12.368564245550566,3.659993928349548,16.0,1.0,2.066666666666667,2.0,0.573488351136175,4.0,1.0,2.882000000000001,2.820571545715583,0.5670884704641185,3.44,1.65,132.21333333333334,0.0,40.309318470492094,153.9,0.0,1601.9693333333332,323.87867127389706,1820.3540110079928,3823.15,14.009999999999993,1842.205333333333,454.8509970924143,2024.7158404901052,4300.15,20.279999999999973,1380.67286,39.916790008605375,1880.2721630526487,7140.0,0.0899,1195.6466666666663,1187.839838862808,133.30832865537286,1313.9,906.4,-0.34835373199994135
COYCEZ_FSR,5.524271844660194,3.31238849673465,6.459499905789657,42.0,1.0,8.844660194174757,4.883289449523397,6.469881350562562,16.0,1.0,1.7281553398058251,1.587348830449652,0.7529124648676232,5.0,1.0,2.440582524271844,2.4250760273529326,0.2815623031735343,3.44,1.9,108.61650485436893,86.71148309004374,51.37363816651074,200.0,7.0,1727.5554368932042,243.36225908753607,1844.1596320721844,3823.15,14.009999999999993,2010.8121359223303,318.9850429274203,2084.463522505868,4912.15,20.279999999999973,1402.4890669902911,20.336844787248257,1930.9073560219847,10280.0,0.0899,1188.8524271844658,1177.5959850377587,155.66712234619638,1402.3,684.3,-0.2894136366667226
CUCSAU_FSR,3.36,2.327164822763061,2.5436980952935437,7.0,1.0,6.8,3.211392535482612,6.5482822174979605,15.0,1.0,1.48,1.3947436663504056,0.4995998398718718,2.0,1.0,2.3444,2.305118141614077,0.3731389017510771,3.04,0.98,96.20399999999998,78.40286156915141,46.61962230649237,153.9,7.0,1406.8107999999995,136.79325618469954,1814.240386387471,3823.15,14.009999999999993,1629.3943999999997,184.9861711932232,2026.568357737937,4300.15,20.279999999999973,835.1468280000001,6.030437404138721,1073.6456142900522,2260.0,0.0899,1206.372,1187.6552309101494,181.3257632439472,1402.3,520.2,0.04650576333324349
CUGVUW_FSR,5.285714285714286,3.856396439290809,4.203982562732046,29.0,1.0,10.46938775510204,6.665970060635452,6.020719466181954,15.0,1.0,1.7551020408163265,1.6640443418646058,0.5544113349880051,4.0,1.0,2.556734693877551,2.536920746797124,0.3199642056198903,3.04,1.9,94.02857142857144,57.9881328349123,60.04279086363224,153.9,7.0,1763.6695918367343,275.8431843120375,1868.3205936380612,3823.15,14.009999999999993,2013.2793877551017,344.9550717564232,2101.081490155757,4300.15,20.279999999999973,1197.883073469388,20.486977922081643,1580.0900895631034,8960.0,0.0899,1221.308163265306,1211.239237234582,152.15803926494627,1402.3,745.5,-0.4539790883331989
CUKZOY_FSR,6.5479452054794525,3.6501758226459695,8.478887714418084,47.0,1.0,8.849315068493151,4.910979985087037,6.609812615992988,16.0,1.0,1.808219178082192,1.6329154416472993,0.901407335691074,5.0,1.0,2.536164383561644,2.4885146902791275,0.4993739371877833,3.44,1.63,98.31506849315068,76.00439825924853,49.29192234592757,153.9,7.0,1221.4450684931508,140.66125317789292,1678.24044483576,3823.15,14.009999999999993,1476.3475342465754,193.4659976256401,1947.5934098180048,4300.15,20.279999999999973,1241.7567698630137,7.400619368574628,2217.6056577729128,10490.0,0.0899,1208.258904109589,1188.8226714383964,193.0281609347908,1402.3,650.9,0.660643579999828
CUMJEB_FSR,7.368421052631579,4.493836782733248,9.900614155941032,48.0,1.0,10.947368421052632,7.164485124195552,5.986596293392047,15.0,1.0,1.894736842105263,1.7488629882484672,0.8519165292757185,5.0,1.0,2.6447368421052637,2.608688763391445,0.4194277859060217,3.04,1.69,54.87368421052632,0.0,58.25069994705067,153.9,0.0,869.7010526315786,113.33599139634444,1530.127991264627,3823.15,14.009999999999993,1002.0205263157897,145.2995003573881,1717.190668733071,4300.15,20.279999999999973,931.6688684210528,4.831503756910792,2036.0020602577824,8650.0,0.0899,1283.9210526315785,1273.314213140152,155.44864299638735,1402.3,867.8,-0.4304978583333347
CUNFOH01_FSR,10.125,4.401094427862266,14.026203156948784,53.0,1.0,9.125,5.177573386022915,6.4408365139941255,17.0,1.0,2.0625,1.780917277774149,1.197327753791751,5.0,1.0,2.43625,2.409803605085655,0.3627477601584881,3.04,1.9,100.3375,65.63206058307189,71.05685113871849,295.2,7.0,1166.7624999999998,164.54522292289695,1591.6654650848434,3823.15,14.009999999999993,1480.1318749999998,224.1102403545377,1857.7262166833773,4300.15,20.279999999999973,1994.018275,15.463905080438153,2976.7795375933474,8960.0,0.0899,1182.76875,1161.577802660654,208.3670550937396,1402.3,745.5,-0.17221837999997544
CUQRIR_FSR,5.172413793103448,3.3314618149485278,5.388806825373226,30.0,1.0,9.241379310344827,5.202120330681569,6.478905678211263,16.0,1.0,1.6896551724137931,1.5748041437985787,0.6487892318009234,4.0,1.0,2.4982758620689656,2.4692434171254964,0.3888273170969454,3.44,1.65,101.74482758620692,0.0,53.24681364083028,153.9,0.0,1621.497931034483,209.5578938926973,1853.6934986006563,3823.15,14.009999999999993,1841.986551724138,272.54983400366365,2075.576221973694,4300.15,20.279999999999973,1181.641375862069,13.95392204178678,1573.2548621234837,7140.0,0.0899,1214.1758620689652,1206.529104593359,134.1212206593475,1402.3,906.4,-0.2640367285714546
CUQRUD_FSR,5.826086956521739,3.9021956196021184,5.753276374025224,30.0,1.0,10.26086956521739,6.3583840227689805,6.172994420329696,16.0,1.0,1.7826086956521738,1.669169465938104,0.6565073421974564,4.0,1.0,2.5456521739130435,2.512284327881914,0.4155439189571069,3.44,1.65,102.24347826086957,0.0,56.50094901924759,153.9,0.0,1709.613043478261,260.595044325701,1858.4708098757696,3823.15,14.009999999999993,1945.0517391304345,336.9057158558136,2078.1322390501487,4300.15,20.279999999999973,1293.3582739130436,21.55787499072036,1662.6559353816303,7140.0,0.0899,1208.265217391304,1199.955889324671,139.87300640439852,1402.3,906.4,-0.1660978633333343
CUVTUJ_FSR,6.923076923076923,4.760548756831201,6.305815855975135,27.0,1.0,11.076923076923077,7.590305961080399,5.770769025695709,16.0,1.0,1.9230769230769231,1.797701946391084,0.7297563831157798,4.0,1.0,2.6230769230769235,2.579673797678823,0.490155149933077,3.44,1.88,125.26923076923076,118.56894928547123,36.91000249286997,153.9,63.7,1916.4330769230771,370.80492594579374,1820.5983751561744,3823.15,14.009999999999993,2256.356923076923,500.6209668105718,2057.434246899183,4300.15,20.279999999999973,1728.0428230769237,44.27778398356447,2337.584061365156,8900.0,0.0899,1165.9307692307686,1153.5981036916726,159.8085459571758,1313.9,760.4,-0.2853346460000353
DAFSOV_FSR,6.763636363636364,4.798009231319961,6.10503111856751,30.0,1.0,11.6,8.097176343637765,5.684428491302119,16.0,1.0,1.8909090909090909,1.7855439388673129,0.6515081042606877,4.0,1.0,2.672181818181818,2.623817658826161,0.50497053346648,3.44,1.65,108.97090909090907,0.0,55.66661370149739,153.9,0.0,1588.9447272727273,259.31320844870294,1830.0680684825552,3823.15,14.009999999999993,1816.9867272727272,345.7762188247948,2042.930087715863,4300.15,20.279999999999973,1293.922414545455,23.335095654599105,1774.6861293505574,7140.0,0.0899,1209.9418181818178,1201.4399173703102,140.66946776159563,1402.3,906.4,-0.4082418657142332
DALVAQ_FSR,6.133333333333334,3.751083587610392,8.237043698371942,48.0,1.0,10.0,5.93631134001134,6.418722614352485,16.0,1.0,1.7666666666666666,1.6366331016465638,0.7608474807008884,5.0,1.0,2.5856666666666666,2.546661182432264,0.4606928357255937,3.44,1.69,109.79333333333334,0.0,50.02887122008208,153.9,0.0,1567.082333333333,207.69271668522865,1844.8428416673387,3823.15,14.009999999999993,1781.6906666666666,276.3513500397496,2063.9892649719754,4300.15,20.279999999999973,1192.6848666666667,14.33682558756606,1764.8304704773257,8650.0,0.0899,1213.3300000000002,1205.6472868940978,133.13774859144945,1402.3,867.8,-0.2694898049999778
DAMZEZ_FSR,5.564102564102564,3.4668499088410454,7.382567379827003,48.0,1.0,9.564102564102564,5.511040844344301,6.448195421558563,16.0,1.0,1.7179487179487178,1.5965096057247312,0.7142763219068777,5.0,1.0,2.531282051282051,2.501207892260249,0.4028627016050383,3.44,1.69,108.21794871794872,0.0,50.582118416339085,153.9,0.0,1697.2425641025643,229.64205692810205,1870.93309693554,3823.15,14.009999999999993,1923.582051282052,299.3785544465263,2095.0710522731,4300.15,20.279999999999973,1207.198143589744,16.24819147205531,1639.3865802350858,8650.0,0.0899,1209.4564102564104,1202.0352406089307,131.67094532782846,1402.3,867.8,-0.4401429700000487
DAWCAH_FSR,5.72,3.833264087457483,5.302980294136497,28.0,1.0,10.12,6.1139074627990775,6.364400993023616,16.0,1.0,1.76,1.6471820345351462,0.6499230723708769,4.0,1.0,2.6100000000000008,2.5707467568303914,0.469050103933471,3.44,1.91,117.816,103.84699987606255,42.0635583849013,153.9,7.0,1616.3612,223.43681180496893,1831.46129177402,3823.15,14.009999999999993,1875.14,300.8956682070951,2070.8520146722217,4300.15,20.279999999999973,1260.6846080000005,15.839243067298696,1904.6819557990173,8908.0,0.0899,1202.7959999999998,1192.44367908288,148.1953858391009,1402.3,737.1,-0.17300133333327491
DAWCOV_FSR,5.285714285714286,3.641428707277071,4.499781958785237,25.0,1.0,9.791208791208792,5.851691208668337,6.342801550250235,16.0,1.0,1.7362637362637363,1.6282211941396896,0.6260843750876536,4.0,1.0,2.538571428571429,2.5019440908375765,0.4416815307076908,3.44,1.55,120.1054945054945,0.0,42.809753850675946,153.9,0.0,1911.6950549450555,303.7805577633545,1867.977110047754,3823.15,14.009999999999993,2176.7137362637363,397.7644651244455,2093.7436216135866,4300.15,20.279999999999973,1339.2604725274728,26.81608234674652,1586.0581971191805,7470.0,0.0899,1183.6538461538455,1174.3119903154764,140.62055975520238,1313.9,717.3,-0.35608622799982187
DAWDAI_FSR,5.828571428571428,3.694323523524089,7.677371999344993,48.0,1.0,9.98095238095238,6.029571867400389,6.257918340000401,16.0,1.0,1.761904761904762,1.6403001728105626,0.7240601069999318,5.0,1.0,2.523142857142857,2.4945208481288224,0.3939236432796257,3.44,1.69,118.9695238095238,0.0,44.90438545517104,153.9,0.0,1995.175238095238,335.67121382507275,1883.319445918168,3823.15,14.009999999999993,2259.5789523809526,434.05416443562456,2106.228634138425,4300.15,20.279999999999973,1409.6448247619048,32.979505699007056,1666.5692792068671,8650.0,0.0899,1185.2742857142855,1178.433784510799,126.0373421827428,1402.3,867.8,-0.37359083857154474
DEFKUU_FSR,7.457142857142857,4.320975705486212,7.602040542391448,29.0,1.0,10.028571428571428,5.831599280458898,6.66112695006618,16.0,1.0,1.8857142857142857,1.7127131813720216,0.8542809364414888,4.0,1.0,2.658857142857143,2.596597736444641,0.5876625437324743,3.44,1.9,113.89142857142858,108.0879828848934,34.81584509081685,153.9,71.0,813.5208571428572,103.5037356710465,1417.29911002456,3823.15,14.009999999999993,1049.7145714285714,156.369095048283,1666.571978531025,4300.15,20.279999999999973,1260.1207657142863,6.23064327362412,2521.679885399661,8960.0,0.0899,1208.2828571428563,1192.9410528348196,174.98147246529402,1313.9,745.5,-0.3673121940000101
DEJJIN_FSR,6.992248062015504,5.048629914575019,6.05209442128935,30.0,1.0,11.968992248062015,8.54668000443605,5.609982775051455,16.0,1.0,1.9069767441860463,1.8058939554551972,0.6402744138574981,4.0,1.0,2.744573643410853,2.689004111594613,0.54314759904108,3.44,1.65,113.815503875969,0.0,52.23556578877308,153.9,0.0,1425.6001550387596,219.50534458731144,1790.825911092501,3823.15,14.009999999999993,1635.4948062015503,300.97608239566154,1999.399483378707,4300.15,20.279999999999973,1193.891530232558,17.77850632885507,1778.2782073061314,7140.0,0.0899,1217.1689922480618,1209.0603314025464,136.74764955447813,1402.3,906.4,0.30585406599984705
DEKHEH_FSR,4.720588235294118,3.3554354724479416,3.58446643923182,25.0,1.0,9.514705882352942,5.53620295723633,6.3720267508458255,16.0,1.0,1.6764705882352942,1.5820165647831206,0.5541601082769638,4.0,1.0,2.506029411764706,2.481883002331016,0.3582930927486861,3.44,1.55,113.42352941176468,0.0,48.09324618613016,153.9,0.0,1946.6020588235292,299.48053592983024,1885.057346233764,3823.15,14.009999999999993,2202.7450000000003,382.3519371462973,2115.366867355261,4300.15,20.279999999999973,1240.0633323529414,24.092062335795863,1355.228632889441,7470.0,0.0899,1195.9558823529412,1188.1521119690433,132.81493469170786,1402.3,717.3,0.5360232766665831
DEKHUX_FSR,4.704918032786885,3.3132153597261054,3.685791337035592,25.0,1.0,9.39344262295082,5.4150568154768015,6.392307591556317,16.0,1.0,1.6721311475409837,1.575421320132811,0.564563126482707,4.0,1.0,2.4978688524590167,2.4740170694048844,0.3543181618962013,3.44,1.55,111.64918032786888,0.0,49.002320530368,153.9,0.0,1917.9257377049184,288.09116858308283,1883.7073691295525,3823.15,14.009999999999993,2171.397540983607,367.8232041179455,2114.1192771937326,4300.15,20.279999999999973,1234.142586885246,22.504511621456285,1379.7085175379927,7470.0,0.0899,1197.3950819672132,1189.2988128630136,134.93257991809813,1402.3,717.3,0.9799149783333215
DEQVIF_FSR,4.6923076923076925,3.2811167672838746,3.674959243826656,25.0,1.0,9.33846153846154,5.315058662285886,6.469518881355322,16.0,1.0,1.6615384615384616,1.5649904420692966,0.5623282117691405,4.0,1.0,2.517692307692308,2.490226602753951,0.3840102932545478,3.44,1.55,111.35692307692308,0.0,48.231936337246886,153.9,0.0,1802.018307692308,249.43787782717985,1880.131782137027,3823.15,14.009999999999993,2041.174,322.20978164915346,2110.2468023526026,4300.15,20.279999999999973,1158.242086153846,17.443403027396403,1369.0525148507602,7470.0,0.0899,1204.5061538461537,1196.5600492268711,133.63229443505162,1402.3,717.3,-0.07320359666645491
DEYJIC_FSR,5.75,3.6577477765313255,5.618051263561058,28.0,1.0,9.291666666666666,5.356259769413023,6.483820675771003,16.0,1.0,1.7708333333333333,1.6339154532410998,0.7427309779156619,4.0,1.0,2.534791666666667,2.4937389251466096,0.4663421025354907,3.44,1.63,108.9375,91.13056741694236,46.49722045904107,153.9,7.0,1577.5504166666665,209.9551412458121,1803.9063167262389,3823.15,14.009999999999993,1857.4529166666669,281.994318028826,2064.367522921122,4300.15,20.279999999999973,1287.9850895833335,14.32100431156989,1861.484705143612,8908.0,0.0899,1193.8354166666666,1178.1949929548289,175.2492730484011,1402.3,650.9,-0.3424305650000197
DEZKAW_FSR,5.72,4.062590991527585,4.669218350002492,25.0,1.0,10.44,6.666231113802156,6.086575391794634,16.0,1.0,1.8,1.6934906247250543,0.6324555320336759,4.0,1.0,2.5847999999999995,2.549840557163844,0.4147299844477126,3.44,1.55,83.38799999999999,0.0,62.177425614124616,153.9,0.0,1460.8707999999997,204.84118357087775,1794.8228020435222,3823.15,14.009999999999993,1672.3692,260.47183644733417,2019.923898524734,4300.15,20.279999999999973,1112.8326120000002,12.673539178087708,1682.9664583152394,7470.0,0.0899,1232.3919999999998,1219.2090118425438,168.5190479916143,1402.3,717.3,-0.31435735833341977
DIDDOK_FSR,5.25,3.630925649354269,4.742098691507802,30.0,1.0,10.0,6.025052399551269,6.288879073412049,16.0,1.0,1.725,1.624504792712471,0.5910795208768445,4.0,1.0,2.53725,2.5068953513145207,0.4060972020341927,3.44,1.65,118.41,0.0,45.06079116038688,153.9,0.0,1941.87775,314.1995692505444,1884.1133574635148,3823.15,14.009999999999993,2199.385,407.36257727053953,2108.1913803352863,4300.15,20.279999999999973,1308.7391175,28.52193829752665,1454.4731758723242,7140.0,0.0899,1191.605,1185.134583719241,123.47978164460773,1402.3,906.4,-0.30182965800026973
DINNIZ_FSR,4.84,2.9432092105769034,5.033328918320359,25.0,1.0,8.12,4.148640038091545,6.772414635859207,16.0,1.0,1.62,1.4948492486349385,0.6896375859826666,4.0,1.0,2.519,2.4735901711765145,0.4927159425064303,3.44,1.55,105.178,0.0,45.39424760914096,153.9,0.0,1225.2896000000003,119.78362871780296,1725.2919088455265,3823.15,14.009999999999993,1410.5320000000002,164.35098695547578,1943.5770433229548,4300.15,20.279999999999973,977.123594,5.125612397049925,1676.1700046933329,7470.0,0.0899,1222.71,1212.1728470970436,146.94497643676016,1402.3,717.3,-0.5846566616666754
DITTEH_FSR,6.050632911392405,3.921418709990709,6.155986556637296,30.0,1.0,10.20253164556962,6.196751279295189,6.331316072589006,16.0,1.0,1.7848101265822784,1.663448515910576,0.6875177526076086,4.0,1.0,2.5801265822784814,2.5349910070088613,0.492275763180457,3.44,1.65,115.97088607594938,0.0,46.35614238900335,153.9,0.0,1648.4249367088607,238.83332679971468,1847.5192722722545,3823.15,14.009999999999993,1881.69506329114,321.2918629215109,2062.961021052496,4300.15,20.279999999999973,1305.9033227848104,19.84945397663348,1734.7671162104882,7140.0,0.0899,1198.7949367088606,1191.465787050921,129.84411383814717,1402.3,906.4,0.004570867999973432
DIYTEM_FSR,6.117647058823529,3.9654071442703818,7.735573692107183,48.0,1.0,10.470588235294118,6.56722279255885,6.1631509040217365,16.0,1.0,1.7941176470588236,1.675698494772517,0.7186348072276834,5.0,1.0,2.5827941176470586,2.5490078797067066,0.4274680778870589,3.44,1.69,110.8514705882353,0.0,52.00028419788588,153.9,0.0,1777.3270588235298,276.00562022282503,1875.0183618709216,3823.15,14.009999999999993,2015.6905882352944,358.9664973217386,2097.7111898888625,4300.15,20.279999999999973,1285.0318382352943,23.24107433298473,1696.4138811166847,8650.0,0.0899,1204.3529411764705,1196.6004927990916,134.59992949760877,1402.3,867.8,0.5176854124999863
DOCKOW_FSR,5.370106761565836,3.63049706761972,4.974493266919086,30.0,1.0,9.861209964412812,5.856030681318091,6.374880415768248,16.0,1.0,1.729537366548043,1.621702178734709,0.6240860644682972,4.0,1.0,2.5500000000000003,2.5139294509265606,0.4406562559899274,3.44,1.55,115.73096085409252,0.0,46.27277550751939,153.9,0.0,1787.1949110320288,263.7303972234531,1870.691124669765,3823.15,14.009999999999993,2031.3816725978647,346.6891573949126,2094.2773353339912,4300.15,20.279999999999973,1261.9518740213523,21.254004244721862,1555.1022296569536,7470.0,0.0899,1197.126334519573,1189.3590956615594,132.2434975780995,1402.3,717.3,-0.10812970333347492
DOGZIJ_FSR,4.916666666666667,3.306078781024381,4.554454473979903,30.0,1.0,9.375,5.289720905373589,6.527585694573454,16.0,1.0,1.6666666666666667,1.5646427984077742,0.5892556509887895,4.0,1.0,2.531666666666667,2.500289446245941,0.4141172002652817,3.44,1.65,112.54791666666668,0.0,46.58167553512564,153.9,0.0,1701.7960416666665,223.2468590196982,1873.2884738472385,3823.15,14.009999999999993,1928.0116666666663,293.0335441843891,2098.367895799548,4300.15,20.279999999999973,1137.7644625,15.093818467154838,1414.9707952344247,7140.0,0.0899,1208.89375,1202.3687709388817,124.03068405010714,1402.3,906.4,-0.2184436485713539
DOKDEN_FSR,5.057142857142857,3.3486135352598367,4.898646210319496,29.0,1.0,9.342857142857143,5.307801114521389,6.467248728976564,16.0,1.0,1.6857142857142855,1.5769564922311472,0.6220440302022069,4.0,1.0,2.5171428571428573,2.489512139549221,0.3922722919355993,3.44,1.9,117.09142857142858,104.84280453218528,41.94852199969844,153.9,7.0,1799.7928571428572,253.0405614749814,1869.696794860556,3823.15,14.009999999999993,2066.844285714286,333.1085518615494,2100.5308293222124,4300.15,20.279999999999973,1289.375305714286,18.97243210111573,1722.258534381342,8960.0,0.0899,1195.5257142857142,1186.79528107697,138.13820272850384,1402.3,745.5,-0.18109716200033285
DONNEA_FSR,6.526315789473684,4.403425085677386,6.344234191707017,31.0,1.0,11.052631578947368,7.212444805883933,6.0738757609126965,16.0,1.0,1.8421052631578947,1.7284437865632103,0.6698906348083081,4.0,1.0,2.6531578947368417,2.606439598230484,0.5087865091679981,3.44,1.81,122.5842105263158,113.09684437819293,40.203564429012815,153.9,28.9,1643.8110526315788,250.2394011406009,1859.533120560656,3823.15,14.009999999999993,1970.052631578947,369.04006986652064,2056.6750626649346,4300.15,20.279999999999973,1262.715499999999,23.77985103458241,1546.191722396647,5904.0,0.0899,1178.963157894737,1161.2019124508697,178.90383541687922,1313.9,578.8,0.41215259499995227
DORFOG_FSR,5.0,3.354832239094616,3.492849839314596,12.0,1.0,8.9,4.631472618759589,7.0844901016234045,16.0,1.0,1.65,1.546758674681552,0.5722761571129799,3.0,1.0,2.6595000000000004,2.581880444292966,0.6253996722096997,3.44,1.31,109.25,0.0,43.35626252342331,153.9,0.0,835.5890000000002,85.51355403123611,1506.2629247973275,3823.15,14.009999999999993,967.887,123.21330511388204,1690.3777504129068,4300.15,20.279999999999973,539.43611,2.9416387186809017,938.9151192601076,2260.0,0.0899,1238.85,1228.203353195498,145.98429881326277,1313.9,737.7,0.2402862766666658
DORYUG_FSR,5.108695652173913,3.58518474368678,4.3898512447292175,29.0,1.0,9.934782608695652,5.985641177696211,6.260303416431547,16.0,1.0,1.7173913043478262,1.619616419300312,0.5772138281457283,4.0,1.0,2.5310869565217398,2.5069087851318623,0.3651159926526599,3.44,1.9,115.9804347826087,97.25515608573436,46.43363014568877,153.9,7.0,1954.541739130435,317.5101595624836,1878.4744789396025,3823.15,14.009999999999993,2231.214782608696,408.5249808976518,2107.9134361235447,4300.15,20.279999999999973,1325.0177717391305,27.646017105566177,1594.7979059297816,8960.0,0.0899,1192.9891304347825,1184.6362621344767,137.00441952290836,1402.3,745.5,-0.4557221700002628
DOYBEA_FSR,6.153846153846154,4.703936027851722,3.324643505380664,13.0,1.0,11.692307692307692,7.970137257268823,5.940533715787023,16.0,1.0,1.8461538461538465,1.7583568457460543,0.532938710021193,3.0,1.0,2.7392307692307694,2.669243657603737,0.6042218331611652,3.44,1.61,121.65384615384616,113.39725636372768,38.68616559293547,153.9,42.5,1272.488461538462,183.7509035052985,1716.502523737624,3823.15,14.009999999999993,1577.2953846153844,273.3967283261092,1950.5626676565976,4300.15,20.279999999999973,903.6472846153844,13.006850060392354,1147.0661854536413,2700.0,0.0899,1186.8461538461538,1162.948026708369,203.67470148172225,1313.9,577.5,-0.16223731166667218
DOYBUQ01_FSR,8.344827586206897,4.491585754874197,14.057212805774313,78.0,1.0,10.344827586206897,6.679351122496919,5.949650016185916,16.0,1.0,1.9655172413793105,1.7819362071816265,0.999405292840651,6.0,1.0,2.521724137931036,2.5013601862552477,0.3210765186005831,3.04,1.83,99.73103448275864,62.21926447040931,64.55890709372908,205.3,7.0,1745.1427586206894,306.7267842133823,1807.0891515646745,3823.15,14.009999999999993,2075.116206896551,396.6620549364876,2069.404662058072,4300.15,20.279999999999973,2014.2146620689648,32.85854476309028,4023.981666051107,21450.0,0.0899,1192.4103448275855,1179.4267656256525,170.12030904085776,1402.3,762.5,-0.3897324228571181
DUBKAO_FSR,5.514285714285714,3.935082212622529,4.612848073255695,28.0,1.0,10.485714285714286,6.663213412341065,6.077459189832675,16.0,1.0,1.7714285714285714,1.6734867667858062,0.5897076411585798,4.0,1.0,2.575428571428572,2.5470477038272907,0.3964365764957535,3.44,1.91,115.46571428571428,93.54523784128163,48.17538756820685,153.9,7.0,1922.01,325.92004122607386,1868.5229498953752,3823.15,14.009999999999993,2202.4165714285714,420.4639065728463,2102.9623497355788,4300.15,20.279999999999973,1352.5248000000004,29.452200972195463,1708.427516188587,8908.0,0.0899,1194.0028571428568,1184.532336509793,144.63002748039426,1402.3,737.1,-0.2985018100000616
DUJRAD_FSR,7.1395348837209305,4.283441622800862,9.072271568442702,56.0,1.0,10.30232558139535,6.228961988131724,6.489830627097702,16.0,1.0,1.8837209302325584,1.7230891947168294,0.8946690261242486,6.0,1.0,2.610232558139535,2.545662923835235,0.5451156837841022,3.44,0.89,121.02906976744184,106.48590995560755,45.07943793700253,200.0,7.0,1425.0132558139533,202.1376222321596,1772.599837273215,3823.15,14.009999999999993,1678.1346511627903,283.0913870374325,1988.5142885059483,4300.15,20.279999999999973,1169.923481395349,16.578290846981137,1656.8667624128857,8960.0,0.0899,1189.3581395348835,1172.988513751489,173.535895666893,1402.3,502.9,-0.21787291833324687
DUMXEQ01_FSR,7.242424242424242,4.583805166698777,10.713996235540217,66.0,1.0,11.636363636363637,7.777458212537023,6.109199133240525,19.0,1.0,1.878787878787879,1.7478785263765275,0.8441447440717649,6.0,1.0,2.712121212121212,2.652729919077152,0.5430204950412961,3.44,1.22,114.21818181818182,91.46332559087428,48.51930858725344,153.9,7.0,1465.3887878787882,207.17083957474577,1804.1617927443567,3823.15,14.009999999999993,1686.3187878787878,280.3919416070139,2031.6834115501924,4300.15,20.279999999999973,1081.4646424242424,13.687272066145225,1703.9628822530576,8551.0,0.0899,1216.333333333333,1202.3957846354144,163.18785357849268,1402.3,573.0,-0.3714244828572158
DUQSEO_FSR,6.8125,4.268670406243239,9.412217791254088,57.0,1.0,11.125,7.020189308147498,6.401904013650939,19.0,1.0,1.84375,1.7032380421653377,0.8699631816921909,6.0,1.0,2.6984375,2.6379454855463145,0.5262313498773614,3.44,1.1,79.859375,45.14714700587383,59.05860362478421,153.9,7.0,905.7825,108.73608029411572,1556.6287013587248,3823.15,14.009999999999993,1101.4240625,147.8356966011131,1808.73984015436,4300.15,20.279999999999973,687.077003125,4.097003611318705,1351.158623989631,6146.0,0.0899,1267.003125,1250.4116646858768,174.25205429989734,1402.3,538.1,0.2201266049999901
DURDAX_FSR,4.948717948717949,3.213680958942689,4.919603475519597,30.0,1.0,9.102564102564102,4.991485456430631,6.624720107468777,16.0,1.0,1.6538461538461535,1.545640849128885,0.6165853669954383,4.0,1.0,2.532179487179488,2.497363715551018,0.4359800261123986,3.44,1.65,110.25256410256412,0.0,46.57989751383892,153.9,0.0,1552.9464102564104,184.81611455402685,1846.73429695328,3823.15,14.009999999999993,1763.0571794871798,245.88022793979343,2068.3292202923403,4300.15,20.279999999999973,1081.5674217948715,11.00643318738995,1472.1837806501546,7140.0,0.0899,1215.7192307692308,1209.105900793057,124.38688101499712,1402.3,906.4,-0.23976631250025088
DUYVEA_FSR,5.083333333333333,3.099768697612662,6.8429809943393005,48.0,1.0,8.833333333333334,4.739338469014928,6.656241849238619,16.0,1.0,1.6458333333333333,1.5271835859634597,0.6919050793923174,5.0,1.0,2.5197916666666664,2.4888991196275008,0.409946589932423,3.44,1.69,103.31666666666666,0.0,49.90899356718075,153.9,0.0,1462.8660416666664,162.18814852969584,1830.1049307151984,3823.15,14.009999999999993,1658.5237500000003,214.3349301072877,2051.241352710419,4300.15,20.279999999999973,1027.9988958333336,8.474856204219986,1554.7895999123607,8650.0,0.0899,1225.90625,1218.8613569214715,128.24700517336657,1402.3,867.8,-0.32662078500000763
DUZPUL_FSR,5.3559322033898304,3.445482916543107,5.404839989993925,30.0,1.0,9.491525423728811,5.349542440812746,6.603473357631335,16.0,1.0,1.694915254237288,1.5811968094057238,0.6445136726044591,4.0,1.0,2.571525423728813,2.5295981804357828,0.4780072106374867,3.44,1.65,111.05762711864408,0.0,46.71698128231474,153.9,0.0,1466.649661016949,175.73259380952254,1821.039149762022,3823.15,14.009999999999993,1670.461525423729,237.11849988196167,2038.063390857924,4300.15,20.279999999999973,1085.0881152542374,10.553487678843725,1566.918972498468,7140.0,0.0899,1217.5813559322032,1210.72596612691,126.09507910474792,1402.3,906.4,-0.20521461333333943
DUZWOM_FSR,6.9393939393939394,4.406812185035524,6.400470597941591,25.0,1.0,10.151515151515152,6.202090901046487,6.504642687511335,16.0,1.0,1.878787878787879,1.7265340513930516,0.8074492481499532,4.0,1.0,2.676666666666667,2.5985715932859668,0.6324730999989029,3.44,1.55,110.64242424242424,0.0,48.32793928293622,153.9,0.0,1089.119696969697,137.2573355223024,1602.5484065463206,3823.15,14.009999999999993,1293.6196969696969,196.8751691360012,1818.6994104903893,4300.15,20.279999999999973,1227.5165757575758,8.02731102379347,2191.852858374623,7470.0,0.0899,1203.960606060606,1187.0457784968196,181.12918031965216,1313.9,717.3,-0.28245396333320133
EBEMEE_FSR,6.162162162162162,4.136290816070418,7.416247734548107,48.0,1.0,10.81081081081081,7.009428818249692,6.01726272435708,16.0,1.0,1.8108108108108107,1.699908998113534,0.6911736136510498,5.0,1.0,2.607837837837838,2.5752362215049684,0.4175160468522243,3.44,1.69,102.6054054054054,0.0,57.4805722570488,153.9,0.0,1689.2545945945944,259.31926760222063,1864.8386693217751,3823.15,14.009999999999993,1915.4191891891892,333.95389052944074,2087.7274469550885,4300.15,20.279999999999973,1211.4627297297302,20.25793425854436,1662.3116894333853,8650.0,0.0899,1217.3297297297297,1208.9815975193387,140.29366856871158,1402.3,867.8,-0.27285819428578045
EBEMII_FSR,5.846153846153846,3.815547080410135,7.308367040375311,48.0,1.0,10.256410256410255,6.320882456443752,6.212963901961309,16.0,1.0,1.7692307692307692,1.6542798185280116,0.6965680875490321,5.0,1.0,2.561794871794872,2.53160027411027,0.40296892922708,3.44,1.69,108.6102564102564,0.0,53.0119812044061,153.9,0.0,1796.1702564102563,275.5893674140292,1878.7412497986004,3823.15,14.009999999999993,2034.7858974358976,355.45228194403666,2103.189238891331,4300.15,20.279999999999973,1265.1743282051284,22.54005311155096,1635.608076181451,8650.0,0.0899,1205.9897435897433,1198.2799777609182,134.63722728773467,1402.3,867.8,-0.20459655714294703
EBEXEQ01_FSR,6.964285714285714,3.944402281455437,11.324695337614868,64.0,1.0,10.5,6.265624335418533,6.630556968632855,19.0,1.0,1.8214285714285716,1.664601949846466,0.9278843611976128,6.0,1.0,2.611785714285715,2.5511979611054016,0.5465087476193676,3.44,1.2,120.8964285714286,113.70951896859552,38.1052909912864,153.9,50.0,1576.8157142857142,211.3342808963458,1829.3460466739564,3823.15,14.009999999999993,1844.2525000000005,290.47374662992,2075.727145982523,4300.15,20.279999999999973,1170.421860714286,14.432943734066129,1692.974665133662,7901.0,0.0899,1198.2214285714283,1184.6980910981852,159.6075775974644,1313.9,593.4,-0.21549206333334792
EBIPOX_FSR,5.824561403508772,3.6795945214898502,6.006203830769976,30.0,1.0,9.649122807017545,5.598410098336582,6.492887412379082,16.0,1.0,1.7543859649122806,1.6264814696283398,0.7078681053274392,4.0,1.0,2.5584210526315787,2.5121557111857635,0.4959336029189342,3.44,1.55,112.27719298245614,0.0,47.2507013501976,153.9,0.0,1543.1650877192978,203.0660404068369,1821.5737316986283,3823.15,14.009999999999993,1767.9554385964911,274.40602112923773,2039.018356500896,4300.15,20.279999999999973,1254.188912280702,14.52986402183191,1779.3498911902293,7470.0,0.0899,1202.2508771929822,1193.2020642232935,140.36497054240738,1402.3,717.3,0.32480991285714417
EBOCOQ_FSR,7.414634146341464,3.900285323130548,11.348096670229896,53.0,1.0,9.902439024390244,5.812553724007143,6.472474092681122,17.0,1.0,1.853658536585366,1.6787776093736877,0.9255446810248916,5.0,1.0,2.524634146341464,2.496538493327513,0.3879721989095484,3.44,1.65,120.92195121951218,0.0,61.47233568630143,295.2,0.0,1727.4321951219513,261.339576954502,1858.0970406430345,3823.15,14.009999999999993,1958.4729268292683,338.1427338199454,2080.364287455027,4300.15,20.279999999999973,1407.5482097560978,25.664122543476296,1641.643591462775,7140.0,0.0899,1192.8878048780489,1185.6439273451117,130.5511846077948,1402.3,906.4,-0.24651464833338343
ECEDEY_FSR,4.745762711864407,3.313606613842376,3.4326114007327,20.0,1.0,9.322033898305085,5.19133924399649,6.654782090858949,16.0,1.0,1.6610169491525424,1.562729195997864,0.5707612962875502,4.0,1.0,2.5606779661016947,2.5140042948052,0.4782023697804725,3.44,1.0,113.9249152542373,96.23914187489784,44.75940281378936,153.9,2.37,1590.7384745762715,195.9626190173865,1853.9232375793388,3823.15,14.009999999999993,1804.476779661017,260.5280546598083,2078.4159307873497,4300.15,20.279999999999973,945.911352542373,11.426323475378132,1106.1827384739986,2260.0,0.0899,1211.4135593220335,1201.7609725257787,140.30129982077506,1402.3,589.8,-0.11403714142846051
ECIWOC_FSR,5.178082191780822,3.51190390544338,4.908316860615604,30.0,1.0,9.726027397260276,5.735569052751856,6.335938533093563,16.0,1.0,1.7123287671232876,1.6076256563052655,0.6077006304881872,4.0,1.0,2.510958904109589,2.483173148845089,0.3852811262653975,3.44,1.65,114.63561643835617,0.0,47.56550888594495,153.9,0.0,1917.0152054794523,300.49840536026414,1883.3062016346064,3823.15,14.009999999999993,2171.733287671233,387.93816260816527,2107.5797339388464,4300.15,20.279999999999973,1310.3562123287672,26.316198372340278,1482.7287910894756,7140.0,0.0899,1193.5753424657537,1186.8357397100567,126.07554245651548,1402.3,906.4,-0.35644075000010383
EHAFOK_FSR,8.785046728971963,4.579485384452196,16.145962741449754,92.0,1.0,11.373831775700934,7.14075901892117,6.57455213568078,19.0,1.0,1.9345794392523368,1.7410107825480343,1.1296432985713512,7.0,1.0,2.7418691588785054,2.663883797624886,0.6200966624092312,3.44,1.13,,,,,,1159.357476635514,142.68509357379273,1684.6070385735036,3823.15,14.009999999999993,1431.1228971962616,209.2841675800471,1967.6375218202115,4300.15,20.279999999999973,1292.4552803738318,7.931568013168096,3280.325998543663,19050.0,0.0899,1214.8186915887848,1197.3942523505186,175.04821986182188,1313.9,527.0,1.7754914850001455
EJIDUW02_FSR,5.705882352941177,2.956456825435832,9.918875089695542,60.0,1.0,8.5,4.210363400844614,7.138338907122663,19.0,1.0,1.6470588235294117,1.4907396380971711,0.903664205631601,6.0,1.0,2.553235294117647,2.492736538830043,0.5499878104971978,3.44,1.14,109.64411764705882,102.55111088092464,38.64241186584617,153.9,50.0,1069.5723529411769,97.39469243885152,1665.8757242029135,3823.15,14.009999999999993,1268.2641176470588,138.28219498252236,1903.4233897933627,4300.15,20.279999999999973,804.7903058823528,3.50825682271346,1466.158883399318,7010.0,0.0899,1229.847058823529,1215.8990886497886,156.7028608832543,1313.9,533.1,-0.3869120950000564
EJONOH_FSR,6.301587301587301,4.44816120293525,5.311368223076667,27.0,1.0,11.031746031746032,7.28893134178604,6.021043135822615,16.0,1.0,1.8412698412698407,1.7334554909225186,0.6474945414086077,4.0,1.0,2.6920634920634914,2.650071121970687,0.4784504045557401,3.44,1.88,98.56984126984126,66.61027820442979,56.02236694738543,153.9,7.0,1323.9112698412705,180.77908052684307,1742.8895999200577,3823.15,14.009999999999993,1554.59126984127,242.40247714642948,1985.9399179369775,4300.15,20.279999999999973,1141.8031492063496,10.844407945959292,2022.2886383836849,8900.0,0.0899,1231.707936507936,1219.76957866558,160.43273356925604,1402.3,760.4,-0.5018871666666832
EKOKIA_FSR,6.4423076923076925,3.874208041812166,8.749535067952209,48.0,1.0,10.134615384615383,6.0593525510801935,6.418209809578004,16.0,1.0,1.7884615384615383,1.651664096085391,0.7926716863663443,5.0,1.0,2.616538461538461,2.5756649117433605,0.4656917295617869,3.44,1.69,91.48076923076924,0.0,57.77003827664655,153.9,0.0,1223.2973076923076,145.8760746929229,1736.58723265702,3823.15,14.009999999999993,1396.7848076923076,193.98015645890985,1944.8942611325947,4300.15,20.279999999999973,1028.539255769231,7.603087935228878,1841.5931337142388,8650.0,0.0899,1243.151923076923,1234.4452716135058,141.64652985293603,1402.3,867.8,-0.2747772549999657
ELOHOE_FSR,5.064327485380117,3.275932556117035,6.308025333814979,48.0,1.0,9.298245614035087,5.26978078976862,6.4480784905563535,16.0,1.0,1.6783625730994152,1.5679969086205483,0.6547618714516212,5.0,1.0,2.493976608187135,2.4701984855165917,0.359109489130846,3.44,1.69,114.63625730994151,0.0,45.89485664749402,153.9,0.0,1900.4099415204685,277.37256223639656,1890.798578209963,3823.15,14.009999999999993,2148.296081871345,357.564586099794,2118.5552461470165,4300.15,20.279999999999973,1262.1243602339184,21.939796144369947,1492.8878907173469,8650.0,0.0899,1196.7590643274852,1190.1908486032648,124.284527212311,1402.3,867.8,-0.2523325362495825
EMOFIX_FSR,4.686274509803922,3.082768752041453,4.50920712163689,30.0,1.0,8.882352941176471,4.796404720696391,6.629249088944816,16.0,1.0,1.6274509803921569,1.5239791206518831,0.5927928022678813,4.0,1.0,2.5139215686274508,2.484080662631188,0.4018832062870736,3.44,1.65,104.70196078431373,0.0,49.609121118158406,153.9,0.0,1528.9478431372547,175.50515522314743,1845.0922336171088,3823.15,14.009999999999993,1732.7396078431375,230.76157455285184,2068.295409418919,4300.15,20.279999999999973,1026.549743137255,9.614391050933522,1395.9857962367882,7140.0,0.0899,1222.88431372549,1216.1695469338513,125.95742257985592,1402.3,906.4,-0.39992422428583396
EMOHIZ_FSR,4.627450980392157,3.0764066572732847,4.18663037473526,27.0,1.0,8.823529411764707,4.76942520617493,6.614618043166066,16.0,1.0,1.6274509803921569,1.5239791206518831,0.5927928022678813,4.0,1.0,2.51843137254902,2.490444954522816,0.3933634379424208,3.44,1.88,105.95098039215686,86.47007851013828,47.72334641615653,153.9,7.0,1550.0354901960784,178.75985940023182,1841.5563937150016,3823.15,14.009999999999993,1772.3474509803923,235.3196862983059,2076.6586617711605,4300.15,20.279999999999973,1061.059547058824,9.656018566152817,1558.9325228910034,8900.0,0.0899,1220.0215686274507,1211.9884510782683,134.48816160995617,1402.3,760.4,-0.35997176285728266
ENANIS_FSR,5.680851063829787,4.205768301433685,4.283100800492528,29.0,1.0,11.085106382978724,7.327692754807795,5.970957324555367,16.0,1.0,1.7872340425531914,1.7004981621330733,0.5432827802044129,4.0,1.0,2.6608510638297878,2.62619124631622,0.4398347358261893,3.44,1.9,111.48936170212764,83.94617052685037,51.87107271590746,153.9,7.0,1676.7231914893614,256.7882783130457,1857.0595730417444,3823.15,14.009999999999993,1920.588723404256,336.72166784434074,2086.444650498573,4300.15,20.279999999999973,1152.7663148936174,19.18893858179001,1597.715972920625,8960.0,0.0899,1215.840425531915,1206.8551753708118,142.34266963851326,1402.3,745.5,-0.4384434128570384
ENISUQ_FSR,5.442622950819672,3.714110343712993,4.628934622899725,25.0,1.0,9.836065573770492,5.888238498977695,6.350888224618799,16.0,1.0,1.7540983606557377,1.640923045188697,0.6441600886684754,4.0,1.0,2.537704918032787,2.498324540438797,0.4577972686202274,3.44,1.55,119.81639344262295,0.0,42.4896484223901,153.9,0.0,1845.9401639344264,290.13581072094274,1850.565907269761,3823.15,14.009999999999993,2123.8319672131147,384.3903374307158,2079.016138955028,4300.15,20.279999999999973,1320.7555409836066,25.361383621949148,1587.0139681468063,7470.0,0.0899,1180.690163934426,1170.03953250363,149.07094108853784,1313.9,717.3,-0.15715376399996325
EPEWAY01_FSR,5.413793103448276,3.6183117617452982,4.923674275476284,27.0,1.0,9.758620689655173,5.706367927965176,6.473581178136006,16.0,1.0,1.7241379310344829,1.6128979635153649,0.6376980003071355,4.0,1.0,2.5934482758620687,2.555919104777198,0.457122000331074,3.44,1.88,110.4689655172414,91.7922153188779,46.68235362863741,153.9,7.0,1529.76724137931,195.04312131939537,1820.0710389449596,3823.15,14.009999999999993,1769.33,261.3289560566936,2058.76282474158,4300.15,20.279999999999973,1164.501586206897,12.053091851164334,1820.077291243937,8900.0,0.0899,1214.0,1204.4812172327267,144.00976260010268,1402.3,760.4,-0.303819153333355
EQETAX_FSR,5.486486486486487,3.869134911333822,4.699750548996228,29.0,1.0,10.405405405405403,6.498644547971691,6.179562914043309,16.0,1.0,1.7567567567567568,1.658328396134907,0.5884200285696551,4.0,1.0,2.5883783783783785,2.5573122561189687,0.4157800452390565,3.44,1.9,115.17567567567568,94.09078907614231,47.56112087764603,153.9,7.0,1809.968378378379,283.41680059112474,1868.2358568294628,3823.15,14.009999999999993,2076.867837837838,370.43467075425616,2097.992273208835,4300.15,20.279999999999973,1280.8618081081083,23.21066582324299,1695.848325141242,8960.0,0.0899,1200.6594594594594,1191.505923994631,142.4854975255841,1402.3,745.5,-0.0949042616666702
EQUBUO_FSR,8.043478260869565,4.391012996543863,12.460296112294008,64.0,1.0,10.956521739130435,6.656468796694819,6.682086766413262,19.0,1.0,1.9130434782608696,1.7290705545330582,1.017799992236489,6.0,1.0,2.65695652173913,2.5857395966295025,0.5883834507072428,3.44,1.2,122.7782608695652,114.93178836069345,40.56600586399941,200.0,50.0,1270.373043478261,166.05560632705536,1718.011540011439,3823.15,14.009999999999993,1526.773043478261,238.3266096454624,1965.0536169085867,4300.15,20.279999999999973,1117.027491304348,11.539430508065722,1785.4771104577685,7901.0,0.0899,1199.121739130435,1183.2612696183317,171.5532873394603,1313.9,593.4,-0.40087575714304485
ESAROH_FSR,5.037974683544304,3.3208236625811343,4.871625512967881,30.0,1.0,9.341772151898734,5.233727734542917,6.569754394864753,16.0,1.0,1.6708860759493671,1.564356820393836,0.6104888886981009,4.0,1.0,2.5441772151898734,2.509926538428199,0.4306886084580551,3.44,1.65,106.41645569620252,0.0,50.02634857747338,153.9,0.0,1534.811518987342,186.14982359143423,1841.9655321161745,3823.15,14.009999999999993,1742.2786075949368,245.9684688276257,2063.35707214026,4300.15,20.279999999999973,1067.9049746835444,11.051866546694225,1467.804561765034,7140.0,0.0899,1220.3430379746835,1213.3975232053094,127.81821613362015,1402.3,906.4,-0.3611877357142085
ESARUN_FSR,4.715686274509804,3.0961513255473947,4.523094227602648,30.0,1.0,8.911764705882353,4.805937596542735,6.655534246136775,16.0,1.0,1.6274509803921569,1.5239791206518831,0.5927928022678813,4.0,1.0,2.5274509803921563,2.4956791434749164,0.4152383824548793,3.44,1.65,103.13529411764704,0.0,50.17621819121405,153.9,0.0,1455.1399999999996,161.7115518957924,1827.042785419362,3823.15,14.009999999999993,1650.0661764705883,213.60166585921135,2048.1890230439503,4300.15,20.279999999999973,982.2622921568628,8.310523408709075,1391.974325766134,7140.0,0.0899,1228.2098039215684,1221.4892570458444,125.97219776508416,1402.3,906.4,-0.24903142166681388
ESEHIV_FSR,5.45045045045045,3.813179943766381,4.718639937541055,29.0,1.0,10.297297297297296,6.350160063898744,6.237917466352031,16.0,1.0,1.7477477477477477,1.6480051154846789,0.5922695464466161,4.0,1.0,2.5904504504504504,2.5591624460672397,0.416132747763329,3.44,1.9,110.59099099099102,86.03727859815062,50.26878663573199,153.9,7.0,1707.9761261261265,250.55527121710156,1858.5345074412412,3823.15,14.009999999999993,1962.108018018018,327.87560038725223,2089.35664646072,4300.15,20.279999999999973,1219.8024738738743,18.485973249127643,1700.1609390924234,8960.0,0.0899,1209.1774774774772,1199.735311076021,144.818434746014,1402.3,745.5,0.20324555500002361
ESURER04_FSR,7.108108108108108,4.942902909959479,6.383186460829578,27.0,1.0,11.27027027027027,7.888987777282198,5.650394143863597,16.0,1.0,1.945945945945946,1.821169072950069,0.7332248630405694,4.0,1.0,2.643783783783784,2.602589461904424,0.4706082972778572,3.44,1.88,103.13783783783784,72.79026865848608,55.05781409230076,153.9,7.0,1612.1089189189188,275.78530450613334,1785.0284138427205,3823.15,14.009999999999993,1918.1202702702697,367.2733205012022,2037.2155723683063,4300.15,20.279999999999973,1577.2107891891894,25.353657535786542,2422.280857162572,8900.0,0.0899,1196.9027027027023,1181.7489048055322,178.8464560944954,1402.3,760.4,-0.05022054833341366
ESUSAO01_FSR,6.183673469387755,4.048988141784176,5.944208189104634,27.0,1.0,10.142857142857142,6.253014639462782,6.2531624652112265,16.0,1.0,1.816326530612245,1.6877509614896005,0.7192249055798409,4.0,1.0,2.598979591836735,2.5602722147488177,0.4583031921228974,3.44,1.88,100.72244897959185,73.63685236949328,52.82309044157128,153.9,7.0,1455.784693877551,198.7058700078877,1773.1836941974634,3823.15,14.009999999999993,1717.968775510204,265.7413443111473,2023.133899968705,4300.15,20.279999999999973,1329.3899693877554,13.22005859963983,2203.256488379788,8900.0,0.0899,1213.1653061224486,1200.1455477128125,166.33500073587717,1402.3,760.4,-0.21843707166669898
ESUSOC01_FSR,6.534883720930233,4.327588963806742,6.184560059213109,27.0,1.0,10.488372093023257,6.706755180636757,6.112785278540935,16.0,1.0,1.8604651162790695,1.729910829774903,0.7339411087469533,4.0,1.0,2.6188372093023258,2.5776733665363745,0.4724562699208899,3.44,1.88,102.37674418604648,75.21743435778481,52.7890485348394,153.9,7.0,1478.6527906976746,214.0079039143321,1769.6252638056424,3823.15,14.009999999999993,1754.4644186046512,287.5058844618475,2022.1439035493663,4300.15,20.279999999999973,1409.7346000000005,15.574396173186663,2306.6531838609367,8900.0,0.0899,1207.7627906976738,1193.9088323705134,170.99430294230163,1402.3,760.4,-0.4557340666665179
ESUSOC02_FSR,6.534883720930233,4.327588963806742,6.184560059213109,27.0,1.0,10.488372093023257,6.706755180636757,6.112785278540935,16.0,1.0,1.8604651162790695,1.729910829774903,0.7339411087469533,4.0,1.0,2.6188372093023258,2.5776733665363745,0.4724562699208899,3.44,1.88,102.37674418604648,75.21743435778481,52.7890485348394,153.9,7.0,1478.6527906976746,214.0079039143321,1769.6252638056424,3823.15,14.009999999999993,1754.4644186046512,287.5058844618475,2022.1439035493663,4300.15,20.279999999999973,1409.7346000000005,15.574396173186663,2306.6531838609367,8900.0,0.0899,1207.7627906976738,1193.9088323705134,170.99430294230163,1402.3,760.4,-0.4557340666665179
ETEKAQ_FSR,5.653846153846154,3.370049777802348,8.664437962562868,64.0,1.0,9.557692307692308,5.26356524899779,6.8287104919046415,19.0,1.0,1.6923076923076923,1.5646767771850327,0.7730673554708377,6.0,1.0,2.5965384615384624,2.546971015959268,0.506746350658123,3.44,1.2,112.33076923076922,98.4337913006054,43.295294372401486,153.9,7.0,1373.3173076923074,151.24225958943143,1795.2147190325766,3823.15,14.009999999999993,1586.1330769230772,206.51924305227251,2031.2134188957275,4300.15,20.279999999999973,934.6349807692308,7.415301047146411,1447.400948488645,7901.0,0.0899,1223.9980769230767,1213.949200692491,141.78347181853448,1402.3,593.4,-0.09326122166670332
ETEKEU_FSR,5.730769230769231,3.373981068891664,9.18425782063942,68.0,1.0,9.557692307692308,5.26356524899779,6.8287104919046415,19.0,1.0,1.6923076923076923,1.5646767771850327,0.7730673554708377,6.0,1.0,2.5973076923076923,2.548577574901037,0.5046518807158645,3.44,1.24,112.33076923076922,98.4337913006054,43.295294372401486,153.9,7.0,1376.855769230769,151.5618184918181,1795.8119735194848,3823.15,14.009999999999993,1578.7869230769234,206.0639477646111,2024.875544139915,4300.15,20.279999999999973,957.0388269230772,7.434940740164598,1559.7162544569894,9066.0,0.0899,1223.9192307692306,1213.7873519935426,142.13483175987608,1402.3,589.3,-0.22644409600005697
ETESIG_FSR,5.605263157894737,3.373133316891076,7.591683377861281,48.0,1.0,9.289473684210526,5.1980592657658855,6.55506190398664,16.0,1.0,1.7105263157894737,1.5810746755741734,0.7401242689697493,5.0,1.0,2.5189473684210526,2.4879965920608407,0.4105278340052897,3.44,1.69,112.1842105263158,0.0,47.87806621383879,200.0,0.0,1644.8248684210528,213.7506303460348,1860.3014403737263,3823.15,14.009999999999993,1868.887105263158,282.96132370379127,2080.787627691682,4300.15,20.279999999999973,1205.2529092105267,15.210936009238996,1648.4825382420372,8650.0,0.0899,1205.042105263158,1197.8026958806854,129.4972294594488,1402.3,867.8,0.118125047142647
EVUQOC_FSR,5.702127659574468,3.5016130798507747,8.06862822482927,57.0,1.0,9.829787234042554,5.581780817481711,6.713971298198146,19.0,1.0,1.7234042553191489,1.5933028089935335,0.7909629912953662,6.0,1.0,2.583829787234043,2.533523825010029,0.4997938008499503,3.44,1.1,113.59148936170212,98.7388446500828,44.079188073126495,153.9,7.0,1507.803617021277,182.6965220282016,1831.770334043726,3823.15,14.009999999999993,1754.2889361702123,248.39189043700543,2074.4539522396485,4300.15,20.279999999999973,996.657261702128,10.484767546729968,1329.084070091983,6146.0,0.0899,1213.378723404255,1201.382196977454,151.12605973254645,1402.3,538.1,0.5309280899999749
EWUCOP_FSR,6.681818181818182,5.042659074443199,5.388424998730348,29.0,1.0,12.045454545454543,8.891443466514783,5.3127400286076725,16.0,1.0,1.9090909090909087,1.8196189489943333,0.5961307749365454,4.0,1.0,2.707727272727273,2.670499229175715,0.4519647192403589,3.44,1.9,108.48636363636363,74.47548442560876,56.07641130599102,153.9,7.0,1649.7163636363634,288.276934104823,1828.3889247828529,3823.15,14.009999999999993,1922.1845454545453,380.1120083156569,2058.600517316927,4300.15,20.279999999999973,1332.3218000000002,25.55235598327959,1990.8680624733524,8960.0,0.0899,1210.763636363636,1198.503350017734,163.16913574418456,1402.3,745.5,-0.29412190333325344
EXUHEM_FSR,4.8,2.94421465482238,6.473442248561004,48.0,1.0,8.50909090909091,4.4789783540476,6.635641305645602,16.0,1.0,1.6181818181818182,1.5028191654606762,0.6739546542854777,5.0,1.0,2.482,2.4565227130012555,0.3706034391245028,3.44,1.69,104.09090909090912,0.0,49.002843230042274,153.9,0.0,1554.7520000000002,174.19657635081612,1853.739492059129,3823.15,14.009999999999993,1760.011090909091,228.12225223946692,2078.4020720506087,4300.15,20.279999999999973,1061.5068654545455,9.441317253851317,1508.8580222668334,8650.0,0.0899,1220.4290909090903,1213.546273184751,127.02628313961036,1402.3,867.8,-0.18506453666661093
EZABEN_FSR,7.450980392156863,3.7330314175024815,10.906579639418954,48.0,1.0,9.254901960784316,5.0865687240345805,6.700433516132653,17.0,1.0,1.843137254901961,1.6471970739294928,0.9776432048876792,5.0,1.0,2.538627450980392,2.49993713185515,0.4428916550015062,3.44,1.69,92.32941176470588,0.0,84.1523578459126,349.0,0.0,965.86,110.5349533205232,1590.5474635101057,3823.15,14.009999999999993,1115.2282352941177,147.54279888795705,1782.1151137735246,4300.15,20.279999999999973,1041.1384117647065,4.649260080076138,2125.827744829692,8650.0,0.0899,1248.7862745098034,1239.2243864573102,146.8052812262715,1402.3,867.8,-0.2894328771428637
EZEQEH_FSR,5.178571428571429,3.901888352219418,2.916132118168216,12.0,1.0,10.25,6.30821707621641,6.333724925237236,16.0,1.0,1.75,1.664601949846466,0.5088502445991074,3.0,1.0,2.5821428571428577,2.534157499195101,0.4887765859985604,3.44,1.31,117.68214285714286,0.0,47.05089230648804,153.9,0.0,1824.052857142857,296.1863958567759,1868.213947985878,3823.15,14.009999999999993,2069.855357142857,388.1544081124604,2090.2367837374686,4300.15,20.279999999999973,1111.6826857142858,25.42217449270825,1115.0909766822376,2260.0,0.0899,1190.357142857143,1180.649675606522,144.51029481017073,1402.3,737.7,-0.37570783714272693
EZEQUX_FSR,4.7631578947368425,3.465981791145479,2.9238961977247504,12.0,1.0,9.552631578947368,5.50807330392308,6.5119217327713335,16.0,1.0,1.6842105263157894,1.594703804319968,0.5183609369366371,3.0,1.0,2.540526315789474,2.501025506616655,0.4462530988742236,3.44,1.31,112.67631578947368,0.0,48.28732771655044,153.9,0.0,1749.9784210526311,249.1480409894469,1870.7281965651296,3823.15,14.009999999999993,1982.5081578947368,324.96749907414846,2095.830966487687,4300.15,20.279999999999973,1057.074097368421,17.921738304368983,1116.720325526084,2260.0,0.0899,1201.0078947368422,1192.109849091729,139.78080280356804,1402.3,737.7,-0.34411813857153506
EZUCIM_FSR,5.333333333333333,3.62663582841243,4.944132324730443,30.0,1.0,9.944444444444445,5.915596193018105,6.36808206101354,16.0,1.0,1.7222222222222223,1.618261150231923,0.6060395619242064,4.0,1.0,2.5616666666666665,2.528390100552122,0.4217654693204637,3.44,1.65,104.83611111111112,0.0,53.472283333298414,153.9,0.0,1629.9902777777777,222.29625449146636,1856.744283818208,3823.15,14.009999999999993,1849.8944444444444,289.78738964450383,2079.179978768933,4300.15,20.279999999999973,1140.3277444444443,15.271361473958052,1497.971864019268,7140.0,0.0899,1217.0194444444444,1209.5598356777923,132.82495753485412,1402.3,906.4,-0.36418757166662385
EZULAO_FSR,5.6571428571428575,3.4252113189186444,7.756813989345506,48.0,1.0,9.428571428571429,5.341352343474465,6.525929443538356,16.0,1.0,1.7142857142857142,1.5870425435124502,0.7395530917454164,5.0,1.0,2.5365714285714285,2.5025093912792755,0.4318196902619879,3.44,1.69,113.34,0.0,45.98808044327513,153.9,0.0,1670.3114285714291,218.9133888346392,1866.8070250535773,3823.15,14.009999999999993,1895.2757142857145,289.86754865081804,2089.298362750089,4300.15,20.279999999999973,1215.9875628571433,15.356205606254438,1687.640876866354,8650.0,0.0899,1205.5171428571423,1198.4469067607272,127.7708405940982,1402.3,867.8,-0.35035931750005034
FAFMAC_FSR,4.930232558139535,2.692339227243655,7.318010114706045,47.0,1.0,7.627906976744186,3.694269609061612,6.830244831370466,16.0,1.0,1.5813953488372092,1.4466524717617295,0.7542918483826444,5.0,1.0,2.496976744186046,2.46610265542471,0.4128265297255175,3.44,1.93,94.53953488372092,72.76107980589094,49.33766493439892,200.0,7.0,946.4572093023256,83.72091779789872,1594.7462426665843,3823.15,14.009999999999993,1101.127441860465,114.92161286559612,1799.825790334698,4300.15,20.279999999999973,815.4406697674422,2.757659067585159,1780.8094989508902,10490.0,0.0899,1249.4581395348837,1240.6579846863465,137.77706332308733,1402.3,731.0,-0.09324420599996304
FAGXIX_FSR,5.008849557522124,3.2949877723131946,4.934070776619901,30.0,1.0,9.27433628318584,5.202280882013851,6.527339085180984,16.0,1.0,1.672566371681416,1.5648427609897384,0.6160461693436147,4.0,1.0,2.5161946902654866,2.484604695094917,0.4141102383778126,3.44,1.65,113.45486725663716,0.0,45.70953307968603,153.9,0.0,1723.849734513274,229.119597079146,1873.2593209241304,3823.15,14.009999999999993,1955.005044247788,301.35416930291007,2097.198677386172,4300.15,20.279999999999973,1189.8019884955754,16.221540405395565,1482.502018129136,7140.0,0.0899,1204.0858407079647,1197.4966402721438,124.25429809859548,1402.3,906.4,-0.5024046837499441
FALDAA_FSR,4.89908256880734,3.029652810613374,6.491978047932213,48.0,1.0,8.715596330275229,4.657625431587504,6.626457593671032,16.0,1.0,1.6330275229357798,1.5180688384170988,0.6726716616448939,5.0,1.0,2.4943119266055045,2.466753246948105,0.3884770711533493,3.44,1.69,110.15779816513762,0.0,45.88703579299409,153.9,0.0,1638.104128440367,194.142361645365,1868.701976307958,3823.15,14.009999999999993,1854.332752293578,255.2730889987971,2094.321007578172,4300.15,20.279999999999973,1112.70512293578,11.625618170227582,1513.366578856578,8650.0,0.0899,1212.189908256881,1205.5887790238942,124.16809111959952,1402.3,867.8,-0.309141301666538
FAMQES_FSR,5.945454545454545,4.173531266669318,5.192365660951164,29.0,1.0,10.818181818181818,6.973992312311003,6.09945126918184,16.0,1.0,1.8,1.6977645114372446,0.614964891828646,4.0,1.0,2.6429090909090918,2.603455662119865,0.4708432386388285,3.44,1.9,122.33454545454546,108.97613203623608,40.79527699125707,153.9,7.0,1735.7380000000005,272.0972264024083,1852.8908406589464,3823.15,14.009999999999993,2007.560363636364,365.4750795905513,2081.592776958822,4300.15,20.279999999999973,1312.3817909090906,22.87466927157185,1850.8798874377549,8960.0,0.0899,1196.6981818181816,1187.0127432988209,144.43645912292,1402.3,745.5,-0.21997055999963777
FASHAK_FSR,7.339285714285714,4.686951129673285,10.273538800714965,59.0,1.0,11.767857142857142,7.987372235791826,6.029662012052734,19.0,1.0,1.9107142857142856,1.7708756943488615,0.8919638388387272,6.0,1.0,2.688214285714286,2.621210850178549,0.5672808171533777,3.44,1.13,127.44642857142856,121.0005920193972,35.54041946595913,153.9,50.0,1701.401428571428,275.0739704806993,1849.913758244102,3823.15,14.009999999999993,2002.281964285714,381.1560952287529,2090.8619098287973,4300.15,20.279999999999973,1206.168958928571,23.887306878092588,1519.4594645131704,6640.0,0.0899,1187.8982142857142,1171.8596643470964,168.5254956242012,1313.9,527.0,0.13423639000018278
FATLUJ_FSR,5.169014084507042,3.4259465146414505,4.898938992610825,29.0,1.0,9.507042253521126,5.41685052938909,6.525946565493731,16.0,1.0,1.6901408450704225,1.5822437083294234,0.6187572573658815,4.0,1.0,2.563380281690141,2.5301655242514087,0.4301782914421526,3.44,1.9,111.03943661971832,92.27953120343818,46.36978277512394,153.9,7.0,1563.2640845070423,196.13258977906787,1836.615277647704,3823.15,14.009999999999993,1801.2828169014083,261.3560716073517,2067.8162038200585,4300.15,20.279999999999973,1143.98425915493,12.012516240933405,1722.503621316152,8960.0,0.0899,1213.7394366197182,1204.5996985764398,141.4683177380231,1402.3,745.5,-0.3044193566665285
FAVGIV_FSR,6.25,3.602136926328273,9.852735096859597,62.0,1.0,9.944444444444445,5.628990263554453,6.802550356890031,19.0,1.0,1.75,1.6053808851419724,0.8620067027323833,6.0,1.0,2.607777777777778,2.5497198989540197,0.5402062934714595,3.44,1.17,118.5027777777778,111.37068454668292,38.25715246207137,153.9,50.0,1436.718888888889,169.56966189940096,1806.957555717741,3823.15,14.009999999999993,1640.3886111111108,231.79066434028135,2026.9320595150043,4300.15,20.279999999999973,1020.750825,9.540182347729049,1518.0018536884877,7353.0,0.0899,1209.725,1196.4791648378025,155.77544981122313,1313.9,544.5,-0.41527816714269
FAVGUH_FSR,6.277777777777778,3.6037382660627193,10.010025838325824,63.0,1.0,9.944444444444445,5.628990263554453,6.802550356890031,19.0,1.0,1.75,1.6053808851419724,0.8620067027323833,6.0,1.0,,,,,,118.5027777777778,111.37068454668292,38.25715246207137,153.9,50.0,1429.7744444444445,168.6039244093873,1807.7763368545784,3823.15,14.009999999999993,1632.7219444444445,230.87404179177116,2025.7909866228376,4300.15,20.279999999999973,962.1674916666666,9.451023556870288,1297.120404017969,5244.0,0.0899,1209.7972222222222,1196.637498045954,155.467312545312,1313.9,547.1,-0.36998753833322934
FAVHES_FSR,6.333333333333333,3.6068681240591833,10.32526566782236,65.0,1.0,9.944444444444445,5.628990263554453,6.802550356890031,19.0,1.0,1.75,1.6053808851419724,0.8620067027323833,6.0,1.0,,,,,,118.5027777777778,111.37068454668292,38.25715246207137,153.9,50.0,1444.607777777778,170.4743320539844,1807.160497703989,3823.15,14.009999999999993,1680.0274999999997,235.18360952546132,2048.900490842419,4300.15,20.279999999999973,1044.8063805555555,9.569733726920152,1621.491477868871,8219.0,0.0899,1210.3166666666666,1197.7551824368395,153.26793623513623,1313.9,565.8,-0.3029874449999662
FAZPED_FSR,6.8125,4.620099194746104,6.131055679897223,27.0,1.0,10.9375,7.280629919674913,5.947360233750769,17.0,1.0,1.90625,1.77864683266626,0.7228145941387736,4.0,1.0,2.6275,2.590163192470284,0.4481419975855866,3.44,1.88,109.51875,75.62550612832761,69.03061113330448,349.0,7.0,1569.765,252.0101152724937,1792.869344040441,3823.15,14.009999999999993,1848.4765625,332.8428739332478,2039.9193302426345,4300.15,20.279999999999973,1404.2470062500004,19.655682565611592,2212.2536405329,8900.0,0.0899,1205.409375,1192.2446575381236,167.67152478763165,1402.3,760.4,-0.08706191166667543
FEQSIF_FSR,5.495495495495495,3.5895730934750265,5.072224086819966,27.0,1.0,9.675675675675675,5.519091944200086,6.647037085870656,16.0,1.0,1.7117117117117118,1.5973447022699865,0.6491489562036692,4.0,1.0,2.64027027027027,2.59301071600404,0.5159971706386907,3.44,1.88,117.93783783783783,111.17366905390044,37.61721633367392,153.9,63.7,1357.9734234234234,156.43962251605203,1772.459333382966,3823.15,14.009999999999993,1580.404054054054,217.2642996959004,2009.3480404979452,4300.15,20.279999999999973,1074.4726666666672,8.418477875084054,1844.5749621930197,8900.0,0.0899,1217.4693693693691,1208.552961494279,137.7658718919924,1313.9,760.4,-0.24408110833337557
FIBHIJ_FSR,5.461538461538462,3.263421277429313,6.362333686692988,29.0,1.0,8.73076923076923,4.806577390475497,6.415472236996169,15.0,1.0,1.7115384615384617,1.5733571020626105,0.7425667144733779,4.0,1.0,2.4465384615384616,2.4267099601308124,0.3163547462008227,3.04,1.9,96.5,69.64528917288781,52.47921200158872,153.9,7.0,1564.1330769230772,198.81703609610148,1811.7003391942849,3823.15,14.009999999999993,1837.5617307692305,260.0615413815199,2049.4446643333195,4300.15,20.279999999999973,1386.3826134615383,12.897395439500722,2161.951849791557,8960.0,0.0899,1206.478846153846,1193.209871858935,167.90561375200613,1402.3,745.5,-0.2088213816666287
FIFPAM_FSR,5.1875,3.395915266299093,4.952508833914383,28.0,1.0,9.375,5.280772575758421,6.570530800475712,16.0,1.0,1.6875,1.5759808451078865,0.6343057228182637,4.0,1.0,2.5684375,2.533145999330946,0.4440376488472007,3.44,1.91,110.98125,93.5806218407216,45.32134870497016,153.9,7.0,1505.450625,181.43596927607777,1819.0429435316005,3823.15,14.009999999999993,1738.665,243.0831235095928,2056.7728852941564,4300.15,20.279999999999973,1126.21018125,10.451618482231902,1768.266254714223,8908.0,0.0899,1215.4125,1205.8671301689865,143.45149387075062,1402.3,737.1,0.4121967799999595
FIHFAF_FSR,5.739495798319328,3.8586695299449545,5.209013172682098,27.0,1.0,10.092436974789916,6.10160827052268,6.35899626961301,16.0,1.0,1.7647058823529411,1.650255121736785,0.6572911350260897,4.0,1.0,2.6218487394957983,2.5851012310418087,0.4454927710446408,3.44,1.88,90.59915966386554,58.83185954456499,56.29911188725658,153.9,7.0,1255.57756302521,152.79709925904666,1725.67685941272,3823.15,14.009999999999993,1469.3415966386551,202.55076451716957,1966.6541492749752,4300.15,20.279999999999973,1058.1172117647063,7.6917305506907505,1937.4457705820864,8900.0,0.0899,1240.5579831932769,1229.11484544993,157.62436013147482,1402.3,760.4,-0.1693438833332455
FIJCUX01_FSR,5.173333333333333,3.132378944123331,5.804304915797888,30.0,1.0,8.72,4.618631001586293,6.712297172602934,16.0,1.0,1.653333333333333,1.5297896935239916,0.6829999186595039,4.0,1.0,2.5201333333333333,2.4800452821717918,0.4657395361739816,3.44,1.65,107.16,0.0,46.59548189828424,153.9,0.0,1369.5008000000005,148.2293386502174,1792.03121803296,3823.15,14.009999999999993,1563.0804,201.09415911738327,2006.101187829062,4300.15,20.279999999999973,1069.367024,7.905117702691456,1632.8726853482167,7140.0,0.0899,1220.3146666666669,1213.3532759962343,126.57156362399188,1402.3,906.4,-0.19242179600018966
FIJFUA_FSR,5.421875,3.414183476015211,7.976145465346968,65.0,1.0,9.703125,5.5581957809051294,6.575712146556827,19.0,1.0,1.703125,1.5859969966644245,0.7219696907592451,6.0,1.0,,,,,,119.02187500000002,108.75683699587364,40.94458705353341,153.9,7.0,1831.2903125000005,259.50151168678184,1881.455655249056,3823.15,14.009999999999993,2091.6203125,341.0342411938444,2118.030763271016,4300.15,20.279999999999973,1188.0496828125,19.086918507777582,1427.6642309428876,8219.0,0.0899,1196.3156250000002,1186.7902821551606,138.85719644965968,1402.3,565.8,-0.3382656585715072
FIMXUW_FSR,7.795454545454546,4.715065038859466,11.077371581608372,57.0,1.0,11.704545454545457,7.703932026609046,6.2906118558262,19.0,1.0,1.9318181818181817,1.7679086735195424,0.9862169978975968,6.0,1.0,2.720227272727273,2.637500557833672,0.6206868945566517,3.44,1.1,124.12045454545456,117.25642618334444,36.43841366885336,153.9,48.0,1380.983181818182,190.6121694702681,1772.4330824087967,3823.15,14.009999999999993,1673.7188636363635,274.73532202598847,2034.799760794229,4300.15,20.279999999999973,1050.3602931818182,12.896447371864095,1534.5814350845162,6146.0,0.0899,1200.638636363636,1182.078693324943,179.3292036450245,1313.9,538.1,-0.4655402866666236
FIPJAR01_FSR,6.137931034482759,3.690816457693239,8.377820216586809,48.0,1.0,9.862068965517242,5.763257211962603,6.484592550574623,16.0,1.0,1.7586206896551724,1.6253564466869024,0.7725985000830373,5.0,1.0,2.586896551724138,2.546546128797197,0.4685200724237666,3.44,1.69,108.27241379310344,0.0,50.197595055400974,153.9,0.0,1489.286896551724,187.84540456451808,1827.3591292223969,3823.15,14.009999999999993,1694.8472413793104,251.39543264353756,2044.6751831152944,4300.15,20.279999999999973,1155.8808965517244,12.04125572994102,1783.645575757345,8650.0,0.0899,1217.7034482758618,1209.9810473191585,133.27819875722912,1402.3,867.8,-0.28804146166670347
FIPWOS_FSR,5.103448275862069,3.1799389357047767,5.4730992769728255,30.0,1.0,8.89655172413793,4.782904111906093,6.676488998775695,16.0,1.0,1.6551724137931034,1.537610033259583,0.6578891044254798,4.0,1.0,2.5337931034482755,2.497287429250501,0.4397915947912025,3.44,1.65,93.43793103448276,0.0,53.63195402249583,153.9,0.0,1230.548275862069,129.5003011333441,1743.3830400532477,3823.15,14.009999999999993,1403.6224137931035,172.65934443297562,1954.0687216335525,4300.15,20.279999999999973,947.9437862068966,5.893074676699332,1563.4696963492645,7140.0,0.0899,1240.6827586206896,1233.187486636652,132.26051635122803,1402.3,906.4,-0.3657534214285891
FIPXEJ_FSR,5.103448275862069,3.1799389357047767,5.473099276972824,30.0,1.0,8.89655172413793,4.782904111906095,6.676488998775696,16.0,1.0,1.6551724137931034,1.5376100332595832,0.65788910442548,4.0,1.0,2.5337931034482755,2.4972874292505005,0.4397915947912025,3.44,1.65,93.43793103448276,0.0,53.63195402249583,153.9,0.0,1230.548275862069,129.50030113334432,1743.383040053248,3823.15,14.009999999999993,1403.6224137931035,172.6593444329753,1954.068721633553,4300.15,20.279999999999973,947.9437862068968,5.893074676699331,1563.4696963492645,7140.0,0.0899,1240.6827586206894,1233.1874866366552,132.26051635122803,1402.3,906.4,-0.3856306899998998
FIQYOU_FSR,8.0,5.389085681370951,6.912147117775907,26.0,1.0,11.333333333333334,7.766098376932196,6.018490028422596,16.0,1.0,2.0,1.8517494245745807,0.816496580927726,4.0,1.0,2.7877777777777784,2.7168636454832784,0.6167077063420955,3.44,1.83,114.78888888888888,97.26268031916256,46.13047786067602,153.9,15.7,1078.3188888888892,153.39810274455178,1565.6272503195676,3823.15,14.009999999999993,1348.4455555555555,226.69698698035975,1840.1126272179408,4300.15,20.279999999999973,1377.7662000000005,10.343640039191843,2475.0067759181334,7874.0,0.0899,1201.6777777777772,1185.288376571192,180.7780270434668,1313.9,762.5,-0.1928912133333256
FIVNAZ_FSR,10.0,4.975046266547616,16.102351203650798,67.0,1.0,11.714285714285714,7.227910217270053,6.870522660806313,19.0,1.0,2.0,1.7746042410962766,1.1952286093343936,6.0,1.0,2.8392857142857144,2.723556713005206,0.7492039993573586,3.98,1.23,130.21428571428572,116.58814091522562,65.76969403198729,328.0,50.0,702.2957142857141,87.0497397072119,1347.0104210314585,3823.15,14.009999999999993,877.2214285714284,130.7613443409798,1583.547159083308,4300.15,20.279999999999973,951.830685714286,3.505852353367191,2312.7518704726667,8795.0,0.0899,1254.7428571428572,1227.2197138092386,227.77602317780045,1681.0,581.0,-0.3165814859999898
FIVYUF_FSR,4.761904761904762,2.657619365419242,7.580707102995469,50.0,1.0,7.714285714285714,3.7957750821402847,6.737548354047579,16.0,1.0,1.5714285714285714,1.445405689698549,0.7284313590846836,5.0,1.0,2.4573809523809524,2.431982995575774,0.3769808604703926,3.44,1.96,107.5142857142857,96.68940071567962,41.45266130481493,153.9,7.0,1391.166428571429,133.50775491229726,1814.2158648216528,3823.15,14.009999999999993,1624.8009523809526,183.97274842585696,2040.097790968212,4300.15,20.279999999999973,981.4013071428571,6.079311181585358,1460.5761406042045,7310.0,0.0899,1219.428571428571,1210.767242612059,135.84796524005776,1402.3,708.6,-0.3310354528571549
FOHCIP_FSR,9.625,4.698531771238943,15.292461378077762,80.0,1.0,10.375,6.313503777024663,6.392133837772798,16.0,1.0,2.03125,1.8043267753039465,1.1035277239380985,6.0,1.0,2.5478125,2.5159206666359046,0.4067918261761781,3.44,1.69,96.35,0.0,67.42351221940311,200.0,0.0,1049.8525,152.89857991055533,1607.6462567018596,3823.15,14.009999999999993,1243.4428125,214.73790141583555,1785.793239330624,4300.15,20.279999999999973,1503.6019687500002,15.965153682907752,2749.276412651518,13534.0,0.0899,1210.215625,1199.373611416229,158.5938762006887,1402.3,867.8,-0.29422261200001
FOHSAW01_FSR,6.285714285714286,3.591822175946367,7.381720390150751,38.0,1.0,9.085714285714284,4.7961851757067,7.03611673975853,16.0,1.0,1.7428571428571429,1.5870425435124504,0.8398250546685182,5.0,1.0,2.6765714285714286,2.590286886204256,0.6418987141159214,3.44,0.95,111.218,99.23914509192062,39.42471942467424,153.9,5.03,760.7540000000002,78.97839643621026,1430.023965791583,3823.15,14.009999999999993,917.124857142857,115.89885624166578,1643.2661471634926,4300.15,20.279999999999973,717.6524457142858,2.658527631812116,1680.8935932183877,8908.0,0.0899,1235.8371428571425,1219.4753767922602,170.2130901222923,1313.9,549.5,-0.08188021500001236
FOJKIA_FSR,5.076923076923077,3.7525358785833767,2.999013644556604,12.0,1.0,9.923076923076923,5.917275395214087,6.456499866997937,16.0,1.0,1.7307692307692308,1.641262785745889,0.5231334811052093,3.0,1.0,2.5657692307692312,2.5158775780284124,0.4989078308351544,3.44,1.31,120.54615384615386,0.0,43.06099636891863,153.9,0.0,1814.8953846153845,284.892755980147,1866.98598282042,3823.15,14.009999999999993,2060.7092307692305,376.50790487626045,2088.319971191276,4300.15,20.279999999999973,1110.2255461538462,24.01934405488394,1113.9713162343185,2260.0,0.0899,1186.1999999999998,1176.617594389327,142.58262112247007,1313.9,737.7,-0.14793350714283598
FOKWIN_FSR,5.23943661971831,3.594512208863886,4.5547213972477305,27.0,1.0,9.80281690140845,5.798540246565321,6.376938464321459,16.0,1.0,1.7183098591549295,1.6134410251356648,0.6093889479657447,4.0,1.0,2.5733802816901408,2.5448632247559866,0.3901785205787825,3.44,1.88,90.11408450704226,57.803685432771054,57.06320512459365,153.9,7.0,1418.020985915493,175.37528049277248,1795.8454672085222,3823.15,14.009999999999993,1633.6553521126762,226.83278691707383,2032.8827037068588,4300.15,20.279999999999973,1046.8716845070426,9.316808640796092,1712.8276201910496,8900.0,0.0899,1237.5169014084504,1227.3573799015755,150.88342107930848,1402.3,760.4,0.006009257500124925
FONKEA_FSR,6.676056338028169,4.011879698274837,9.095385996171975,48.0,1.0,10.338028169014084,6.32746339325664,6.326656465098727,16.0,1.0,1.816901408450704,1.6771328369195777,0.8103183021770437,5.0,1.0,2.605774647887324,2.5610846774258853,0.4945695581088413,3.44,1.69,119.36056338028168,0.0,43.3972397346192,153.9,0.0,1657.2250704225353,238.8194403380657,1856.13555883114,3823.15,14.009999999999993,1887.5367605633803,322.42508421228484,2073.186834732756,4300.15,20.279999999999973,1320.7724197183102,19.693885732751305,1890.8240551599304,8650.0,0.0899,1198.377464788732,1190.921097995,130.0536435336958,1313.9,867.8,-0.4117898133334468
FUDQIF_FSR,6.5,4.377490704132235,5.641048534752079,30.0,1.0,11.0,6.896379426129585,6.442049363362563,17.0,1.0,1.8214285714285716,1.7063238859562262,0.6575697371257846,4.0,1.0,2.771071428571429,2.6868317489820472,0.7089697721025221,3.98,1.65,140.82857142857145,0.0,110.21312748210966,328.0,0.0,1201.8075000000006,156.80218833332546,1688.735893174928,3823.15,14.009999999999993,1419.155714285714,213.60885710044545,1918.6163343585265,4300.15,20.279999999999973,984.4964,9.557455136404576,1582.6153203072397,7140.0,0.0899,1306.2892857142856,1282.4884725726497,246.1222712092591,1681.0,786.5,-0.3675857400000066
FUNBAS_FSR,5.219512195121951,3.6499793596719,4.667020750851196,30.0,1.0,10.048780487804878,6.1302374663732975,6.203662252416576,16.0,1.0,1.7317073170731707,1.6327648992865695,0.5853658536585366,4.0,1.0,2.5158536585365856,2.489691935962771,0.3749209712482579,3.44,1.65,119.590243902439,0.0,45.039455899748496,153.9,0.0,2079.672195121951,370.36628910920393,1878.8576115619967,3823.15,14.009999999999993,2353.3036585365858,474.1025831658778,2102.1793771119787,4300.15,20.279999999999973,1387.0277,37.976998405590734,1435.347585803694,7140.0,0.0899,1183.4951219512195,1177.1566060833702,122.4079284679485,1402.3,906.4,-0.27675308142862115
FURFOP_FSR,5.190476190476191,3.363347543863122,5.043799093644805,30.0,1.0,9.333333333333334,5.220009627139153,6.577981549825241,16.0,1.0,1.6904761904761905,1.5765651852347395,0.6357633296580327,4.0,1.0,2.5273809523809527,2.496816398304287,0.4046812944940482,3.44,1.65,105.2190476190476,0.0,53.11640065121686,200.0,0.0,1498.742857142857,185.26138021008623,1826.9389780284005,3823.15,14.009999999999993,1707.031904761905,245.10327227876252,2043.838579845052,4300.15,20.279999999999973,1077.9085333333333,11.840149965355245,1445.3831976306144,7140.0,0.0899,1217.7809523809524,1210.344376524494,132.33222124654807,1402.3,906.4,-0.0424625400000877
FURSES_FSR,6.8,4.511690614515664,6.508456038109193,29.0,1.0,10.933333333333334,7.096399994344327,6.109737219299116,16.0,1.0,1.8666666666666667,1.7411011265922482,0.7180219742846006,4.0,1.0,2.686333333333333,2.6389943282256016,0.5090021829248105,3.44,1.9,107.31,80.37622386942097,50.82737025133867,153.9,7.0,1262.4040000000002,171.81624004372276,1707.473546697186,3823.15,14.009999999999993,1515.8359999999998,238.14500771567444,1946.3576394873237,4300.15,20.279999999999973,1275.8575400000004,10.961352516493976,2292.7221575215017,8960.0,0.0899,1219.0666666666664,1205.029787624037,170.59115321597295,1402.3,745.5,-0.4395067771428671
GACPUX_FSR,5.298245614035087,3.4253028608313847,5.432084386474403,30.0,1.0,9.43859649122807,5.372621174381874,6.49430936824802,16.0,1.0,1.7017543859649122,1.5874010519681996,0.647936326758575,4.0,1.0,2.522982456140351,2.4881224580631423,0.4338281853787914,3.44,1.65,114.23333333333332,0.0,45.63708607844057,153.9,0.0,1715.0907017543857,233.8544153680201,1867.2435638445263,3823.15,14.009999999999993,1948.9349122807016,309.4228485898316,2088.572688410044,4300.15,20.279999999999973,1242.0100157894738,17.55197113204071,1576.8147548294792,7140.0,0.0899,1200.715789473684,1193.907704896481,125.8350309486608,1402.3,906.4,-0.5018759271428215
GACVIS_FSR,6.775510204081633,4.670243430680361,6.038195791224493,28.0,1.0,11.224489795918368,7.506425009865468,5.997500520616387,16.0,1.0,1.8775510204081636,1.7609165369106556,0.6890588986177196,4.0,1.0,2.7157142857142857,2.664457441357927,0.5350338535922712,3.44,1.91,127.26122448979592,122.11126955978072,32.60284084483568,153.9,72.8,1531.5687755102042,230.60331890184364,1790.9473197389516,3823.15,14.009999999999993,1809.1532653061224,321.9929883996796,2035.6736381018463,4300.15,20.279999999999973,1376.0804653061225,18.55006337880143,2200.222390739133,8908.0,0.0899,1194.5857142857142,1182.2811447563852,158.5246185735123,1313.9,737.1,-0.10630450999988736
GADDOH_FSR,6.637931034482759,3.937000827869003,8.13824151950079,57.0,1.0,10.258620689655173,5.914975288324958,6.804056459524679,19.0,1.0,1.827586206896552,1.673667236645386,0.8333135154203153,6.0,1.0,2.622413793103448,2.573821187648861,0.4928814306071354,3.44,1.1,137.22413793103448,112.46389895975112,83.0113293272107,349.0,7.0,1372.1551724137933,176.5150651104284,1784.8186709813388,3823.15,14.009999999999993,1595.6444827586208,239.79965281751268,2019.5420960345853,4300.15,20.279999999999973,885.9042241379311,8.729725843761813,1275.80586146596,6146.0,0.0899,1218.01724137931,1207.7580899394277,140.3288442563433,1402.3,538.1,-0.2865645157143198
GADMAA01_FSR,6.792079207920792,3.858704462945832,9.666023818974049,64.0,1.0,10.11881188118812,5.740044759422406,6.871215795560912,19.0,1.0,1.7821782178217822,1.629752313025762,0.8629211314653833,6.0,1.0,2.689009900990099,2.617771132628194,0.605657330412312,3.44,1.2,113.76633663366334,0.0,41.35508702945032,153.9,0.0,984.99900990099,106.54910444300629,1602.5642429337154,3823.15,14.009999999999993,1166.0339603960394,154.08510396068235,1823.3340907304837,4300.15,20.279999999999973,906.1057465346536,4.68819478989189,1772.8678053788,7901.0,0.0899,1232.8158415841583,1222.084633837079,144.65933812056468,1313.9,593.4,0.4084157939998022
GAJZAU_FSR,6.0625,3.0638874776535063,10.145619436485877,59.0,1.0,8.5625,4.242125452084776,7.167363096006787,19.0,1.0,1.6875,1.51472947448703,0.9499177595981664,6.0,1.0,2.5403125,2.4785679799919818,0.5524178919475273,3.44,1.13,102.634375,90.95533187059154,41.446121722778535,153.9,7.0,904.396875,85.5415149738949,1558.4459429156452,3823.15,14.009999999999993,1100.97375,123.31155553471102,1800.3661367513375,4300.15,20.279999999999973,759.237578125,3.1738105790738405,1422.146381566988,6640.0,0.0899,1231.9968750000005,1216.6147127266768,164.4745563232635,1402.3,527.0,-0.478065245714382
GAJZIC_FSR,6.15625,3.068639892311584,10.636345045996768,62.0,1.0,8.5625,4.242125452084776,7.167363096006787,19.0,1.0,1.6875,1.51472947448703,0.9499177595981664,6.0,1.0,2.5415624999999995,2.481263812296674,0.5492614892687725,3.44,1.17,102.634375,90.95533187059154,41.446121722778535,153.9,7.0,908.803125,85.83803237663592,1559.486196673518,3823.15,14.009999999999993,1054.505,121.24764044503262,1754.8303073659283,4300.15,20.279999999999973,781.518828125,3.183942885408964,1516.559225080682,7353.0,0.0899,1232.5437500000005,1217.8573353870083,162.14209998004063,1402.3,544.5,-0.47255949142853687
GAJZOI_FSR,6.21875,3.0716859444452247,10.965099107509245,64.0,1.0,8.5625,4.242125452084776,7.167363096006787,19.0,1.0,1.6875,1.51472947448703,0.9499177595981664,6.0,1.0,2.5424999999999995,2.4832277191212926,0.546940353237901,3.44,1.2,102.634375,90.95533187059154,41.446121722778535,153.9,7.0,916.334375,86.28124975045499,1562.1549167554924,3823.15,14.009999999999993,1099.72375,123.2680592406021,1798.669292348079,4300.15,20.279999999999973,798.643828125,3.191102949437487,1591.890808971846,7901.0,0.0899,1234.071875,1221.1347582121166,155.7549903582045,1402.3,593.4,-0.056966735000022084
GAJZUO_FSR,5.4375,3.024506033748151,6.990786347042799,39.0,1.0,8.0625,4.0043543055312005,6.9773629510009005,16.0,1.0,1.65625,1.5061237686086908,0.8143008887997114,5.0,1.0,2.543125,2.484510738608116,0.5454151944848987,3.44,1.22,101.996875,89.4773711780852,42.39679737591479,153.9,7.0,922.990625,86.62166444448921,1565.445106044,3823.15,14.009999999999993,1102.6925,123.37059682687968,1802.7405621355365,4300.15,20.279999999999973,691.487578125,3.134847596288157,1169.5935020082893,4472.0,0.0899,1234.2781250000005,1221.5569220218256,154.90854909908742,1402.3,600.0,-0.14811942142856482
GARMAQ_FSR,5.34375,3.32712469126041,7.880392498949528,64.0,1.0,9.515625,5.339416079610386,6.652048997066618,19.0,1.0,1.6875,1.5689126579419608,0.7261843774138906,6.0,1.0,2.538125,2.500635381340083,0.4395056704696766,3.44,1.2,115.459375,102.42496428849488,43.07216589178417,153.9,7.0,1712.3490625000002,222.8644961795352,1871.4968095598963,3823.15,14.009999999999993,1959.0787500000004,294.5922117892294,2108.881963931436,4300.15,20.279999999999973,1112.4768843749998,14.4818587368584,1404.4122120856623,7901.0,0.0899,1205.2046875,1195.9371451629472,138.4398757467564,1402.3,593.4,-0.33725821571420056
GASSUR_FSR,6.166666666666667,4.356514961600803,5.565269285688,30.0,1.0,11.083333333333334,7.395522061923812,5.887250820393355,16.0,1.0,1.8333333333333333,1.731073122012286,0.6236095644623235,4.0,1.0,2.614166666666667,2.574330425978681,0.4607414013184498,3.44,1.65,112.82083333333333,0.0,52.6281687816093,153.9,0.0,1799.037083333333,306.7218418995555,1866.429042008829,3823.15,14.009999999999993,2046.6333333333328,401.23172410699937,2084.8158322232894,4300.15,20.279999999999973,1333.698225,29.52934838572861,1639.0188683302583,7140.0,0.0899,1199.5875,1191.8342937411992,134.9242142602654,1402.3,906.4,-0.3634718439999688
GAWCUF_FSR,5.107692307692307,3.391794955382767,4.749487670906693,27.0,1.0,9.353846153846154,5.3213213998815165,6.491250369608828,16.0,1.0,1.6923076923076923,1.5817684914022272,0.6305815855975136,4.0,1.0,2.539846153846154,2.508952343070758,0.4137687659985662,3.44,1.88,110.55230769230768,92.9263257206256,46.349571760339536,153.9,7.0,1658.2860000000005,216.824807338171,1848.8995858583223,3823.15,14.009999999999993,1908.0386153846157,286.1812083881269,2087.3464267989607,4300.15,20.279999999999973,1212.9014400000003,14.24054391947654,1757.1908485520746,8900.0,0.0899,1207.1492307692308,1198.062303284578,141.39620615417124,1402.3,760.4,-0.5761208412499457
GEDLIM_FSR,5.1063829787234045,3.52614268438374,4.520563147714699,30.0,1.0,9.829787234042554,5.7981970001657945,6.37921875072679,16.0,1.0,1.702127659574468,1.6030851562626476,0.5803481573185472,4.0,1.0,2.55,2.5205803554532324,0.3962322551231789,3.44,1.65,103.16595744680848,0.0,54.20382053189156,153.9,0.0,1659.096595744681,225.3773945980535,1864.9971722096827,3823.15,14.009999999999993,1879.4210638297875,291.0657816199708,2089.890134756893,4300.15,20.279999999999973,1113.9289446808511,15.09096150912923,1420.3104700972192,7140.0,0.0899,1219.1021276595743,1211.734469656585,132.47598335428887,1402.3,906.4,-0.247943308571491
GEDRAK_FSR,5.604166666666667,3.3837300821677183,8.405701396803375,60.0,1.0,9.583333333333334,5.362689020987524,6.713895209853136,19.0,1.0,1.7083333333333333,1.5779156130891046,0.7894706383956839,6.0,1.0,2.5479166666666666,2.5030644854782422,0.4736778015932583,3.44,1.14,116.1125,104.91879528075836,41.72252401780922,153.9,7.0,1635.649583333333,206.43298019399035,1857.5249008133085,3823.15,14.009999999999993,1886.2614583333332,277.2392324403279,2094.135360417267,4300.15,20.279999999999973,1088.006275,12.9774418487141,1402.911783233619,7010.0,0.0899,1204.0124999999998,1192.2454170541018,149.45252677829393,1402.3,533.1,-0.000851701666666325
GEDSAL_FSR,5.4423076923076925,3.3006681276966154,8.125017068712157,60.0,1.0,9.423076923076923,5.216246494851116,6.72065173649949,19.0,1.0,1.6923076923076923,1.5646767771850327,0.7730673554708376,6.0,1.0,2.534615384615385,2.492450872807742,0.4599893875801815,3.44,1.14,115.9,104.99002561908104,41.64000942141326,153.9,7.0,1657.4134615384614,208.2564032153323,1862.7123302436864,3823.15,14.009999999999993,1907.334807692308,278.5890243602698,2098.963739224384,4300.15,20.279999999999973,1091.2400192307691,13.071436583991211,1383.8732540152073,7010.0,0.0899,1203.6461538461538,1192.3755321879817,146.96053690798772,1402.3,533.1,-0.15455523833321647
GEFZAU_FSR,4.776119402985074,3.121830161670741,4.550941826493831,29.0,1.0,8.805970149253731,4.844985560383583,6.437388007361207,17.0,1.0,1.671641791044776,1.5563134425168628,0.6321736890909663,4.0,1.0,2.4049253731343287,2.3952511789591613,0.2182451937158859,3.16,1.9,118.93283582089552,107.095569474034,50.41799722516679,349.0,7.0,2036.055074626866,327.3835431347387,1876.446703212785,3823.15,14.009999999999993,2318.08552238806,418.7204812425223,2101.508601207027,4300.15,20.279999999999973,1368.8491388059706,31.32369658845455,1446.3188294009983,8960.0,0.0899,1177.2253731343285,1170.1450057994057,126.71335655462047,1402.3,745.5,-0.2988971614282881
GEPDEM_FSR,5.777777777777778,3.800650845272711,5.533288710217214,30.0,1.0,10.148148148148149,5.995455622771576,6.530292397195315,16.0,1.0,1.7407407407407407,1.6286805983480437,0.643635081369732,4.0,1.0,2.652222222222222,2.6033948063922514,0.5129170991664092,3.44,1.65,101.97777777777776,0.0,52.99462819271356,153.9,0.0,1182.3044444444447,136.53935225618022,1718.1123787595836,3823.15,14.009999999999993,1353.2388888888888,186.3938122496168,1924.0168393721644,4300.15,20.279999999999973,934.5605962962964,6.80848799469263,1589.9979303497532,7140.0,0.0899,1240.6185185185182,1233.3003349763844,130.27375176068742,1402.3,906.4,0.07528195250006316
GERNOI_FSR,4.782122905027933,3.2512849534971733,4.2600540252141785,30.0,1.0,9.3072625698324,5.221322427799057,6.53657546146752,16.0,1.0,1.6536312849162011,1.5549535758278985,0.5718007410915747,4.0,1.0,2.5297765363128493,2.50068406509106,0.3976606949099583,3.44,1.65,107.72513966480447,0.0,49.67867458758714,153.9,0.0,1650.6151955307266,208.83337516290464,1868.1747699137468,3823.15,14.009999999999993,1868.371117318436,272.3172996693142,2094.045245404984,4300.15,20.279999999999973,1079.4935709497208,13.014275198680243,1362.971242961638,7140.0,0.0899,1216.712849162011,1210.016085255531,126.11778569424136,1402.3,906.4,0.19832102666669008
GIQXIO_FSR,8.196078431372548,4.05091672099634,11.837162497568771,66.0,1.0,9.627450980392156,5.185941997177044,7.120698314273062,19.0,1.0,1.8823529411764703,1.666291217789742,1.0599122942540844,6.0,1.0,2.693725490196079,2.6206387218531217,0.6226255626867839,3.44,1.22,106.43529411764708,100.41254456465582,35.36724874424111,153.9,50.0,487.03235294117655,63.97667611118506,1113.815298221086,3823.15,14.009999999999993,653.1813725490196,97.77660871157262,1405.8590485773257,4423.15,20.279999999999973,973.5956470588236,2.552145293096784,2673.5261481975363,12370.0,0.0899,1233.4235294117643,1217.3031772954232,172.61049270384706,1313.9,573.0,-0.2256588016666967
GIQXUA_FSR,8.156862745098039,4.048473273381096,11.647388917221074,64.0,1.0,9.627450980392156,5.185941997177044,7.120698314273062,19.0,1.0,1.8823529411764703,1.666291217789742,1.0599122942540844,6.0,1.0,2.693333333333334,2.6197895000915934,0.6235592544344519,3.44,1.2,106.43529411764708,100.41254456465582,35.36724874424111,153.9,50.0,485.0911764705883,63.90077097068148,1111.809970851535,3823.15,14.009999999999993,666.5735294117648,98.19063425336128,1429.6795485576529,4423.15,20.279999999999973,960.850549019608,2.548192087317502,2638.69559035812,12370.0,0.0899,1233.8235294117642,1218.1384619027776,171.0965907548582,1313.9,593.4,-0.20989645400005658
GIQYEL_FSR,8.019607843137255,4.0392887659512615,11.012453193381075,57.0,1.0,9.627450980392156,5.185941997177044,7.120698314273062,19.0,1.0,1.8823529411764703,1.666291217789742,1.0599122942540844,6.0,1.0,2.6913725490196083,2.615323673665586,0.6283904731116029,3.44,1.1,106.39607843137256,100.33220338266412,35.43085484175309,153.9,48.0,477.3656862745099,63.54398743205051,1105.4832124145585,3823.15,14.009999999999993,670.7696078431372,98.30423102972914,1438.3451613245438,4423.15,20.279999999999973,926.4387843137256,2.5356724547255687,2558.178515315624,12370.0,0.0899,1232.739215686274,1215.8041615170025,175.27598302915274,1313.9,538.1,-0.37418456166667124
GIQYOV_FSR,8.058823529411764,4.042021054801701,11.188950720409848,59.0,1.0,9.627450980392156,5.185941997177044,7.120698314273062,19.0,1.0,1.8823529411764703,1.666291217789742,1.0599122942540844,6.0,1.0,2.691960784313726,2.6167038749565137,0.6269128206829396,3.44,1.13,106.43529411764708,100.41254456465582,35.36724874424111,153.9,50.0,477.60098039215694,63.55646760536554,1105.6365904696322,3823.15,14.009999999999993,667.3578431372549,98.21237242551344,1431.2565364855468,4423.15,20.279999999999973,936.1250588235296,2.5395191755714714,2578.7758175979825,12370.0,0.0899,1232.5215686274505,1215.3073598814317,176.1431551421223,1313.9,527.0,0.08677799166671701
GIRDUI_FSR,5.0,3.3256182350834758,4.579625855129758,27.0,1.0,9.27027027027027,5.208686945795313,6.545675893284586,16.0,1.0,1.6756756756756757,1.5676990670502202,0.6174951166916682,4.0,1.0,2.5462162162162163,2.514188116818852,0.4224788582674643,3.44,1.88,111.09189189189188,94.66405995826622,45.44211868382458,153.9,7.0,1613.8348648648648,202.39291632733236,1845.62378285386,3823.15,14.009999999999993,1853.845675675676,268.32804896875285,2082.807632825046,4300.15,20.279999999999973,1157.0515027027031,12.498177947995028,1694.901661795477,8900.0,0.0899,1210.8108108108108,1202.1937466083905,137.98650694666702,1402.3,760.4,0.0018674285714723854
GIRYIR_FSR,5.626373626373627,3.8494482159430334,5.217570382425921,30.0,1.0,10.307692307692308,6.341086150569064,6.259396993202481,16.0,1.0,1.7582417582417582,1.653215419964479,0.61734382000827,4.0,1.0,2.581868131868132,2.5445727796518764,0.4484108989076285,3.44,1.65,112.2021978021978,0.0,50.14293849470682,153.9,0.0,1720.2474725274728,255.4530062544596,1866.0590377540907,3823.15,14.009999999999993,1954.307142857143,335.69019875523213,2087.202038669712,4300.15,20.279999999999973,1229.1212000000005,20.40431234394845,1554.0291343760005,7140.0,0.0899,1205.753846153846,1198.504633410014,130.48046656697997,1402.3,906.4,-0.2066601462501296
GISWEM_FSR,5.042553191489362,3.5079018883435302,4.287326433722807,28.0,1.0,9.76595744680851,5.766729555056847,6.35881952766575,16.0,1.0,1.702127659574468,1.6030851562626476,0.5803481573185472,4.0,1.0,2.543191489361702,2.5162087235667667,0.3872494736228649,3.44,1.91,114.65106382978723,96.36382494892648,46.16329421640985,153.9,7.0,1840.9576595744684,272.85499179396567,1875.3167211356908,3823.15,14.009999999999993,2102.069361702128,353.8721170114933,2110.493027641912,4300.15,20.279999999999973,1247.6667319148935,20.92087634607628,1588.2285204561272,8908.0,0.0899,1200.1808510638296,1191.73561766813,137.30152350473938,1402.3,737.1,-0.1907070300003397
GIXNAE_FSR,5.235294117647059,3.5115405891365508,4.80844125122019,28.0,1.0,9.647058823529411,5.592489083453611,6.466576296351864,16.0,1.0,1.7058823529411764,1.5982250679776535,0.6197443384031023,4.0,1.0,2.5673529411764706,2.5341343203176447,0.430801638695948,3.44,1.91,113.5058823529412,96.35958228645288,45.11296892688314,153.9,7.0,1641.785882352941,217.06408625016667,1847.0711623399225,3823.15,14.009999999999993,1889.3405882352945,287.83965123645794,2084.399862465624,4300.15,20.279999999999973,1192.9037000000003,14.339436040791815,1736.0894474371185,8908.0,0.0899,1207.8294117647058,1198.4958432908177,142.43557373198544,1402.3,737.1,-0.11591420599986575
GOLQII_FSR,8.147058823529411,4.831662013871526,11.725117214869202,60.0,1.0,11.529411764705882,7.810500378781144,5.971674777981403,19.0,1.0,1.9705882352941175,1.80275415181226,0.9847452378107768,6.0,1.0,2.646176470588236,2.5863942769080324,0.538380003047718,3.44,1.14,119.2529411764706,101.3657379421569,44.68518793472,153.9,7.0,1668.534117647059,276.9531405669413,1824.7314130209409,3823.15,14.009999999999993,1972.04,378.6601389126232,2058.287100050742,4300.15,20.279999999999973,1445.7250941176471,25.61509261825378,2166.7439919564304,10490.0,0.0899,1184.9088235294116,1167.0303673917629,181.7652888102208,1402.3,533.1,-0.038901289999984094
GONNAA_FSR,5.178947368421053,3.172912175372823,5.564887944903759,30.0,1.0,8.821052631578947,4.698494153021247,6.710524251805669,17.0,1.0,1.6631578947368422,1.5399049626961043,0.6745060776252967,4.0,1.0,2.5276842105263158,2.495047237139912,0.4103565910960315,3.44,1.65,87.53052631578949,0.0,66.81189001286683,349.0,0.0,1093.3056842105266,112.72459268767804,1679.8213069256426,3823.15,14.009999999999993,1247.810210526316,148.51585159610923,1884.3314941149924,4300.15,20.279999999999973,844.429052631579,4.333288097651187,1514.824012994913,7140.0,0.0899,1255.2863157894735,1247.7405501422325,133.00447607072343,1402.3,906.4,-0.03025502400018922
GONTAG_FSR,5.931034482758621,4.282101737158164,3.964767545325465,20.0,1.0,10.827586206896552,6.6748617281334495,6.6023452756668295,17.0,1.0,1.793103448275862,1.6918723112109335,0.6090869562984721,4.0,1.0,2.781379310344827,2.681651161000784,0.7134700251680637,3.98,1.0,147.64724137931032,118.1726815813311,82.35476415239684,328.0,2.37,1379.3803448275862,179.86066202165324,1783.6556475115597,3823.15,14.009999999999993,1579.396896551724,248.94819503641077,1997.7678509726857,4300.15,20.279999999999973,833.3130068965519,11.007865559421065,1072.2296679822728,2260.0,0.0899,1260.6275862068965,1237.9232120081388,227.29339826350787,1681.0,589.8,-0.3626961928571453
GOQXAN_FSR,5.515151515151516,3.1505061631217406,8.030703249031982,48.0,1.0,8.787878787878787,4.660857448329568,6.731912132151206,16.0,1.0,1.6666666666666667,1.5324245067848397,0.7654139963827327,5.0,1.0,2.54,2.501791305147234,0.4569994363765505,3.44,1.69,103.97272727272728,0.0,48.46030723603049,153.9,0.0,1310.4654545454546,137.13571724134005,1779.415322305363,3823.15,14.009999999999993,1491.869393939394,185.283801204306,1993.1496552881797,4300.15,20.279999999999973,1015.7850181818186,6.650652466219484,1714.077892832356,8650.0,0.0899,1229.1333333333332,1221.9116690579583,128.67452872823878,1402.3,867.8,-0.2607967699999752
GUBVUU_FSR,5.435897435897436,3.830658185606804,4.407423061241415,27.0,1.0,10.307692307692308,6.328727416583569,6.304877420691129,16.0,1.0,1.7435897435897436,1.6448416688285816,0.5869499047312614,4.0,1.0,2.624871794871795,2.5894435246686096,0.442990257431052,3.44,1.88,105.81538461538462,79.33486857043575,52.081295123826834,153.9,7.0,1536.6120512820512,205.19594316327357,1828.04287260388,3823.15,14.009999999999993,1766.0015384615383,270.7074065233607,2063.4943166790804,4300.15,20.279999999999973,1097.84378974359,12.75580938884521,1670.3971713627548,8900.0,0.0899,1222.9948717948716,1213.83830056908,143.12033837212934,1402.3,760.4,0.22722631499999574
GUFBOA_FSR,5.641975308641976,3.7606909353270033,5.921937958521309,48.0,1.0,10.135802469135802,6.12471448741466,6.326025191730875,16.0,1.0,1.7654320987654322,1.6520066368132411,0.6530385755771948,5.0,1.0,2.533456790123457,2.508380166506896,0.3730923841962634,3.44,1.69,124.99753086419751,0.0,44.25058268517424,200.0,0.0,1925.8595061728397,327.0840160158397,1876.521149925648,3823.15,14.009999999999993,2189.3150617283954,429.2792481400846,2092.4429282310207,4300.15,20.279999999999973,1319.8327086419754,35.49210998573887,1376.138323288132,8650.0,0.0899,1181.0567901234567,1174.5334083405494,123.78043078971255,1402.3,867.8,-0.2074039249999657
GUFXEM_FSR,5.380530973451328,3.646543855980146,4.908577617940001,30.0,1.0,10.0,5.906258510268349,6.458855483697715,16.0,1.0,1.7168141592920354,1.613580424413863,0.6019000379869717,4.0,1.0,2.6006194690265487,2.5607994497457405,0.4661863412345973,3.44,1.65,109.858407079646,0.0,49.57990730207222,153.9,0.0,1525.9329203539826,195.4769567347606,1837.5304091217715,3823.15,14.009999999999993,1733.9961946902656,260.43883082120755,2057.276085261757,4300.15,20.279999999999973,1069.9292407079647,12.32613382992825,1482.3942130149594,7140.0,0.0899,1220.1557522123892,1213.2090457895572,127.711430066251,1402.3,906.4,0.9626831266665477
GULPIN_FSR,5.703703703703703,4.099675535112162,4.694216153408847,30.0,1.0,10.88888888888889,7.024804635595927,6.118177732416091,17.0,1.0,1.7777777777777777,1.6853946138304092,0.5665577237325317,4.0,1.0,2.6507407407407406,2.6024958879873537,0.5335596227754134,3.98,1.65,132.44074074074075,0.0,72.37446650525611,328.0,0.0,1874.181851851852,312.6687859564985,1880.8538204001536,3823.15,14.009999999999993,2124.1225925925924,407.0365551091767,2104.151412702334,4300.15,20.279999999999973,1264.7974049382717,29.042852599190358,1455.423783322855,7140.0,0.0899,1225.3913580246915,1213.3754734053896,177.57655639781504,1681.0,906.4,-0.328419961428738
GUMDEZ_FSR,5.714285714285714,3.6216334735499016,5.780862162942372,30.0,1.0,9.642857142857142,5.557756572890775,6.4874289740911655,16.0,1.0,1.75,1.6239001717307855,0.6879057244377936,4.0,1.0,2.5275000000000003,2.496101649212467,0.4038354067120485,3.44,1.65,99.17857142857144,0.0,58.06080776185589,200.0,0.0,1421.947857142857,183.70602947579408,1794.884293095951,3823.15,14.009999999999993,1628.2949999999998,243.0296403685299,2005.5964892475608,4300.15,20.279999999999973,1132.45575,12.718002416122443,1581.0082870601502,7140.0,0.0899,1218.857142857143,1210.3263984895032,141.46107851523638,1402.3,906.4,-0.41830844124996247
HAFQOW_FSR,5.78125,4.149793871095074,3.926945178825393,16.0,1.0,10.78125,6.86113308543185,6.173200015996565,16.0,1.0,1.8125,1.7095187359070667,0.582961190818051,3.0,1.0,2.5784375,2.542636659454143,0.4388415814320128,3.44,1.61,123.884375,109.03543875524691,46.58222642123683,200.0,7.0,1740.5524999999998,296.7388169053972,1844.5843400580795,3823.15,14.009999999999993,2035.6600000000003,405.51334693213823,2055.100937756768,4300.15,20.279999999999973,1195.9126593750002,32.61568876362102,1127.9542461442609,2700.0,0.0899,1173.984375,1160.3357655754735,162.5199412944743,1402.3,577.5,0.10837109333334638
HAFQUC_FSR,5.514285714285714,3.8662124558257016,3.916057992941579,16.0,1.0,10.314285714285717,6.272653334825864,6.355071893811289,16.0,1.0,1.7714285714285714,1.6653829149430712,0.5897076411585798,3.0,1.0,2.556,2.521901347542263,0.4286936968445952,3.44,1.61,121.82285714285716,107.6016812151911,46.41685091623076,200.0,7.0,1701.3957142857143,268.1156745621324,1844.878399965368,3823.15,14.009999999999993,1985.1951428571429,365.5655554744668,2058.517976919139,4300.15,20.279999999999973,1157.982425714286,26.287590893395212,1129.5371545763865,2700.0,0.0899,1179.3714285714284,1166.3165335488536,159.4581746709392,1402.3,577.5,-0.1669542166666057
HAJLIO_FSR,4.571428571428571,2.9279511651704118,4.330454302624632,26.0,1.0,8.34920634920635,4.359906062734235,6.63602178148958,16.0,1.0,1.619047619047619,1.505245505343158,0.628138378965377,4.0,1.0,2.461746031746032,2.4436221522210757,0.3049982549132469,3.04,1.83,93.80793650793647,65.70300169754208,55.75045106682724,200.0,7.0,1392.3801587301589,151.3938103228686,1795.2764855803557,3823.15,14.009999999999993,1595.4703174603176,197.55191182726983,2021.1783622863427,4300.15,20.279999999999973,976.6512253968252,7.728200411128361,1391.3445139758385,7874.0,0.0899,1228.9476190476191,1220.1977183045697,141.58004058184352,1402.3,762.5,-0.3592236614287166
HALVAU_FSR,4.96,3.2223464112043256,4.748164557665063,28.0,1.0,9.066666666666666,4.95029443231373,6.663999466453226,16.0,1.0,1.653333333333333,1.5439934867243357,0.6216823054333209,4.0,1.0,2.5602666666666662,2.5241687656576457,0.45112887540283,3.44,1.91,114.18933333333334,102.5970115929408,41.292419234312526,153.9,7.0,1490.186,170.5284889431152,1821.1286129972627,3823.15,14.009999999999993,1716.1716,230.17215338084216,2056.8456287244244,4300.15,20.279999999999973,1081.5970133333335,9.300314054203168,1689.0977886636256,8908.0,0.0899,1215.2199999999996,1206.5867824354368,136.56278165493458,1402.3,737.1,-0.23193271857144282
HAPGIR_FSR,6.466666666666667,4.424635370615707,5.607930891950156,25.0,1.0,10.6,6.855177624875674,6.140575434490375,16.0,1.0,1.8666666666666667,1.7411011265922485,0.7180219742846005,4.0,1.0,2.6333333333333333,2.577565565491392,0.531810325418962,3.44,1.55,99.84666666666668,0.0,57.63451357958663,153.9,0.0,1398.7726666666667,199.4147741731425,1752.3219459276188,3823.15,14.009999999999993,1622.766,267.39064545821253,1973.8661456468285,4300.15,20.279999999999973,1251.8099066666668,13.843126621271802,1963.5595000240576,7470.0,0.0899,1209.6066666666663,1194.3462272254972,176.44119498827052,1402.3,717.3,0.08596627333315605
HAWREE_FSR,6.011494252873563,4.052166806707237,5.3766080254341,25.0,1.0,10.126436781609195,6.2869236571470735,6.2455586015986935,16.0,1.0,1.8160919540229885,1.6918723112109335,0.7035008619815795,4.0,1.0,2.5782758620689656,2.5317169698463644,0.4854413962441555,3.44,1.55,98.77701149425287,0.0,57.33872275086896,153.9,0.0,1513.972528735632,214.4151077604092,1793.7996888690527,3823.15,14.009999999999993,1744.9902298850575,282.38670914805243,2017.818903701613,4300.15,20.279999999999973,1260.971234482759,15.080951038710651,1869.6410866451915,7470.0,0.0899,1207.5965517241375,1193.4691510144942,171.0392133893425,1402.3,717.3,-0.7786846925000361
HAWZEM_FSR,5.7407407407407405,3.9481973527501126,5.253517993036191,29.0,1.0,10.407407407407408,6.508281876433052,6.177973173923866,16.0,1.0,1.7777777777777777,1.6710335980604356,0.628539361054709,4.0,1.0,2.5903703703703704,2.556971323421309,0.4306367506076749,3.44,1.9,115.76296296296296,95.86104837003867,46.5208368141365,153.9,7.0,1766.412962962963,274.70656538167003,1856.0911433376343,3823.15,14.009999999999993,2041.2929629629627,362.7606513781904,2085.8936931077715,4300.15,20.279999999999973,1336.627303703704,22.765201272702143,1859.2646150766343,8960.0,0.0899,1197.7666666666662,1187.6112536027722,148.463488465708,1402.3,745.5,-0.10019244285709712
HEBKEG_FSR,6.222222222222222,3.3897472188291715,8.970459063084183,48.0,1.0,9.037037037037036,4.880828150765237,6.724645007739052,17.0,1.0,1.7407407407407407,1.583611193756972,0.8429486427215588,5.0,1.0,2.5333333333333337,2.4966181632680686,0.4433959855479072,3.44,1.69,110.07037037037036,0.0,68.28290721975262,349.0,0.0,1319.2214814814815,149.02634912493966,1773.8914756831966,3823.15,14.009999999999993,1504.7837037037036,199.83561674597925,1985.722429812474,4300.15,20.279999999999973,1074.1108111111114,7.600025183629461,1822.0932279080616,8650.0,0.0899,1225.0296296296294,1217.395423430533,132.04344350984226,1402.3,867.8,-0.30528810999997597
HEDCIE_FSR,5.166666666666667,3.5129513899934706,4.702472526580869,29.0,1.0,9.73076923076923,5.697082721020387,6.410474355269357,16.0,1.0,1.705128205128205,1.6015703596382094,0.6014720054225591,4.0,1.0,2.5502564102564103,2.519777872745598,0.4136422781266203,3.44,1.9,119.33076923076923,107.64794271891664,41.11934259330662,153.9,7.0,1813.5469230769231,264.2483905204779,1872.158583366426,3823.15,14.009999999999993,2079.111923076923,348.46432098342655,2102.209347211945,4300.15,20.279999999999973,1273.0852346153847,20.49219452209882,1671.8584648727572,8960.0,0.0899,1195.9807692307693,1187.5919967798118,135.82064725188548,1402.3,745.5,0.13583885333340123
HIBGEF_FSR,5.771428571428571,4.211734934218911,3.398198802607172,12.0,1.0,9.942857142857145,5.835913699802796,6.748302885669456,16.0,1.0,1.8,1.6986932535445003,0.5756983337031396,3.0,1.0,2.648857142857143,2.5586100938490373,0.6546744945983087,3.44,1.31,113.11428571428571,0.0,47.98899958982948,153.9,0.0,1194.2642857142862,159.05892115167282,1680.4768933580149,3823.15,14.009999999999993,1382.1928571428568,224.23343622443895,1880.146568942465,4300.15,20.279999999999973,795.2013428571428,9.778299911780907,1042.0566948717874,2260.0,0.0899,1198.9971428571423,1183.8997694045015,173.29328481872952,1313.9,737.7,-0.3686585616665828
HIBGIJ_FSR,6.885714285714286,4.485214429665457,6.218734040077972,25.0,1.0,10.371428571428572,6.497454767629844,6.378919363410856,16.0,1.0,1.8857142857142857,1.7411011265922485,0.7845445838711989,4.0,1.0,2.6694285714285715,2.59577131621693,0.6148400156934803,3.44,1.55,113.11428571428571,0.0,47.98899958982948,153.9,0.0,1245.3500000000004,165.99708641085124,1680.5177150934342,3823.15,14.009999999999993,1465.4214285714284,234.812900653743,1898.859986641824,4300.15,20.279999999999973,1286.5156285714286,11.080100772488814,2141.757878777973,7470.0,0.0899,1197.248571428571,1181.0574562468084,177.9786445799906,1313.9,717.3,-0.3125408549999141
HIFWAV_FSR,5.398058252427185,3.2899905398605345,6.147601641156836,30.0,1.0,8.951456310679612,4.9354244006337895,6.497764575690701,16.0,1.0,1.699029126213592,1.5696962771136538,0.7082722236830865,4.0,1.0,2.475533980582524,2.447178382851831,0.3730684316188689,3.44,1.65,84.07087378640777,0.0,57.38567127923604,153.9,0.0,1351.7180582524277,156.8115438524501,1778.7162015183317,3823.15,14.009999999999993,1543.2261165048544,203.28882508671825,1992.7301833936824,4300.15,20.279999999999973,1114.8678242718447,8.544527534457819,1722.6143426813112,7140.0,0.0899,1234.1135922330095,1225.1953285343004,144.43485180936403,1402.3,906.4,-0.3789933750000121
HIYBUN_FSR,6.109090909090909,3.80568968795649,7.0444632733741575,35.0,1.0,10.072727272727272,6.030688528654451,6.378528030408798,17.0,1.0,1.7818181818181815,1.6555065597696217,0.7055857422520819,4.0,1.0,2.552181818181818,2.5249724298718514,0.3804289010581748,3.44,1.65,113.80363636363636,0.0,66.34219269990558,324.6,0.0,1705.997454545455,251.80586833669108,1865.3905113643275,3823.15,14.009999999999993,1931.6045454545451,322.8943290276118,2090.1064169739543,4300.15,20.279999999999973,1229.7243672727272,21.888570672068656,1413.3043591212318,7140.0,0.0899,1209.9563636363637,1202.9627979176273,129.36090847440084,1402.3,906.4,-0.00349386999996566
HIZQEN01_FSR,5.931034482758621,3.4512874862846816,8.427913532782139,48.0,1.0,9.379310344827584,5.249441876164194,6.604145997171925,16.0,1.0,1.7241379310344829,1.5869683794587317,0.7832977028690034,5.0,1.0,2.557931034482759,2.518305493878326,0.4655688349442471,3.44,1.69,110.54137931034482,0.0,46.95083648214764,153.9,0.0,1487.595862068966,178.3506998657817,1828.700382083176,3823.15,14.009999999999993,1692.878965517241,240.05316399632892,2046.2581464010648,4300.15,20.279999999999973,1155.84085862069,10.996154358283444,1783.671506412572,8650.0,0.0899,1214.5896551724136,1207.207072813446,129.94216842258658,1402.3,867.8,-0.20605917714283348
HOGSIG_FSR,5.72,3.836426958526856,5.295431993709297,28.0,1.0,10.12,6.114996899284551,6.358112927591016,16.0,1.0,1.76,1.6471820345351462,0.6499230723708769,4.0,1.0,2.6136,2.5761149522626985,0.4550681707173112,3.44,1.91,106.58,81.384835173118,50.5166111294097,153.9,7.0,1466.2852000000005,190.66264533878157,1797.8933090684104,3823.15,14.009999999999993,1705.7127999999998,254.64785353663308,2038.5345943486363,4300.15,20.279999999999973,1170.3275280000005,11.672110262856492,1908.7086090648647,8908.0,0.0899,1218.9639999999995,1207.8179199929118,154.43400371679803,1402.3,737.1,-0.1806972033332954
HOQMIL01_FSR,5.178571428571429,3.901888352219418,2.916132118168216,12.0,1.0,10.25,6.30821707621641,6.333724925237236,16.0,1.0,1.75,1.664601949846466,0.5088502445991074,3.0,1.0,2.5821428571428577,2.534157499195101,0.4887765859985604,3.44,1.31,117.68214285714286,0.0,47.05089230648804,153.9,0.0,1824.052857142857,296.1863958567759,1868.213947985878,3823.15,14.009999999999993,2069.855357142857,388.1544081124604,2090.2367837374686,4300.15,20.279999999999973,1111.6826857142858,25.42217449270825,1115.0909766822376,2260.0,0.0899,1190.357142857143,1180.649675606522,144.51029481017073,1402.3,737.7,-0.34124841833340724
HOTWUJ_FSR,7.363636363636363,3.855440211367743,11.884081998988297,60.0,1.0,10.227272727272728,5.707824614960744,7.057760513865173,19.0,1.0,1.818181818181818,1.633999323737711,1.0285189544531597,6.0,1.0,2.682272727272728,2.597835092553575,0.6367526408424503,3.44,1.14,114.99545454545456,107.89430001175828,37.80678723664608,153.9,50.0,952.7627272727274,101.14745845736796,1578.4369762699423,3823.15,14.009999999999993,1170.8245454545454,148.77369004627946,1830.8564712741988,4300.15,20.279999999999973,832.8250545454546,4.102296738337371,1643.430030433218,7010.0,0.0899,1226.0363636363634,1207.1726493032274,178.17138211553134,1313.9,533.1,-0.5766289485714863
HOYROE_FSR,6.612612612612613,4.400839957883031,8.636994775953088,56.0,1.0,10.522522522522523,6.460038453194827,6.448474708744119,16.0,1.0,1.8738738738738736,1.7515140853963564,0.8066962668657163,6.0,1.0,2.608558558558558,2.493441654407972,0.669923818240978,3.44,0.89,104.47432432432434,76.28742140871377,53.55808451892446,153.9,7.0,1315.5770270270268,194.73988142947204,1746.181307517004,3823.15,14.009999999999993,1575.5186486486489,278.13553611942945,1944.948347334467,4300.15,20.279999999999973,857.2703189189191,13.634270090280308,1126.9669445522252,3510.0,0.0899,1186.0315315315313,1153.9608714795431,230.72775345191943,1402.3,502.9,-0.2714987583334126
HUCXEK_FSR,5.517241379310345,3.4193486950905374,8.329923995410894,65.0,1.0,9.689655172413794,5.527169057722549,6.602525369917505,19.0,1.0,1.706896551724138,1.585851820463316,0.7429814284970774,6.0,1.0,,,,,,111.05689655172414,92.0362621965772,47.33211752065714,153.9,7.0,1692.0389655172416,223.1681834462673,1866.4614806455056,3823.15,14.009999999999993,1937.4822413793104,292.92847368021035,2104.6800468570223,4300.15,20.279999999999973,1116.1361189655174,14.44908400352116,1456.1872229036062,8219.0,0.0899,1208.393103448276,1197.8488259700127,146.10563946498456,1402.3,565.8,0.00832414714273
HUCXIO_FSR,5.5344827586206895,3.42024889651306,8.453147785948266,66.0,1.0,9.689655172413794,5.527169057722549,6.602525369917505,19.0,1.0,1.706896551724138,1.585851820463316,0.7429814284970774,6.0,1.0,2.541551724137931,2.5047310795312647,0.4323624027648721,3.44,1.22,111.05689655172414,92.0362621965772,47.33211752065714,153.9,7.0,1693.004482758621,223.2982598019941,1866.443182825126,3823.15,14.009999999999993,1926.051206896552,291.8707661132263,2097.935128328836,4300.15,20.279999999999973,1121.8602568965518,14.458952530962575,1484.4744596343096,8551.0,0.0899,1208.5172413793102,1198.1100073314512,145.56165672879447,1402.3,573.0,-0.36861948714298315
HUDWUA_FSR,5.344827586206897,3.501771040210491,5.2396095015653765,29.0,1.0,9.579310344827586,5.514462632935528,6.484643893146907,16.0,1.0,1.710344827586207,1.5975510893163083,0.642379642603863,4.0,1.0,2.5561379310344825,2.5218138369838616,0.4391813484622254,3.44,1.9,119.4303448275862,110.13266137047589,39.23285450097772,153.9,7.0,1696.518413793103,231.0180092068981,1853.597118299769,3823.15,14.009999999999993,1959.726413793104,309.8362013963564,2084.4294541793893,4300.15,20.279999999999973,1275.5963641379317,16.682285682733813,1823.4924247452377,8960.0,0.0899,1197.6048275862067,1188.3666934594355,140.84020112367236,1402.3,745.5,-0.49700241285717894
HUQHEI_FSR,4.813559322033898,3.348520908266402,4.1936510107725,30.0,1.0,9.52542372881356,5.527054525420951,6.3664620873542805,16.0,1.0,1.6779661016949152,1.5811968094057238,0.5657057379077504,4.0,1.0,2.4949152542372883,2.4721940313852504,0.3492398826637851,3.44,1.65,115.66836158192092,0.0,46.330119964874406,153.9,0.0,1988.823276836158,313.99218317805133,1888.8747114347573,3823.15,14.009999999999993,2247.720395480226,401.48008625765647,2116.4030188437714,4300.15,20.279999999999973,1283.1242807909605,27.07620635811221,1357.7903205876232,7140.0,0.0899,1192.9011299435028,1186.5664185614296,122.75943724924562,1402.3,906.4,-0.31182209285686563
HUQHOS_FSR,4.788571428571428,3.320420388306629,4.210990479249096,30.0,1.0,9.462857142857144,5.4643479880125385,6.375627059996786,16.0,1.0,1.6742857142857144,1.5769564922311472,0.5678746628025072,4.0,1.0,2.4886857142857144,2.466359443952153,0.3463062040142732,3.44,1.65,116.9102857142857,0.0,45.10555375913666,153.9,0.0,2010.8321142857144,319.80645263935287,1888.3205918389383,3823.15,14.009999999999993,2272.5245142857143,409.10720072761154,2115.6330108565394,4300.15,20.279999999999973,1297.774261142857,28.044566768215333,1358.5544399962127,7140.0,0.0899,1190.5079999999998,1184.3032551786025,121.388882729374,1402.3,906.4,-0.399138419999872
HURFEH_FSR,5.581818181818182,3.487882140993402,5.992998669935714,30.0,1.0,9.418181818181818,5.324594323176848,6.539921904151203,16.0,1.0,1.7181818181818185,1.5940835788128989,0.6892923668097224,4.0,1.0,2.5417272727272726,2.502853267563388,0.4521018772776956,3.44,1.65,97.7909090909091,0.0,54.31261454923299,153.9,0.0,1371.365545454546,163.01093086730523,1786.4468789840842,3823.15,14.009999999999993,1566.5169090909092,216.92191265435687,1999.7637671570312,4300.15,20.279999999999973,1105.6229627272726,9.41269196534816,1690.9454383295508,7140.0,0.0899,1226.56,1218.5114780523031,136.7784241358662,1402.3,906.4,-0.4288227128570595
HUSJUC_FSR,6.25,4.078185963822427,8.516894974108816,57.0,1.0,10.9,6.98887150439156,6.179805822192152,19.0,1.0,1.825,1.6989272341237196,0.8027297179001162,6.0,1.0,2.5732500000000007,2.5265760586540127,0.4736316474856805,3.44,1.1,126.69249999999997,119.820404220325,37.12110846607359,153.9,48.0,2050.409,377.8382078874784,1872.320432260194,3823.15,14.009999999999993,2372.37825,499.5044414664257,2104.862095553872,4300.15,20.279999999999973,1340.4247975,39.35829709987595,1352.4365500188214,6146.0,0.0899,1174.5975,1162.431560546189,150.96554654539557,1313.9,538.1,-0.2985056857142873
IBATEM_FSR,7.0,3.983125163894789,10.099504938362076,64.0,1.0,10.235955056179776,5.982751411215967,6.6939893748637695,19.0,1.0,1.820224719101124,1.6612236872966868,0.893947158692858,6.0,1.0,2.652808988764045,2.591020942592065,0.561876848364649,3.44,1.2,109.64943820224718,91.644595246375,45.207012291883885,153.9,7.0,1136.137191011236,131.9238424745156,1664.4931808400106,3823.15,14.009999999999993,1370.7180898876404,186.6865866574496,1913.1561866997647,4300.15,20.279999999999973,1089.5112247191012,6.621993505542296,2073.461990069045,8960.0,0.0899,1222.5471910112358,1207.667218528485,169.36083418261418,1402.3,593.4,-0.0696157680000851
IBICAZ_FSR,4.9375,2.8930957813018026,5.716956686034974,30.0,1.0,8.125,4.12022238798828,6.739575283354285,17.0,1.0,1.625,1.4956577455914315,0.6959705453537527,4.0,1.0,2.463125,2.434360625285732,0.3890086559126929,3.44,1.65,107.184375,0.0,64.7264006674199,349.0,0.0,1355.1540625000002,140.808325119743,1790.0877705818282,3823.15,14.009999999999993,1542.5103124999998,187.1867214742021,2005.84870012123,4300.15,20.279999999999973,1000.310078125,6.525157220381488,1532.3936503510604,7140.0,0.0899,1225.671875,1218.8832676769118,125.672528905423,1402.3,906.4,-0.16503398600016222
IBICED_FSR,5.5,2.9591256710982745,7.487489565935968,35.0,1.0,8.125,4.120222387988281,6.739575283354285,17.0,1.0,1.65625,1.5091644275934226,0.7749747979773278,4.0,1.0,2.456875,2.429391790244061,0.3792462714055339,3.44,1.65,106.421875,0.0,61.9577413160323,324.6,0.0,1358.0978125000004,142.74654630720127,1788.2155859416362,3823.15,14.009999999999993,1545.4178125,189.11917034103925,2004.0239008566211,4300.15,20.279999999999973,1097.709640625,8.089806387155717,1564.635348606026,7140.0,0.0899,1222.19375,1215.339857096228,126.4556145884298,1402.3,906.4,-0.21487024800012472
IBOZIK_FSR,5.107438016528926,3.257481238148478,5.2188495817471,29.0,1.0,9.074380165289256,4.984490467366265,6.610991710225058,16.0,1.0,1.6694214876033058,1.5544062817709194,0.6477989402401793,4.0,1.0,2.538264462809917,2.504642625982566,0.4338139100718404,3.44,1.9,113.7793388429752,101.03725144806108,42.181341920029546,153.9,7.0,1545.711652892562,185.38864212445176,1830.2595122149935,3823.15,14.009999999999993,1788.058099173554,249.6418804146794,2062.2098798720367,4300.15,20.279999999999973,1174.3391834710746,11.084870027388227,1805.2171150906963,8960.0,0.0899,1208.9495867768594,1199.647621629806,141.4618537046233,1402.3,745.5,-0.2676431216666515
ICEGED_FSR,5.538461538461538,3.397018370406756,7.407017302898907,48.0,1.0,9.401709401709402,5.290948985099584,6.554257217735385,16.0,1.0,1.7008547008547008,1.577704717108766,0.7192702529904016,5.0,1.0,2.559230769230769,2.528029772402899,0.4037667809667218,3.44,1.69,83.63760683760684,0.0,57.59231567702419,153.9,0.0,1214.7606837606838,133.17781411690433,1741.254409959369,3823.15,14.009999999999993,1380.5619658119658,173.43442856497063,1952.7985714604167,4300.15,20.279999999999973,917.5859623931626,5.898617398174528,1627.3080088611005,8650.0,0.0899,1252.933333333333,1244.7433423036457,138.44953969853077,1402.3,867.8,-0.27744197833338075
ICOWON_FSR,5.227272727272728,2.86666562902148,8.44733318962434,57.0,1.0,8.363636363636363,4.123885396207901,7.097025334253875,19.0,1.0,1.6136363636363635,1.472991543410929,0.8316442937969087,6.0,1.0,2.552272727272728,2.495683138677548,0.5350397760760138,3.44,1.1,109.85454545454544,102.78578638550364,38.62412961387936,153.9,48.0,1088.924090909091,97.58244252374476,1683.3400919415574,3823.15,14.009999999999993,1287.8938636363634,138.16304087785574,1924.544522786455,4300.15,20.279999999999973,756.413134090909,3.4415481927641056,1295.8803614761632,6146.0,0.0899,1233.3431818181816,1221.636846430475,145.92471034706918,1313.9,538.1,-0.2631399999999928
IDUDIW_FSR,6.12,4.406672356852237,5.278787739623559,29.0,1.0,11.16,7.560380659985783,5.794342067914183,16.0,1.0,1.84,1.7411011265922485,0.6118823416311341,4.0,1.0,2.6216000000000004,2.587915617960012,0.4325707341002161,3.44,1.9,119.2,97.99480157759837,46.66738475637991,153.9,7.0,1906.6052,348.5487353526471,1858.8580161144528,3823.15,14.009999999999993,2202.974,456.9033589875234,2084.737026439546,4300.15,20.279999999999973,1443.5502960000003,35.44479252574332,1891.8443373556493,8960.0,0.0899,1188.6279999999997,1178.1851425417708,150.58972214596847,1402.3,745.5,-0.37132622000003074
IGUTUB01_FSR,5.404255319148936,3.51516132349521,6.787534175982562,48.0,1.0,9.74468085106383,5.764251288807,6.316031898328027,16.0,1.0,1.7234042553191489,1.610714276172048,0.674840490517179,5.0,1.0,2.509148936170213,2.484422322232745,0.3652386557996807,3.44,1.69,115.66808510638296,0.0,47.05056178642598,153.9,0.0,1977.0102127659568,318.5780704739775,1887.635489290137,3823.15,14.009999999999993,2235.8287234042555,408.6317983697032,2113.655141195105,4300.15,20.279999999999973,1338.290561702128,28.685898150245045,1552.12205412976,8650.0,0.0899,1191.404255319149,1184.6078016900417,126.36535843212528,1402.3,867.8,-0.20150194285715117
IHILUI_FSR,7.454545454545454,3.816532561969815,12.694763676153585,64.0,1.0,10.136363636363637,5.673285278866523,6.995423533512688,19.0,1.0,1.818181818181818,1.633999323737711,1.0285189544531597,6.0,1.0,2.644545454545455,2.5687049434289406,0.6086701396018824,3.44,1.2,115.5818181818182,108.32449204061734,38.30234548198697,153.9,50.0,1137.3218181818183,123.80984279725268,1675.7676267816553,3823.15,14.009999999999993,1369.0018181818182,177.68853306824738,1932.838000573336,4300.15,20.279999999999973,975.9873727272728,5.765030758206001,1810.515818276348,7901.0,0.0899,1218.440909090909,1202.6335323053834,169.08040760400715,1313.9,593.4,-0.18214976666666868
IHIMAP_FSR,7.136363636363637,3.796491009587401,11.282711853843448,57.0,1.0,10.136363636363637,5.673285278866523,6.995423533512688,19.0,1.0,1.818181818181818,1.633999323737711,1.0285189544531597,6.0,1.0,2.640000000000001,2.55856561865042,0.6197140102865631,3.44,1.1,115.4909090909091,108.12367741670094,38.45994266873841,153.9,48.0,1119.4127272727274,122.21322417201868,1672.97829508602,3823.15,14.009999999999993,1378.729090909091,178.16544029574382,1944.15990255644,4300.15,20.279999999999973,896.2146454545455,5.699582112666931,1518.7990944245196,6146.0,0.0899,1215.9272727272726,1197.2978232746286,178.50243996758186,1313.9,538.1,-0.3389042316666557
IKEBUV01_FSR,5.5,3.3293310119295567,5.914158666054938,29.0,1.0,9.045454545454543,4.86450585581288,6.778825808268198,16.0,1.0,1.681818181818182,1.5544062817709192,0.6997638326518478,4.0,1.0,2.601818181818182,2.555766177763735,0.5075129766691717,3.44,1.9,109.5,95.37100037711716,42.3711308236248,153.9,7.0,1125.4572727272728,116.27702071091366,1674.634149240261,3823.15,14.009999999999993,1333.9627272727273,163.25122274598803,1905.592043227181,4300.15,20.279999999999973,1024.0547772727275,5.082240310475652,1998.363782256192,8960.0,0.0899,1229.2863636363634,1218.6940304698956,148.27521798532297,1402.3,745.5,-0.3816853633333797
IMACZN01_FSR,5.419354838709677,3.435897768245905,5.386807023306808,30.0,1.0,9.483870967741936,5.21440514118172,6.800716128049928,16.0,1.0,1.6774193548387095,1.5639141188489014,0.6419273787784644,4.0,1.0,2.6467741935483864,2.5947752720509496,0.5329975312947379,3.44,1.65,104.73548387096773,0.0,48.25021844100375,153.9,0.0,1032.6096774193547,105.88560198495315,1649.9386301949455,3823.15,14.009999999999993,1183.9170967741936,147.63897942074948,1848.7457712611777,4300.15,20.279999999999973,814.0326709677416,4.277361448175385,1516.556952461354,7140.0,0.0899,1247.0387096774189,1240.6330861735466,121.39396987048296,1402.3,906.4,-0.34680902999999874
INARUM_FSR,7.139240506329114,5.071315698001244,6.427264270702416,30.0,1.0,11.873417721518988,8.477874695353957,5.572007543607158,16.0,1.0,1.9240506329113924,1.8159940725840011,0.6707666480755327,4.0,1.0,2.7117721518987348,2.6591364666129453,0.5224304435409629,3.44,1.65,98.76202531645568,0.0,60.44097718005866,153.9,0.0,1328.6007594936711,202.3927362823926,1754.1673048773566,3823.15,14.009999999999993,1528.3122784810123,272.39417312444584,1959.8855269703172,4300.15,20.279999999999973,1196.261701265823,15.433031424313713,1864.5369202150184,7140.0,0.0899,1228.5493670886074,1219.2102051634065,147.06964239702666,1402.3,906.4,-0.44807071250019703
INOMOP01_FSR,5.125,3.29000750679495,4.407025640951049,20.0,1.0,8.8125,4.65292761760698,6.866756421338971,16.0,1.0,1.6875,1.561876171205623,0.6817945071647321,4.0,1.0,2.5424999999999995,2.481479225717354,0.5299410344557213,3.44,1.0,110.6490625,89.74472106954836,47.86300628874135,200.0,2.37,1259.6653124999998,139.22771040574676,1739.320143146785,3823.15,14.009999999999993,1448.719375,191.76713524204075,1947.8738791322855,4300.15,20.279999999999973,816.281053125,7.2079615888099635,1060.6313225534243,2260.0,0.0899,1212.3781250000002,1198.9973365592734,159.90820361690135,1402.3,589.8,-0.09318078000005206
IPIFAP_FSR,6.0,3.11838474387994,9.449460709072644,47.0,1.0,8.4,4.363929572178627,6.708891918136017,16.0,1.0,1.6923076923076923,1.5314074912851,0.8757076597389356,5.0,1.0,2.521384615384615,2.487407466496602,0.4317758568198832,3.44,1.93,96.94153846153846,73.93274018239389,49.00018804456129,153.9,7.0,1135.632769230769,113.50885858895984,1682.0420784744017,3823.15,14.009999999999993,1331.490769230769,154.40787925989187,1903.4927717421967,4300.15,20.279999999999973,1110.347970769231,4.745544541004658,2293.53743239308,10490.0,0.0899,1234.056923076923,1222.2339442717946,156.81260150425584,1402.3,731.0,-1.0024964150001097
IPIHIA_FSR,5.613636363636363,3.603494626996494,7.003946644217196,48.0,1.0,9.886363636363637,5.8150966736391885,6.4322197112057005,16.0,1.0,1.7272727272727273,1.6123162258533146,0.6863485850246136,5.0,1.0,2.5790909090909087,2.545690129215482,0.4248251949696389,3.44,1.69,101.2568181818182,0.0,54.50514320071618,153.9,0.0,1510.2379545454542,191.00207485991132,1837.234859216648,3823.15,14.009999999999993,1712.7797727272728,249.8863482381312,2058.4504549268568,4300.15,20.279999999999973,1070.1363522727274,11.470702042655764,1590.1920979825884,8650.0,0.0899,1227.3090909090906,1219.6142626783894,134.42793577733525,1402.3,867.8,0.006327385714355066
IPIJEY_FSR,5.745454545454545,3.9654533981411486,5.353735082990471,30.0,1.0,10.472727272727273,6.605486727385683,6.113634673876076,16.0,1.0,1.7818181818181815,1.676502396547176,0.6235064799811725,4.0,1.0,2.567636363636363,2.5347546425248093,0.4143821847537878,3.44,1.65,102.1709090909091,0.0,57.03272959124524,153.9,0.0,1711.7049090909095,262.9778178512125,1861.8596058270468,3823.15,14.009999999999993,1944.700181818182,338.7865085942367,2083.1332042456806,4300.15,20.279999999999973,1246.1562072727277,21.26302136169113,1590.493529744126,7140.0,0.0899,1212.1581818181817,1203.968594891056,139.2458985077825,1402.3,906.4,-0.23063646333343965
IQABEJ_FSR,6.69620253164557,4.30283889192513,6.224399580376899,27.0,1.0,10.417721518987342,6.392725860958247,6.432920857424826,16.0,1.0,1.8481012658227849,1.710363354704728,0.7478002778603509,4.0,1.0,2.687088607594937,2.6352177333663147,0.534486981993805,3.44,1.88,109.97088607594938,90.0706786658028,48.19143563783012,200.0,7.0,1113.9456962025322,140.3877298830819,1631.6822159778662,3823.15,14.009999999999993,1346.53,199.10901857235737,1879.428759427863,4300.15,20.279999999999973,1185.5835645569623,8.225570538954026,2235.621262204415,8900.0,0.0899,1219.478481012658,1206.662735439852,163.28320483127212,1402.3,760.4,-0.44725941400006375
IQEKUM_FSR,5.684782608695652,3.900605537767969,5.198096114310563,30.0,1.0,10.402173913043478,6.419937985222486,6.272888147327727,16.0,1.0,1.7608695652173914,1.6566408510490958,0.6144910445696771,4.0,1.0,2.6081521739130435,2.569055515721157,0.4577756459888309,3.44,1.65,104.6717391304348,0.0,54.370724871592266,153.9,0.0,1538.7518478260863,210.47286689858643,1835.312514903311,3823.15,14.009999999999993,1750.3059782608696,277.42271799853006,2054.1779964999323,4300.15,20.279999999999973,1117.5683065217393,14.286991170609376,1553.0762790053216,7140.0,0.0899,1221.620652173913,1213.9447278972166,134.42281488067505,1402.3,906.4,-0.38376693222239233
IQOJAB_FSR,5.041666666666667,3.519900493640128,4.448587478689786,30.0,1.0,9.833333333333334,5.871806863107398,6.279375411261501,16.0,1.0,1.7083333333333333,1.6104903319492545,0.5758447900452188,4.0,1.0,2.5091666666666668,2.4845310155779785,0.3633916237645306,3.44,1.65,116.46458333333337,0.0,46.87699546678579,153.9,0.0,2017.5227083333336,336.57861587307974,1884.8946182233235,3823.15,14.009999999999993,2281.7520833333338,430.2981773790133,2110.5848867394934,4300.15,20.279999999999973,1326.0345083333334,31.292612988371012,1401.3978928609,7140.0,0.0899,1190.0229166666666,1183.5487721634677,123.9898017304638,1402.3,906.4,-0.46911699571397286
IROROY_FSR,6.310344827586207,3.926044792988699,8.321569183405098,48.0,1.0,10.310344827586206,6.312329472321245,6.303274727860672,16.0,1.0,1.793103448275862,1.664673104380131,0.7601864718982275,5.0,1.0,2.598965517241379,2.5595433873763653,0.4628721788824136,3.44,1.69,111.06896551724138,0.0,50.40215583408064,153.9,0.0,1620.6365517241377,227.92921551670472,1853.311538152768,3823.15,14.009999999999993,1842.4289655172413,302.39778979817936,2072.7459544041885,4300.15,20.279999999999973,1233.808831034483,17.07685707732065,1780.812200386564,8650.0,0.0899,1209.9275862068964,1202.1378967984524,134.1253039886049,1402.3,867.8,-0.3998744225000621
ISEQIH_FSR,6.088888888888889,4.12421212947285,4.7179196084819806,20.0,1.0,9.866666666666667,5.673281832488005,6.820231341791534,16.0,1.0,1.8222222222222224,1.688281593559383,0.739035073258484,4.0,1.0,2.6542222222222227,2.545180285543465,0.6848730259897778,3.44,1.0,113.9802222222222,89.48359284620518,45.19489477013914,153.9,2.37,1117.710888888889,135.99140632824685,1653.0226893486465,3823.15,14.009999999999993,1302.248222222222,193.71490246731324,1855.807809029431,4300.15,20.279999999999973,706.5360577777777,6.866624242135579,1011.4350502956656,2260.0,0.0899,1204.3955555555551,1183.4981810405484,191.7137356182164,1313.9,589.8,0.33681653500010117
ITIPAE_FSR,8.444444444444445,5.475457489134092,8.08443100603611,30.0,1.0,11.77777777777778,8.123975090513188,5.902499993463744,16.0,1.0,2.0,1.8517494245745807,0.816496580927726,4.0,1.0,2.7677777777777783,2.685786540009302,0.6494917291027188,3.44,1.65,113.04444444444444,0.0,49.980754320729645,153.9,0.0,954.0444444444448,137.8604816041274,1546.8023237857954,3823.15,14.009999999999993,1131.3344444444444,203.38286068736488,1728.5021855037835,4300.15,20.279999999999973,1296.2106444444448,10.231786928957757,2262.5784178279705,7140.0,0.0899,1217.6666666666663,1208.27628941356,143.81210735616884,1313.9,906.4,-0.22959829666662776
IVUVIG_FSR,6.378378378378378,3.8355027804638304,9.676808026749292,62.0,1.0,10.405405405405403,6.196603995318594,6.594262286709312,19.0,1.0,1.7837837837837838,1.6454845721676394,0.8426193117902644,6.0,1.0,2.618108108108108,2.5635322830200487,0.520388824681293,3.44,1.17,114.05945945945946,97.23741642337036,45.1673432582116,153.9,7.0,1502.7640540540542,192.84500154056357,1822.6604619524303,3823.15,14.009999999999993,1713.4683783783782,258.98974817731266,2044.369263866147,4300.15,20.279999999999973,1054.2706162162162,11.832529806708068,1510.7544819160416,7353.0,0.0899,1211.2243243243242,1197.6197035278149,159.52078133772267,1402.3,544.5,0.3131599728572577
IXODUV_FSR,4.96875,3.342742918090432,4.238841048859936,23.0,1.0,9.15625,5.145381438889747,6.562723210489682,16.0,1.0,1.6875,1.5759808451078865,0.6343057228182637,4.0,1.0,2.5290625,2.493089981720253,0.4423965936733124,3.44,1.63,118.24375000000002,110.73536804273034,39.4278132913493,153.9,50.6,1754.675625,236.2198266639348,1861.533602001548,3823.15,14.009999999999993,2018.026875,313.88566555339094,2107.645205612233,4300.15,20.279999999999973,1179.94449375,16.505166133364607,1417.368843586141,6110.0,0.0899,1192.9812500000005,1182.186178874483,147.44489953347826,1313.9,650.9,-0.5608869579999464
IYASOS_FSR,6.183908045977011,3.716186767696749,8.381052433888625,48.0,1.0,9.908045977011492,5.781271780351378,6.518994675875492,16.0,1.0,1.7586206896551724,1.6253564466869024,0.7725985000830372,5.0,1.0,2.6083908045977013,2.565670030064381,0.4817541547953385,3.44,1.69,104.7471264367816,0.0,51.80411122699141,153.9,0.0,1359.5340229885055,162.7913826331084,1790.2496037122485,3823.15,14.009999999999993,1549.3819540229886,219.25798636109084,2003.8013484116084,4300.15,20.279999999999973,1077.995045977012,9.311735859942049,1783.0464910648648,8650.0,0.0899,1227.5770114942527,1219.760603315822,134.0213113102603,1402.3,867.8,-0.3406371257142707
IYOBAA_FSR,7.5625,4.103474860239995,10.991296272505805,74.0,1.0,9.75,5.856186582616085,6.269968101992227,17.0,1.0,1.90625,1.724956710276806,0.9307045382397144,6.0,1.0,2.47703125,2.458196162911525,0.3107183194203996,3.44,1.9,113.0078125,85.83654692034007,59.59382126290312,324.6,7.0,1768.9820312500003,297.4233089986043,1829.0736659980205,3823.15,14.009999999999993,2093.4540625000004,391.57669101996174,2086.3327753641065,5828.15,20.279999999999973,1815.0324046875,35.14844615698255,2957.3367052408985,19250.0,0.0899,1174.4171875,1161.2832046322808,167.58913165339763,1402.3,745.5,0.01721527333317377
IZEBEV_FSR,6.657534246575342,4.056365071753152,8.97060523619347,48.0,1.0,10.438356164383562,6.466643395797588,6.267957875412171,16.0,1.0,1.821917808219178,1.6852422014504105,0.7996996996891191,5.0,1.0,2.604246575342466,2.560780346611322,0.4878325498927341,3.44,1.69,120.30684931506848,0.0,43.168406537071725,153.9,0.0,1716.565479452055,257.67104109565906,1864.3644183592296,3823.15,14.009999999999993,1953.6357534246567,346.1403597058852,2082.174252004885,4300.15,20.279999999999973,1346.504682191781,22.42661156460273,1871.034686028393,8650.0,0.0899,1195.312328767123,1187.9307355569474,129.55338239157402,1313.9,867.8,-0.33481725142852214
IZEWAN_FSR,5.655172413793103,3.8410833060915888,5.316051568656787,30.0,1.0,10.275862068965518,6.296846271743581,6.282963015714568,16.0,1.0,1.7586206896551724,1.6519132559793048,0.6245093198715459,4.0,1.0,2.579137931034482,2.5396922952509726,0.4640313770706288,3.44,1.65,120.97758620689656,0.0,42.49246603853055,153.9,0.0,1818.378275862069,282.6593068909205,1874.806259977868,3823.15,14.009999999999993,2065.8989655172413,374.8699164828041,2095.1787936179853,4300.15,20.279999999999973,1298.5747793103446,25.06044907320124,1565.0230144567245,7140.0,0.0899,1193.4,1186.8254336679363,123.60905418237806,1313.9,906.4,-0.07161092833348444
IZUMUM_FSR,5.863636363636363,3.874655027893824,5.707215963110804,29.0,1.0,10.136363636363637,6.148540730657338,6.312292873616848,16.0,1.0,1.7727272727272727,1.6555065597696217,0.6695872664843745,4.0,1.0,2.601363636363636,2.567432412703553,0.4267562158523235,3.44,1.9,91.92272727272729,58.90205678736376,56.81932235218917,153.9,7.0,1301.9472727272723,163.7437008042568,1743.7508022472755,3823.15,14.009999999999993,1529.3390909090908,216.7230810759197,1977.9567096120109,4300.15,20.279999999999973,1126.8064681818184,8.915994975876352,2001.153871661645,8960.0,0.0899,1235.1954545454544,1222.761918554642,163.4674042494898,1402.3,745.5,-0.22517691000011075
JADJOQ_FSR,4.96875,3.106556276566201,5.3032087869043965,30.0,1.0,8.78125,4.677810243079354,6.695307941947107,16.0,1.0,1.640625,1.5255981507445382,0.6463161837483261,4.0,1.0,2.5209375,2.4836515524055978,0.451292306707914,3.44,1.65,110.565625,0.0,44.7240225534262,153.9,0.0,1470.7934375000002,164.32160322353542,1825.802306111976,3823.15,14.009999999999993,1673.301875,221.3198554019771,2044.3477785721127,4300.15,20.279999999999973,1070.9057546875,9.17443937032417,1536.7575317885514,7140.0,0.0899,1216.4703125,1209.9028044177348,123.33642720178962,1402.3,906.4,0.31442740875009173
JIVFUQ_FSR,7.217391304347826,4.826204309259474,6.206283784367122,30.0,1.0,11.304347826086955,7.36213866412618,6.20262765221809,16.0,1.0,1.9130434782608696,1.7819724100636556,0.7170618479335064,4.0,1.0,2.697826086956521,2.63675816314346,0.5762846256445275,3.44,1.65,114.35652173913044,0.0,42.86468928969043,153.9,0.0,1077.7886956521738,151.20739233607603,1637.7061656616322,3823.15,14.009999999999993,1257.914347826087,219.3308772143136,1825.2714309665944,4300.15,20.279999999999973,1059.0422347826084,12.796039510123402,1648.131404620201,7140.0,0.0899,1210.095652173913,1202.2390557164265,133.6833392704107,1313.9,906.4,-0.2936117183333237
JOFKIA01_FSR,6.866666666666666,4.561429056114059,6.499914529352589,29.0,1.0,11.0,7.130173839304799,6.142746399887703,16.0,1.0,1.8666666666666667,1.7411011265922485,0.7180219742846007,4.0,1.0,2.7220000000000004,2.6747444918787737,0.5036824396383102,3.44,1.9,88.15333333333332,53.38790001850726,57.47312260719981,153.9,7.0,886.6673333333333,114.50053998887064,1503.9059065933025,3823.15,14.009999999999993,1093.1273333333334,158.53083326209676,1744.2869348493732,4300.15,20.279999999999973,1049.9767066666668,5.155291194756369,2295.904268479217,8960.0,0.0899,1253.593333333333,1238.8579827053134,174.1512961638688,1402.3,745.5,-0.2508179939999763
JOSNAG01_FSR,5.617647058823529,2.9519999995855097,9.43714409031222,57.0,1.0,8.5,4.210363400844614,7.138338907122663,19.0,1.0,1.6470588235294117,1.4907396380971711,0.903664205631601,6.0,1.0,2.552058823529412,2.490119214756035,0.5530438734418428,3.44,1.1,109.58529411764708,102.42805709465009,38.73457288622402,153.9,48.0,1066.5723529411769,97.15980887957986,1665.56040497072,3823.15,14.009999999999993,1278.9699999999998,138.6996073136925,1916.2129963335624,4300.15,20.279999999999973,779.3785411764703,3.494710604526833,1362.1898622791148,6146.0,0.0899,1229.9941176470584,1216.2329843523764,156.0499108339389,1313.9,538.1,-0.39241282857143134
JOYKUF_FSR,4.742857142857143,3.048175930260529,4.480706941307092,25.0,1.0,8.571428571428571,4.532378775402213,6.707291189596648,16.0,1.0,1.6285714285714286,1.515716566510398,0.636315927180574,4.0,1.0,2.526571428571428,2.487824915898213,0.4554115429689806,3.44,1.55,104.50857142857144,0.0,48.09266871024595,153.9,0.0,1371.6414285714286,145.1393595415263,1787.9154495143907,3823.15,14.009999999999993,1567.0320000000002,194.7308970669341,2010.3800280711675,4300.15,20.279999999999973,988.5998714285714,6.9177148681404015,1538.8824679787845,7470.0,0.0899,1223.125714285714,1213.672951118238,141.7991503961192,1402.3,717.3,-0.2616394019998779
JUFREJ_FSR,8.590909090909092,5.469645236700029,12.342311154240894,64.0,1.0,12.727272727272728,9.3098659918619,5.642225690611965,19.0,1.0,2.0,1.8534658941746036,0.9534625892455924,6.0,1.0,2.815454545454546,2.7396240506921434,0.5961751365064043,3.44,1.2,109.7090909090909,81.11286457443987,52.31537153813928,153.9,7.0,1145.8654545454544,161.7249261209881,1670.129805613181,3823.15,14.009999999999993,1379.9659090909088,228.25464266391788,1925.314087178456,4300.15,20.279999999999973,976.2065727272728,9.361305518141512,1810.39772206989,7901.0,0.0899,1230.8409090909086,1213.6787642402255,178.51267502513122,1402.3,593.4,-0.4701567199999772
JUMCUR_FSR,5.181818181818182,3.3354766366059145,4.647935647696079,23.0,1.0,9.0,4.926344460699131,6.692374674798086,16.0,1.0,1.696969696969697,1.57362280748534,0.6735185082088748,4.0,1.0,2.534848484848485,2.497808243823149,0.4483242955861926,3.44,1.63,113.8121212121212,100.35610623562862,45.28670791393738,200.0,7.0,1483.9012121212122,178.6567121369363,1806.314474754499,3823.15,14.009999999999993,1720.971818181818,242.26091168536985,2046.9402602975488,4300.15,20.279999999999973,1066.6534757575755,11.180244544935574,1402.5860730662837,6110.0,0.0899,1203.5242424242424,1192.1142184251476,152.22704739224042,1402.3,650.9,-0.5503936159999739
JUMDAY_FSR,5.34375,3.477913975902944,4.674461031766122,23.0,1.0,9.28125,5.188503000489891,6.671929888533002,16.0,1.0,1.71875,1.596076805905835,0.6724198372296879,4.0,1.0,2.5578125,2.5174436571663823,0.4699716372758573,3.44,1.63,119.28125,111.34077099566584,41.21984835534333,200.0,50.6,1529.5790625,192.60956948374724,1815.450163770269,3823.15,14.009999999999993,1774.5212500000002,263.04976267299946,2055.8035686407243,4300.15,20.279999999999973,1099.98915,13.05316663003447,1411.4008575864332,6110.0,0.0899,1197.3718750000005,1186.1337460890068,150.4580718887637,1313.9,650.9,-0.21707657599995395
JUMDEC_FSR,5.258064516129032,3.385702534646228,4.724457585766712,23.0,1.0,9.064516129032258,5.003401626872126,6.666892122445097,16.0,1.0,1.7096774193548387,1.5845037217747318,0.681248776836867,4.0,1.0,2.5293548387096774,2.4922155895450797,0.4495369336713629,3.44,1.63,118.58064516129032,110.49577683347488,41.69145823674615,200.0,50.6,1577.1509677419358,200.5740178835352,1824.762609653482,3823.15,14.009999999999993,1828.8525806451612,272.2856233221685,2065.962461553496,4300.15,20.279999999999973,1135.4265741935485,14.018633354713884,1419.9035819180765,6110.0,0.0899,1193.6129032258063,1182.2259275734168,151.37939677839464,1313.9,650.9,-0.32935195399991246
KABXES_FSR,5.788461538461538,3.5624516969650286,8.370820515019691,62.0,1.0,9.961538461538462,5.691224538505492,6.7238425897397125,19.0,1.0,1.7211538461538465,1.59627677309639,0.7653145503299578,6.0,1.0,2.6201923076923075,2.569591112251296,0.508918500293346,3.44,1.17,110.4326923076923,92.0040007090856,46.32319248478292,153.9,7.0,1370.0973076923074,157.4491807191639,1793.9211924377744,3823.15,14.009999999999993,1559.952692307692,212.47914039776603,2013.0929353122992,4300.15,20.279999999999973,924.1300125,7.9893962061170845,1397.7632580532058,7353.0,0.0899,1225.6625,1214.2723600283684,148.40972728039867,1402.3,544.5,-0.15263558499992763
KAJZIH_FSR,7.521739130434782,5.087594452991608,7.094820923176785,29.0,1.0,11.521739130434783,8.044741031278289,5.709409207366772,16.0,1.0,1.9565217391304348,1.827112183714018,0.7505511522448727,4.0,1.0,2.6882608695652177,2.6366986238143606,0.5341604723376109,3.44,1.9,129.25652173913045,124.4769011970374,31.349014631029224,153.9,72.8,1633.8213043478258,283.64623559852487,1792.0336498667712,3823.15,14.009999999999993,1961.078260869565,399.3036225926346,2022.7272843337728,4300.15,20.279999999999973,1663.9327173913043,29.915505736964185,2492.180434449156,8960.0,0.0899,1175.078260869565,1160.7242388543152,170.46331737616887,1313.9,745.5,-0.3881623433335335
KALGEL_FSR,4.9245283018867925,3.283024275956121,4.643311507817774,28.0,1.0,9.169811320754716,5.183599959979222,6.439078362085632,16.0,1.0,1.679245283018868,1.570194629950992,0.6226415094339622,4.0,1.0,2.49311320754717,2.469092189283035,0.3632125091550299,3.44,1.83,114.56320754716982,99.70692897346407,44.45608035215969,153.9,7.0,1865.3886792452831,269.05433675365407,1871.540462251228,3823.15,14.009999999999993,2136.290943396227,349.55497162296507,2108.043585790285,4300.15,20.279999999999973,1308.5986886792457,20.674398116879004,1667.0140320183134,8908.0,0.0899,1193.1698113207544,1184.3929734282838,138.77314742821906,1402.3,737.1,-0.1415195850003101
KATDAM_FSR,5.186440677966102,3.409967631006691,6.2095458942327335,48.0,1.0,9.59322033898305,5.55268830218064,6.420619971300085,16.0,1.0,1.694915254237288,1.5871883676903529,0.6445136726044591,5.0,1.0,2.5277966101694918,2.5013709498152488,0.3783105521748158,3.44,1.69,108.88305084745764,0.0,50.58500197282427,153.9,0.0,1774.6267796610173,247.96306578561024,1883.146825894378,3823.15,14.009999999999993,2006.917457627119,319.81958956047515,2110.4689992660465,4300.15,20.279999999999973,1181.1065745762714,17.809425837462083,1486.789092419976,8650.0,0.0899,1209.0898305084745,1202.0227775258534,129.28874621010695,1402.3,867.8,-0.3229976479999095
KAWBOB_FSR,5.038095238095238,3.280026468434144,4.505919512995806,25.0,1.0,9.095238095238097,4.937527986763037,6.771823710927662,16.0,1.0,1.6571428571428573,1.54603333726698,0.6298687910013887,4.0,1.0,2.6052380952380947,2.557252402592345,0.5087016063106529,3.44,1.55,103.16761904761906,0.0,49.12084514403636,153.9,0.0,1157.6330476190474,118.72573342953272,1703.8107509010356,3823.15,14.009999999999993,1328.219904761905,162.4790311870496,1917.563331913705,4300.15,20.279999999999973,859.5735409523811,4.902074423185791,1521.433400549457,7470.0,0.0899,1237.858095238095,1228.4978972736292,140.56473159295845,1402.3,717.3,-0.28004172166671043
KAYBIX_FSR,5.142857142857143,3.515658906444511,3.9974481656094927,20.0,1.0,9.357142857142858,5.237336237750431,6.688018528438352,16.0,1.0,1.7142857142857142,1.6005540851619309,0.6468132241526725,4.0,1.0,2.5635714285714286,2.4991464931058744,0.5366244648975022,3.44,1.0,106.7275,80.11995811811067,50.14901285348069,153.9,2.37,1424.5392857142854,172.5154144015096,1798.933551369351,3823.15,14.009999999999993,1627.407857142857,231.4460446483592,2016.8974250200604,4300.15,20.279999999999973,862.8766428571429,9.393129572931628,1079.5326799617562,2260.0,0.0899,1212.4607142857142,1198.0042314367188,165.72089561170895,1402.3,589.8,-0.2329037683333771
KAYBUJ_FSR,5.142857142857143,3.515658906444511,3.9974481656094927,20.0,1.0,9.357142857142858,5.237336237750431,6.688018528438352,16.0,1.0,1.7142857142857142,1.6005540851619309,0.6468132241526725,4.0,1.0,2.5635714285714286,2.4991464931058744,0.5366244648975022,3.44,1.0,106.7275,80.11995811811067,50.14901285348069,153.9,2.37,1424.5392857142854,172.5154144015096,1798.933551369351,3823.15,14.009999999999993,1627.407857142857,231.4460446483592,2016.8974250200604,4300.15,20.279999999999973,862.8766428571429,9.393129572931628,1079.5326799617562,2260.0,0.0899,1212.4607142857142,1198.0042314367188,165.72089561170895,1402.3,589.8,-0.2326209600000292
KEGYAX_FSR,8.047619047619047,4.393336672510824,11.17810866733209,47.0,1.0,10.428571428571429,6.356582272711546,6.444424896365692,16.0,1.0,1.9047619047619049,1.7229724410379608,0.9712418121129114,5.0,1.0,2.69404761904762,2.6387125020800943,0.555569461277215,3.44,1.93,122.47619047619048,116.8512925178404,34.07379812731275,153.9,72.8,1203.1576190476194,150.9927143676378,1684.7977946891936,3823.15,14.009999999999993,1438.914047619047,216.97877615946152,1907.658946766028,4300.15,20.279999999999973,1395.50415952381,9.40494087709771,2715.122511509394,10490.0,0.0899,1206.7047619047614,1192.8837491810723,165.99475601639745,1313.9,731.0,-0.39055422499999765
KESGAS_FSR,5.1875,3.5216568578239875,4.294649044644587,25.0,1.0,9.645833333333334,5.565116463457534,6.530344501292068,16.0,1.0,1.7083333333333333,1.6008669241846334,0.6109532624422991,4.0,1.0,2.56625,2.53026037120369,0.4410150460396258,3.44,1.55,111.86875,0.0,49.734428703238365,200.0,0.0,1569.9714583333332,204.3656629402615,1836.5337982823212,3823.15,14.009999999999993,1790.9054166666667,271.6725713838002,2058.658739712743,4300.15,20.279999999999973,1091.360089583333,13.648809656629387,1439.8763731667773,7470.0,0.0899,1209.7624999999998,1200.848015580958,139.95414669484907,1402.3,717.3,0.10969335714285726
KEXFAU_FSR,3.793103448275862,2.263256910161282,5.3683575497913605,48.0,1.0,6.637931034482759,3.1244018737710992,6.49720968188777,15.0,1.0,1.4741379310344829,1.3670358752925973,0.636005949014572,5.0,1.0,2.3801724137931037,2.366017368812045,0.2673238471199327,3.04,1.69,93.40517241379312,0.0,46.4995714567342,153.9,0.0,1285.838189655173,107.8460824733258,1778.7692611706318,3823.15,14.009999999999993,1463.3110344827587,142.22268282827952,2003.447652277486,4300.15,20.279999999999973,891.8658913793105,3.8006587488634014,1485.5467676558214,8908.0,0.0899,1237.128448275862,1229.9542305804916,127.69194936281188,1402.3,737.1,-0.24435593999991545
KIBDIJ_FSR,8.25,4.430160649848757,13.344942862372998,65.0,1.0,11.15,6.793877033243368,6.739992581598291,19.0,1.0,1.9,1.7162362060827692,1.044030650891055,6.0,1.0,,,,,,119.215,112.2238630011665,37.10038106273304,153.9,50.0,1063.388,124.68249417926182,1630.12076891131,3823.15,14.009999999999993,1292.379,181.925303197094,1889.3288307303733,4300.15,20.279999999999973,976.5485700000002,6.0591102913986665,1923.7597978105164,8219.0,0.0899,1219.075,1200.7308124479391,178.66077598342622,1313.9,565.8,-0.405208031666632
KIGCEK_FSR,4.777777777777778,2.970256480274369,5.121366522885117,30.0,1.0,8.5,4.41161114449747,6.751543033509698,16.0,1.0,1.6111111111111112,1.4983070768766815,0.6358623967921998,4.0,1.0,2.5202777777777774,2.4836522536474064,0.4465577361645355,3.44,1.65,103.62777777777777,0.0,47.7054539807156,153.9,0.0,1310.9719444444447,133.07822688430952,1779.765453829083,3823.15,14.009999999999993,1492.0111111111114,179.44003761186022,1994.492497368661,4300.15,20.279999999999973,951.9745944444444,6.123829129094843,1487.4064942103012,7140.0,0.0899,1230.8472222222222,1224.2333526893506,124.04667017366022,1402.3,906.4,0.018060219999881628
KINDIW_FSR,6.127659574468085,3.8689496997111417,9.474752612897063,68.0,1.0,10.53191489361702,6.5498035436620565,6.276776052224437,19.0,1.0,1.7872340425531914,1.665378686936304,0.7700834498235685,6.0,1.0,2.552340425531915,2.515507178783684,0.4293399821594419,3.44,1.24,119.63404255319148,104.24219606393724,44.20660043427494,153.9,7.0,2003.7678723404256,345.56140805545857,1875.0805688867747,3823.15,14.009999999999993,2283.50829787234,445.7951881547342,2106.964663544904,4300.15,20.279999999999973,1347.198608510639,32.30133460635255,1594.3543963134227,9066.0,0.0899,1185.5595744680847,1174.9654433529067,146.42067151405718,1402.3,589.3,-0.3411207575000219
KINFAQ_FSR,7.321428571428571,4.216373465664452,12.171552229418785,69.0,1.0,10.964285714285714,6.884897780435257,6.40023516787326,19.0,1.0,1.8571428571428568,1.7063238859562262,0.914732033918978,6.0,1.0,2.6260714285714286,2.568427079307938,0.5362791070070182,3.44,1.25,123.79285714285716,116.7905746153094,37.4153514003031,153.9,50.0,1721.1421428571427,259.46972299132244,1849.524675086156,3823.15,14.009999999999993,1950.6764285714285,345.9805196888976,2073.2505796251003,4300.15,20.279999999999973,1301.8115071428572,20.84837231641186,1896.4406958009092,9320.0,0.0899,1190.2857142857142,1176.9785818283776,158.91148415365825,1313.9,596.7,-0.23327313199995384
KIPZEQ_FSR,5.689075630252101,3.8248165738831816,5.211086918929005,27.0,1.0,10.042016806722687,6.079054451665624,6.331719479157516,16.0,1.0,1.7647058823529411,1.650255121736785,0.6572911350260897,4.0,1.0,2.5926050420168067,2.5555646262201708,0.4532449987392482,3.44,1.88,112.1689075630252,93.47780082665398,46.683509311787226,153.9,7.0,1634.3338655462185,229.5281653138084,1832.176079117196,3823.15,14.009999999999993,1895.819075630252,306.1058431195619,2072.857122616796,4300.15,20.279999999999973,1285.8991949579834,16.495255460467263,1932.569112674392,8900.0,0.0899,1204.2554621848735,1193.9672442143765,149.1142575272251,1402.3,760.4,-0.43286648285702867
KIYMIQ_FSR,4.777777777777778,3.396166292730365,3.083208205669246,11.0,1.0,8.88888888888889,4.758405363026056,6.698995686659049,16.0,1.0,1.6944444444444444,1.5926031382572965,0.56859693029052,3.0,1.0,2.4708333333333337,2.3945758064237115,0.5481350958781359,3.44,0.93,113.125,100.33795399532733,43.6221743752214,153.9,7.0,1628.0116666666668,219.2528300861663,1856.8836347097197,3823.15,14.009999999999993,1877.966666666667,302.1095108248726,2062.438252569301,4300.15,20.279999999999973,995.7101305555556,16.212574807385668,1090.3142764690158,2260.0,0.0899,1175.4694444444444,1151.378441051512,199.45964757514852,1402.3,495.8,-0.21433695285713836
KIYQIU_FSR,6.090909090909091,4.075064571479894,5.869095415115991,30.0,1.0,10.545454545454543,6.582050320116321,6.2502892495051245,16.0,1.0,1.7954545454545454,1.681792830507429,0.659874142770817,4.0,1.0,2.621136363636364,2.5751474612511216,0.4963284099221681,3.44,1.65,110.28863636363636,0.0,51.21807749005091,153.9,0.0,1528.269090909091,213.9928633680865,1826.040014202141,3823.15,14.009999999999993,1744.7913636363637,287.34188712254,2040.9722538464036,4300.15,20.279999999999973,1198.131425,15.85986539369622,1689.712126297142,7140.0,0.0899,1212.984090909091,1205.279929503262,133.70499403058588,1402.3,906.4,-0.2544902366666406
KIYQOA_FSR,6.526315789473684,4.431641601977836,6.141904565340518,30.0,1.0,11.052631578947368,7.208251481484447,6.09118158281234,16.0,1.0,1.8421052631578947,1.7284437865632112,0.6698906348083083,4.0,1.0,2.6705263157894743,2.6178798219533634,0.5304960308816301,3.44,1.65,113.3315789473684,0.0,50.11186489016432,153.9,0.0,1466.4252631578947,210.5880551006468,1805.8017370813395,3823.15,14.009999999999993,1679.5373684210526,287.26650124118,2016.830248676692,4300.15,20.279999999999973,1208.886605263158,16.186045141540706,1761.6690971962253,7140.0,0.0899,1212.8263157894737,1205.0139888951535,134.11744202320463,1402.3,906.4,-0.3980943942856844
KOJTOU_FSR,5.7176470588235295,3.657046555760875,5.689229793226708,28.0,1.0,9.670588235294115,5.594278310834246,6.519451863090616,16.0,1.0,1.741176470588235,1.6178946253557616,0.6886122647840892,4.0,1.0,2.5974117647058823,2.556230923250555,0.4795639022405459,3.44,1.91,113.81176470588235,98.909121113332,42.96174608064224,153.9,7.0,1449.5535294117649,179.42889753533373,1788.56090661456,3823.15,14.009999999999993,1696.484588235294,244.6495775807469,2031.761201281265,4300.15,20.279999999999973,1217.2234588235292,10.864180272963162,2013.773445335557,8908.0,0.0899,1209.9870588235294,1198.7500958427352,153.2265088325011,1402.3,737.1,-0.2563827449994278
KOMGUP_FSR,7.333333333333333,4.784029805885257,7.301065371269837,30.0,1.0,11.166666666666666,7.434535886252672,5.948856099191582,16.0,1.0,1.9166666666666667,1.7817974362806783,0.759202798262025,4.0,1.0,2.6620833333333334,2.608872588644972,0.5144007773343875,3.44,1.65,70.22083333333332,0.0,61.88595680205289,153.9,0.0,885.5883333333331,122.16603418881552,1517.4209992908657,3823.15,14.009999999999993,1036.3483333333334,163.55879212233216,1702.2082317308368,4300.15,20.279999999999973,1066.4514333333334,6.458804867537868,2043.297690650396,7140.0,0.0899,1261.5583333333332,1250.835632502109,156.4519146486301,1402.3,906.4,-0.4355765799999176
KORNAI_FSR,5.870967741935484,4.045401804320616,5.191444174010026,27.0,1.0,10.43010752688172,6.567215267515826,6.175563792924576,16.0,1.0,1.7956989247311828,1.684929434500095,0.6485573698924827,4.0,1.0,2.610537634408602,2.573886249483585,0.4496674173409275,3.44,1.88,110.17849462365592,87.16828701654731,49.62932026526162,153.9,7.0,1657.212580645161,246.0229462625762,1833.402233949606,3823.15,14.009999999999993,1922.6220430107528,325.862915508386,2074.027247414136,4300.15,20.279999999999973,1306.614207526882,18.665179372288257,1945.9233952970965,8900.0,0.0899,1205.1806451612902,1194.4764147740534,152.45785122316192,1402.3,760.4,-0.26150482142864867
KOSJAF_FSR,7.7,5.312804959773338,6.885491994040804,27.0,1.0,11.5,8.224537024492498,5.5901699437494745,16.0,1.0,2.0,1.8660659830736148,0.7745966692414834,4.0,1.0,2.68,2.62714428967131,0.5386278863928232,3.44,1.88,124.79,118.16841240838964,36.49077828712345,153.9,63.7,1725.3320000000006,322.6718375227143,1784.2076991751828,3823.15,14.009999999999993,2071.206,448.70223099271374,2033.03799552394,4300.15,20.279999999999973,1794.4466800000005,37.483832049580286,2596.921586583946,8900.0,0.0899,1167.2099999999996,1152.5812861148524,172.63630817414975,1313.9,760.4,-0.2858032099999946
KOSKIO_FSR,8.444444444444445,6.396102488342848,6.865551869233515,27.0,1.0,12.666666666666666,10.39418664701137,4.594682917363406,16.0,1.0,2.111111111111111,2.0000000000000004,0.7370277311900888,4.0,1.0,2.7333333333333334,2.67945388276868,0.542135694370986,3.44,1.88,130.56666666666666,124.70269740269003,33.850127194903,153.9,63.7,1915.4788888888895,457.2253240425383,1782.0071578634422,3823.15,14.009999999999993,2299.0866666666666,632.9807200230485,2018.2162385741628,4300.15,20.279999999999973,1993.819655555556,73.27645659732971,2663.80168523376,8900.0,0.0899,1151.1222222222225,1136.1095236714414,174.718648612103,1313.9,760.4,-0.27045137200000224
KOSKUA_FSR,7.7,5.312804959773338,6.885491994040804,27.0,1.0,11.5,8.224537024492498,5.5901699437494745,16.0,1.0,2.0,1.8660659830736148,0.7745966692414834,4.0,1.0,2.68,2.62714428967131,0.5386278863928232,3.44,1.88,124.79,118.16841240838964,36.49077828712345,153.9,63.7,1725.3320000000006,322.6718375227143,1784.2076991751828,3823.15,14.009999999999993,2071.206,448.70223099271374,2033.03799552394,4300.15,20.279999999999973,1794.4466800000005,37.483832049580286,2596.921586583946,8900.0,0.0899,1167.2099999999996,1152.5812861148524,172.63630817414975,1313.9,760.4,-0.25662400799999424
KOSLUB_FSR,8.555555555555555,6.42200046461105,7.166451331820933,28.0,1.0,12.77777777777778,10.516583556468806,4.5160892073114605,16.0,1.0,2.111111111111111,2.0000000000000004,0.7370277311900888,4.0,1.0,2.736666666666667,2.684171328550501,0.5369460970256802,3.44,1.91,135.93333333333334,132.77209320696977,25.6619909160957,153.9,72.8,1911.0344444444447,456.0643138374816,1782.418897310999,3823.15,14.009999999999993,2297.531111111111,632.6724355840931,2017.5264150739108,4300.15,20.279999999999973,1994.708544444445,73.28377217277689,2666.106410702234,8908.0,0.0899,1148.5333333333333,1132.1877622428294,180.5638329726576,1313.9,737.1,-0.3510059100000376
KUDLUR_FSR,7.044943820224719,3.9858804392943785,10.354296847159205,66.0,1.0,10.235955056179776,5.982751411215967,6.6939893748637695,19.0,1.0,1.820224719101124,1.6612236872966868,0.893947158692858,6.0,1.0,2.653258426966292,2.5919835430996323,0.5607213958618851,3.44,1.22,109.64943820224718,91.644595246375,45.207012291883885,153.9,7.0,1138.3619101123595,132.10345483077015,1665.1591969126086,3823.15,14.009999999999993,1355.369775280899,185.7847114950569,1898.510341970972,4300.15,20.279999999999973,1104.1179662921352,6.6337686259482185,2123.090427165192,8960.0,0.0899,1222.0887640449437,1206.7182025796092,171.08205629496294,1402.3,573.0,-0.2987824716666409
KUQWIE_FSR,6.677966101694915,3.3291020859375564,10.19045861140289,48.0,1.0,8.64406779661017,4.482052788237144,6.846408713083823,16.0,1.0,1.7457627118644068,1.5652227167991468,0.9314326551887516,5.0,1.0,2.5374576271186435,2.488813516764398,0.5148493056483351,3.44,1.69,99.92203389830507,0.0,46.770340695195,153.9,0.0,967.6274576271188,99.05109976633696,1598.1910453793764,3823.15,14.009999999999993,1121.9466101694916,140.0608853366531,1787.86004356369,4300.15,20.279999999999973,1038.2709728813563,4.790560449968907,2012.7483346943357,8650.0,0.0899,1229.1762711864403,1220.8260678059612,136.27673532003104,1402.3,867.8,-0.40363631125006805
KUQXIE_FSR,7.9393939393939394,4.657167596037384,10.557029523495862,48.0,1.0,11.090909090909092,7.1037265973432655,6.27338599966768,16.0,1.0,1.9090909090909087,1.750042042680974,0.899954085146515,5.0,1.0,2.740909090909091,2.6780495471788868,0.5806024229657666,3.44,1.69,113.3121212121212,0.0,47.91989374688325,153.9,0.0,1104.367575757576,139.56314297808552,1670.1352396157158,3823.15,14.009999999999993,1276.500909090909,198.87350937509672,1866.1324470897,4300.15,20.279999999999973,1141.1881242424242,8.459567597933502,2150.6671628022004,8650.0,0.0899,1227.0060606060606,1218.4878813350515,137.29926822156827,1402.3,867.8,-0.03602045600002836
LAGMUD_FSR,5.244897959183674,3.4257293166095253,5.618957025179331,39.0,1.0,9.408163265306122,5.288862314222482,6.648364437034882,16.0,1.0,1.6938775510204085,1.5796787388376148,0.676246592889016,5.0,1.0,2.579591836734694,2.534610851913003,0.4786927743117281,3.44,1.22,107.4734693877551,86.5825846296029,48.62901533921192,153.9,7.0,1460.3883673469388,171.56246264367283,1817.561916912208,3823.15,14.009999999999993,1681.9863265306124,229.58312404669823,2057.37057017426,4300.15,20.279999999999973,921.8378408163268,9.02690945201408,1197.7542038444344,4472.0,0.0899,1222.3142857142857,1211.6429127250058,147.1332105020925,1402.3,600.0,-0.35709381571432786
LAGNAK_FSR,4.844827586206897,3.104726340423629,5.329817633348841,39.0,1.0,8.775862068965518,4.681649297990478,6.733967174853875,16.0,1.0,1.637931034482759,1.5252003426135652,0.6617186573239822,5.0,1.0,2.538793103448276,2.498540401859825,0.4548363767418014,3.44,1.22,106.28793103448275,87.61169535425307,47.24706185933758,153.9,7.0,1432.974827586207,155.45198718993382,1815.305795131708,3823.15,14.009999999999993,1645.507931034483,207.8451724397108,2053.0073861136248,4300.15,20.279999999999973,895.6998896551726,7.456283138184039,1179.7593693518356,4472.0,0.0899,1224.5672413793102,1214.789025653177,141.66888470087574,1402.3,600.0,-0.08484148857147436
LAGNEO_FSR,4.854545454545455,3.085654799404125,5.438643486679983,39.0,1.0,8.709090909090909,4.621084607785281,6.7465081264922855,16.0,1.0,1.6363636363636365,1.5218785559040364,0.6705123241667555,5.0,1.0,2.535636363636364,2.494487513486056,0.4598844267317747,3.44,1.22,107.83636363636364,91.10237274440112,45.943484506456855,153.9,7.0,1440.2241818181822,155.7532376231004,1816.70758410592,3823.15,14.009999999999993,1655.3030909090912,208.92828884081985,2055.1833615695373,4300.15,20.279999999999973,903.4409581818184,7.522894443721766,1185.2080687801829,4472.0,0.0899,1222.2563636363632,1212.3857550013072,141.77283592056233,1402.3,600.0,-0.1705806983333389
LAGPAM_FSR,5.552631578947368,3.6150212697127535,6.1460186874407725,39.0,1.0,9.657894736842104,5.596253690215221,6.5505175198905725,16.0,1.0,1.736842105263158,1.6162857919940992,0.7139294719079229,5.0,1.0,2.572105263157895,2.524288297615942,0.490102878001069,3.44,1.22,116.64210526315787,103.47940699623378,43.20970061394564,153.9,7.0,1673.6494736842108,225.93571926733043,1854.484215246849,3823.15,14.009999999999993,1931.402631578947,302.41184916022075,2098.0440994846954,4300.15,20.279999999999973,1069.590071052632,15.188527679300662,1238.075001987571,4472.0,0.0899,1201.0421052631575,1189.5500914301022,150.51529845584497,1402.3,600.0,-0.317676478571473
LAGQER_FSR,5.714285714285714,3.458292798080725,8.59283042389861,62.0,1.0,9.73469387755102,5.491893477213373,6.718161526343658,19.0,1.0,1.7142857142857142,1.5855674321409123,0.7824607964359516,6.0,1.0,2.578571428571429,2.532447160884194,0.4816341231385381,3.44,1.17,107.88979591836735,87.51390070890005,48.04434705177936,153.9,7.0,1451.1230612244897,170.54727661537893,1816.9684819593008,3823.15,14.009999999999993,1650.51693877551,226.9953412898126,2039.2276395185363,4300.15,20.279999999999973,980.6337591836736,9.118984753938795,1420.57006255626,7353.0,0.0899,1221.181632653061,1209.2452038437484,152.0509563801226,1402.3,544.5,0.10600194571429711
LAGQOB_FSR,5.755102040816326,3.460534264870802,8.860668911601215,64.0,1.0,9.73469387755102,5.491893477213373,6.718161526343658,19.0,1.0,1.7142857142857142,1.5855674321409123,0.7824607964359516,6.0,1.0,2.5791836734693883,2.53375598900363,0.4798589790067956,3.44,1.2,107.88979591836735,87.51390070890005,48.04434705177936,153.9,7.0,1456.0414285714285,171.12185255987035,1817.001147973984,3823.15,14.009999999999993,1680.0475510204085,229.45849251923656,2055.5890918212253,4300.15,20.279999999999973,991.8174326530614,9.132371737972012,1471.922486977263,7901.0,0.0899,1222.1795918367343,1211.3694350523908,147.70476064839872,1402.3,593.4,-0.29326795000004796
LAGVOG_FSR,5.243902439024391,3.302982902722546,6.03962722078868,39.0,1.0,9.048780487804878,4.942014377691923,6.717110367079115,16.0,1.0,1.6829268292682926,1.5604890633690829,0.7135970165037949,5.0,1.0,2.5568292682926828,2.5097546113633333,0.4876996227907054,3.44,1.22,109.85121951219512,93.52850109041644,45.65454654756752,153.9,7.0,1460.5026829268293,166.78095032125006,1814.981278837836,3823.15,14.009999999999993,1688.569512195122,224.9937832170512,2057.905505741393,4300.15,20.279999999999973,936.2425219512196,8.691080010284992,1216.4948557559512,4472.0,0.0899,1216.8634146341462,1205.588071115258,149.3842185743594,1402.3,600.0,-0.22785867999998569
LAJJAK_FSR,5.464285714285714,3.55258420886621,5.460783191193777,30.0,1.0,9.678571428571429,5.5714679437539205,6.514015501914597,16.0,1.0,1.7142857142857142,1.6005540851619309,0.6468132241526725,4.0,1.0,2.575714285714285,2.537760059319018,0.4469454151030443,3.44,1.65,91.82500000000002,0.0,56.682711051456046,153.9,0.0,1275.7474999999995,147.9432141237548,1757.515155601439,3823.15,14.009999999999993,1455.0660714285716,195.5126010922518,1969.325042298465,4300.15,20.279999999999973,981.8371785714286,7.517251540071378,1580.6406382680634,7140.0,0.0899,1241.3607142857145,1233.3905668176371,136.699285031273,1402.3,906.4,-0.3163620683333571
LAVTEJ01_FSR,9.0,5.61758616680989,13.626599374984051,66.0,1.0,12.842105263157896,9.78259311552791,5.284168588636267,19.0,1.0,2.0526315789473686,1.899374437039104,0.9986139979479092,6.0,1.0,2.705789473684211,2.634044852907744,0.5816430067125518,3.44,1.22,131.55263157894737,125.37224113070566,34.05615128641541,153.9,50.0,1919.1910526315792,395.35726745928434,1841.396240367889,3823.15,14.009999999999993,2218.096842105263,533.049343218924,2065.494053514997,4300.15,20.279999999999973,1521.044405263158,47.80773560998284,1988.5205781345571,8551.0,0.0899,1166.8894736842103,1149.2112600004946,178.25332031966795,1313.9,573.0,-0.21724755999991882
LAWHOJ_FSR,8.954128440366972,6.374265134066353,9.926690294538588,48.0,1.0,13.137614678899082,10.865644306496714,4.396553883823386,16.0,1.0,2.1192660550458715,2.0003345964494783,0.8096297788223933,5.0,1.0,2.715963302752294,2.673037161796973,0.4770246455003975,3.44,1.69,120.44770642201834,0.0,58.80197774295197,200.0,0.0,1761.799633027523,401.6403280363556,1833.826451406666,3823.15,14.009999999999993,2027.6226605504587,539.4178080597861,2031.4642841310945,4300.15,20.279999999999973,1597.7099706422025,68.36671218238911,2015.4205027221687,8650.0,0.0899,1178.5431192660546,1168.7466523082016,150.36394158746876,1402.3,867.8,-0.28587874499999083
LECGEH_FSR,5.394736842105263,3.770363990756886,4.457633746166058,27.0,1.0,10.18421052631579,6.186626451704863,6.340576360809608,16.0,1.0,1.736842105263158,1.636400990725973,0.5931277720834024,4.0,1.0,2.613947368421053,2.578535398122712,0.4435653365133852,3.44,1.88,108.4157894736842,84.56888059436822,50.20079432332242,153.9,7.0,1575.39,211.66798860589117,1836.0380843028631,3823.15,14.009999999999993,1810.4394736842105,279.77924772634367,2071.9669844389377,4300.15,20.279999999999973,1126.7014947368425,13.559578745096257,1682.609821206872,8900.0,0.0899,1218.2763157894733,1209.2368144802024,141.96528751814932,1402.3,760.4,-0.36092600499996763
LEDHEJ_FSR,5.686274509803922,3.485460953667331,8.806170287947573,65.0,1.0,9.803921568627452,5.659263986360676,6.564968252071845,19.0,1.0,1.7254901960784317,1.6000716613887127,0.7689675118089245,6.0,1.0,,,,,,118.58823529411764,107.49447619139984,41.61836720779272,153.9,7.0,1844.782941176471,267.5769194945998,1878.2224114026728,3823.15,14.009999999999993,2113.350980392157,351.6546612962635,2116.019907974898,4300.15,20.279999999999973,1224.9386705882357,20.374632403999733,1492.5315047283348,8219.0,0.0899,1193.282352941176,1182.7191268210856,144.61659480330357,1402.3,565.8,-0.22759733124993883
LEDHIN_FSR,5.705882352941177,3.486504525116833,8.938338042754445,66.0,1.0,9.803921568627452,5.659263986360676,6.564968252071845,19.0,1.0,1.7254901960784317,1.6000716613887127,0.7689675118089245,6.0,1.0,2.5321568627450985,2.4944500154280016,0.4370682798790506,3.44,1.22,118.58823529411764,107.49447619139984,41.61836720779272,153.9,7.0,1845.8809803921567,267.75429347761104,1878.112393961027,3823.15,14.009999999999993,2100.3509803921565,350.2109828420159,2109.4680553249186,4300.15,20.279999999999973,1231.4484745098043,20.39045872565881,1523.426764141055,8551.0,0.0899,1193.4235294117643,1183.0124092913993,144.00619620143434,1402.3,573.0,-0.35840653857134647
LEGGEK_FSR,6.25,4.233163648740285,6.019759131393879,30.0,1.0,10.75,6.920483003079764,6.061146756184014,16.0,1.0,1.825,1.7111900513652043,0.666614581298669,4.0,1.0,2.608,2.5682180747932204,0.4517255804135957,3.44,1.65,89.55999999999999,0.0,61.03614420980408,153.9,0.0,1396.2605,194.98059730432877,1786.4665517369058,3823.15,14.009999999999993,1596.068,254.22645030176952,1999.107371890264,4300.15,20.279999999999973,1148.4490975,13.070520935997694,1737.154348065627,7140.0,0.0899,1233.3024999999998,1224.0626505138318,147.18998010649366,1402.3,906.4,-0.4754018288889357
LELMIA02_FSR,6.307692307692308,3.824795193391494,7.252422570155071,38.0,1.0,9.538461538461538,5.38794093113832,6.715256849608435,16.0,1.0,1.807692307692308,1.6554094518072695,0.8329387626041428,5.0,1.0,2.558461538461539,2.4887856531688666,0.5498999371052903,3.44,0.95,113.74346153846152,91.83424841462784,49.60141118823037,200.0,5.03,1396.548076923077,180.4581550501286,1777.1378938792811,3823.15,14.009999999999993,1607.1346153846157,246.90112260024856,1986.221354331328,4300.15,20.279999999999973,959.2001961538462,12.319525445457908,1123.271688213687,2630.0,0.0899,1196.4384615384615,1179.6015327147757,175.14918932358796,1402.3,549.5,-0.3204801257143361
LIKFOB_FSR,6.647058823529412,4.310177374832993,6.498336225713636,30.0,1.0,10.764705882352942,6.692082004343327,6.394201525506444,16.0,1.0,1.8235294117647056,1.6990235884354026,0.7058823529411765,4.0,1.0,2.7082352941176464,2.645147751278498,0.5815520339282547,3.44,1.65,116.44117647058825,0.0,44.534151585490505,153.9,0.0,1188.6811764705883,148.5108636936087,1707.437842506176,3823.15,14.009999999999993,1371.9882352941174,210.84505829966895,1908.1890352103185,4300.15,20.279999999999973,1085.236676470588,9.124102000263136,1822.9913256124216,7140.0,0.0899,1222.488235294118,1215.1176508177127,128.92638520787037,1313.9,906.4,-0.35291161874998167
LIQJEC_FSR,7.81042654028436,3.952577186820073,12.143770868560996,53.0,1.0,9.838862559241706,5.7903707163497,6.4177336239022855,17.0,1.0,1.886255924170616,1.6962919989983285,0.976671351972342,5.0,1.0,2.4880568720379146,2.4665606932566626,0.328276436203574,3.44,1.65,112.87109004739338,0.0,69.487288675249,295.2,0.0,1721.9158767772517,267.33372512266965,1852.2450077216888,3823.15,14.009999999999993,1952.3798578199053,338.9061431931432,2074.436164149949,4300.15,20.279999999999973,1469.59071943128,27.53174639042559,1704.3629629722834,7140.0,0.0899,1195.193838862559,1187.017837608303,139.19651902942002,1402.3,906.4,-0.1850136800003383
LITCIC_FSR,5.097560975609756,3.4210332651877997,4.573544700156625,28.0,1.0,9.53658536585366,5.4270560143468165,6.563377926318755,16.0,1.0,1.6829268292682926,1.578480661008917,0.6023945870843156,4.0,1.0,2.58,2.543260427727257,0.4565779392766872,3.44,1.91,120.690243902439,114.15952419550553,37.13082871959535,153.9,72.8,1643.1865853658535,210.4455458034018,1853.0861349093352,3823.15,14.009999999999993,1885.7292682926827,282.9815736210264,2088.177184309367,4300.15,20.279999999999973,1154.6531829268297,13.631490289882503,1649.2385350924742,8908.0,0.0899,1204.8487804878046,1196.7094713639958,132.90895494055636,1313.9,737.1,-0.2765187225001
LITCOI_FSR,5.3478260869565215,3.3330817702893283,6.935157411160926,48.0,1.0,9.347826086956522,5.229095777419059,6.5879250256562045,16.0,1.0,1.684782608695652,1.5673232803240928,0.6904527157894454,5.0,1.0,2.548586956521739,2.513577167891648,0.4409490296920829,3.44,1.69,116.00108695652176,0.0,42.92389497340719,153.9,0.0,1648.559130434783,208.06856805702483,1867.2578876178252,3823.15,14.009999999999993,1868.772391304348,276.9966493059949,2090.803223871343,4300.15,20.279999999999973,1146.3677445652177,13.669277416000964,1574.0380221181344,8650.0,0.0899,1208.0423913043478,1201.5111662410031,122.99409250014344,1402.3,867.8,0.12145245428577511
LITDAV_FSR,5.289473684210527,3.5756136785308827,4.893109520092849,30.0,1.0,9.86842105263158,5.793654220393385,6.448872005126489,16.0,1.0,1.7105263157894737,1.6068224531337647,0.6029704861784,4.0,1.0,2.5705263157894738,2.532682880220232,0.4568539290247747,3.44,1.65,119.72894736842107,0.0,41.66997472556,153.9,0.0,1743.481842105263,245.46535208381675,1874.1581133178247,3823.15,14.009999999999993,1978.370789473684,326.3736296288214,2096.8454326319275,4300.15,20.279999999999973,1199.241360526316,18.731370742908137,1479.313322644797,7140.0,0.0899,1200.7947368421053,1194.487515010991,121.29343269280672,1313.9,906.4,-0.31656069666682163
LIVLUZ_FSR,5.902439024390244,3.9301804061835375,7.132217792280734,48.0,1.0,10.48780487804878,6.593039717808105,6.145083107733517,16.0,1.0,1.7804878048780488,1.669665637749577,0.6811824411594606,5.0,1.0,2.585121951219512,2.5543013420846177,0.4062927092819965,3.44,1.69,103.65365853658535,0.0,56.14496523074399,153.9,0.0,1711.627804878049,256.4571321848985,1869.9905167354584,3823.15,14.009999999999993,1939.301707317073,329.9709479687519,2094.1382757929305,4300.15,20.279999999999973,1203.5195317073174,19.57498294512785,1618.2834014512152,8650.0,0.0899,1215.5658536585363,1207.5056256183725,137.95331414216858,1402.3,867.8,-0.3437520549999438
LIWXIZ_FSR,5.545454545454546,3.8425827786065385,5.042792090312241,30.0,1.0,10.333333333333334,6.404891318669619,6.204429828352441,16.0,1.0,1.7575757575757576,1.6555065597696217,0.6045435558563637,4.0,1.0,2.5677272727272733,2.5335978867304845,0.4288561087165146,3.44,1.65,113.99848484848484,0.0,49.48983823587835,153.9,0.0,1832.2584848484848,289.97927684638466,1877.0704610006892,3823.15,14.009999999999993,2078.670303030303,377.4973243646746,2099.579803044272,4300.15,20.279999999999973,1278.1767121212122,25.245613369450776,1519.9096270533294,7140.0,0.0899,1199.5242424242424,1192.4338150248104,129.2798691359951,1402.3,906.4,-0.2134609487499972
LODKIA_FSR,5.941176470588236,3.7436933770943113,7.783622234313867,48.0,1.0,10.058823529411764,6.064044533532257,6.314973692230556,16.0,1.0,1.7647058823529411,1.641882432649359,0.7299808027053446,5.0,1.0,2.5567647058823533,2.5229416261436723,0.4299844086655953,3.44,1.69,116.91764705882352,0.0,46.00018203664899,153.9,0.0,1831.0597058823528,279.9185366236858,1880.5770483558645,3823.15,14.009999999999993,2076.301176470588,366.94252731933113,2103.350847373228,4300.15,20.279999999999973,1318.2172029411763,24.06403316995925,1693.0865276495513,8650.0,0.0899,1195.7529411764706,1188.6487280514275,128.29594747461164,1402.3,867.8,0.1375920728569976
LOJLAZ_FSR,9.675675675675675,5.078315444137377,17.05959990350848,79.0,1.0,11.135135135135137,7.837630241619241,5.482957192640947,15.0,1.0,2.054054054054054,1.8615243135574815,1.0891590097086423,6.0,1.0,2.5867567567567566,2.566380494130319,0.322557801684162,3.04,1.83,96.65135135135134,54.46239553622717,68.91894032856054,222.8,7.0,1794.5618918918913,347.11529979456645,1812.9069325434189,3823.15,14.009999999999993,2138.6672972972965,444.3109176218705,2053.9718479815647,4300.15,20.279999999999973,2233.708897297297,38.67686234368936,4362.281948437812,19300.0,0.0899,1201.2351351351351,1188.0935166759728,172.35622479325122,1402.3,762.5,-0.20104012400001917
LONVIV_FSR,7.666666666666667,5.013052263336504,6.649979114420001,25.0,1.0,10.833333333333334,7.142666985287026,6.13505410643532,17.0,1.0,2.0,1.843030835100136,0.816496580927726,4.0,1.0,2.626666666666667,2.5714251061487503,0.5149002060809669,3.44,1.55,99.25833333333333,0.0,95.98504621670098,349.0,0.0,1120.5233333333333,169.20813255546355,1610.7803749597758,3823.15,14.009999999999993,1321.4066666666668,223.4162785746069,1826.9566119658,4300.15,20.279999999999973,1188.2221416666666,9.533036416917817,2124.877541485685,7470.0,0.0899,1223.7333333333331,1205.4992602166096,191.6788343963818,1402.3,717.3,-0.3856554780000806
LOXWAY_FSR,5.387096774193548,3.551786116552893,5.134811108470009,29.0,1.0,9.709677419354838,5.6007951178418605,6.531282284746119,16.0,1.0,1.7096774193548387,1.599276462233168,0.6321263852343686,4.0,1.0,2.5929032258064515,2.554429109529968,0.4650923844986353,3.44,1.9,116.741935483871,104.12397587199084,41.498253163341,153.9,7.0,1541.3493548387098,194.6580963992152,1828.2456169957304,3823.15,14.009999999999993,1783.19,263.67869941748285,2058.9707022966904,4300.15,20.279999999999973,1164.2198032258068,12.239265991648049,1792.0539094824553,8960.0,0.0899,1209.716129032258,1200.5057349271174,140.8475842814453,1402.3,745.5,-0.37004513666664707
LOXWEC_FSR,5.4375,3.6278945601542176,5.061728336250376,29.0,1.0,9.875,5.775900926733154,6.493987603930269,16.0,1.0,1.71875,1.6104903319492545,0.624218261107443,4.0,1.0,2.606875,2.568358957084306,0.4643304150871445,3.44,1.9,113.3125,95.6999246647251,45.08748267257776,153.9,7.0,1495.1525,187.9199405372391,1817.742584565744,3823.15,14.009999999999993,1729.8828125,253.76550794895155,2048.1630026200223,4300.15,20.279999999999973,1127.8770281250002,11.397308629708805,1775.3996431511862,8960.0,0.0899,1215.7343750000002,1206.348770118216,142.62153065319197,1402.3,745.5,-0.2586041559999785
LUFNAC_FSR,5.147058823529412,3.4998554191936333,4.400082572361411,25.0,1.0,9.558823529411764,5.534128066489318,6.481608262980761,16.0,1.0,1.7058823529411764,1.5982250679776535,0.6197443384031023,4.0,1.0,2.5567647058823533,2.518615864074539,0.4507883329316169,3.44,1.55,110.21176470588236,0.0,49.02235243296963,153.9,0.0,1635.6388235294116,216.24271275032643,1847.121289219214,3823.15,14.009999999999993,1864.2817647058823,285.2173816906528,2073.75310084294,4300.15,20.279999999999973,1150.6095823529413,14.265377187900404,1555.773228060655,7470.0,0.0899,1207.2470588235292,1197.5363943370696,144.38609847393883,1402.3,717.3,-0.12140543666665354
LUMLIQ_FSR,9.344262295081966,5.891912873143982,11.782016368249243,48.0,1.0,12.42622950819672,9.414401867338466,5.183387766143995,16.0,1.0,2.081967213114754,1.9244155147171509,0.9460024948362956,5.0,1.0,2.749016393442623,2.690062498226561,0.5534621432343408,3.44,1.69,104.91803278688523,0.0,59.15763744658181,153.9,0.0,1328.9491803278686,218.32411766763104,1748.3034528611488,3823.15,14.009999999999993,1535.2447540983603,300.312896587966,1948.7633627092987,4300.15,20.279999999999973,1450.6004754098362,20.389256561756785,2388.1737424189946,8650.0,0.0899,1214.0590163934426,1203.2124024203588,155.95986702874134,1402.3,867.8,-0.4888611328570797
LUSHIR_FSR,5.642857142857143,4.005521617662073,4.545125219980867,25.0,1.0,10.428571428571429,6.59686552614684,6.166896484042679,16.0,1.0,1.7857142857142858,1.681792830507429,0.6185895741317419,4.0,1.0,2.5907142857142857,2.549428891160644,0.4680577541548582,3.44,1.55,117.68214285714286,0.0,47.05089230648804,153.9,0.0,1845.3385714285712,301.50264106214473,1861.210315331924,3823.15,14.009999999999993,2104.5339285714285,395.6825046878286,2086.275398219685,4300.15,20.279999999999973,1316.3969714285715,26.78116780218645,1622.1511755893473,7470.0,0.0899,1189.6285714285714,1179.4678015829888,146.82351129634435,1402.3,717.3,-0.29396161399997706
LUSJOZ_FSR,5.642857142857143,4.005521617662073,4.545125219980867,25.0,1.0,10.428571428571429,6.59686552614684,6.166896484042679,16.0,1.0,1.7857142857142858,1.681792830507429,0.6185895741317419,4.0,1.0,2.5907142857142857,2.549428891160644,0.4680577541548582,3.44,1.55,117.68214285714286,0.0,47.05089230648804,153.9,0.0,1845.3385714285712,301.50264106214473,1861.210315331924,3823.15,14.009999999999993,2104.5339285714285,395.6825046878286,2086.275398219685,4300.15,20.279999999999973,1316.3969714285715,26.78116780218645,1622.1511755893473,7470.0,0.0899,1189.6285714285714,1179.4678015829888,146.82351129634435,1402.3,717.3,-0.38364912400004414
LUWMEX_FSR,5.727272727272728,3.480533372211549,8.29940752639947,57.0,1.0,9.772727272727272,5.541066912551872,6.700962062419356,19.0,1.0,1.7272727272727273,1.5937059996207996,0.808017674301417,6.0,1.0,2.562727272727273,2.5136248049186625,0.4915715227547981,3.44,1.1,116.3181818181818,104.73745863846489,41.8915714712468,153.9,7.0,1607.6104545454543,203.91777080382656,1851.5035152962407,3823.15,14.009999999999993,1869.6293181818185,276.2951973050183,2094.82386656904,4300.15,20.279999999999973,1064.5482136363637,12.828819568008589,1347.1060435055244,6146.0,0.0899,1204.5590909090909,1192.3446134836015,151.844158025412,1402.3,538.1,0.05019630571418276
MADWAQ_FSR,5.777777777777778,3.135115176490109,7.394108432135198,35.0,1.0,8.333333333333334,4.359056558144071,6.612278141625791,17.0,1.0,1.7222222222222223,1.5622323360325188,0.8031573497111645,4.0,1.0,2.3894444444444445,2.379987829526089,0.2124191930599654,2.96,1.9,124.17222222222225,113.47698364561738,54.7899656826519,324.6,72.8,1772.0805555555555,251.1514273773789,1848.670062373586,3823.15,14.009999999999993,2048.0533333333337,331.44529280605485,2068.5709386138483,4300.15,20.279999999999973,1448.9288444444446,26.029658346328088,1698.3863866741283,8960.0,0.0899,1173.9055555555556,1165.3465899077742,136.7082720094233,1312.0,745.5,-0.35680693166659694
MAFLUD_FSR,6.126984126984127,4.123956141054587,5.940156759975394,30.0,1.0,10.603174603174605,6.722543970761024,6.13742017706391,16.0,1.0,1.809523809523809,1.6957279837550698,0.6632565846278151,4.0,1.0,2.595079365079365,2.553441333704793,0.4691866417666805,3.44,1.65,107.36190476190475,0.0,54.0637672540974,153.9,0.0,1629.5066666666671,244.7570302249313,1844.0890824865355,3823.15,14.009999999999993,1858.35,323.2293458708031,2060.622059679576,4300.15,20.279999999999973,1273.0700666666671,20.07658104777404,1707.2760449166078,7140.0,0.0899,1208.5238095238085,1200.429539587998,137.43916023622927,1402.3,906.4,-0.14392447285715496
MAGBAZ_FSR,5.387755102040816,3.1961113762987585,6.012966691228292,30.0,1.0,8.73469387755102,4.60829019362013,6.748470757093807,16.0,1.0,1.673469387755102,1.541337618639474,0.7110714853136466,4.0,1.0,2.523061224489796,2.48199617188362,0.4692947556495099,3.44,1.65,97.33469387755102,0.0,50.11527345101046,153.9,0.0,1146.064693877551,119.46436267069645,1698.572738235831,3823.15,14.009999999999993,1315.9820408163268,163.3781404120653,1901.669832225309,4300.15,20.279999999999973,974.6917326530616,5.805709457674956,1630.3109445033574,7140.0,0.0899,1232.5326530612242,1224.9650479517245,132.03663589887424,1402.3,906.4,-0.2502670499999908
MALSIE_FSR,6.785714285714286,4.826857003677567,5.845371446447075,26.0,1.0,11.214285714285714,7.863142677437154,5.646472621134763,16.0,1.0,1.9285714285714288,1.8114473285278132,0.7034898429854359,4.0,1.0,2.6142857142857148,2.5725847715429957,0.4784157529315492,3.44,1.83,123.88571428571429,109.29890702463618,43.68564421184701,153.9,15.7,2055.6985714285715,438.8011129585786,1821.3546284441975,3823.15,14.009999999999993,2397.627857142857,582.8744726439078,2049.510823584073,4300.15,20.279999999999973,1692.75405,58.12737780534364,2029.0260562519252,7874.0,0.0899,1160.4071428571424,1148.8972021678196,154.9625091262202,1313.9,762.5,-0.2117616840000664
MAQBEO_FSR,4.9868421052631575,3.212878622872107,4.988126483678467,30.0,1.0,9.092105263157896,4.953421994021324,6.67512592347012,16.0,1.0,1.6513157894736843,1.542210825407941,0.6204822871751143,4.0,1.0,2.5471710526315787,2.508598706408712,0.4612489020999027,3.44,1.65,114.04539473684213,0.0,42.96480481133089,153.9,0.0,1517.9946052631583,176.25945937664744,1839.1461866440127,3823.15,14.009999999999993,1724.8726315789474,237.42499204211109,2059.285623116264,4300.15,20.279999999999973,1065.4297230263155,10.271704011469303,1479.5213975380889,7140.0,0.0899,1214.7282894736843,1208.4181608065269,121.0771374490807,1402.3,906.4,-0.27340914142866624
MAQRAA01_FSR,7.352941176470588,4.978635353084279,6.498336225713636,29.0,1.0,11.470588235294118,7.776025817387585,5.94205002314089,16.0,1.0,1.9411764705882355,1.8124472041636408,0.7252251768198795,4.0,1.0,2.692941176470588,2.645308413814059,0.516011453428317,3.44,1.9,131.64705882352942,125.76360284770868,36.06208890310383,200.0,72.8,1471.4894117647063,241.12847294120945,1764.007263198568,3823.15,14.009999999999993,1758.0170588235292,343.6990356832306,1985.282848058994,4300.15,20.279999999999973,1440.441447058824,25.667131225998286,2162.4603863308034,8960.0,0.0899,1181.2705882352936,1169.0241454337322,159.61396726700582,1313.9,745.5,-0.2949444028571812
MARNUR01_FSR,6.243902439024391,4.262894757108739,5.958312446489698,30.0,1.0,10.829268292682928,7.038142700632059,6.019895627587196,16.0,1.0,1.829268292682927,1.7177115683221178,0.6589881017612828,4.0,1.0,2.6,2.557992576908571,0.4718929188166191,3.44,1.65,111.6829268292683,0.0,52.39388766453968,153.9,0.0,1729.9821951219512,280.24040075814304,1856.9904067610307,3823.15,14.009999999999993,1971.949024390244,369.62067791130096,2073.5048713509505,4300.15,20.279999999999973,1340.847436585366,25.906418517697425,1712.1037786394634,7140.0,0.0899,1200.1463414634145,1192.2396582045849,135.77724601491812,1402.3,906.4,-0.4169314249997455
MAWTUC_FSR,4.875,3.015465800929321,5.31360282670807,30.0,1.0,8.5625,4.484630102317891,6.7125698320389935,16.0,1.0,1.625,1.5091644275934228,0.649519052838329,4.0,1.0,2.510625,2.475163473548977,0.4374638377911938,3.44,1.65,102.815625,0.0,48.76069824519923,153.9,0.0,1352.7803124999998,141.79733266939428,1791.6761267551335,3823.15,14.009999999999993,1540.045,190.24508066404195,2007.4207354525856,4300.15,20.279999999999973,1000.29614375,6.936339165829444,1532.4026825225956,7140.0,0.0899,1227.6906250000002,1220.8023791325234,126.58105940309306,1402.3,906.4,-0.2811454039999034
MAWVAK_FSR,4.875,3.015465800929321,5.31360282670807,30.0,1.0,8.5625,4.484630102317891,6.7125698320389935,16.0,1.0,1.625,1.5091644275934228,0.649519052838329,4.0,1.0,2.510625,2.475163473548977,0.4374638377911938,3.44,1.65,102.815625,0.0,48.76069824519923,153.9,0.0,1352.7803124999998,141.79733266939428,1791.6761267551335,3823.15,14.009999999999993,1540.045,190.24508066404195,2007.4207354525856,4300.15,20.279999999999973,1000.29614375,6.936339165829444,1532.4026825225956,7140.0,0.0899,1227.6906250000002,1220.8023791325234,126.58105940309306,1402.3,906.4,-0.2900665559999879
MAZSUD_FSR,6.6938775510204085,4.56008991706315,6.456144302159949,30.0,1.0,11.142857142857142,7.490000985511856,5.851914042361155,16.0,1.0,1.8775510204081636,1.7609165369106556,0.6890588986177196,4.0,1.0,2.614489795918367,2.569434095270348,0.4838960135573479,3.44,1.65,104.52244897959184,0.0,57.37846166803581,153.9,0.0,1622.984897959184,263.75464751253884,1833.638579560749,3823.15,14.009999999999993,1856.591224489796,348.1241850034699,2046.4526201934063,4300.15,20.279999999999973,1360.000342857143,24.31996165580938,1832.030100274692,7140.0,0.0899,1206.4938775510204,1197.6015110429798,143.85699731608935,1402.3,906.4,-0.32802643285715966
MEJQEZ_FSR,5.2,3.5158660935293646,4.796873982084582,30.0,1.0,9.75,5.670894843432411,6.456585785072479,16.0,1.0,1.7,1.5965967727132997,0.6,4.0,1.0,2.56975,2.5374103088379374,0.4125074999318193,3.44,1.65,91.32,0.0,57.50043565052356,153.9,0.0,1377.04675,164.62257756787423,1797.941422425085,3823.15,14.009999999999993,1563.895,213.9702074809778,2015.6771885547544,4300.15,20.279999999999973,969.88884,8.613411189792144,1456.5253540619992,7140.0,0.0899,1241.1375,1233.3337204692343,136.08808303356324,1402.3,906.4,-0.31378287571422847
MEJQID_FSR,5.785714285714286,4.018421346968399,5.3073879966456925,30.0,1.0,10.571428571428571,6.711736508839545,6.097004952249514,16.0,1.0,1.7857142857142858,1.681792830507429,0.6185895741317419,4.0,1.0,2.5864285714285717,2.5533659518841176,0.4130739667914407,3.44,1.65,92.83214285714288,0.0,60.265318465049845,153.9,0.0,1548.1217857142856,221.9498553152575,1834.0568815704971,3823.15,14.009999999999993,1760.310714285714,285.0735450280004,2053.646628879134,4300.15,20.279999999999973,1143.2529714285715,15.427882321915025,1587.5233131212462,7140.0,0.0899,1228.4107142857142,1219.720379280326,143.5711803036233,1402.3,906.4,-0.24892963000000426
MEJZEI_FSR,5.965811965811966,3.3742639053729326,8.92507427624208,57.0,1.0,9.367521367521368,5.041394035766278,6.9240054247045695,19.0,1.0,1.7264957264957266,1.573448218438511,0.8733855105173988,6.0,1.0,2.558119658119658,2.502382707976699,0.5244189810954751,3.44,1.1,110.06752136752137,98.36443004597892,42.09601525909534,153.9,7.0,1266.2313675213672,137.835059061968,1748.9380494044208,3823.15,14.009999999999993,1498.5400854700854,193.01706208603653,1992.488312640602,4300.15,20.279999999999973,919.3955068376068,7.16910538584485,1350.4430473333316,6146.0,0.0899,1215.8521367521369,1202.4982638442252,157.20680896841776,1402.3,538.1,-0.3459834171427961
MEJZOS_FSR,6.017094017094017,3.3772489546814866,9.219065071146453,59.0,1.0,9.367521367521368,5.041394035766278,6.9240054247045695,19.0,1.0,1.7264957264957266,1.573448218438511,0.8733855105173988,6.0,1.0,2.5588888888888888,2.504109784331661,0.522297321386799,3.44,1.13,110.1188034188034,98.46744375033676,42.02152466677441,153.9,7.0,1266.5390598290596,137.87046079643997,1748.926044678224,3823.15,14.009999999999993,1494.078547008547,192.78123892843465,1987.6596262710943,4300.15,20.279999999999973,932.0621735042736,7.183330945620395,1400.7857176622715,6640.0,0.0899,1215.5675213675213,1201.8557505570725,158.43880957971083,1402.3,527.0,-0.12284588428587992
MICDEJ_FSR,5.106194690265487,3.487000412882162,4.284904211728498,25.0,1.0,9.584070796460177,5.536323176914133,6.507620670525291,16.0,1.0,1.6991150442477876,1.5939058036037446,0.607984567692661,4.0,1.0,2.56575221238938,2.526194514008505,0.4627176461052994,3.44,1.55,116.22300884955752,0.0,44.14594261485312,153.9,0.0,1680.1075221238934,224.7471984854889,1856.8653798644084,3823.15,14.009999999999993,1913.1023893805311,298.57047146100166,2083.526720561202,4300.15,20.279999999999973,1158.6254690265484,15.360158490544498,1519.4167425413823,7470.0,0.0899,1202.3584070796458,1193.4483762676273,138.25051439400136,1402.3,717.3,-0.31230870000019545
MIDRAT_FSR,5.061224489795919,3.199788480137446,5.052411682231287,30.0,1.0,8.938775510204081,4.8448290393743205,6.631428458377872,16.0,1.0,1.673469387755102,1.5541447915830335,0.6511451483079108,4.0,1.0,2.482653061224489,2.457243496223679,0.369449538186393,3.44,1.65,112.48979591836736,0.0,49.33832490103392,200.0,0.0,1603.2265306122447,203.81209594593875,1847.1624747279448,3823.15,14.009999999999993,1827.351224489796,270.72489749812354,2063.6830149275693,4300.15,20.279999999999973,1148.367673469388,14.846944037982094,1401.1376143268917,7140.0,0.0899,1202.7714285714285,1195.7385224715963,128.44544144722082,1402.3,906.4,-0.292305091428651
MIJMAU_FSR,4.229007633587786,2.383331629607365,7.308433782878541,74.0,1.0,6.854961832061068,3.272010994998907,6.533673361437887,15.0,1.0,1.5114503816793894,1.3925680273434249,0.7029535531738221,6.0,1.0,2.406259541984732,2.3902886733181696,0.2872649012282092,3.04,1.91,90.16946564885494,69.22984654786531,47.53039026718706,153.9,7.0,1237.3661832061066,104.81994711560851,1755.6736336387053,3823.15,14.009999999999993,1426.7509160305342,138.2729166054212,2006.442716397709,5828.15,20.279999999999973,973.2251053435118,3.5810363450769565,2156.992114738963,19250.0,0.0899,1241.2595419847328,1232.7239417326582,137.13835537813904,1402.3,737.1,-0.08119933600005422
MIKJAR_FSR,6.6875,3.706680504577232,7.409611578888599,31.0,1.0,9.3125,4.985190042348797,6.921151909183904,16.0,1.0,1.78125,1.6164290183210837,0.8190839013800723,4.0,1.0,2.6075,2.551046728677905,0.5561643192438723,3.44,1.81,90.9625,71.35726266244986,46.70804768720267,153.9,7.0,541.975,67.37302573423452,1243.606142182886,3823.15,14.009999999999993,764.9974999999998,108.30942545908208,1460.0101049286438,4300.15,20.279999999999973,765.9485531250003,3.031099362642955,1561.428044124394,5904.0,0.0899,1228.165625,1205.8622577085118,198.3048656888161,1402.3,578.8,-0.1700895300000411
MINCIX_FSR,5.653846153846154,3.4304416644161013,8.754964779142385,65.0,1.0,9.692307692307692,5.49462481970203,6.660845584858235,19.0,1.0,1.7115384615384617,1.585673160304551,0.7680279056813792,6.0,1.0,,,,,,120.03653846153846,112.84422947036032,38.6377955098878,153.9,50.0,1736.9507692307693,232.38237940117764,1870.7258323893,3823.15,14.009999999999993,1992.3878846153848,309.9600506967075,2108.7416827088146,4300.15,20.279999999999973,1157.953251923077,15.97295736204106,1489.0774207715592,8219.0,0.0899,1198.2384615384617,1187.9313792253306,142.33187944141486,1313.9,565.8,-0.22440336600011507
MINCUJ_FSR,5.615384615384615,3.411515669750507,8.748964435761803,65.0,1.0,9.653846153846152,5.4805332107524825,6.630015127563131,19.0,1.0,1.7115384615384617,1.585673160304551,0.7680279056813792,6.0,1.0,,,,,,120.2846153846154,113.03436523125232,38.81261385275205,153.9,50.0,1809.4180769230768,252.1449112846616,1877.1381293966524,3823.15,14.009999999999993,2073.3475000000003,333.8686598821642,2114.964824006332,4300.15,20.279999999999973,1201.3873096153848,18.403737440600988,1487.6487719347847,8219.0,0.0899,1193.8653846153843,1183.5979092632003,142.2043747090452,1313.9,565.8,0.07905062400013771
MIZKOW_FSR,7.529411764705882,4.756349021849392,9.828635516925402,57.0,1.0,11.529411764705882,7.810500378781144,5.971674777981403,19.0,1.0,1.9411764705882355,1.790961334787815,0.9055767246082737,6.0,1.0,2.644117647058824,2.58248841149764,0.5428905081194811,3.44,1.1,118.98235294117646,101.06847088489036,44.76376206781182,153.9,7.0,1669.1470588235295,277.0568842420423,1824.6937551344456,3823.15,14.009999999999993,1994.510588235294,381.5058601644765,2070.1547347863825,4300.15,20.279999999999973,1375.3133294117647,25.39814629949761,1919.3349483382272,8960.0,0.0899,1185.4823529411765,1168.02541245014,180.18419573998068,1402.3,538.1,-0.3609430142857296
MOXNUJ_FSR,4.606060606060606,2.944601009704389,4.5323042098773945,29.0,1.0,8.525252525252526,4.417789341767238,6.7828414449656815,16.0,1.0,1.595959595959596,1.490459915309852,0.601667580276179,4.0,1.0,2.544949494949494,2.509338195791088,0.4479636839027294,3.44,1.9,109.1181818181818,95.51537785965188,42.91911905587764,153.9,7.0,1319.4518181818182,132.05398916047432,1780.2198852181118,3823.15,14.009999999999993,1517.3839393939395,179.5415084381438,2006.3488356521816,4300.15,20.279999999999973,934.6648848484851,5.7792351014719205,1565.4985749805724,8960.0,0.0899,1229.3444444444442,1221.638428701786,130.12095089982705,1402.3,745.5,-0.42930228428554074
MOYMET_FSR,4.552631578947368,2.8168136920436107,4.699929273941833,27.0,1.0,8.078947368421053,4.063108220749115,6.810910670029717,16.0,1.0,1.5789473684210529,1.4667587301394749,0.6337681357259103,4.0,1.0,2.5305263157894737,2.492503174967763,0.4640834054372296,3.44,1.88,110.73421052631578,103.78994989095769,38.69103171153552,153.9,63.7,1270.5810526315793,120.27524870316358,1756.2097507068568,3823.15,14.009999999999993,1468.387894736842,165.5802790143812,1988.5637794228296,4300.15,20.279999999999973,948.200557894737,4.967003987680439,1672.8168106525825,8900.0,0.0899,1226.6236842105263,1218.8525223136337,129.5238698468773,1313.9,760.4,-0.1786408249998127
MOYYEF_FSR,5.433333333333334,3.650890840063245,5.129544055978292,29.0,1.0,9.9,5.89195611273717,6.363175307973214,16.0,1.0,1.7333333333333334,1.624504792712471,0.6289320754704404,4.0,1.0,2.5600000000000005,2.5268405532632365,0.4322422160471294,3.44,1.9,123.53333333333336,117.14849794974208,36.60617737789924,153.9,72.8,1843.2073333333333,280.6939044871572,1866.9833912114905,3823.15,14.009999999999993,2123.043333333333,373.5155920585642,2095.563441159017,4300.15,20.279999999999973,1353.6014666666667,23.66389015065545,1796.486407538899,8960.0,0.0899,1188.2,1179.3257819559049,138.20885162198067,1313.9,745.5,-0.16135249333329207
MOYYIJ_FSR,5.433333333333334,3.650890840063245,5.129544055978293,29.0,1.0,9.9,5.89195611273717,6.363175307973213,16.0,1.0,1.7333333333333334,1.6245047927124712,0.6289320754704404,4.0,1.0,2.5600000000000005,2.526840553263237,0.4322422160471294,3.44,1.9,123.53333333333332,117.14849794974208,36.60617737789924,153.9,72.8,1843.2073333333333,280.6939044871572,1866.98339121149,3823.15,14.009999999999993,2123.043333333333,373.5155920585642,2095.563441159017,4300.15,20.279999999999973,1353.6014666666667,23.663890150655437,1796.486407538899,8960.0,0.0899,1188.1999999999998,1179.325781955908,138.20885162198067,1313.9,745.5,-0.20484939833363566
MUFXUI_FSR,8.219780219780219,4.875040804951983,12.479259450592938,65.0,1.0,11.912087912087912,7.92778793170424,6.261075201080893,19.0,1.0,1.934065934065934,1.775112474720289,0.9699008423567572,6.0,1.0,,,,,,115.0791208791209,96.3969372055178,45.21486558154096,153.9,7.0,1108.554615384615,141.4930255956326,1656.5425260087354,3823.15,14.009999999999993,1332.805164835165,202.62306185013256,1908.798594264657,4300.15,20.279999999999973,957.9725142857146,7.409401277374361,1843.547086490218,8219.0,0.0899,1226.4120879120876,1208.9951924728207,176.35233204785683,1402.3,565.8,-0.355900225000056
MUFYAP_FSR,8.175824175824175,4.871719583296335,12.279343332295198,64.0,1.0,11.912087912087912,7.92778793170424,6.261075201080893,19.0,1.0,1.934065934065934,1.775112474720289,0.9699008423567572,6.0,1.0,2.7806593406593407,2.7020279574807198,0.6140082724821289,3.44,1.2,115.0791208791209,96.3969372055178,45.21486558154096,153.9,7.0,1106.6645054945054,141.32676046153694,1655.9718831293198,3823.15,14.009999999999993,1333.6842857142858,202.6737721627381,1909.8023127930717,4300.15,20.279999999999973,943.9944923076924,7.39656102506668,1788.8336653921997,7901.0,0.0899,1227.6252747252745,1211.5289243213344,171.8408141424624,1402.3,593.4,0.5103928099999848
MUGHED_FSR,7.351351351351352,4.985309744147294,7.147920567837878,30.0,1.0,11.513513513513514,8.075165855002737,5.611867837734221,16.0,1.0,1.945945945945946,1.821169072950069,0.7332248630405694,4.0,1.0,2.6251351351351357,2.5751971644116662,0.5038855598389093,3.44,1.65,97.97297297297295,0.0,61.16429645987685,153.9,0.0,1524.9086486486483,255.60669134335328,1801.4688942280256,3823.15,14.009999999999993,1754.336486486486,338.7367928522807,2008.5601916785472,4300.15,20.279999999999973,1434.5080864864867,24.904729303542936,2002.067337270292,7140.0,0.0899,1208.7405405405402,1198.6983128252284,152.44588664986856,1402.3,906.4,-0.20564660333339665
MUHNAG_FSR,6.107692307692307,4.368891680573305,5.20686847250253,27.0,1.0,10.93846153846154,7.344685570842395,5.8306271547537225,16.0,1.0,1.8461538461538465,1.7411011265922482,0.6380443493331607,4.0,1.0,2.6027692307692307,2.5706596785870777,0.4184826352148095,3.44,1.88,110.10615384615384,83.1122164582673,52.46948967491072,153.9,7.0,1864.0970769230769,331.94268181110897,1848.3530620592387,3823.15,14.009999999999993,2158.004769230769,430.14269313012585,2086.134446188126,4300.15,20.279999999999973,1454.1981292307694,31.90395557144077,1974.4640404106576,8900.0,0.0899,1193.8123076923075,1182.5884261088613,156.67778253737316,1402.3,760.4,-0.3248130257143446
MUHPAI_FSR,5.377049180327869,2.9429916121956623,8.049363959041873,53.0,1.0,8.131147540983607,4.191849149357608,6.6121483075114655,17.0,1.0,1.6557377049180328,1.510934839424651,0.7868852459016393,5.0,1.0,2.442131147540984,2.423720064274585,0.3067070731202034,3.04,1.9,96.15245901639344,69.32528571156033,56.89263286473132,295.2,7.0,1382.758524590164,147.97492990134333,1784.2237152475925,3823.15,14.009999999999993,1601.5570491803278,193.32232213066035,2017.1550939382744,4300.15,20.279999999999973,1153.0127245901642,7.567245527392111,1860.4189347714675,8960.0,0.0899,1224.140983606557,1213.6118478967169,151.73250338223207,1402.3,745.5,-0.13026366571443757
MULQOA_FSR,8.0,5.574256104379942,7.36494563743849,30.0,1.0,12.181818181818182,8.971401049982893,5.396152082760036,16.0,1.0,2.0,1.8778618213234128,0.7385489458759964,4.0,1.0,2.733636363636364,2.668993583829839,0.5756041262819764,3.44,1.65,103.44848484848484,0.0,58.905343283960974,153.9,0.0,1248.3121212121214,198.3456274332449,1707.6299016468793,3823.15,14.009999999999993,1450.7748484848482,275.069363396874,1904.8768834265525,4300.15,20.279999999999973,1334.5404060606063,17.189981736429722,2097.920251397824,7140.0,0.0899,1218.3151515151512,1208.3909968905543,150.257653707571,1402.3,906.4,-0.2285008099999572
MUTVUT_FSR,4.806451612903226,3.0254541667784416,6.156137010562709,48.0,1.0,8.741935483870968,4.688390662353311,6.608731965315742,16.0,1.0,1.6290322580645162,1.5177840954193536,0.6533751322751321,5.0,1.0,2.492741935483871,2.46706600218544,0.3733508656566587,3.44,1.69,106.89032258064518,0.0,48.33164230897848,153.9,0.0,1627.2069354838711,192.3871592815812,1867.6091712423,3823.15,14.009999999999993,1840.839032258065,251.2141895938608,2093.8933184086723,4300.15,20.279999999999973,1087.4917161290327,11.222592452172911,1471.7585830261276,8650.0,0.0899,1216.25,1209.503752804225,125.95664096515834,1402.3,867.8,-0.210853520000033
MUVHER_FSR,5.245901639344262,3.9489297929322986,3.9490847153088304,30.0,1.0,10.721311475409836,7.068362336498421,5.814428485062061,15.0,1.0,1.7704918032786885,1.6865772047346488,0.5245901639344263,4.0,1.0,2.5237704918032797,2.506899165143806,0.28996983412596,3.04,1.65,106.02295081967216,0.0,57.95585486043786,153.9,0.0,2156.3022950819677,435.5730194685575,1872.3828318074247,3823.15,14.009999999999993,2434.152950819672,534.5771043264393,2098.914259024307,4300.15,20.279999999999973,1376.9499737704916,47.227893889973,1336.637270296351,7140.0,0.0899,1194.4655737704918,1186.8291930196806,136.24266788543022,1402.3,906.4,-0.2378982637500115
MUZVUA_FSR,5.310344827586207,3.303576191237576,7.071572269577153,48.0,1.0,9.264367816091951,5.210545469804582,6.497496901088438,16.0,1.0,1.6896551724137931,1.5703420144605833,0.6999235562132565,5.0,1.0,2.5064367816091955,2.4785353903210736,0.3896033261543867,3.44,1.69,113.2,0.0,46.30486680312527,153.9,0.0,1784.5927586206888,244.16755134668335,1882.5746836600947,3823.15,14.009999999999993,2020.6881609195405,318.50701189833126,2108.2311057946886,4300.15,20.279999999999973,1238.1561000000002,17.995614658605692,1592.2779439075264,8650.0,0.0899,1201.420689655172,1194.570605653765,126.36904733225742,1402.3,867.8,-0.04516243666663892
NACVUI_FSR,6.2,4.339723600428392,5.749782604586019,29.0,1.0,10.9,7.298800636593868,5.7870545184921145,16.0,1.0,1.85,1.7411011265922482,0.653834841531101,4.0,1.0,2.5725,2.5461798113463536,0.3726509761157214,3.44,1.9,101.825,67.5987044303195,57.61728798720051,153.9,7.0,1807.161,317.8603051767766,1845.1977700233117,3823.15,14.009999999999993,2101.8795,407.323122879449,2075.2816291710265,4300.15,20.279999999999973,1465.344125,29.689794691712383,2040.8985796581703,8960.0,0.0899,1200.355,1187.450521016825,167.61598215862352,1402.3,745.5,-0.3957879533332971
NAFSOF_FSR,5.17948717948718,3.567221487782908,4.662297193619311,29.0,1.0,9.846153846153848,5.872657868747327,6.310505939074979,16.0,1.0,1.7179487179487178,1.6158661440291455,0.5969459859909135,4.0,1.0,2.530769230769231,2.503572137306465,0.3909579596743639,3.44,1.9,124.3025641025641,117.78095367676902,37.0141032523986,153.9,72.8,2007.1064102564103,333.10828374472953,1874.7996989428889,3823.15,14.009999999999993,2296.231794871795,434.75060367889296,2101.7417083053074,4300.15,20.279999999999973,1388.9311205128208,31.083219707298703,1657.9068798788878,8960.0,0.0899,1182.0769230769229,1174.1343307378042,132.00865057423314,1313.9,745.5,-0.0393161124999324
NAPZOV_FSR,5.625,3.249844878781451,8.111527291453811,48.0,1.0,9.0,4.8799910607312285,6.666145812986692,16.0,1.0,1.6875,1.5530026085172532,0.7680128579652817,5.0,1.0,2.5353125,2.4981027496579418,0.4515873695573759,3.44,1.69,109.53750000000002,0.0,46.30860982312038,153.9,0.0,1468.4828125,167.42521063011534,1826.5938363457997,3823.15,14.009999999999993,1669.81875,225.1084108599161,2044.841220475244,4300.15,20.279999999999973,1118.111396875,9.617238126604482,1733.02637038123,8650.0,0.0899,1216.6750000000002,1209.5157387076706,128.0758320293099,1402.3,867.8,-0.28333588166663043
NAVJAW_FSR,7.166666666666667,4.782930381254412,6.555320146432378,27.0,1.0,11.0,7.293503828010775,6.055300708194984,16.0,1.0,1.9166666666666667,1.7817974362806783,0.7592027982620249,4.0,1.0,2.703333333333334,2.647392689785692,0.555477772332571,3.44,1.88,121.80833333333334,115.17645527616938,36.71376804264156,153.9,63.7,1443.515,214.33945190216448,1746.4262170715947,3823.15,14.009999999999993,1735.215833333333,303.2783818131822,2002.2538620825048,4300.15,20.279999999999973,1495.4988083333335,17.269084429545277,2463.097777929468,8900.0,0.0899,1191.4999999999998,1177.8798224441407,166.692081395608,1313.9,760.4,-0.28321021800004476
NEHZIK_FSR,5.548387096774194,3.753544424313392,5.204456587030495,30.0,1.0,10.129032258064516,6.103778918126477,6.348695245602838,16.0,1.0,1.7419354838709675,1.6354383989675776,0.6204962600539142,4.0,1.0,2.586129032258064,2.54908636006992,0.444440042179608,3.44,1.65,102.15483870967742,0.0,54.90078346411811,153.9,0.0,1522.005806451613,201.75295364157867,1832.4658411845555,3823.15,14.009999999999993,1730.8125806451617,264.9931615550304,2051.606669653697,4300.15,20.279999999999973,1105.5360967741935,13.113964927343329,1549.0090756475818,7140.0,0.0899,1223.5225806451613,1215.7911221776756,134.96347106670208,1402.3,906.4,-0.32552557200010596
NEPWIQ_FSR,8.4,4.440166471124387,13.98356177803066,68.0,1.0,11.15,6.793877033243368,6.739992581598291,19.0,1.0,1.9,1.7162362060827692,1.044030650891055,6.0,1.0,2.7355000000000005,2.652505607207462,0.6363841214235314,3.44,1.24,119.215,112.2238630011665,37.10038106273304,153.9,50.0,1070.438,125.20103851280658,1632.8549577154731,3823.15,14.009999999999993,1274.279,180.9358414671368,1869.694657003918,4300.15,20.279999999999973,1018.89857,6.088897939125328,2085.2732011160924,9066.0,0.0899,1220.25,1203.1764707288778,174.3866637676173,1313.9,589.3,-0.40783644000001684
NEVVAM01_FSR,7.216216216216216,5.014775318096745,6.388905650634544,27.0,1.0,11.37837837837838,7.944222796197951,5.72972972972973,16.0,1.0,1.945945945945946,1.821169072950069,0.7332248630405697,4.0,1.0,2.687027027027028,2.637603044920233,0.5207368213477683,3.44,1.88,117.62432432432432,100.70693632769408,44.46678326270804,153.9,7.0,1611.2224324324327,271.6624828642061,1785.7993619535043,3823.15,14.009999999999993,1919.5137837837835,373.4437007356299,2035.959984917602,4300.15,20.279999999999973,1577.2300324324322,25.72092345816452,2422.268337917191,8900.0,0.0899,1187.3459459459457,1173.4593783766898,169.7459175874893,1402.3,760.4,-0.12695514333324806
NIJSAC_FSR,5.5777777777777775,3.9919285513129967,4.434655887383617,29.0,1.0,10.688888888888888,6.724616997546379,6.239024931731355,16.0,1.0,1.7555555555555555,1.6624757922855755,0.5639367795755342,4.0,1.0,2.6688888888888886,2.6312740828572494,0.456957193337855,3.44,1.9,104.53777777777778,75.03285694655843,53.64579838114648,153.9,7.0,1413.1211111111113,183.5267522171399,1800.6208417693945,3823.15,14.009999999999993,1625.8824444444442,244.13547387496808,2027.882844780794,4300.15,20.279999999999973,1003.1412822222223,10.491653913434035,1610.5214335182195,8960.0,0.0899,1233.6177777777775,1224.5189665515106,142.6077748992964,1402.3,745.5,-0.5264117212501276
NOCLOH01_FSR,5.586206896551724,3.42359668701402,6.733945102749872,38.0,1.0,9.03448275862069,4.934922419848878,6.718388346459339,16.0,1.0,1.7241379310344829,1.5869683794587317,0.7832977028690034,5.0,1.0,2.5324137931034487,2.468778344178241,0.5284698482405646,3.44,0.95,110.71482758620692,91.17090406277788,46.54972592390811,153.9,5.03,1503.317586206897,181.887370495242,1822.9029329060893,3823.15,14.009999999999993,1714.0858620689653,243.92933622780563,2042.567061159706,4300.15,20.279999999999973,948.254651724138,10.553855898579815,1129.9083303239863,2630.0,0.0899,1203.613793103448,1188.3342119542413,166.94533634394128,1402.3,549.5,-0.35918599166670145
NOFQIK_FSR,9.0625,3.598821620890398,15.010282933709144,53.0,1.0,8.625,4.498570451774875,6.804180700128415,17.0,1.0,1.90625,1.644536192428775,1.1821425199611086,5.0,1.0,2.448125,2.430841435777465,0.2959142348299587,3.04,1.9,112.19375,79.46894562801273,75.80722647569624,295.2,7.0,1287.4425,153.6444674579829,1726.9521959853869,3823.15,14.009999999999993,1493.82375,199.8345741851116,1954.1634459928596,4300.15,20.279999999999973,1449.57070625,11.813604922719191,2071.5953916590183,8960.0,0.0899,1206.6531249999998,1195.5425235088208,156.4673627797004,1402.3,745.5,-0.35359906857136786
NOKLIJ_FSR,8.25,6.623898741738929,6.246665777303388,28.0,1.0,13.416666666666666,11.55056799354666,4.091827899063639,16.0,1.0,2.083333333333333,2.0,0.6400954789890507,4.0,1.0,2.8383333333333334,2.785559440756729,0.5396732550555218,3.44,1.91,138.27499999999998,135.76979805660446,22.794704246088976,153.9,72.8,1761.013333333333,382.5317185832479,1799.7709438857923,3823.15,14.009999999999993,2096.5358333333334,536.5155996014123,2039.2725116343915,4300.15,20.279999999999973,1684.6029083333333,50.59453436270687,2429.6061188511176,8908.0,0.0899,1170.925,1156.649315654316,169.79238363856803,1313.9,737.1,-0.21386983400003595
NOKPEJ_FSR,6.864864864864865,3.6614060003163824,10.240782703833917,48.0,1.0,9.45945945945946,5.285696507654977,6.660064907542627,16.0,1.0,1.7837837837837838,1.6167282416137183,0.9044973259827844,5.0,1.0,2.594864864864865,2.547328722191143,0.5016977749743075,3.44,1.69,88.98108108108107,0.0,55.50559668804695,153.9,0.0,986.4954054054054,106.90542671981356,1613.2200562842654,3823.15,14.009999999999993,1137.0602702702702,146.15656146387593,1807.1812139597723,4300.15,20.279999999999973,1017.7659081081084,4.717511876912667,2061.7957689658097,8650.0,0.0899,1248.0891891891888,1239.0741547300936,142.382795392094,1402.3,867.8,-0.16333152000002352
NOMQAJ01_FSR,5.388888888888889,3.7630532253734543,4.872130367815259,30.0,1.0,10.22222222222222,6.329049252818651,6.160407233612938,16.0,1.0,1.75,1.6497211886706051,0.5951190357119042,4.0,1.0,2.530555555555556,2.501865774324172,0.3927251261268599,3.44,1.65,119.33055555555556,0.0,45.72201523849464,153.9,0.0,2049.1413888888887,365.7292532393903,1878.590791611794,3823.15,14.009999999999993,2320.678888888889,470.01970824059873,2100.863150257502,4300.15,20.279999999999973,1391.3321083333333,37.80192598909482,1475.1179664466486,7140.0,0.0899,1184.4388888888889,1177.925914382301,123.94538510027036,1402.3,906.4,-0.10826068666655268
NUBPIL_FSR,5.96078431372549,4.155976182052127,5.3282848077683616,29.0,1.0,10.745098039215684,6.918012054345458,6.077419270577629,16.0,1.0,1.803921568627451,1.6990235884354028,0.6268379358096383,4.0,1.0,2.6239215686274515,2.5873750894316307,0.4509383612127334,3.44,1.9,116.44705882352942,95.84116601010793,46.62716263371653,153.9,7.0,1720.918235294118,269.76646233413106,1848.4531777855536,3823.15,14.009999999999993,1993.71,358.74102767590347,2078.2188617754423,4300.15,20.279999999999973,1326.6494823529415,22.36898143489004,1895.1459328729425,8960.0,0.0899,1199.9274509803915,1189.4710453721116,150.33464511200827,1402.3,745.5,-0.1386456720000296
NULMAJ_FSR,4.280373831775701,2.51946406420383,5.606728922111734,42.0,1.0,7.196261682242991,3.504252621360417,6.573010878302938,15.0,1.0,1.5420560747663552,1.4217635668900883,0.6874084317171324,5.0,1.0,2.424485981308412,2.406456813426749,0.3055139186295338,3.04,1.91,87.9392523364486,64.67350783009576,49.13218629658283,153.9,7.0,1219.5010280373829,107.98517770229672,1737.5295618354855,3823.15,14.009999999999993,1413.6699999999994,142.26455528073953,1986.9594949970367,4912.15,20.279999999999973,938.7014056074768,3.814160016116415,1765.5646903227207,10280.0,0.0899,1241.4514018691589,1231.513725588258,145.97882791339757,1402.3,684.3,0.03326959400023952
NUVXOT_FSR,7.823529411764706,5.495928648567545,7.273928416067628,30.0,1.0,12.117647058823527,9.019661174973123,5.256730732411504,16.0,1.0,2.0,1.8813453548922503,0.7276068751089989,4.0,1.0,2.6785294117647056,2.622907417301469,0.5310540703219742,3.44,1.65,97.42941176470588,0.0,62.48244237812997,153.9,0.0,1435.3573529411765,247.1662173360116,1772.6242769712082,3823.15,14.009999999999993,1657.6423529411766,331.1143442102496,1975.9188113977864,4300.15,20.279999999999973,1428.177894117647,24.450400974947776,2064.2652333743235,7140.0,0.0899,1212.95,1202.5006816103094,155.21486104183222,1402.3,906.4,-0.14515547999999395
OBOGUK_FSR,6.413793103448276,4.306339999254854,6.1336676398232175,30.0,1.0,10.862068965517242,6.958086092109652,6.171257838203535,16.0,1.0,1.827586206896552,1.7122128625751671,0.6730765964118323,4.0,1.0,2.6524137931034484,2.5998059316353688,0.532645674892948,3.44,1.65,120.00862068965516,0.0,44.008867775995895,153.9,0.0,1570.9008620689656,230.97826802084563,1831.43681928668,3823.15,14.009999999999993,1796.765172413793,316.05427908470267,2044.2082149881328,4300.15,20.279999999999973,1265.9362482758622,19.211275393557315,1749.2025123261951,7140.0,0.0899,1202.122413793103,1194.8692284858994,128.8482615234753,1313.9,906.4,-0.3766738339999847
OCACUR_FSR,5.652173913043479,3.680966075124866,5.35365535955432,27.0,1.0,9.73913043478261,5.662935964766104,6.528981485948351,16.0,1.0,1.7391304347826086,1.6196164193003122,0.6735623210795507,4.0,1.0,2.613913043478261,2.5707886339168144,0.490587395311542,3.44,1.88,112.57826086956524,97.92245782425763,43.68523734847754,153.9,7.0,1426.2056521739132,174.72144930282545,1785.1477959220758,3823.15,14.009999999999993,1664.878260869565,238.81305060125888,2026.663878643169,4300.15,20.279999999999973,1173.439791304348,10.2891757921907,1960.4869640417437,8900.0,0.0899,1213.9217391304344,1203.758222195679,147.14555927504827,1402.3,760.4,-0.14475659666666726
OCUGEZ01_FSR,5.295454545454546,2.870009412298483,8.86663702122263,60.0,1.0,8.363636363636363,4.123885396207901,7.097025334253875,19.0,1.0,1.6136363636363635,1.472991543410929,0.8316442937969087,6.0,1.0,2.5531818181818187,2.497709893393342,0.5325998528968864,3.44,1.14,109.9,102.88119247279582,38.55242003959144,153.9,50.0,1091.2422727272728,97.76468293487063,1683.5508719868142,3823.15,14.009999999999993,1279.6211363636362,137.84163275594508,1914.755963255816,4300.15,20.279999999999973,776.0494977272726,3.45185195688767,1381.1408030183131,7010.0,0.0899,1233.2295454545454,1221.3776816597417,146.46701394007002,1313.9,533.1,-0.12865006750000418
OCUNAE_FSR,5.754385964912281,4.019945424053377,4.600841653568022,25.0,1.0,10.456140350877194,6.465110771415271,6.377235213065123,16.0,1.0,1.7719298245614037,1.666524012797089,0.6217559700585737,4.0,1.0,2.670526315789473,2.6185690745735424,0.527428122824405,3.44,1.55,113.18596491228072,0.0,48.11041918956081,153.9,0.0,1416.6907017543858,183.20761810507247,1789.8634044165724,3823.15,14.009999999999993,1624.5945614035088,249.40246560269551,2010.624880628844,4300.15,20.279999999999973,1055.5564263157894,11.134387142996886,1623.5356231657545,7470.0,0.0899,1217.2631578947369,1206.927575039366,147.33174480954264,1402.3,717.3,-0.3987606657143
ODOXEK_FSR,8.052631578947368,5.524216024211121,9.687070515901874,48.0,1.0,12.473684210526317,9.548830455175883,5.082150612451922,16.0,1.0,2.0,1.881235453047774,0.7947194142390263,5.0,1.0,2.730526315789474,2.6796122144182126,0.5251814091010591,3.44,1.69,128.92105263157896,0.0,41.39685443106401,153.9,0.0,1861.7736842105264,374.2517747764915,1864.6602189850496,3823.15,14.009999999999993,2123.36,505.6000793333937,2076.04292538524,4300.15,20.279999999999973,1526.2549315789477,47.83670854067663,2006.9784053237304,8650.0,0.0899,1182.4052631578943,1174.5932625354471,132.95951688462887,1313.9,867.8,-0.32022139142856887
OFERUN03_FSR,5.043478260869565,3.0328961507317147,5.9306005331930765,30.0,1.0,8.434782608695652,4.467985590404445,6.546330448735793,15.0,1.0,1.6521739130434785,1.5248799339494652,0.6983642784438701,4.0,1.0,2.4439130434782608,2.4194605477244853,0.3449352696733841,3.04,1.65,86.39999999999999,0.0,55.55334295110852,153.9,0.0,1376.9643478260869,151.705417449446,1791.53526854538,3823.15,14.009999999999993,1569.2865217391302,196.8389005253444,2007.7019196380568,4300.15,20.279999999999973,1096.778391304348,7.874549801169483,1670.3707090406815,7140.0,0.0899,1231.6347826086958,1223.1777084528824,140.70979264675174,1402.3,906.4,-0.14884777500003563
OFERUN04_FSR,5.043478260869565,3.0328961507317147,5.9306005331930765,30.0,1.0,8.434782608695652,4.467985590404445,6.546330448735793,15.0,1.0,1.6521739130434785,1.5248799339494652,0.6983642784438701,4.0,1.0,2.4439130434782608,2.4194605477244853,0.3449352696733841,3.04,1.65,86.39999999999999,0.0,55.55334295110852,153.9,0.0,1376.9643478260869,151.705417449446,1791.53526854538,3823.15,14.009999999999993,1569.2865217391302,196.8389005253444,2007.7019196380568,4300.15,20.279999999999973,1096.778391304348,7.874549801169483,1670.3707090406815,7140.0,0.0899,1231.6347826086958,1223.1777084528824,140.70979264675174,1402.3,906.4,-0.14884777500003563
OFODAP_FSR,5.6571428571428575,3.3746202737670417,7.786225409172853,48.0,1.0,9.314285714285717,5.168809950819325,6.636571526974833,16.0,1.0,1.7,1.5714050353271385,0.7435436388384632,5.0,1.0,2.5652857142857144,2.5269030928835363,0.4580072408303837,3.44,1.69,105.70142857142858,0.0,49.579156025944,153.9,0.0,1400.915142857143,159.49148978601434,1807.906982744524,3823.15,14.009999999999993,1593.0165714285718,213.89903919167267,2024.6254393646568,4300.15,20.279999999999973,1054.6343042857145,8.672441330663107,1688.098187738986,8650.0,0.0899,1225.5214285714285,1218.1953738137308,130.01074998724104,1402.3,867.8,-0.30976119000001745
OFORUX_FSR,5.741379310344827,3.426731128172517,7.302716416719207,48.0,1.0,9.224137931034482,5.192823321707809,6.4835151796246535,17.0,1.0,1.7413793103448276,1.603132887531018,0.7556761034762456,5.0,1.0,2.4767241379310345,2.4541212922201088,0.3432722249932886,3.44,1.69,116.0241379310345,0.0,65.55041047859281,349.0,0.0,1764.9536206896555,253.36947062865937,1864.5357201696656,3823.15,14.009999999999993,2018.8537931034484,327.9637171810323,2091.2892197718343,4300.15,20.279999999999973,1317.0046172413795,18.718739030129058,1797.0313824665816,8960.0,0.0899,1197.6844827586203,1189.036768230931,139.11128490097926,1402.3,745.5,-0.30495713500001403
OGAGAF_FSR,5.527272727272727,3.3681057820603373,5.855392372395786,30.0,1.0,9.090909090909092,4.964285252340103,6.655886601068335,16.0,1.0,1.709090909090909,1.577494527145339,0.7051170701696478,4.0,1.0,2.511454545454545,2.4734459377484077,0.4534611066085067,3.44,1.65,105.63090909090909,0.0,47.12836965614535,153.9,0.0,1373.327818181818,161.73736464068105,1784.676193670275,3823.15,14.009999999999993,1572.606,220.08651687107584,1994.5349112171489,4300.15,20.279999999999973,1106.9438509090917,10.592322519144744,1585.4877067011996,7140.0,0.0899,1211.9945454545452,1204.587973850155,130.8499910281469,1402.3,906.4,-0.23373966333349463
OGAGEJ_FSR,5.492957746478873,3.53982167650624,5.30445796951275,30.0,1.0,9.605633802816902,5.455906407735427,6.591669675077495,16.0,1.0,1.7183098591549295,1.6004189850146435,0.6539823530278254,4.0,1.0,2.5643661971830984,2.524343986276904,0.467464640206385,3.44,1.65,107.07464788732392,0.0,48.17259088112203,153.9,0.0,1392.5840845070425,168.67678426024173,1795.6928802503808,3823.15,14.009999999999993,1590.0150704225352,228.42378703208777,2008.133759444166,4300.15,20.279999999999973,1048.5984422535214,10.714792983847827,1492.8336877302163,7140.0,0.0899,1218.125352112676,1210.950101706425,129.3262505278037,1402.3,906.4,-0.30658418142866134
OGAGIN_FSR,5.527272727272727,3.3681057820603373,5.855392372395786,30.0,1.0,9.090909090909092,4.964285252340103,6.655886601068335,16.0,1.0,1.709090909090909,1.577494527145339,0.7051170701696478,4.0,1.0,2.511454545454545,2.4734459377484077,0.4534611066085067,3.44,1.65,105.63090909090909,0.0,47.12836965614535,153.9,0.0,1373.327818181818,161.73736464068105,1784.676193670275,3823.15,14.009999999999993,1572.606,220.08651687107584,1994.5349112171489,4300.15,20.279999999999973,1106.9438509090917,10.592322519144744,1585.4877067011996,7140.0,0.0899,1211.9945454545452,1204.587973850155,130.8499910281469,1402.3,906.4,-0.09072636500007997
OGAXUR_FSR,4.88135593220339,3.0256965974552386,5.042479702614416,27.0,1.0,8.474576271186441,4.41972162163512,6.745634953223367,16.0,1.0,1.6271186440677967,1.508610465163607,0.6612342102756326,4.0,1.0,2.540508474576271,2.502776341809341,0.4598946958642964,3.44,1.88,107.93728813559323,95.28934332515512,42.67758073896103,153.9,7.0,1308.728983050847,133.27187335363905,1760.9481699200371,3823.15,14.009999999999993,1520.1296610169493,182.12497577206156,1998.2351810280468,4300.15,20.279999999999973,1029.815752542373,6.06083832412351,1808.144077025512,8900.0,0.0899,1224.0661016949152,1215.1059074711857,138.68720397289783,1402.3,760.4,-0.3500544566666501
OGECOU_FSR,4.915254237288136,3.029428980922268,5.192197978757903,28.0,1.0,8.508474576271187,4.435535069423032,6.750700858419228,16.0,1.0,1.6271186440677967,1.508610465163607,0.6612342102756326,4.0,1.0,2.541525423728814,2.504119841824126,0.4584639555146907,3.44,1.91,109.57457627118644,97.12970794923552,41.8678615194314,153.9,7.0,1307.3730508474575,133.16853814794817,1760.6092605621309,3823.15,14.009999999999993,1519.655084745763,182.09790973766604,1997.8377466569607,4300.15,20.279999999999973,1030.0869389830511,6.0610229200706165,1809.324645755696,8908.0,0.0899,1223.276271186441,1213.824706697187,141.3660320945727,1402.3,737.1,-0.17492032333336735
OHAKEO_FSR,5.627906976744186,3.6614371997757615,7.034874111083191,48.0,1.0,10.0,6.019979949887158,6.291374678783423,16.0,1.0,1.744186046511628,1.630326727610678,0.68515906337936,5.0,1.0,2.5444186046511628,2.5159701671230548,0.3912431131756254,3.44,1.69,109.05116279069767,0.0,51.99714827642451,153.9,0.0,1807.5572093023256,271.14915246086434,1881.494873819968,3823.15,14.009999999999993,2046.4537209302327,349.37547869151814,2106.94950396111,4300.15,20.279999999999973,1252.6041534883725,21.599384012068658,1595.828693608888,8650.0,0.0899,1205.3627906976742,1197.8754096544646,132.76795463611887,1402.3,867.8,-0.22876352500016614
OHAKIS_FSR,4.885245901639344,3.08865840309577,6.191211011748138,48.0,1.0,8.885245901639344,4.814103052733128,6.601287407115044,16.0,1.0,1.639344262295082,1.528201611523352,0.6536853127008815,5.0,1.0,2.505573770491803,2.478836270102002,0.3807392489689702,3.44,1.69,105.04098360655738,0.0,49.79073380462484,153.9,0.0,1592.0118032786886,187.75968129968905,1860.7253349953264,3823.15,14.009999999999993,1801.458196721312,245.10704298799192,2086.194837885794,4300.15,20.279999999999973,1068.2893032786887,10.741583595436529,1476.0200922250826,8650.0,0.0899,1219.8573770491805,1212.9549536890947,127.48849830348423,1402.3,867.8,-0.25215428999984263
OJAKOA_FSR,6.040816326530612,3.8976077015281545,8.121423378999395,59.0,1.0,10.612244897959185,6.489052206420171,6.46123867106879,19.0,1.0,1.7755102040816326,1.6543032564352065,0.7630579222791802,6.0,1.0,2.6318367346938776,2.579526991921998,0.5156912280931245,3.44,1.13,123.7938775510204,117.06860137464116,36.98806430851889,153.9,50.0,1680.788775510204,237.1732584727124,1862.6704747640376,3823.15,14.009999999999993,1943.9489795918369,322.62761885817594,2099.3152148486124,4300.15,20.279999999999973,1104.459112244898,17.106765676841995,1367.088057009657,6640.0,0.0899,1199.8020408163263,1188.2336346919694,147.5855234449807,1313.9,527.0,-0.20372234285722304
OJIWIO_FSR,5.6923076923076925,4.16104209506348,4.663848120376652,30.0,1.0,10.974358974358974,7.260907119782946,5.911688463249905,16.0,1.0,1.794871794871795,1.7043607928571494,0.5629358564128244,4.0,1.0,2.599230769230769,2.565485374686294,0.4288708168140995,3.44,1.65,119.64102564102564,0.0,47.458909179273405,153.9,0.0,1993.614871794872,366.25958000798033,1879.933022189166,3823.15,14.009999999999993,2258.51717948718,473.0676007207993,2102.186972454808,4300.15,20.279999999999973,1342.3583333333336,37.96997447907264,1457.5753097081342,7140.0,0.0899,1190.8820512820512,1184.1113073557144,126.66667922765431,1402.3,906.4,-0.21711280571441546
OKAYIK_FSR,5.441176470588236,3.770090063565609,4.145807070158448,20.0,1.0,9.852941176470589,5.786362003502385,6.522054678690903,16.0,1.0,1.7647058823529411,1.6507105095995545,0.6443794794178425,4.0,1.0,2.549117647058824,2.494210001589955,0.5001021521946868,3.44,1.0,122.28441176470588,106.0195138521334,43.53827816795757,200.0,2.37,1745.116764705882,265.5103077409707,1855.968324258606,3823.15,14.009999999999993,1992.407352941177,355.1388784173898,2072.624779415916,4300.15,20.279999999999973,1100.5753794117647,22.87110703844052,1107.1301361556666,2260.0,0.0899,1182.4205882352942,1170.1033075185426,154.44911551060085,1313.9,589.8,-0.10130627428569428
OKAYUW_FSR,4.533333333333333,3.220623558454258,3.1972210155418126,20.0,1.0,9.2,5.166043627628289,6.511528238439882,16.0,1.0,1.653333333333333,1.5583291593209996,0.5536143864540451,4.0,1.0,2.4936000000000003,2.460656883543876,0.3988437956560604,3.44,1.0,120.22626666666666,109.05442668725048,40.56443058553749,153.9,2.37,1963.0124000000003,294.605148915637,1889.2428197870456,3823.15,14.009999999999993,2219.3692,380.87477890732,2117.902420885822,4300.15,20.279999999999973,1165.9193226666666,23.328836952275893,1122.7271947661602,2260.0,0.0899,1188.3199999999997,1179.9757231289925,131.99270383876024,1313.9,589.8,-0.23129715888892907
OKAZAD_FSR,4.354430379746836,3.0354388351444217,3.2101026233981926,20.0,1.0,8.784810126582279,4.75388640710005,6.59434142943772,16.0,1.0,1.620253164556962,1.5237169585844574,0.5581115869632556,4.0,1.0,2.4787341772151903,2.4467458652633485,0.3939105054454276,3.44,1.0,117.82493670886076,106.8455944047122,40.869030671572936,153.9,2.37,1864.328734177216,252.5009441833229,1889.739065181843,3823.15,14.009999999999993,2108.0229113924047,328.3147191420661,2119.1646054812345,4300.15,20.279999999999973,1106.8899848101269,17.60591032493904,1123.3994913472884,2260.0,0.0899,1194.5822784810125,1186.3293163198805,131.4353301630185,1313.9,589.8,-0.4215480422222729
OKILEA_FSR,5.676923076923077,3.7532915424823625,5.093306897088471,25.0,1.0,9.76923076923077,5.736520490616771,6.518067742866112,16.0,1.0,1.7538461538461538,1.6331896248320603,0.6800626493938567,4.0,1.0,2.607230769230769,2.556003201298724,0.5193472461948532,3.44,1.55,107.52923076923076,0.0,50.32758755035904,153.9,0.0,1384.5395384615383,170.8920664672617,1771.3381576479933,3823.15,14.009999999999993,1594.2284615384615,231.75463044103725,1992.6730452722431,4300.15,20.279999999999973,1110.1075046153846,9.98320210977274,1752.6591724452103,7470.0,0.0899,1214.1953846153845,1202.3298985957051,156.43152292077713,1402.3,717.3,-0.40662439375023496
OLUCAZ_FSR,4.6875,3.067397463865389,4.4960920531056745,29.0,1.0,8.8125,4.730755076785767,6.647857580955436,16.0,1.0,1.625,1.5201004551491148,0.5994789404140899,4.0,1.0,2.5241666666666664,2.4949797269263767,0.40211334084918,3.44,1.9,105.78333333333336,85.82211475740341,47.61492383929877,153.9,7.0,1478.7733333333333,165.00448948548822,1825.798843293593,3823.15,14.009999999999993,1695.9195833333335,218.8595263905748,2055.9836955011324,4300.15,20.279999999999973,1034.457229166667,8.481075305099926,1586.752003576808,8960.0,0.0899,1223.3583333333331,1215.0101099509625,136.2984315043851,1402.3,745.5,-0.21151850599985664
OMIPAD_FSR,4.579545454545454,3.244078171322871,3.7194867403406953,30.0,1.0,9.375,5.398224185997021,6.350219215972713,16.0,1.0,1.6590909090909092,1.5666981770600492,0.541176404535939,4.0,1.0,2.469659090909091,2.452384461971054,0.3024650575747865,3.44,1.65,117.0659090909091,0.0,45.24759884730107,153.9,0.0,2102.9630681818185,349.6389128948826,1885.726795631376,3823.15,14.009999999999993,2373.0612500000007,441.94799641896776,2114.542279882023,4300.15,20.279999999999973,1314.0039295454544,31.85790461491644,1280.1058920955102,7140.0,0.0899,1187.5556818181817,1181.538145086682,119.99043035512396,1402.3,906.4,-0.17759209874992618
ONIXOZ_FSR,6.578947368421052,4.7494772652909125,5.797601949569405,29.0,1.0,11.526315789473683,8.157073338568491,5.547578144442677,16.0,1.0,1.894736842105263,1.7926641922757118,0.6402907926629707,4.0,1.0,2.6294736842105264,2.592318837458564,0.4565831184399192,3.44,1.9,132.24210526315792,127.29074701666758,31.890030050479705,153.9,72.8,2098.1426315789467,454.8501583723892,1840.755998321405,3823.15,14.009999999999993,2435.7247368421054,603.836856705619,2055.3249996747686,4300.15,20.279999999999973,1661.3724,61.05393902110468,2037.9892234405768,8960.0,0.0899,1163.9,1153.555242141157,147.3807457252348,1313.9,745.5,0.013303784285718804
OPENON_FSR,5.621621621621622,4.063375997495545,4.634485022566948,29.0,1.0,10.756756756756756,6.979936963353704,5.997321047904935,16.0,1.0,1.7837837837837838,1.6896878577431211,0.5758723176395275,4.0,1.0,2.6002702702702707,2.5711581360833717,0.4000978696923533,3.44,1.9,109.77567567567569,81.43539507666151,52.9044697718516,153.9,7.0,1811.515405405405,296.2895115278627,1866.770191636237,3823.15,14.009999999999993,2078.062162162162,382.48773463386055,2096.8312956151244,4300.15,20.279999999999973,1280.8883783783783,24.83312962977309,1695.8282650892024,8960.0,0.0899,1205.489189189189,1195.7537896804674,147.63110853560198,1402.3,745.5,-0.29764434124999184
OQANIE_FSR,5.1940298507462686,3.346406872107756,5.073309750055129,29.0,1.0,9.313432835820896,5.143026660371191,6.691962109303567,16.0,1.0,1.671641791044776,1.5602649603153638,0.6321736890909663,4.0,1.0,2.5940298507462685,2.552423908895193,0.4853312753883959,3.44,1.9,118.48059701492537,111.98662639264614,37.04985039873908,153.9,72.8,1427.7335820895526,162.5649624477076,1803.638026904132,3823.15,14.009999999999993,1653.0586567164178,223.67395916461825,2032.994941482937,4300.15,20.279999999999973,1077.369737313433,8.874747988840706,1750.8079965473455,8960.0,0.0899,1214.738805970149,1206.168019737919,135.40994028110532,1313.9,745.5,-0.153416547500143
OQOJUB_FSR,3.363636363636364,2.253200077621904,2.726893913085572,8.0,1.0,6.795454545454546,3.163668130873573,6.669399405475135,16.0,1.0,1.443181818181818,1.3595995770398364,0.4967612044180544,2.0,1.0,2.4181818181818184,2.3874745700026447,0.3883986513837222,3.44,0.98,106.49772727272726,99.55772112870868,39.13456092089287,153.9,59.6,1321.2895454545453,111.66961314771862,1799.945910356443,3823.15,14.009999999999993,1503.8110227272728,151.60435778262823,2018.1712447512969,4300.15,20.279999999999973,776.7140579545455,4.03625217300721,1068.267425255277,2260.0,0.0899,1226.3,1217.5971459120851,130.82641604952585,1313.9,520.2,-0.0540437285714168
OSAVUA_FSR,4.651162790697675,3.096932279554688,3.740934598622864,20.0,1.0,8.69767441860465,4.559139743162468,6.838791147499172,16.0,1.0,1.627906976744186,1.520611031838624,0.6108802575145905,4.0,1.0,2.5558139534883724,2.5002630862995607,0.5154146335296107,3.44,1.0,107.19465116279068,86.99569065199,46.265630336781406,153.9,2.37,1289.682093023256,133.1730414317758,1767.8573190250684,3823.15,14.009999999999993,1469.790930232558,180.81820907157388,1983.407320797844,4300.15,20.279999999999973,772.2221441860468,5.7761013915471695,1059.4739468359746,2260.0,0.0899,1226.3395348837205,1215.2167028620163,147.4032313860164,1402.3,589.8,-0.04163809571430678
OSAWEL_FSR,5.161290322580645,3.542188491482259,3.927543549735335,20.0,1.0,9.483870967741936,5.323996075112516,6.719595647118212,16.0,1.0,1.7096774193548387,1.5992764622331677,0.6321263852343686,4.0,1.0,2.5925806451612905,2.526364095213141,0.5529566729916869,3.44,1.0,112.58290322580643,91.523084975075,45.83805780336011,153.9,2.37,1411.964838709678,168.6767129620235,1798.2877414521936,3823.15,14.009999999999993,1612.6125806451612,229.2148094423879,2015.6099776862036,4300.15,20.279999999999973,852.330416129032,9.119677601853864,1078.6137259220482,2260.0,0.0899,1212.0290322580638,1198.793976321095,158.5503811117349,1402.3,589.8,-0.2976366322222298
OSAXAI_FSR,4.932203389830509,3.470259839664309,4.177682460203694,30.0,1.0,9.779661016949152,5.793570281989189,6.316692431559495,16.0,1.0,1.694915254237288,1.5998826645574866,0.5600919200629935,4.0,1.0,2.517966101694915,2.493933228717202,0.3581580924534414,3.44,1.65,110.47627118644068,0.0,50.84731327663127,153.9,0.0,1904.726779661017,293.7953039287966,1888.15388868979,3823.15,14.009999999999993,2153.1847457627123,374.7198009661944,2116.019708213269,4300.15,20.279999999999973,1232.097779661017,23.88039815627577,1362.5386623326174,7140.0,0.0899,1202.0677966101696,1195.2148436033144,128.01835334611266,1402.3,906.4,-0.1705235050001192
OSIXIY_FSR,7.0,3.333165876879036,11.40175425099138,47.0,1.0,8.428571428571429,4.506816756395896,6.499607523472758,15.0,1.0,1.7857142857142858,1.5865049326376686,1.012674777054131,5.0,1.0,2.4607142857142854,2.436558125457604,0.3513334656442973,3.04,1.93,85.64285714285714,56.75470804043534,53.30267635046526,153.9,7.0,1200.0528571428572,132.23852122460517,1686.9728455746174,3823.15,14.009999999999993,1427.822142857143,175.74660517725695,1915.6138887132556,4300.15,20.279999999999973,1395.3065999999997,6.576080101488914,2715.2239795989103,10490.0,0.0899,1225.4214285714284,1209.4363240115013,181.36041140924505,1402.3,731.0,-0.42570774714301607
OTATOT_FSR,5.022988505747127,3.196773873606832,7.028639297842663,65.0,1.0,9.275862068965518,5.110084251488845,6.67761684926387,19.0,1.0,1.6551724137931034,1.5447928179901833,0.6751344899121108,6.0,1.0,,,,,,115.85517241379311,104.34581996731568,42.02515874448316,153.9,7.0,1703.0975862068967,214.262736258118,1874.7684620485472,3823.15,14.009999999999993,1940.6447126436783,282.9560041265068,2110.221181331985,4300.15,20.279999999999973,1081.8586965517245,13.32768850767922,1355.3402342058876,8219.0,0.0899,1207.2666666666669,1198.7050365921457,133.5271401803804,1402.3,565.8,-0.32702267666672924
OTAVOV_FSR,4.931034482758621,3.1919516350595547,6.252894692324004,57.0,1.0,9.275862068965518,5.110084251488845,6.67761684926387,19.0,1.0,1.6551724137931034,1.5447928179901833,0.6751344899121108,6.0,1.0,2.5305747126436784,2.4944454640701617,0.4317842062186386,3.44,1.1,115.832183908046,104.29687048105176,42.06170752665817,153.9,7.0,1698.0745977011495,213.4949857063172,1875.5451147883507,3823.15,14.009999999999993,1943.3343678160925,283.1663827607098,2112.3590556682543,4300.15,20.279999999999973,1058.0311103448275,13.283238042182804,1243.2426486580518,6146.0,0.0899,1206.948275862069,1198.0136212627783,135.0803072012315,1402.3,538.1,0.7959584999998697
OTAWIR_FSR,5.083333333333333,3.541059927462799,4.466697761085799,30.0,1.0,9.875,5.888164408194424,6.313428149587195,16.0,1.0,1.7083333333333333,1.6104903319492545,0.5758447900452189,4.0,1.0,2.527708333333333,2.500075570498,0.3869444382128897,3.44,1.65,116.19583333333333,0.0,46.698242107944736,153.9,0.0,1939.0164583333333,308.09566574551684,1886.5294954652504,3823.15,14.009999999999993,2194.0458333333336,397.01819904618185,2112.3585148269235,4300.15,20.279999999999973,1278.9809458333332,26.840735228344982,1407.1542277981669,7140.0,0.0899,1194.7604166666667,1188.2438850703284,124.28779059703756,1402.3,906.4,-0.37677099499978794
OTIPUE_FSR,5.723809523809524,4.167477089459373,4.254958425391963,25.0,1.0,10.847619047619048,7.025177788043256,6.1424067756647664,17.0,1.0,1.7904761904761906,1.6957279837550705,0.5805619296810731,4.0,1.0,2.666761904761905,2.6134657985623067,0.5546641974042368,3.98,1.55,131.27238095238098,0.0,74.02815486947304,328.0,0.0,1808.8174285714283,293.50481963312296,1864.6116249654365,3823.15,14.009999999999993,2059.0941904761908,383.8969937262001,2090.6673839116456,4300.15,20.279999999999973,1246.959420952381,25.452543981560066,1540.8786559388243,7470.0,0.0899,1225.4142857142856,1210.3860895705448,191.55698166469887,1681.0,717.3,-0.09053016374997465
OTIQAL_FSR,5.114285714285714,3.525080424104546,4.31456952708861,25.0,1.0,9.628571428571428,5.66120433136133,6.383396831001565,16.0,1.0,1.7142857142857142,1.6084981600629789,0.6127888739864918,4.0,1.0,2.531142857142857,2.498048069746769,0.4176859478368983,3.44,1.55,111.82857142857142,0.0,49.1314305652477,153.9,0.0,1805.8048571428571,265.00123444352886,1867.4748433254867,3823.15,14.009999999999993,2054.1608571428574,344.1801484780172,2095.390808191529,4300.15,20.279999999999973,1246.8370514285716,20.348742901295296,1540.977604793434,7470.0,0.0899,1197.2999999999995,1187.7451000335043,143.73900554228734,1402.3,717.3,-0.1339868828571947
OVICUS_FSR,6.888888888888889,4.854429872102991,5.84575397242929,30.0,1.0,11.555555555555555,8.017888329894284,5.717635702341602,16.0,1.0,1.9259259259259256,1.81270652125995,0.6625386599999376,4.0,1.0,2.609259259259259,2.573844566237694,0.4346384272176886,3.44,1.65,120.8,0.0,54.98898206139251,200.0,0.0,1769.5096296296297,342.70240785237684,1842.4911589787016,3823.15,14.009999999999993,2031.67,457.3635381091279,2045.034504151548,4300.15,20.279999999999973,1414.3984222222225,47.31396909060803,1562.759822942292,7140.0,0.0899,1180.5851851851849,1172.3816456781065,138.7695203584752,1402.3,906.4,-0.2503133285713537
OWAVOY_FSR,6.435897435897436,4.418227924456493,6.0544320354209855,30.0,1.0,11.051282051282053,7.294852765496333,5.978374352180201,16.0,1.0,1.8461538461538465,1.734923193463847,0.6617173282340482,4.0,1.0,2.634358974358974,2.587895988022558,0.4967731508899227,3.44,1.65,111.26666666666668,0.0,52.70288919892846,153.9,0.0,1623.6874358974358,253.8222273376695,1840.0328043560107,3823.15,14.009999999999993,1854.348205128205,338.632536793815,2054.5614793777604,4300.15,20.279999999999973,1293.7457435897438,22.114957333077072,1742.4082744422249,7140.0,0.0899,1206.0230769230768,1197.9758976083133,136.72962738893557,1402.3,906.4,-0.4209308500001368
OZUKOL_FSR,7.5,5.272073995579261,6.328506932918696,25.0,1.0,11.3,8.020418186094405,5.710516614107693,16.0,1.0,2.0,1.8660659830736148,0.7745966692414834,4.0,1.0,2.647,2.5769222236529945,0.593903190764286,3.44,1.55,118.42,0.0,49.749930653218,153.9,0.0,1700.4320000000005,317.8112141918544,1785.1736238797616,3823.15,14.009999999999993,1984.606,434.7644962870561,2001.301184340828,4300.15,20.279999999999973,1651.4466800000002,36.83299574312323,2212.657785864249,7470.0,0.0899,1162.9,1145.875506024279,182.96770753332407,1313.9,717.3,-0.2964288339998348
PAKXIK_FSR,5.728155339805825,3.4624040678085297,7.822290994526732,48.0,1.0,9.49514563106796,5.388983505576009,6.54465436115208,16.0,1.0,1.7184466019417477,1.590599608794394,0.7428294859568378,5.0,1.0,2.5531067961165044,2.516767498730784,0.4462008540857161,3.44,1.69,111.7883495145631,0.0,46.97771895120518,153.9,0.0,1592.3994174757274,201.65061435103203,1853.4721522967284,3823.15,14.009999999999993,1808.2604854368933,268.41682484329885,2074.4862239157605,4300.15,20.279999999999973,1173.7988757281555,13.311689058416423,1698.2942549583468,8650.0,0.0899,1210.912621359223,1203.7261897007995,128.76575230594074,1402.3,867.8,-0.1887374516668008
PAPRUU_FSR,6.808988764044944,3.968074294304168,9.147820277603538,57.0,1.0,10.202247191011235,5.963561451985869,6.692574747276668,19.0,1.0,1.820224719101124,1.6612236872966868,0.893947158692858,6.0,1.0,2.650898876404495,2.5864172505134584,0.5674081432355138,3.44,1.1,109.38876404494384,91.3892184680774,45.24005741709032,153.9,7.0,1139.76797752809,132.1501165334531,1666.1939223070608,3823.15,14.009999999999993,1387.358539325843,187.67104181900888,1928.8406972306889,4300.15,20.279999999999973,1048.3202134831463,6.5834280589344125,1949.8708790776705,8908.0,0.0899,1221.0213483146065,1204.555137918947,174.88764898919695,1402.3,538.1,-0.28899248400007305
PARHEW_FSR,4.196078431372549,2.7513066019440084,3.586574136005585,20.0,1.0,7.921568627450981,3.964612322797039,6.776091583446247,16.0,1.0,1.568627450980392,1.4630911056177218,0.6024428037544006,4.0,1.0,2.4788235294117644,2.436046625043246,0.4497696450006534,3.44,1.0,105.4856862745098,87.41824937958259,45.46725312664015,153.9,2.37,1386.7311764705878,137.66414286270984,1805.7459891523483,3823.15,14.009999999999993,1575.348823529412,184.17579931234815,2026.4601949992168,4300.15,20.279999999999973,828.2986980392158,5.971222023638785,1078.754730381738,2260.0,0.0899,1222.0156862745096,1211.7851924246063,142.8183521635966,1402.3,589.8,-0.10682481000003458
PARNON_FSR,5.025,3.3409131076513194,4.719573603621411,29.0,1.0,9.375,5.286393790415823,6.544797552254768,16.0,1.0,1.675,1.5691681957935013,0.6077622890571609,4.0,1.0,2.5482500000000003,2.5160109564323467,0.4258103304289363,3.44,1.9,116.99250000000002,105.492064376234,41.23406593764433,153.9,7.0,1673.8405000000002,217.08641493039715,1859.2936825363956,3823.15,14.009999999999993,1921.519,289.21805944238787,2090.2249838902508,4300.15,20.279999999999973,1184.7793375,14.3763930660044,1665.553442521431,8960.0,0.0899,1204.5425,1196.201616898849,135.24678163915772,1402.3,745.5,-0.11325568499989913
PASMUT_FSR,6.035087719298246,3.6177472281743017,6.431733040525394,30.0,1.0,9.578947368421051,5.255177207377018,6.87723773705452,16.0,1.0,1.719298245614035,1.5874010519681996,0.7195121633126271,4.0,1.0,2.679824561403509,2.6149488002252173,0.5924421393853955,3.44,1.65,109.9719298245614,0.0,43.74787314884812,153.9,0.0,865.9835087719298,90.4519623307705,1534.1478719065533,3823.15,14.009999999999993,1006.9019298245612,130.98724801271652,1719.1192993317457,4300.15,20.279999999999973,852.1150491228074,3.626933046828404,1741.3562861502533,7140.0,0.0899,1243.8456140350877,1237.2515853984007,121.32623278361967,1313.9,906.4,0.4503858485715
PASNAA_FSR,5.87719298245614,3.5977412902025483,5.852185602933217,27.0,1.0,9.421052631578949,5.17620707791036,6.85424025098935,16.0,1.0,1.719298245614035,1.5874010519681996,0.7195121633126271,4.0,1.0,2.691929824561404,2.63297070489601,0.5733173353433789,3.44,1.88,113.32456140350877,106.72234003270025,37.13230626647479,153.9,63.7,922.587192982456,95.02509950528876,1546.4999340125732,3823.15,14.009999999999993,1113.2177192982454,138.04820413696356,1787.642028956382,4300.15,20.279999999999973,944.7466280701756,3.669238559823429,2086.069535591369,8900.0,0.0899,1236.1614035087716,1225.8671253620205,144.80645250039606,1313.9,760.4,-0.5793964099999158
PATWOY_FSR,4.761904761904762,3.316318750687833,4.114939689353218,30.0,1.0,9.470899470899472,5.469514466830503,6.378323885870684,16.0,1.0,1.671957671957672,1.5758002359670384,0.5618439768236312,4.0,1.0,2.4912698412698413,2.469021221740444,0.3460899907293528,3.44,1.65,116.65925925925926,0.0,45.308720927034514,153.9,0.0,2004.47417989418,317.0118375718528,1889.1882748821968,3823.15,14.009999999999993,2264.877513227513,405.3760842194045,2116.944652612838,4300.15,20.279999999999973,1285.3630962962964,27.44627874223654,1343.661824908881,7140.0,0.0899,1191.6433862433862,1185.440749880844,121.45575596618065,1402.3,906.4,-0.11934609625029678
PEGBUA_FSR,5.659574468085107,3.676219554684708,5.773293597926471,30.0,1.0,9.829787234042554,5.797301897206618,6.382553177304019,16.0,1.0,1.74468085106383,1.6269023493985637,0.6674207294194946,4.0,1.0,2.5555319148936166,2.5216805682832586,0.4137005212975506,3.44,1.65,81.6872340425532,0.0,59.57362552595677,153.9,0.0,1272.8312765957446,154.16226504053762,1751.1026107030782,3823.15,14.009999999999993,1453.1031914893615,199.84228973716856,1962.459519553348,4300.15,20.279999999999973,1025.5172000000002,8.122863482737097,1657.6322719347645,7140.0,0.0899,1245.9085106382977,1236.9919439079056,144.71783084978475,1402.3,906.4,-0.35920111428578944
PEGCAH_FSR,5.76,3.8296931578034648,5.616262102145875,30.0,1.0,10.16,6.14496936414272,6.328854556710874,16.0,1.0,1.76,1.6471820345351462,0.649923072370877,4.0,1.0,2.5907999999999998,2.5537701645638067,0.4369523543820309,3.44,1.65,85.50399999999999,0.0,59.7203649017653,153.9,0.0,1275.1183999999996,157.7302129566395,1752.6537446139894,3823.15,14.009999999999993,1455.53,205.8418677028266,1963.8164114784247,4300.15,20.279999999999973,1009.243328,8.48027748205811,1629.430712376948,7140.0,0.0899,1245.44,1236.767163454294,142.75703555341852,1402.3,906.4,-0.39742201142874883
PEGCIP_FSR,6.114285714285714,4.149371833935942,5.465588080090236,30.0,1.0,10.628571428571428,6.735169139861492,6.15089175549002,16.0,1.0,1.8285714285714283,1.7127131813720216,0.6540298938434056,4.0,1.0,2.5531428571428574,2.521642898428897,0.4139342351393613,3.44,1.65,127.12285714285716,0.0,44.54347530039315,200.0,0.0,1910.7800000000004,350.87716961217745,1863.1060192485024,3823.15,14.009999999999993,2182.071142857143,466.2348504196223,2071.3693927182862,4300.15,20.279999999999973,1413.9441142857145,44.72955990680938,1468.903203557117,7140.0,0.0899,1173.302857142857,1166.5507825032614,125.45685310829673,1313.9,906.4,-0.14173987428583648
PELXIP_FSR,7.268292682926829,4.578367521803586,9.55095293481845,48.0,1.0,11.170731707317072,7.520341917779663,5.838904169758979,16.0,1.0,1.902439024390244,1.7661181481310229,0.8206148215249132,5.0,1.0,2.626829268292683,2.587838504138746,0.4511094130673856,3.44,1.69,96.37560975609756,0.0,60.675099487342656,153.9,0.0,1543.355853658537,237.79593093022103,1827.6919903715104,3823.15,14.009999999999993,1759.8934146341464,309.65456353013514,2043.0188148586367,4300.15,20.279999999999973,1304.342731707317,19.21643295956188,1985.3912459480127,8650.0,0.0899,1220.182926829268,1210.4072635014804,150.43325057725286,1402.3,867.8,-0.5551209914286639
PEPLEC_FSR,5.15625,3.5523217190333103,4.191579169895279,23.0,1.0,9.59375,5.599773066634094,6.470410414919598,16.0,1.0,1.71875,1.6104903319492545,0.624218261107443,4.0,1.0,2.5553125,2.518413532016932,0.4469898235348876,3.44,1.63,116.18750000000004,102.92101524346847,43.27254289673765,153.9,7.0,1756.208125,247.58841172994047,1860.1196242403296,3823.15,14.009999999999993,2019.8106250000003,327.296792202164,2105.977204399328,4300.15,20.279999999999973,1179.980778125,17.92066826945962,1417.338653607139,6110.0,0.0899,1195.803125,1184.6477242704868,150.52761475136177,1402.3,650.9,-0.257556225999906
PEPLIG_FSR,5.888888888888889,4.056161955934106,4.747969026493666,23.0,1.0,10.25925925925926,6.3512650113756965,6.322169063978388,16.0,1.0,1.8148148148148149,1.6963172576961127,0.6687211142691775,4.0,1.0,2.5781481481481485,2.5386904292123,0.462137041059027,3.44,1.63,125.36296296296295,117.54177440815928,40.48687165497027,200.0,50.6,1808.727407407408,297.51558260744736,1845.9257519789912,3823.15,14.009999999999993,2096.78925925926,400.063948027059,2084.2634086569087,4300.15,20.279999999999973,1303.6246,29.62010297643221,1447.6047731067852,6110.0,0.0899,1176.074074074074,1164.12399723346,154.68245511511304,1313.9,650.9,-0.28001893199998446
PEPLOM_FSR,6.388888888888889,4.702782314878657,4.750893353288514,23.0,1.0,11.166666666666666,7.633077606742832,5.927806414592913,16.0,1.0,1.8888888888888888,1.7817974362806783,0.6573421981221795,4.0,1.0,2.668333333333334,2.615836923912839,0.5294048020602424,3.44,1.63,126.55555555555556,119.56205314359696,36.78227565647802,153.9,50.6,1838.8133333333333,327.76347421442733,1838.652261367911,3823.15,14.009999999999993,2145.2066666666665,443.2253254846637,2090.743953979061,4300.15,20.279999999999973,1344.305811111111,32.48008419500711,1592.7625231786787,6110.0,0.0899,1175.5777777777776,1160.8988741347948,168.13930254919106,1313.9,650.9,-0.6653073279998807
PEVLEJ_FSR,6.896551724137931,4.070625849506886,10.249793362378703,59.0,1.0,10.758620689655173,6.501355648060266,6.636654601860755,19.0,1.0,1.827586206896552,1.6751717891172675,0.9123280382981346,6.0,1.0,2.668620689655172,2.598985194350468,0.5824959620279223,3.44,1.13,121.14482758620689,114.2108235409183,37.31212788141731,153.9,50.0,1381.2203448275864,172.61704798984837,1784.2052232634485,3823.15,14.009999999999993,1639.98,244.29080712851996,2031.5566276066277,4300.15,20.279999999999973,1008.747244827586,10.275576538287895,1504.6601098224571,6640.0,0.0899,1207.7620689655168,1191.8638946777894,167.0906370058769,1313.9,527.0,-0.4435997614285806
PEVLIN_FSR,6.931034482758621,4.072985688106958,10.425204982629618,60.0,1.0,10.758620689655173,6.501355648060266,6.636654601860755,19.0,1.0,1.827586206896552,1.6751717891172675,0.9123280382981346,6.0,1.0,2.668965517241379,2.599774924520492,0.5815872741314315,3.44,1.14,121.14482758620689,114.2108235409183,37.31212788141731,153.9,50.0,1384.3237931034485,173.0466253820505,1783.9727857681785,3823.15,14.009999999999993,1633.4282758620689,243.82963478190567,2025.6416452691608,4300.15,20.279999999999973,1021.5058655172412,10.294808330811748,1553.1432609923145,7010.0,0.0899,1207.972413793103,1192.3369725467624,166.23516557420683,1313.9,533.1,-0.40786803857146686
PEZCII_FSR,5.615384615384615,3.625573404402089,7.653942790267404,57.0,1.0,10.115384615384617,6.0504744535800565,6.417086105300461,19.0,1.0,1.75,1.628514958157199,0.7563830938191206,6.0,1.0,2.5275000000000003,2.4891959249062983,0.4319761166831047,3.44,1.1,123.61346153846156,116.44070626265734,38.35411435579959,153.9,48.0,2019.986923076924,337.4276058494401,1880.6321315548892,3823.15,14.009999999999993,2323.4175000000005,442.4489250431487,2114.897461491359,4300.15,20.279999999999973,1291.875601923077,31.13461332729699,1307.4749353957873,6146.0,0.0899,1180.2865384615382,1169.627677351334,143.43214427419912,1313.9,538.1,-0.3036883859998852
PIHWAG_FSR,6.307692307692308,3.98293947559359,7.996485914590765,57.0,1.0,10.5,6.423212061698756,6.404625732174424,19.0,1.0,1.8269230769230769,1.6894288313178638,0.8019484408458862,6.0,1.0,2.545384615384616,2.506415743303715,0.4352031423920661,3.44,1.1,125.00769230769232,113.00857133753571,44.32451937417348,200.0,7.0,1822.7690384615385,304.3994131812782,1860.1487086906,3823.15,14.009999999999993,2117.845192307692,409.4422598880618,2085.383628646049,4300.15,20.279999999999973,1274.5902384615383,32.48369389968358,1296.4623287828988,6146.0,0.0899,1177.0096153846157,1165.5069829501635,150.17443992752024,1402.3,538.1,-0.1742629885713833
PIJJOI_FSR,4.52542372881356,2.989177223578086,4.307486318002173,30.0,1.0,8.694915254237289,4.6379347725184505,6.626229946047971,16.0,1.0,1.6101694915254237,1.508610465163607,0.5827157097515623,4.0,1.0,2.496610169491525,2.470272830679519,0.3753715003651874,3.44,1.65,101.11355932203392,0.0,51.06670100699678,153.9,0.0,1518.1877966101697,170.36866748434167,1844.4179999168248,3823.15,14.009999999999993,1718.9111864406782,222.3192452492485,2068.5150238193555,4300.15,20.279999999999973,1002.296093220339,8.911068581032678,1360.3536909825425,7140.0,0.0899,1226.5305084745762,1219.7340841496496,127.02656102101716,1402.3,906.4,-0.7756043114285863
PITPEP_FSR,5.0,3.164008578073338,4.133637202481506,15.0,1.0,8.826086956521738,4.588522859546015,6.904013791065395,16.0,1.0,1.6521739130434785,1.532708875356481,0.6330530338504798,3.0,1.0,2.547391304347826,2.5019326692362545,0.5031009699964234,3.44,1.61,108.00652173913042,100.82352386725412,38.82787211680667,153.9,42.5,1056.3482608695651,109.34253820748748,1650.26430943824,3823.15,14.009999999999993,1247.0217391304348,156.70082518188065,1860.153891665844,4300.15,20.279999999999973,767.5019130434782,5.508777641133049,1057.6274206498597,2700.0,0.0899,1218.041304347826,1206.6954228703516,148.46977378824778,1313.9,577.5,-0.13719499333342353
PIZQUM_FSR,4.631578947368421,2.916286823427879,4.866215716720957,29.0,1.0,8.368421052631579,4.348477564994969,6.676435594219965,16.0,1.0,1.605263157894737,1.4937589616544855,0.6299320633466223,4.0,1.0,2.496973684210526,2.46885121887009,0.3937271956198061,3.44,1.9,103.89868421052633,84.98428389989535,46.84495280744613,153.9,7.0,1410.252368421053,148.01068004175752,1803.6287297701504,3823.15,14.009999999999993,1625.7865789473683,197.5338070791137,2034.4598919599173,4300.15,20.279999999999973,1038.954810526316,7.071342612227985,1687.539334773854,8960.0,0.0899,1224.284210526316,1215.391478204585,139.50110926990735,1402.3,745.5,-0.16288562285730482
PIZRAT_FSR,4.556962025316456,2.864365738229924,4.80966020390619,29.0,1.0,8.253164556962025,4.252110373622396,6.681674076651142,16.0,1.0,1.5949367088607596,1.4841328650923546,0.6268059950956935,4.0,1.0,2.4901265822784806,2.4626633958295376,0.3890445735124169,3.44,1.9,103.74430379746836,85.2907094977257,46.55345028433513,153.9,7.0,1405.4474683544304,145.29401260146443,1803.4883842361176,3823.15,14.009999999999993,1618.9935443037975,193.8871238172272,2034.107688327117,4300.15,20.279999999999973,1028.1107012658229,6.811022062356114,1669.0484913992184,8960.0,0.0899,1224.7607594936708,1216.020386171128,138.40671987209393,1402.3,745.5,-0.21811349333351396
PODXEN_FSR,4.929292929292929,3.3941852559875305,4.436425272335905,30.0,1.0,9.575757575757576,5.5692645410033625,6.3724325930802665,16.0,1.0,1.6868686868686869,1.5874010519681996,0.579907074521508,4.0,1.0,2.505656565656565,2.4810960734506398,0.3615096338774183,3.44,1.65,110.82020202020205,0.0,49.85472628841243,153.9,0.0,1880.9314141414136,281.73773133362903,1886.5655196615296,3823.15,14.009999999999993,2127.783535353536,361.1091553503419,2113.596955010802,4300.15,20.279999999999973,1240.221277777778,22.492752310287425,1402.9092879979576,7140.0,0.0899,1200.9919191919191,1194.1706752951875,127.40542198376863,1402.3,906.4,-0.24353884571460832
POKVAO_FSR,7.507042253521127,4.831993778246616,10.335053492283215,64.0,1.0,11.845070422535212,8.124905989966898,5.959128132003222,19.0,1.0,1.9154929577464788,1.7818541160472636,0.8516178286101957,6.0,1.0,2.729859154929578,2.6686756097845734,0.5502048093895057,3.44,1.2,112.0112676056338,86.43310242467649,50.27667549066043,153.9,7.0,1381.848309859155,197.822991751617,1769.0252793032791,3823.15,14.009999999999993,1631.4564788732396,272.22782055681324,2013.6659826038804,4300.15,20.279999999999973,1113.2679774647886,13.125034748881008,1837.484113661685,8960.0,0.0899,1218.26338028169,1203.6990184446076,168.48787998324912,1402.3,593.4,-0.6531246539999529
POLYEW_FSR,4.711538461538462,3.185680000751936,4.399897457116028,30.0,1.0,9.134615384615383,5.117516563511737,6.46002157103402,16.0,1.0,1.6538461538461535,1.552523799635787,0.5845647751373332,4.0,1.0,2.4759615384615383,2.453088754929654,0.3503693634272298,3.44,1.65,115.93076923076924,0.0,44.39945659084276,153.9,0.0,1935.7159615384617,285.21094498825306,1889.6698317973023,3823.15,14.009999999999993,2189.0001923076925,367.512911329943,2116.980565729162,4300.15,20.279999999999973,1267.47625,23.0440904364421,1388.4095465847158,7140.0,0.0899,1193.3326923076925,1187.1273300991063,121.09484795169358,1402.3,906.4,-0.3441202728571235
POMSER_FSR,5.24,3.616786587133502,4.062314611154582,20.0,1.0,9.48,5.41599677247678,6.59769656774241,16.0,1.0,1.74,1.624504792712471,0.6575712889109437,4.0,1.0,2.539,2.474050605105953,0.5338623418073238,3.44,1.0,115.0048,93.43642732438867,45.86299655452095,153.9,2.37,1666.2263999999998,231.9234992253984,1847.441373258442,3823.15,14.009999999999993,1901.0364,309.0362306114494,2068.243481199213,4300.15,20.279999999999973,1011.512806,16.23558923213094,1103.6911909194937,2260.0,0.0899,1190.55,1175.8074740696354,166.23371408953125,1402.3,589.8,-0.2841819649999214
PORVUO_FSR,4.901960784313726,3.3856293248061275,4.389179663229701,30.0,1.0,9.568627450980392,5.572152484690333,6.359352852637167,16.0,1.0,1.6862745098039216,1.5874010519681996,0.5770172144926337,4.0,1.0,2.497843137254902,2.473970217914546,0.3576848965192697,3.44,1.65,115.48627450980396,0.0,46.57768555867795,153.9,0.0,1974.3580392156864,311.62786606732425,1887.6748031582424,3823.15,14.009999999999993,2232.643333333333,399.3413040314919,2114.370708124562,4300.15,20.279999999999973,1292.349729411765,27.052815026759017,1390.434072898964,7140.0,0.0899,1192.7764705882348,1186.348847278724,123.51182619924568,1402.3,906.4,-0.21381681571421848
PUWVAG_FSR,5.594594594594595,3.976976770291292,4.806861421711504,30.0,1.0,10.62162162162162,6.757146934276887,6.104280072881745,16.0,1.0,1.7702702702702702,1.673934692602963,0.5823367953085201,4.0,1.0,2.5941891891891897,2.5605417999920026,0.4245474753217186,3.44,1.65,107.29054054054056,0.0,54.58013243355656,153.9,0.0,1741.9543243243247,269.20311335204315,1870.1941389325111,3823.15,14.009999999999993,1975.6705405405403,348.17404839745365,2093.398891659784,4300.15,20.279999999999973,1201.162268918919,21.56169486754528,1487.5315745401626,7140.0,0.0899,1211.6905405405407,1204.0936864150997,134.36100943526947,1402.3,906.4,-0.47720428428582246
PUYHOI_FSR,6.732673267326732,3.8508049430617466,9.528374602030093,64.0,1.0,10.05940594059406,5.709043613168767,6.863336056562527,19.0,1.0,1.7821782178217822,1.629752313025762,0.8629211314653833,6.0,1.0,2.6967326732673267,2.62917370929508,0.5939031972841523,3.44,1.2,117.09306930693069,110.6723155671343,36.26058126872336,153.9,50.0,1015.7555445544556,109.48215369461832,1606.590245746461,3823.15,14.009999999999993,1225.618118811881,158.69834891355,1855.3180161222888,4300.15,20.279999999999973,958.620598019802,4.71910421861902,1971.774014672469,8908.0,0.0899,1227.7871287128712,1214.6024426793335,158.2254730736473,1313.9,593.4,-0.12110314499989268
PUZTOV_FSR,6.633333333333334,4.118681459485003,8.376488259142704,48.0,1.0,10.333333333333334,6.316421232390876,6.386617953885209,16.0,1.0,1.8333333333333333,1.6943488433324074,0.7993052538854536,5.0,1.0,2.613,2.553163990402353,0.5436000367917574,3.44,1.0,118.6895,0.0,44.12688754886299,153.9,0.0,1585.5686666666663,226.43728063194007,1834.630560247727,3823.15,14.009999999999993,1812.664,308.3370002707443,2049.499504116554,4300.15,20.279999999999973,1218.5508866666669,17.821136866350063,1758.493460192199,8650.0,0.0899,1195.4316666666666,1184.5635236879714,148.40090351439542,1313.9,589.8,-0.3278127116666382
QADWIE_FSR,7.413793103448276,4.235551542064263,11.217342611667824,64.0,1.0,10.827586206896552,6.532363648884968,6.67506407313813,19.0,1.0,1.862068965517241,1.6987577966923848,0.9367639798073188,6.0,1.0,2.6755172413793105,2.606495105500441,0.5862421896069477,3.44,1.2,113.2206896551724,99.96340178449194,42.32486331574845,153.9,7.0,1143.8444827586206,138.8239933471816,1677.828881677226,3823.15,14.009999999999993,1363.7975862068968,198.0927396206307,1918.9980704248171,4300.15,20.279999999999973,959.2731413793103,7.922950187024869,1660.120541767228,7901.0,0.0899,1218.365517241379,1204.3650641754434,162.65464848263122,1402.3,593.4,-0.3458784057142208
QADWOK_FSR,7.448275862068965,4.2378165882185845,11.3914251080743,65.0,1.0,10.827586206896552,6.532363648884968,6.67506407313813,19.0,1.0,1.862068965517241,1.6987577966923848,0.9367639798073188,6.0,1.0,,,,,,113.2206896551724,99.96340178449194,42.32486331574845,153.9,7.0,1145.3272413793102,138.9520994102176,1678.2380584634438,3823.15,14.009999999999993,1363.1079310344828,198.05385638394085,1918.225350330584,4300.15,20.279999999999973,970.23865862069,7.933737986099269,1706.3429480084606,8219.0,0.0899,1217.4137931034477,1202.3887027866135,166.34748575390867,1402.3,565.8,-0.29643048714272674
QADWUQ_FSR,7.482758620689655,4.240048235838245,11.565766040956811,66.0,1.0,10.827586206896552,6.532363648884968,6.67506407313813,19.0,1.0,1.862068965517241,1.6987577966923848,0.9367639798073188,6.0,1.0,2.676206896551724,2.607981168440372,0.5845152060976124,3.44,1.22,113.2206896551724,99.96340178449194,42.32486331574845,153.9,7.0,1147.2582758620688,139.11412654035982,1678.82576426885,3823.15,14.009999999999993,1340.2458620689654,196.6261709240288,1896.4102386978532,4300.15,20.279999999999973,981.6869344827588,7.944578956777194,1755.348301555284,8551.0,0.0899,1217.662068965517,1202.9131024415333,165.37730197796944,1402.3,573.0,-0.3640753028571453
QADXAX_FSR,7.517241379310345,4.242247472386035,11.7403538971954,67.0,1.0,10.827586206896552,6.532363648884968,6.67506407313813,19.0,1.0,1.862068965517241,1.6987577966923848,0.9367639798073188,6.0,1.0,2.6765517241379317,2.6087154014460445,0.5836583546140846,3.44,1.23,113.2206896551724,99.96340178449194,42.32486331574845,153.9,7.0,1149.3962068965516,139.2875578472003,1679.5487127703002,3823.15,14.009999999999993,1344.8320689655172,196.9367132082189,1900.18906087386,4300.15,20.279999999999973,990.1007275862072,7.952290347402937,1791.8155880315514,8795.0,0.0899,1217.9379310344823,1203.4883585140644,164.30492135638022,1402.3,581.0,-0.3141927242857524
QARCET_FSR,5.891891891891892,4.472042115732257,4.613633051539598,30.0,1.0,11.45945945945946,8.05795797358879,5.524366636533364,15.0,1.0,1.837837837837838,1.7541970440805754,0.5459191858574095,4.0,1.0,2.6089189189189192,2.5841879001926733,0.3503957899890843,3.04,1.65,84.56216216216218,0.0,65.21730557663669,153.9,0.0,1695.4529729729727,286.7388192737124,1860.208831791459,3823.15,14.009999999999993,1920.8948648648648,354.2930192959954,2084.722597502722,4300.15,20.279999999999973,1170.6954378378382,22.90382766410011,1488.620710610982,7140.0,0.0899,1232.8108108108104,1223.3485232469238,151.02712443650245,1402.3,906.4,-0.1980557562499996
QAWRIQ_FSR,6.458333333333333,3.856065650468825,10.102169046518892,64.0,1.0,10.430555555555555,6.260783427581061,6.540103611328614,19.0,1.0,1.7916666666666667,1.6524221357413411,0.8488145328109735,6.0,1.0,2.600972222222223,2.5496875952174416,0.5044968883348103,3.44,1.2,114.4375,97.244680417377,45.55058676747327,153.9,7.0,1602.5830555555551,216.86885636939,1841.106490855008,3823.15,14.009999999999993,1858.194861111111,291.5354288274677,2083.7068493172565,4300.15,20.279999999999973,1130.1260791666666,14.473113741055892,1585.5892713224043,7901.0,0.0899,1206.5986111111113,1194.2657963506676,155.4659425843054,1402.3,593.4,-0.3354316974999847
QEPZOB_FSR,4.654867256637168,2.96698259160698,4.844063809026367,29.0,1.0,8.495575221238939,4.493104856598013,6.603999718332823,16.0,1.0,1.6194690265486726,1.50829680673223,0.6285055187456532,4.0,1.0,2.4770796460176987,2.4521812144984856,0.3709654503291751,3.44,1.9,111.44867256637168,98.25743168265356,43.151058221920216,153.9,7.0,1639.3676991150444,194.06587526350185,1855.0817587072845,3823.15,14.009999999999993,1883.3465486725663,256.8109257741468,2087.7223309913475,4300.15,20.279999999999973,1178.0858327433627,11.573991527013767,1693.4827787161726,8960.0,0.0899,1206.5327433628318,1197.9234632759712,137.24351102056784,1402.3,745.5,0.12326571499988863
QESYOD_FSR,7.0,3.1962445297335056,11.615037275406864,53.0,1.0,8.181818181818182,4.236007749137452,6.623898629798863,17.0,1.0,1.7727272727272727,1.5702526799480816,0.9968960090664232,5.0,1.0,2.410909090909091,2.395303143210093,0.2791368040440042,3.04,1.9,108.49090909090908,84.16494077429223,62.08263488060899,295.2,7.0,1481.6372727272728,176.77930054296942,1791.8938040118892,3823.15,14.009999999999993,1729.605454545455,231.70310891006216,2026.86465780778,4300.15,20.279999999999973,1453.7909545454547,12.60377485819965,2121.8433681955767,8960.0,0.0899,1198.659090909091,1186.928285255002,158.62904600210263,1402.3,745.5,-0.08739705500003458
QIHXIQ_FSR,5.685534591194968,3.724809784717212,5.824626060046215,30.0,1.0,9.924528301886792,5.970932757657681,6.271175117640811,16.0,1.0,1.7610062893081762,1.6437388772233104,0.6678522743375237,4.0,1.0,2.5151572327044023,2.48225994348566,0.4162226897697126,3.44,1.65,113.59748427672956,0.0,49.01686778043319,153.9,0.0,1871.083522012579,300.0153958320567,1872.7563634581863,3823.15,14.009999999999993,2127.142578616352,390.9371080440304,2092.0007462909825,4300.15,20.279999999999973,1394.8295773584907,28.309720223555896,1655.3562160815115,7140.0,0.0899,1189.979874213836,1182.702818647626,130.25980752552937,1402.3,906.4,-0.10160639857151309
QITYOI_FSR,5.2727272727272725,2.9403948447052968,8.679557059193842,59.0,1.0,8.545454545454545,4.345922106497473,6.949344460433089,19.0,1.0,1.6363636363636365,1.4963798255509824,0.8282212344676635,6.0,1.0,2.5113636363636367,2.464803004675144,0.4811330892661372,3.44,1.13,109.2840909090909,98.13271951938262,41.96816944901012,153.9,7.0,1347.240909090909,134.89406371750854,1789.2578557270588,3823.15,14.009999999999993,1572.2752272727273,185.1601798195135,2030.26219008832,4300.15,20.279999999999973,921.6602727272726,6.048175022016147,1376.15636544396,6640.0,0.0899,1219.6386363636364,1207.1636385690545,151.64332886431103,1402.3,527.0,-0.4566347600000711
QIVYUR_FSR,5.076923076923077,3.41180821048822,4.832500098211178,30.0,1.0,9.538461538461538,5.501300167036295,6.428486897161902,16.0,1.0,1.6923076923076923,1.5874010519681996,0.6056929133855239,4.0,1.0,2.5176923076923075,2.488432049634932,0.3965522020052182,3.44,1.65,111.98461538461538,0.0,48.32367651608845,153.9,0.0,1796.18,256.1355922170849,1879.5448419299928,3823.15,14.009999999999993,2035.4484615384613,332.94279413396936,2104.374653264052,4300.15,20.279999999999973,1226.3968358974362,19.596462251248823,1469.8551528710689,7140.0,0.0899,1202.3487179487174,1195.530084318382,126.8176297535365,1402.3,906.4,0.5168966599999294
QOCRUW_FSR,5.558139534883721,3.2744893541958446,8.41731970150084,57.0,1.0,9.325581395348838,5.084278521721433,6.798498227575818,19.0,1.0,1.697674418604651,1.5599618591550062,0.822217187426218,6.0,1.0,2.5341860465116284,2.486798280074597,0.4812543327893848,3.44,1.1,113.85813953488372,102.22065880239596,42.26928750648763,153.9,7.0,1555.1365116279076,184.5298344295086,1842.2455491548496,3823.15,14.009999999999993,1811.4783720930236,250.3636381113872,2086.9789831057847,4300.15,20.279999999999973,1036.7158674418606,10.666437382954184,1350.1679571233694,6146.0,0.0899,1207.2604651162787,1194.8848742005437,152.4855237346184,1402.3,538.1,-0.31763176166666085
QOJVAM_FSR,6.382352941176471,3.6088497514477975,9.449602250833731,53.0,1.0,9.5,5.541861230812708,6.325717815580532,17.0,1.0,1.7941176470588236,1.6418824326493588,0.8324100998873475,5.0,1.0,2.453823529411765,2.440207742485401,0.2606780153401142,3.04,1.9,115.42647058823528,90.9999255876258,58.04766453640911,295.2,7.0,1973.3952941176472,333.3325908241964,1863.5966072422736,3823.15,14.009999999999993,2260.899705882353,421.1971881861902,2092.180547933164,4300.15,20.279999999999973,1538.9656411764706,34.77425566295502,1806.75437367876,8960.0,0.0899,1181.6264705882352,1172.0615884239276,145.9356209969949,1402.3,745.5,-0.26389140249995074
QOKCID_FSR,5.96,4.104076503227049,5.55323329241623,30.0,1.0,10.68,6.825472221595026,6.103900392372077,16.0,1.0,1.8,1.6934906247250543,0.6324555320336759,4.0,1.0,2.5940000000000003,2.552869904574144,0.472423538786966,3.44,1.65,122.456,0.0,42.82036973217304,153.9,0.0,1877.712,317.7031730228566,1873.4873829519104,3823.15,14.009999999999993,2135.0064,420.74415087358346,2091.6551374715286,4300.15,20.279999999999973,1370.710972,31.7818474467346,1616.1633091708206,7140.0,0.0899,1187.9159999999997,1181.193376278672,124.86976152776144,1313.9,906.4,-0.3565337157143143
QOMFEE_FSR,5.62962962962963,3.7176764640158217,5.505203922943832,30.0,1.0,10.0,5.935466318122066,6.423337081242059,16.0,1.0,1.7407407407407407,1.6286805983480437,0.643635081369732,4.0,1.0,2.582962962962963,2.541383563466315,0.4746836358921733,3.44,1.65,113.33703703703704,0.0,47.47989943628893,153.9,0.0,1600.3970370370369,216.5612240358145,1847.1952403332305,3823.15,14.009999999999993,1821.9603703703704,289.6261775120795,2065.7685028175824,4300.15,20.279999999999973,1185.5261148148147,15.58774210564822,1601.1045179226248,7140.0,0.0899,1208.8037037037036,1201.7215516642946,128.30813744432086,1402.3,906.4,-0.38416435600006477
QOMSES_FSR,5.473118279569892,3.7329319327771313,5.0237958442730015,29.0,1.0,10.053763440860216,6.071543053720785,6.294502792628292,16.0,1.0,1.7419354838709675,1.6354383989675776,0.6204962600539142,4.0,1.0,2.582795698924731,2.5557193425094185,0.3760215207505047,3.44,1.9,82.08817204301076,47.18332966740547,59.211999019129294,153.9,7.0,1301.754946236559,160.59786601279328,1755.3404757712708,3823.15,14.009999999999993,1510.3755913978498,206.88926578266484,1986.2276395241297,4300.15,20.279999999999973,1018.5008924731188,8.027553238120346,1788.8539306551525,8960.0,0.0899,1248.211827956989,1236.8327466146525,158.561592692883,1402.3,745.5,-0.07902842599999076
QONKUB_FSR,5.473118279569892,3.7329319327771313,5.0237958442730015,29.0,1.0,10.053763440860216,6.071543053720785,6.294502792628292,16.0,1.0,1.7419354838709675,1.6354383989675776,0.6204962600539142,4.0,1.0,2.582795698924731,2.5557193425094185,0.3760215207505047,3.44,1.9,82.08817204301076,47.18332966740547,59.211999019129294,153.9,7.0,1301.754946236559,160.59786601279328,1755.3404757712708,3823.15,14.009999999999993,1510.3755913978498,206.88926578266484,1986.2276395241297,4300.15,20.279999999999973,1018.5008924731188,8.027553238120346,1788.8539306551525,8960.0,0.0899,1248.211827956989,1236.8327466146525,158.561592692883,1402.3,745.5,-0.3506578839999747
QONLAI_FSR,4.788617886178862,3.131770960025124,4.678704623242419,29.0,1.0,8.902439024390244,4.846538468731521,6.57466761241674,16.0,1.0,1.6422764227642277,1.5346250172893,0.6132690135169467,4.0,1.0,2.517886178861789,2.493734640459782,0.3558186530720624,3.44,1.9,86.41626016260163,55.73876412782416,55.36680108545536,153.9,7.0,1297.356991869919,139.7722423624238,1765.272887822502,3823.15,14.009999999999993,1494.8945528455288,181.49320394553664,1994.098923171951,4300.15,20.279999999999973,953.8404959349596,6.116803296395123,1645.9904726405855,8960.0,0.0899,1245.4365853658533,1235.667382571169,147.6130914217028,1402.3,745.5,-0.2814211579999664
QOPZIF_FSR,5.627906976744186,3.5032035641024253,6.056030075091803,30.0,1.0,9.44186046511628,5.337767822394443,6.558510627798709,16.0,1.0,1.7209302325581397,1.5959534857422255,0.6930076477093647,4.0,1.0,2.5445348837209303,2.502315074053627,0.4764101637580407,3.44,1.65,110.89883720930234,0.0,47.2307952707101,153.9,0.0,1515.4865116279072,189.90980181783803,1826.1859530566207,3823.15,14.009999999999993,1730.0346511627909,256.1301690890237,2041.8048955683155,4300.15,20.279999999999973,1199.6141139534886,12.772825272488284,1700.577426193376,7140.0,0.0899,1209.0372093023254,1201.7578744169373,129.43307065143173,1402.3,906.4,-0.2586655716667488
QOVSOL_FSR,5.392857142857143,3.6329120020031698,6.289670021518763,48.0,1.0,10.035714285714286,6.079766322969526,6.25061221491339,16.0,1.0,1.7321428571428572,1.6269583148150493,0.6406211112375749,5.0,1.0,2.538214285714285,2.513080157528381,0.3670787534364931,3.44,1.69,108.4232142857143,0.0,52.84792194546614,153.9,0.0,1869.0919642857148,289.949195976028,1886.9907027606332,3823.15,14.009999999999993,2113.114285714286,369.7257638508164,2114.442353778665,4300.15,20.279999999999973,1244.3721464285716,23.58663107012564,1500.082399703669,8650.0,0.0899,1205.1553571428572,1197.7903946392223,132.2825586706119,1402.3,867.8,-0.4102932485715038
QOZDOY_FSR,4.595744680851064,2.9879728328038686,4.615697427618362,30.0,1.0,8.638297872340425,4.604686778260339,6.605689140252895,16.0,1.0,1.6170212765957446,1.5112524526377755,0.6032956118620352,4.0,1.0,2.4785106382978723,2.452151389353712,0.3766706260449896,3.44,1.65,108.76595744680851,0.0,46.88406378343556,153.9,0.0,1654.922978723404,198.2964176527014,1868.615605716515,3823.15,14.009999999999993,1874.5631914893615,259.72046523307466,2094.1353416097954,4300.15,20.279999999999973,1113.8301276595746,12.061406795925484,1420.38791866155,7140.0,0.0899,1211.4170212765955,1204.8896771815678,123.97177152807028,1402.3,906.4,-0.3118997385713231
QOZPIG_FSR,6.594594594594595,4.667082587056828,7.32068324775938,48.0,1.0,11.675675675675675,8.173156786349722,5.66665950528773,16.0,1.0,1.864864864864865,1.7648084088617957,0.6642273366186221,5.0,1.0,2.701351351351352,2.66340387378942,0.4515867649543746,3.44,1.69,98.35135135135135,0.0,60.57586095637669,153.9,0.0,1488.2135135135138,223.6199693626029,1823.9276303836305,3823.15,14.009999999999993,1690.9424324324325,291.3476279407059,2041.9017105410092,4300.15,20.279999999999973,1089.440572972973,15.68493780969386,1663.7172369015402,8650.0,0.0899,1234.5027027027024,1225.867289983921,142.58764679916146,1402.3,867.8,-0.4097641842857748
QOZPOM_FSR,6.108108108108108,4.6081725202501165,4.671846580828519,30.0,1.0,11.675675675675675,8.173156786349722,5.66665950528773,16.0,1.0,1.837837837837838,1.7541970440805752,0.5459191858574096,4.0,1.0,2.7002702702702703,2.661680184364351,0.4540477798794312,3.44,1.65,98.35135135135135,0.0,60.57586095637669,153.9,0.0,1490.8745945945948,224.54851566593877,1822.6927747474963,3823.15,14.009999999999993,1694.726216216216,292.34366157592234,2040.8216709245844,4300.15,20.279999999999973,1048.6297621621625,15.603821230528464,1486.8788537093392,7140.0,0.0899,1235.545945945946,1227.3100045895571,140.01891878849725,1402.3,906.4,-0.4057101562499952
QUDJOP_FSR,5.175,3.49873390930352,4.800455707534441,30.0,1.0,9.725,5.659861300449081,6.445880467399315,16.0,1.0,1.7,1.5965967727132997,0.6,4.0,1.0,2.553,2.5197063918184504,0.4244243159857832,3.44,1.65,109.0375,0.0,50.20738833827149,153.9,0.0,1658.6442499999998,222.4176218834302,1863.770256657037,3823.15,14.009999999999993,1881.24875,291.4555844649093,2087.1346803023844,4300.15,20.279999999999973,1139.303915,15.2169551595506,1465.33510321857,7140.0,0.0899,1213.0325,1206.023677737827,128.61408240838173,1402.3,906.4,0.9521554350001225
QUFTAM_FSR,6.76,4.520511439262247,5.8191408300538665,29.0,1.0,10.44,6.252515127572476,6.573157536526871,16.0,1.0,1.88,1.749323367235722,0.7110555533852472,4.0,1.0,2.6472,2.5571873830451586,0.6326422053578151,3.44,0.93,123.444,116.26643083578448,38.87889998443886,200.0,52.8,1176.6368000000002,163.03035374139822,1671.6557904035628,3823.15,14.009999999999993,1426.9671999999998,242.08227061353745,1881.3960831393688,4300.15,20.279999999999973,1108.8024520000004,12.735938914639668,1898.181956018672,8960.0,0.0899,1181.6639999999998,1158.1183826020724,201.5928825727734,1313.9,495.8,-0.5162698657142235
QUPDEL01_FSR,8.2,4.426727678801288,13.132402674301456,64.0,1.0,11.15,6.793877033243368,6.739992581598291,19.0,1.0,1.9,1.7162362060827692,1.044030650891055,6.0,1.0,2.7335000000000007,2.6481604106914927,0.6411261576320216,3.44,1.2,119.215,112.2238630011665,37.10038106273304,153.9,50.0,1061.238,124.51585084677752,1629.4013539137618,3823.15,14.009999999999993,1293.379,181.9770948055312,1890.503629361499,4300.15,20.279999999999973,960.64857,6.047167690106026,1864.2277742266256,7901.0,0.0899,1220.455,1203.5936431689497,173.6456664446309,1313.9,593.4,-0.41930613333338823
QUPHUF_FSR,5.076923076923077,3.461750613101064,4.601076723557309,30.0,1.0,9.692307692307692,5.631019063398625,6.444509218719499,16.0,1.0,1.6923076923076923,1.5914365852319234,0.5872698556434015,4.0,1.0,2.546043956043956,2.5138471348404803,0.4193686492835774,3.44,1.65,113.84065934065934,0.0,46.89527490437047,153.9,0.0,1752.6728571428573,244.3877006400294,1877.4367413333323,3823.15,14.009999999999993,1985.8005494505496,319.94867719092053,2102.3625932407426,4300.15,20.279999999999973,1175.439876923077,17.89363422763553,1428.2851884373845,7140.0,0.0899,1205.7065934065934,1199.100342504466,124.8470895964452,1402.3,906.4,-0.25894075714297415
QUQBAH_FSR,5.36,3.675591347480849,4.8734382113657695,26.0,1.0,9.76,5.948940949645178,6.140228008795765,15.0,1.0,1.76,1.6471820345351462,0.649923072370877,4.0,1.0,2.4876,2.468722990028169,0.3073405928282171,3.04,1.83,98.916,67.42302775236409,57.429732229917285,153.9,7.0,1922.1292000000008,319.6614291402308,1858.28878601776,3823.15,14.009999999999993,2208.3052,402.1066908105312,2095.9991277614977,4300.15,20.279999999999973,1399.988928,27.963024172261115,1723.8544876130975,7874.0,0.0899,1196.2279999999998,1185.269860938231,156.16538802180207,1402.3,762.5,-0.34110918833349996
QUQHAM01_FSR,7.4411764705882355,4.925401252720678,7.183277870781426,29.0,1.0,11.264705882352942,7.661659522408731,5.847618034567639,16.0,1.0,1.9411764705882355,1.8061793747939603,0.7647058823529411,4.0,1.0,2.6747058823529413,2.6247335497196733,0.523782820362194,3.44,1.9,119.62941176470588,102.7260336255425,42.39979556978856,153.9,7.0,1490.6747058823537,238.11903111359516,1760.7915170310316,3823.15,14.009999999999993,1801.0723529411762,333.6552968445162,1998.580206843994,4300.15,20.279999999999973,1588.7083000000002,21.53380664529961,2522.371803122683,8960.0,0.0899,1188.241176470588,1172.8237107993175,177.27994166363823,1402.3,745.5,-0.46553379124999594
QURSEC_FSR,6.074074074074074,3.984573783372535,6.954486566377165,46.0,1.0,10.407407407407408,6.507281750545551,6.180969954202976,16.0,1.0,1.7962962962962965,1.6779530769174524,0.7039473262499338,5.0,1.0,2.591296296296296,2.557232946977421,0.4324265996216659,3.44,1.65,112.37222222222223,0.0,49.71852034636689,153.9,0.0,1762.8053703703702,272.802333974443,1860.1873392859327,3823.15,14.009999999999993,2018.0707407407408,357.795803809378,2089.795076022963,4300.15,20.279999999999973,1359.6458222222225,22.793461900262493,2010.565456595536,12023.0,0.0899,1201.837037037037,1193.596607577718,137.42896656265776,1402.3,804.4,0.302070379999967
QUSRIH_FSR,7.236842105263157,3.968387676334896,14.212548589050522,92.0,1.0,10.578947368421051,6.365154056044383,6.581999292117893,19.0,1.0,1.8157894736842104,1.6606781512006523,0.9694073924417822,7.0,1.0,2.6593421052631583,2.608514643979252,0.5149816949386489,3.44,1.38,,,,,,1318.0018421052632,159.14288866064595,1767.5568028248474,3823.15,14.009999999999993,1559.7881578947367,218.5375731612468,2028.927680540888,4300.15,20.279999999999973,1245.2165605263156,8.520756542067659,3111.2109716111445,19050.0,0.0899,1228.9526315789474,1216.711672959256,155.30628861236906,1402.3,597.6,-0.2867863650001254
QUZZES_FSR,4.805555555555555,3.518371385228983,2.9137551605792944,12.0,1.0,9.63888888888889,5.616906057788349,6.472818284426798,16.0,1.0,1.6944444444444444,1.6053808851419724,0.517442666949921,3.0,1.0,2.5361111111111114,2.496381169796939,0.4472525869608915,3.44,1.31,116.71944444444443,0.0,45.72174792180075,153.9,0.0,1845.0588888888888,280.38659521002774,1876.7654426074216,3823.15,14.009999999999993,2089.9352777777776,365.2753429151746,2101.7181646948425,4300.15,20.279999999999973,1115.7631888888889,22.354913810356635,1118.4372293980368,2260.0,0.0899,1192.3333333333333,1183.5898018771463,138.13468467807465,1402.3,737.7,-0.3031986357143523
RACZIG_FSR,6.114285714285714,4.517705947075536,4.856638629289829,30.0,1.0,11.542857142857144,7.9170382463889,5.842420521583533,17.0,1.0,1.8285714285714283,1.7411011265922485,0.5598833697790121,4.0,1.0,2.712,2.65513010460622,0.5832803785487731,3.98,1.65,141.36285714285714,0.0,82.06326509194609,328.0,0.0,1894.3759999999995,340.9716266455014,1877.5881037729528,3823.15,14.009999999999993,2148.8722857142857,444.0280838843565,2098.9485520926705,4300.15,20.279999999999973,1302.1226342857142,35.08888274946681,1497.2880571340993,7140.0,0.0899,1238.3771428571429,1223.4031383163035,200.015516663389,1681.0,906.4,-0.26672191800000744
RAHBUZ_FSR,5.254901960784314,3.224833617750403,5.749145332065616,30.0,1.0,8.941176470588236,4.812702153176258,6.699171048239029,16.0,1.0,1.6666666666666667,1.5448330990327377,0.6763995415945232,4.0,1.0,2.537254901960784,2.4955485286558923,0.4759555030749653,3.44,1.65,109.31372549019608,0.0,45.843809938203584,153.9,0.0,1393.1954901960785,154.89652207890816,1799.2409853300437,3823.15,14.009999999999993,1589.7743137254904,210.4685497382855,2013.7768370960396,4300.15,20.279999999999973,1077.9607823529414,8.578062386683813,1624.7717682876475,7140.0,0.0899,1218.6117647058825,1211.7293629116646,125.84804975166516,1402.3,906.4,-0.4757902539999577
RAJFAM_FSR,7.108108108108108,4.942902909959479,6.383186460829578,27.0,1.0,11.27027027027027,7.888987777282198,5.650394143863597,16.0,1.0,1.945945945945946,1.821169072950069,0.7332248630405694,4.0,1.0,2.643783783783784,2.602589461904424,0.4706082972778572,3.44,1.88,103.13783783783784,72.79026865848608,55.05781409230076,153.9,7.0,1612.1089189189188,275.78530450613334,1785.0284138427205,3823.15,14.009999999999993,1918.1202702702697,367.2733205012022,2037.2155723683063,4300.15,20.279999999999973,1577.2107891891894,25.353657535786542,2422.280857162572,8900.0,0.0899,1196.9027027027023,1181.7489048055322,178.8464560944954,1402.3,760.4,-0.27670405666682046
RANPAA_FSR,6.413043478260869,3.7418800189666106,8.486757169789836,57.0,1.0,9.934782608695652,5.543515870868106,6.904321815743362,19.0,1.0,1.7826086956521738,1.6279317507347693,0.8575253444920008,6.0,1.0,2.617173913043479,2.5547021425423693,0.5645993694781485,3.44,1.1,112.57391304347826,105.54409700136604,38.23470103124856,153.9,48.0,1064.6352173913046,120.15874096493113,1648.615351776123,3823.15,14.009999999999993,1272.1284782608695,173.8237440302508,1879.245530305652,4300.15,20.279999999999973,842.502289130435,6.716839131757581,1288.606128925377,6146.0,0.0899,1217.3086956521736,1204.9568667983604,152.3065327698902,1313.9,538.1,0.6520624600000247
RAYLAG_FSR,4.895522388059701,3.4485907781571155,4.048712079566799,30.0,1.0,9.761194029850746,5.742635645665191,6.367101902278163,16.0,1.0,1.6865671641791045,1.5928846437063795,0.5520370748927442,4.0,1.0,2.532686567164179,2.506385732684151,0.3777489575024473,3.44,1.65,111.644776119403,0.0,49.50935169790544,153.9,0.0,1850.7471641791049,273.5323042980872,1887.732264207709,3823.15,14.009999999999993,2092.234179104478,351.55127047169145,2115.73193550174,4300.15,20.279999999999973,1186.22233880597,20.963533845106397,1339.1105868672837,7140.0,0.0899,1205.1537313432834,1198.482678554498,126.23308732984134,1402.3,906.4,-0.5606888357140504
RAZGOQ_FSR,6.294117647058823,3.8712878627836513,6.423895701687504,29.0,1.0,9.941176470588236,5.700580743037373,6.716709525594439,16.0,1.0,1.7647058823529411,1.63114196696555,0.7299808027053446,4.0,1.0,2.7023529411764704,2.644127636664156,0.5695976847664932,3.44,1.9,118.63529411764706,112.81763928619432,34.794166873815314,153.9,72.8,1003.7370588235297,111.08587318053736,1594.1321530418795,3823.15,14.009999999999993,1217.5841176470583,161.99662491436064,1828.7232003200832,4300.15,20.279999999999973,1059.3596117647062,5.095029044646861,2191.345073385797,8960.0,0.0899,1226.2882352941176,1214.6292427059925,153.28832840858294,1313.9,745.5,-0.030802461666648132
RELLAW_FSR,5.371428571428571,3.7132268194280207,4.940131370640226,30.0,1.0,10.114285714285714,6.187102986780265,6.214137929277208,16.0,1.0,1.7428571428571429,1.640670712015276,0.6020373573058708,4.0,1.0,2.53,2.5005039438100063,0.3982820249880371,3.44,1.65,118.34285714285714,0.0,45.990342375728574,153.9,0.0,1998.455428571429,342.009317695526,1880.8105939534885,3823.15,14.009999999999993,2264.1225714285715,441.2131265506678,2103.46841236542,4300.15,20.279999999999973,1366.5130257142855,33.632107638469776,1488.6128259118927,7140.0,0.0899,1187.237142857143,1180.6481683119582,124.57727627165922,1402.3,906.4,-0.2534616250001894
RESSAK_FSR,5.341772151898734,3.660871369127924,4.676594227462803,28.0,1.0,9.949367088607596,5.954068814792032,6.3423406097078825,16.0,1.0,1.7341772151898731,1.628571567466713,0.610226369275643,4.0,1.0,2.556455696202532,2.52724949803922,0.4038298864015608,3.44,1.91,117.66075949367088,101.25545373061122,45.12670044545751,200.0,7.0,1805.607848101266,272.7821804220038,1865.1049275581524,3823.15,14.009999999999993,2071.326455696202,358.03687311311194,2097.858746600616,4300.15,20.279999999999973,1280.4763468354436,22.404721090698267,1656.9386159342246,8908.0,0.0899,1195.5443037974678,1186.6405614569703,140.09412906756245,1402.3,737.1,-0.21703179249996646
RETBEZ_FSR,5.44,3.71852575254326,5.054344665730662,30.0,1.0,10.1,6.119210696667388,6.2904689809266205,16.0,1.0,1.74,1.635804117115562,0.6102458520956943,4.0,1.0,2.5561000000000003,2.522512178991981,0.4252549705764765,3.44,1.65,112.84000000000002,0.0,49.454522543443886,153.9,0.0,1794.8261000000005,271.6840018673899,1875.437228565059,3823.15,14.009999999999993,2036.3372000000004,354.27576453792005,2098.250790613496,4300.15,20.279999999999973,1254.089598,22.371420346618272,1518.599236842898,7140.0,0.0899,1201.767,1194.6911784849426,129.09243281850414,1402.3,906.4,-0.09442546428571011
REYBAA_FSR,5.212765957446808,3.661556693851229,4.486083304321174,30.0,1.0,10.106382978723405,6.132499341194379,6.2746841661745965,16.0,1.0,1.7234042553191489,1.6269023493985637,0.5724946403010089,4.0,1.0,2.555531914893617,2.5257064039114505,0.4012470375612164,3.44,1.65,110.86808510638298,0.0,51.04478678606964,153.9,0.0,1819.9697872340423,276.30130002816776,1881.593556505478,3823.15,14.009999999999993,2060.6029787234047,356.4842740838396,2107.261959480116,4300.15,20.279999999999973,1210.0744148936171,22.022433706385108,1418.162223871602,7140.0,0.0899,1205.7042553191488,1198.6860847742312,129.2209355896258,1402.3,906.4,-0.5431326971427747
RIPKIM01_FSR,5.0,3.185748829438693,5.123475382979799,29.0,1.0,8.9375,4.8569343841505175,6.623525779371588,16.0,1.0,1.65625,1.5422108254079407,0.6427176187875979,4.0,1.0,2.529375,2.497596263936648,0.4201929430333165,3.44,1.9,109.05,91.82662289283944,45.49042481665785,153.9,7.0,1492.6,172.55466714934204,1819.7908057933475,3823.15,14.009999999999993,1725.5096875,231.15797873495652,2051.7307784214227,4300.15,20.279999999999973,1127.793334375,9.587884091985138,1775.4527736017997,8960.0,0.0899,1215.615625,1206.239666600694,142.54051421739496,1402.3,745.5,-0.19127232000009822
RIVDEF_FSR,5.724137931034483,3.226463340229373,8.472660094942041,48.0,1.0,8.89655172413793,4.781326104462437,6.686810628786764,16.0,1.0,1.6896551724137931,1.5494869710182493,0.792353468488004,5.0,1.0,2.5313793103448274,2.4907877684715287,0.4678765246628203,3.44,1.69,93.67241379310344,0.0,52.19411313450724,153.9,0.0,1176.008275862069,126.06321742739073,1688.8902711096275,3823.15,14.009999999999993,1398.308275862069,172.7876272614181,1953.1124358811448,4300.15,20.279999999999973,1006.9154413793108,5.976915267712057,1784.3421513901042,8650.0,0.0899,1226.4448275862069,1215.7082110768645,152.88618391426618,1402.3,800.6,-0.40136327800014443
RIXBEG_FSR,5.0,3.420841614246381,4.068381021724862,25.0,1.0,9.517241379310343,5.445349878009088,6.523806217418303,16.0,1.0,1.6896551724137931,1.585851820463316,0.5932638115201812,4.0,1.0,2.5477586206896548,2.5155983494682705,0.4168479550124931,3.44,1.55,110.9896551724138,0.0,49.93441798880902,200.0,0.0,1630.9218965517243,214.28161543997845,1852.4009750995735,3823.15,14.009999999999993,1855.5636206896552,282.0442931884557,2076.732331867325,4300.15,20.279999999999973,1098.0499120689656,14.389920895797877,1391.4364407351006,7470.0,0.0899,1209.506896551724,1201.031308846785,137.40382073449624,1402.3,717.3,0.1790885928571697
RIXBIK_FSR,5.1875,3.5216568578239875,4.294649044644587,25.0,1.0,9.645833333333334,5.565116463457534,6.530344501292068,16.0,1.0,1.7083333333333333,1.6008669241846334,0.6109532624422991,4.0,1.0,2.56625,2.53026037120369,0.4410150460396258,3.44,1.55,111.86875,0.0,49.734428703238365,200.0,0.0,1569.9714583333332,204.3656629402615,1836.5337982823212,3823.15,14.009999999999993,1790.9054166666667,271.6725713838002,2058.658739712743,4300.15,20.279999999999973,1091.360089583333,13.648809656629387,1439.8763731667773,7470.0,0.0899,1209.7624999999998,1200.848015580958,139.95414669484907,1402.3,717.3,0.12239778857152875
RIYWED_FSR,5.945205479452055,4.210589705941103,4.140976031327008,20.0,1.0,10.602739726027398,6.497845791621709,6.505508153059047,16.0,1.0,1.808219178082192,1.69791658276679,0.6337004660942672,4.0,1.0,2.672465753424658,2.601391485268867,0.5839140038530204,3.44,1.0,118.94712328767122,104.29685052067845,40.42655944008694,153.9,2.37,1321.8316438356164,174.5142622200342,1759.9406623053103,3823.15,14.009999999999993,1518.9106849315067,244.5176295626956,1967.7681022677111,4300.15,20.279999999999973,860.8733547945205,11.803325765004503,1067.94463986129,2260.0,0.0899,1206.3383561643834,1194.1369060491745,153.4531686449023,1313.9,589.8,-0.5200332375002006
ROCZIU_FSR,5.157894736842105,3.0989331317755067,7.078339409843931,48.0,1.0,8.796992481203008,4.691646276889409,6.683791862528156,16.0,1.0,1.6466165413533835,1.5249535462359842,0.7065269149373541,5.0,1.0,2.5298496240601507,2.4979018427048776,0.4145093756477152,3.44,1.69,95.23609022556391,0.0,52.89341437231845,153.9,0.0,1297.5858646616543,135.18471034311162,1777.8226843196132,3823.15,14.009999999999993,1473.2196240601506,178.84382282312288,1993.280017932964,4300.15,20.279999999999973,943.118048120301,6.096253427823185,1577.335297740622,8650.0,0.0899,1239.7714285714285,1232.4164649909449,130.99711043787175,1402.3,867.8,-0.21874006666661214
ROCZUG_FSR,5.881188118811881,3.664859585079897,7.820115125020329,48.0,1.0,9.88118811881188,5.858267916400951,6.356235153064033,16.0,1.0,1.7524752475247525,1.6274706518951754,0.7366762470391395,5.0,1.0,2.560099009900989,2.5315463737513424,0.3812498856990705,3.44,1.69,81.04752475247525,0.0,59.96590383364551,153.9,0.0,1327.932673267327,161.305621144905,1780.0866286929045,3823.15,14.009999999999993,1508.5311881188122,206.5587164414805,1995.800386538568,4300.15,20.279999999999973,1018.1281445544558,8.392271852080382,1704.4811974158893,8650.0,0.0899,1247.966336633663,1238.957320327697,145.39260081492546,1402.3,867.8,-0.2214886679999608
RODBAP_FSR,4.8474576271186445,3.005691395081393,6.297197545430081,48.0,1.0,8.666666666666666,4.584259388392192,6.67372507697262,16.0,1.0,1.6214689265536724,1.5084083374612616,0.6622953498178686,5.0,1.0,2.520508474576271,2.4933132134337583,0.3777068351486533,3.44,1.69,84.49378531073447,0.0,55.19860511439921,153.9,0.0,1197.8673446327684,119.54799350438132,1741.0922101689584,3823.15,14.009999999999993,1357.9153107344632,155.81709977517207,1953.855556815672,4300.15,20.279999999999973,836.4573129943504,4.644283371960798,1458.344398891592,8650.0,0.0899,1255.1254237288135,1247.7594766185316,131.81022386881023,1402.3,867.8,-0.28012193800000207
ROGSAI_FSR,6.085714285714285,3.8337639034385007,6.105601309202787,28.0,1.0,9.857142857142858,5.762195455266581,6.538426447407914,16.0,1.0,1.7714285714285714,1.640670712015276,0.720544012166771,4.0,1.0,2.6362857142857146,2.5882095873064164,0.5181730858880799,3.44,1.91,116.18571428571428,104.65574426325136,39.90423638703857,153.9,7.0,1321.0220000000002,159.4444578824032,1737.8901658682903,3823.15,14.009999999999993,1565.912,222.3632997907928,1985.4377398186025,4300.15,20.279999999999973,1219.7483085714289,9.199904951799974,2156.823327231536,8908.0,0.0899,1211.345714285714,1199.143271920451,158.02028503212065,1402.3,737.1,-0.31499941999993547
RUCGOM_FSR,8.519480519480519,3.311428223136017,17.074786142381463,79.0,1.0,8.077922077922079,4.106622981474749,6.731909348353381,16.0,1.0,1.818181818181818,1.578088289397485,1.1702732806305254,6.0,1.0,2.486883116883116,2.45775577832127,0.4006496663788774,3.44,1.65,110.53246753246754,0.0,54.24529051689126,222.8,0.0,1125.4810389610393,120.0187417036969,1642.9112184023113,3823.15,14.009999999999993,1380.1396103896109,169.43839459482018,1906.5443118684727,4300.15,20.279999999999973,1840.2554857142852,7.048510591229839,4519.6819555806,21450.0,0.0899,1214.381818181818,1205.0220996016433,144.93648562120816,1402.3,870.0,-0.3655680566666509
RUFZID_FSR,5.650943396226415,3.546889139855972,5.895381071476895,29.0,1.0,9.4811320754717,5.386959551207141,6.550574124450051,16.0,1.0,1.7264150943396226,1.6013018470796003,0.6940857821477892,4.0,1.0,2.574905660377358,2.536618959779574,0.4602178427637816,3.44,1.9,107.84528301886792,87.53845290656751,47.08763233864624,153.9,7.0,1381.7786792452828,165.18740637744523,1772.7451844984396,3823.15,14.009999999999993,1622.6656603773586,224.76475698531831,2007.0219604236213,4300.15,20.279999999999973,1190.5571518867928,9.413360144924336,2025.8575122010063,8960.0,0.0899,1216.6650943396223,1205.293958089179,154.957740460955,1402.3,745.5,-0.3584064424996995
RUGKOV_FSR,6.734177215189874,4.533757328063936,6.555911161575346,30.0,1.0,11.063291139240508,7.343442811316866,5.928565843934843,16.0,1.0,1.8734177215189876,1.753365276414644,0.7002185663766749,4.0,1.0,2.62873417721519,2.583406490300634,0.480678231512141,3.44,1.65,88.52405063291138,0.0,61.8716683597403,153.9,0.0,1326.948101265823,190.21579013623185,1755.3911834803944,3823.15,14.009999999999993,1524.116835443038,250.599144971634,1963.0223114503844,4300.15,20.279999999999973,1196.1848860759496,13.326067298935662,1864.5861674764683,7140.0,0.0899,1232.9291139240502,1223.1468366694874,150.84356986660367,1402.3,906.4,-0.34886602400010813
RUGZAW_FSR,5.24223602484472,3.638563249365831,4.715214435644039,30.0,1.0,10.012422360248449,6.052670798472095,6.261374819403901,16.0,1.0,1.7267080745341614,1.6266043238968824,0.5896369831704754,4.0,1.0,2.5351552795031056,2.5073714165905048,0.3837816174929994,3.44,1.65,108.24223602484471,0.0,52.7838197961011,153.9,0.0,1837.1459006211185,282.62617354553305,1880.749817351161,3823.15,14.009999999999993,2080.730248447205,362.440506858442,2106.028770231055,4300.15,20.279999999999973,1244.4923465838508,23.08432768626844,1459.0592959678524,7140.0,0.0899,1204.603105590062,1197.3031398584471,131.78629059151348,1402.3,906.4,-0.20482839000013486
RUMWUS_FSR,5.05,3.342884151725814,4.8500000000000005,30.0,1.0,9.4,5.297610740918703,6.554769256045555,16.0,1.0,1.675,1.5691681957935013,0.6077622890571609,4.0,1.0,2.540875,2.5055188806519983,0.4413847350951321,3.44,1.65,117.54375,0.0,41.99819890111361,153.9,0.0,1704.112,224.31233431412127,1871.70193595388,3823.15,14.009999999999993,1933.09,298.0973811828129,2095.089279568415,4300.15,20.279999999999973,1167.5159250000002,15.725972757800376,1464.913615109714,7140.0,0.0899,1203.5125,1197.257506190325,120.79245565742092,1313.9,906.4,-0.27485704166667796
RUVMAX_FSR,5.634408602150538,3.8439326928632735,5.192602153387727,30.0,1.0,10.301075268817204,6.292854722448492,6.313979959567378,16.0,1.0,1.7526881720430108,1.647673178531786,0.6161956465330924,4.0,1.0,2.6037634408602157,2.564775089741564,0.4572496411834065,3.44,1.65,104.32903225806452,0.0,54.17743167929384,153.9,0.0,1522.3567741935483,204.42914162904003,1832.17969362434,3823.15,14.009999999999993,1731.7035483870966,269.72808691741545,2050.8806222854373,4300.15,20.279999999999973,1105.5524096774195,13.52920142020155,1548.9974416265943,7140.0,0.0899,1222.5924731182793,1214.9590893644631,134.02270569672433,1402.3,906.4,0.459796551250065
RUWWOW01_FSR,6.388888888888889,3.969871834170515,8.985413419592204,57.0,1.0,10.666666666666666,6.51784873501678,6.497862896539308,19.0,1.0,1.805555555555556,1.6684068961789622,0.8439143072757398,6.0,1.0,2.6252777777777783,2.5663170054625004,0.5368347879060864,3.44,1.1,122.95277777777775,115.96847247043208,37.48463008066041,153.9,48.0,1644.0877777777778,230.79366983949905,1851.341179660349,3823.15,14.009999999999993,1924.2980555555555,317.2724889153299,2095.684997048591,4300.15,20.279999999999973,1112.7736083333334,16.666998013156398,1392.5375592855692,6146.0,0.0899,1197.0194444444444,1183.619949462684,156.8587861376603,1313.9,538.1,-0.20141263000002543
SAKRAZ_FSR,5.016949152542373,3.106799205621745,5.457048079610189,30.0,1.0,8.745762711864407,4.651202637297836,6.690730294661243,16.0,1.0,1.6440677966101696,1.526438528352702,0.6577494207434662,4.0,1.0,2.515254237288135,2.477936330302884,0.4506167371924588,3.44,1.65,109.86101694915254,0.0,45.18352038321108,153.9,0.0,1464.4340677966095,163.56391856289792,1822.777631178808,3823.15,14.009999999999993,1667.1222033898307,220.35931887199507,2040.7084621045983,4300.15,20.279999999999973,1085.0230423728815,9.189536115965824,1566.9640029130614,7140.0,0.0899,1215.986440677966,1209.301527823026,124.32987758464408,1402.3,906.4,-0.09351276599998068
SAKRED_FSR,5.016949152542373,3.106799205621745,5.457048079610189,30.0,1.0,8.745762711864407,4.651202637297836,6.690730294661243,16.0,1.0,1.6440677966101696,1.526438528352702,0.6577494207434662,4.0,1.0,2.515254237288135,2.477936330302884,0.4506167371924588,3.44,1.65,109.86101694915254,0.0,45.18352038321108,153.9,0.0,1464.4340677966095,163.56391856289792,1822.777631178808,3823.15,14.009999999999993,1667.1222033898307,220.35931887199507,2040.7084621045983,4300.15,20.279999999999973,1085.0230423728815,9.189536115965824,1566.9640029130614,7140.0,0.0899,1215.986440677966,1209.301527823026,124.32987758464408,1402.3,906.4,0.013204074000054761
SARGUP_FSR,5.470588235294118,3.2903656703810245,5.85227604852137,26.0,1.0,8.647058823529411,4.67875688659395,6.614966777477271,16.0,1.0,1.7058823529411764,1.5659724411750873,0.7487012977269327,4.0,1.0,2.520588235294118,2.480889536447457,0.4688844155607106,3.44,1.83,110.1,97.35259913118988,44.07577699425228,153.9,15.7,1471.3335294117649,171.7926836651917,1785.3577554584906,3823.15,14.009999999999993,1726.3388235294117,235.14917134315672,2031.1366424069129,4300.15,20.279999999999973,1261.1127235294118,10.2222086112191,1964.517483911312,7874.0,0.0899,1200.4235294117643,1189.249725130877,152.51312973145767,1313.9,762.5,-0.18154024000007207
SARHAW_FSR,5.5,3.4020367713075435,5.688682721958671,26.0,1.0,8.944444444444445,4.972499956981845,6.54448217306612,16.0,1.0,1.7222222222222223,1.5874010519681996,0.7307192465536613,4.0,1.0,2.522222222222222,2.484679392989414,0.4557235462616386,3.44,1.83,112.53333333333332,99.8612630401342,43.99325705908426,153.9,15.7,1601.99,204.10852579159507,1816.7629947916828,3823.15,14.009999999999993,1869.328333333333,276.35183329907875,2060.073474901239,4300.15,20.279999999999973,1316.6064611111112,13.7974325133056,1922.829741419684,7874.0,0.0899,1194.0944444444442,1183.2945786445366,150.49582302148315,1313.9,762.5,-0.1329870680000453
SARHEA_FSR,5.05,3.0099903488179462,5.563047725842373,26.0,1.0,8.15,4.23562311039094,6.65037592922385,16.0,1.0,1.65,1.515716566510398,0.7262919523166975,4.0,1.0,2.49,2.4546274714054315,0.443012415175918,3.44,1.83,108.56,96.75434721075057,43.40452050190165,153.9,15.7,1443.1919999999998,156.14167894327264,1788.1600164851022,3823.15,14.009999999999993,1684.4235,212.8251313367968,2031.5562080097,4300.15,20.279999999999973,1184.954805,8.340544807134055,1866.42337642092,7874.0,0.0899,1205.885,1195.5754008811589,147.08925275151822,1313.9,762.5,-0.5908555580000098
SARTIR_FSR,4.087719298245614,2.6156558994572947,4.172931578194668,28.0,1.0,7.701754385964913,3.847241100347916,6.627864921176196,16.0,1.0,1.543859649122807,1.440246537538759,0.5944236612665761,4.0,1.0,2.4378947368421056,2.417159238732624,0.3385144887521155,3.44,1.91,109.84385964912282,99.74727544134927,41.36465148071059,153.9,7.0,1584.830350877193,165.62336620741823,1854.4436018763763,3823.15,14.009999999999993,1808.6982456140352,218.7902772185626,2090.21156641184,4300.15,20.279999999999973,1068.376915789474,8.343527130936222,1520.421269014744,8908.0,0.0899,1212.640350877193,1205.1551016188675,128.79406363628357,1402.3,737.1,-0.37089927400004397
SERCEZ_FSR,6.070588235294117,4.105619284149638,5.904710453217175,30.0,1.0,10.588235294117649,6.754587775317183,6.080429779018738,16.0,1.0,1.811764705882353,1.6990235884354028,0.659663330300056,4.0,1.0,2.565882352941177,2.526294932840605,0.4606907706468294,3.44,1.65,121.48235294117649,0.0,44.160563126392965,153.9,0.0,1935.3177647058828,342.3130290330844,1870.8204785496885,3823.15,14.009999999999993,2201.9690588235294,450.882646305362,2086.9355132310616,4300.15,20.279999999999973,1452.9834423529414,37.20696745611462,1676.7930024329182,7140.0,0.0899,1181.8247058823526,1174.94131816073,126.18536682747364,1313.9,906.4,-0.38123093666657343
SISFEH_FSR,6.227272727272728,3.991154354041993,6.581184047804345,38.0,1.0,10.090909090909092,5.971741750714448,6.577572714148993,16.0,1.0,1.7954545454545454,1.663923694630433,0.7561729436188238,5.0,1.0,2.6527272727272733,2.5850570091821665,0.5682043631890795,3.44,0.95,113.56431818181818,94.51875380647604,45.118130018356325,153.9,5.03,1301.882727272727,159.5908808569609,1746.36792691726,3823.15,14.009999999999993,1512.841818181818,220.75685594559928,1972.436341327041,4300.15,20.279999999999973,981.7933772727276,8.88214749658066,1619.2267330900454,8908.0,0.0899,1214.4772727272727,1199.7136023075002,166.631141179384,1402.3,549.5,-0.4223677683332691
SITTUM_FSR,4.962962962962963,2.9982600703348745,5.650181783253832,30.0,1.0,8.444444444444445,4.394257579449952,6.70452215179804,16.0,1.0,1.6296296296296295,1.5079541804033867,0.6748469317884664,4.0,1.0,2.494629629629629,2.458797785833315,0.4392616404282471,3.44,1.65,105.0425925925926,0.0,47.267374237972405,153.9,0.0,1386.5092592592594,147.0003540847833,1799.672535401157,3823.15,14.009999999999993,1580.3025925925929,197.95725744725692,2015.4111536526116,4300.15,20.279999999999973,1059.9011592592594,7.613459282701243,1600.581678864516,7140.0,0.0899,1221.2259259259258,1214.2808961649473,126.6779646791571,1402.3,906.4,0.00014769000024119884
SIVGIP_FSR,6.105263157894737,3.957266453639544,6.214539292253163,30.0,1.0,10.210526315789474,6.212772420839261,6.296021696013752,15.0,1.0,1.7894736842105263,1.6665240127970888,0.6942582083301535,4.0,1.0,2.59842105263158,2.5614306444948856,0.4243417584657905,3.04,1.65,58.336842105263166,0.0,57.24891366954914,153.9,0.0,872.3021052631584,105.55794409408176,1530.7614389906842,3823.15,14.009999999999993,1006.3847368421052,136.31634990265232,1719.3154054857762,4300.15,20.279999999999973,852.1340736842105,4.164022658127523,1741.3469598554836,7140.0,0.0899,1281.2000000000005,1271.77097956547,147.81227781779225,1402.3,906.4,-0.30879125666664703
SIVGOV_FSR,6.105263157894737,3.957266453639544,6.214539292253163,30.0,1.0,10.210526315789474,6.212772420839261,6.296021696013752,15.0,1.0,1.7894736842105263,1.6665240127970888,0.6942582083301535,4.0,1.0,2.59842105263158,2.5614306444948856,0.4243417584657905,3.04,1.65,58.336842105263166,0.0,57.24891366954914,153.9,0.0,872.3021052631584,105.55794409408176,1530.7614389906842,3823.15,14.009999999999993,1006.3847368421052,136.31634990265232,1719.3154054857762,4300.15,20.279999999999973,852.1340736842105,4.164022658127523,1741.3469598554836,7140.0,0.0899,1281.2000000000005,1271.77097956547,147.81227781779225,1402.3,906.4,-0.2808997433333502
SIVQAR_FSR,6.140350877192983,3.4961477004696797,8.605258686981328,48.0,1.0,9.36842105263158,5.184512542482539,6.6902169449191335,16.0,1.0,1.736842105263158,1.5918242168309509,0.8062544065316531,5.0,1.0,2.5757894736842104,2.5338482293779765,0.4779082616526557,3.44,1.69,105.43508771929824,0.0,51.00610039616717,200.0,0.0,1254.4284210526316,140.58691161555404,1748.7299736714083,3823.15,14.009999999999993,1436.122280701754,192.06830805885696,1955.995408287598,4300.15,20.279999999999973,1051.9521368421051,7.678981041424804,1788.5946598379037,8650.0,0.0899,1226.3929824561403,1218.5333003499145,133.9317708723352,1402.3,867.8,-0.16090837000005342
SIWTEZ_FSR,5.957983193277311,4.123033759254904,5.155391985167172,27.0,1.0,10.579831932773107,6.688331986994007,6.208554410723406,16.0,1.0,1.7983193277310925,1.6891559394982285,0.6427335521335443,4.0,1.0,2.650756302521008,2.609625987471031,0.4771504346117627,3.44,1.88,109.52352941176471,86.1478662942042,49.61289088699731,153.9,7.0,1509.316722689076,209.3322111543315,1805.213958870068,3823.15,14.009999999999993,1756.228487394958,281.19754372962075,2045.8331487096043,4300.15,20.279999999999973,1210.0198705882358,14.06902388938485,1937.144319610262,8900.0,0.0899,1214.9344537815125,1204.3099762549182,151.61524747438315,1402.3,760.4,-0.1509326742855949
SOBZEQ_FSR,5.230769230769231,3.2511133426695262,6.345850808615586,48.0,1.0,8.953846153846154,4.834831351380879,6.717212721476232,16.0,1.0,1.676923076923077,1.553715084151596,0.7040037654552337,5.0,1.0,2.5386153846153845,2.490244627837923,0.4885138433534191,3.44,1.0,110.058,0.0,46.02773047764877,153.9,0.0,1454.7489230769231,166.17692862999485,1818.1947463113584,3823.15,14.009999999999993,1656.5484615384614,223.76293934870944,2036.9765468135367,4300.15,20.279999999999973,991.7008984615386,9.095449699043336,1445.8525944761543,8650.0,0.0899,1213.893846153846,1203.8832835384335,143.04529877137426,1402.3,589.8,-0.5071547866666606
SOCLAZ_FSR,5.666666666666667,3.615522360952953,7.342651422649037,48.0,1.0,9.871794871794872,5.886447030150438,6.313110035228023,16.0,1.0,1.7435897435897436,1.6251380313181203,0.705943584509549,5.0,1.0,2.527692307692308,2.4994045844531625,0.3909650226237474,3.44,1.69,114.06410256410255,0.0,48.337687622676256,153.9,0.0,1891.3256410256413,294.5938809476235,1885.0374527773467,3823.15,14.009999999999993,2141.598974358975,380.7282632993517,2109.775282397235,4300.15,20.279999999999973,1323.0611974358978,25.53544829397428,1629.8321846047972,8650.0,0.0899,1195.5769230769226,1188.4359539482098,129.2157834717758,1402.3,867.8,-0.34105997600013327
SODZIV_FSR,5.534246575342466,3.338075783863081,7.632091926338237,48.0,1.0,9.26027397260274,5.169810641992274,6.5585401759848585,16.0,1.0,1.6986301369863013,1.5720592187092728,0.734379460475628,5.0,1.0,2.5287671232876714,2.496116505751558,0.4214389739714819,3.44,1.69,108.93698630136988,0.0,48.50735435512907,153.9,0.0,1603.0283561643837,199.9807148424073,1856.719941734056,3823.15,14.009999999999993,1818.8264383561643,264.10499965369104,2078.980989248951,4300.15,20.279999999999973,1166.0326328767123,12.86498431451199,1670.123781388063,8650.0,0.0899,1212.3410958904108,1205.085473251903,129.68640451723243,1402.3,867.8,-0.3901393300000109
SOHGUS_FSR,5.4,3.6811442587195113,5.043808085167398,27.0,1.0,9.8,5.977034449393544,6.131883886702356,15.0,1.0,1.76,1.6471820345351462,0.649923072370877,4.0,1.0,2.4896,2.4713862827077127,0.3031894457265951,3.04,1.88,100.836,71.30793215280383,55.38138950947331,153.9,7.0,1920.4092000000007,319.35434118419715,1858.41060648269,3823.15,14.009999999999993,2210.9452,402.4420215253766,2097.2048241697707,4300.15,20.279999999999973,1441.0289280000004,28.10036247022449,1882.4143756499457,8900.0,0.0899,1196.144,1185.139114021231,156.39905391018195,1402.3,760.4,-0.12651074000009427
SOTWUV_FSR,5.888888888888889,3.4405555986144685,9.36238863686262,65.0,1.0,9.666666666666666,5.366479883364835,6.818276093624319,19.0,1.0,1.711111111111111,1.5772852695357438,0.8061492065429804,6.0,1.0,,,,,,108.58,90.46695550537252,46.28863359400448,153.9,7.0,1331.0526666666665,146.70014469281435,1777.745475263418,3823.15,14.009999999999993,1542.099777777778,199.8474985562485,2015.0899271694925,4300.15,20.279999999999973,936.38094,7.035193571792394,1525.4111816889708,8219.0,0.0899,1226.6511111111108,1214.9773211310655,150.27851716392354,1402.3,565.8,-0.1932355249999015
SOTXAC_FSR,5.955555555555556,3.4440070923845645,9.784240288580987,68.0,1.0,9.666666666666666,5.366479883364835,6.818276093624319,19.0,1.0,1.711111111111111,1.5772852695357438,0.8061492065429804,6.0,1.0,2.599333333333333,2.5494844715526,0.5063657000846544,3.44,1.24,108.58,90.46695550537252,46.28863359400448,153.9,7.0,1334.186,146.97099386018564,1778.3922609098363,3823.15,14.009999999999993,1534.0553333333337,199.3636832786329,2007.9550969211327,4300.15,20.279999999999973,955.2031622222224,7.0505442975878,1617.596231452338,9066.0,0.0899,1227.1733333333332,1216.076555371213,148.0047632867117,1402.3,589.3,-0.2599995549999979
SUGVUM_FSR,5.186046511627907,3.618780254299052,4.499384009278709,29.0,1.0,9.976744186046512,6.007810714181126,6.285784523358569,16.0,1.0,1.7209302325581397,1.6218882488793194,0.5837162975819132,4.0,1.0,2.549302325581396,2.522832623076092,0.3817426099181878,3.44,1.9,111.8046511627907,89.19781850111131,49.20967929692512,153.9,7.0,1825.314186046512,276.4103324083744,1873.546260001037,3823.15,14.009999999999993,2088.1979069767444,357.618406514771,2104.378718205246,4300.15,20.279999999999973,1259.8134558139536,21.617078089993782,1629.574255805903,8960.0,0.0899,1202.5186046511626,1193.6511400376833,141.0222219925903,1402.3,745.5,-0.31047996500041103
SUNJIV_FSR,5.795918367346939,3.462708138800511,9.12940884117118,66.0,1.0,9.73469387755102,5.491893477213373,6.718161526343658,19.0,1.0,1.7142857142857142,1.5855674321409123,0.7824607964359516,6.0,1.0,2.579591836734694,2.534610851913003,0.4786927743117281,3.44,1.22,107.88979591836735,87.51390070890005,48.04434705177936,153.9,7.0,1458.0618367346938,171.33342309467878,1817.199728961416,3823.15,14.009999999999993,1666.1087755102037,228.45156577275856,2045.3340133259132,4300.15,20.279999999999973,1005.0827387755104,9.1471182286048,1535.6780691036422,8551.0,0.0899,1221.763265306122,1210.5049003093077,149.49438552542196,1402.3,573.0,-0.41943473200004744
SUNJOB01_FSR,5.816326530612245,3.4637709912791714,9.264092341605082,67.0,1.0,9.73469387755102,5.491893477213373,6.718161526343658,19.0,1.0,1.7142857142857142,1.5855674321409123,0.7824607964359516,6.0,1.0,2.579795918367348,2.5350331486345405,0.4781148773063933,3.44,1.23,107.88979591836735,87.51390070890005,48.04434705177936,153.9,7.0,1459.327142857143,171.45980643455707,1817.37898496821,3823.15,14.009999999999993,1668.8230612244895,228.66503514783105,2046.977827278102,4300.15,20.279999999999973,1010.062330612245,9.152371889394994,1560.3360317535871,8795.0,0.0899,1221.9265306122447,1210.8474732442214,148.78847302224014,1402.3,581.0,-0.4202433300000242
SUPLOF_FSR,5.435897435897436,3.79574402457257,4.775980886203172,30.0,1.0,10.307692307692308,6.341837134648849,6.255884803491527,16.0,1.0,1.7435897435897436,1.6448416688285814,0.5869499047312614,4.0,1.0,2.581282051282052,2.5461352308706933,0.4377868553342876,3.44,1.65,115.48205128205127,0.0,47.82655560913066,153.9,0.0,1798.2743589743593,274.7051349290739,1877.5795462882456,3823.15,14.009999999999993,2039.0366666666664,359.4345647447049,2100.992431490698,4300.15,20.279999999999973,1226.4655076923077,22.582987550491907,1469.797888237534,7140.0,0.0899,1202.446153846154,1195.618809623583,126.9025405297286,1402.3,906.4,-0.251847837999685
TADYII_FSR,4.539130434782609,2.540532589831814,7.727181787320079,74.0,1.0,7.252173913043478,3.528726761189892,6.606773175752381,15.0,1.0,1.5478260869565217,1.4234920703961516,0.7252403291128016,6.0,1.0,2.439826086956522,2.4204036561481,0.3177556693537145,3.04,1.91,84.65565217391304,60.15390263974171,49.69528398813739,153.9,7.0,1144.2943478260868,98.92514045236146,1711.504682460859,3823.15,14.009999999999993,1326.689130434782,130.35045856250892,1964.2990104225653,5828.15,20.279999999999973,951.4470782608694,3.2382821511717133,2262.37030830952,19250.0,0.0899,1250.245217391304,1241.0891783117793,141.6211635151594,1402.3,737.1,0.06399449333324958
TAJXIO01_FSR,7.857142857142857,4.388397462890087,11.153840740538936,47.0,1.0,10.428571428571429,6.631420694716182,6.0676458804558,16.0,1.0,1.9285714285714288,1.751643459517028,0.9609731462195504,5.0,1.0,2.5678571428571426,2.532827918043189,0.4386860017863178,3.44,1.93,116.37142857142858,96.99487680785354,45.75138450007245,153.9,7.0,1743.0442857142857,288.8760378676516,1826.3906200940005,3823.15,14.009999999999993,2041.0735714285715,386.1833751255701,2045.5155991639267,4300.15,20.279999999999973,1718.1763285714285,28.499806022547027,2663.991193900695,10490.0,0.0899,1180.5785714285714,1166.3868604456618,170.92636751608833,1402.3,731.0,-0.6393101271433547
TAKTIL_FSR,7.0,5.497759681850442,5.242278272037978,31.0,1.0,12.851851851851851,9.971617546051885,5.038398508812864,16.0,1.0,1.9259259259259256,1.8517494245745807,0.5392673992059643,4.0,1.0,2.833333333333333,2.782904492600436,0.529961563945216,3.44,1.81,132.0,124.93486305227772,33.78301129046746,153.9,28.9,1593.2203703703703,269.03056450183925,1849.6384779123564,3823.15,14.009999999999993,1883.4322222222224,394.7421002117304,2053.4897659302437,4300.15,20.279999999999973,1140.0029111111112,25.9611199962942,1439.5402981063887,5904.0,0.0899,1193.7481481481475,1179.3925576717131,163.2335508594979,1313.9,578.8,-0.38663294000002674
TEJGIA01_FSR,7.551020408163265,4.374530881405809,11.577707686986132,62.0,1.0,11.183673469387756,6.986743269826777,6.533035264785333,19.0,1.0,1.8775510204081636,1.7159149671175995,0.9611356603523769,6.0,1.0,2.7061224489795923,2.632954302175459,0.5919763382148372,3.44,1.17,110.5469387755102,89.78843142145358,47.46449629982658,153.9,7.0,1173.1732653061226,143.9201861874817,1695.5695985804166,3823.15,14.009999999999993,1353.0920408163263,199.41387475576684,1905.6237106254412,4300.15,20.279999999999973,946.4019918367349,7.457684261620292,1664.4634805508974,7353.0,0.0899,1224.1979591836732,1206.4118492886976,177.56492286645403,1402.3,544.5,-0.2912052142857452
TENLIJ_FSR,5.702479338842975,3.933859884007304,5.207503531101311,30.0,1.0,10.462809917355372,6.523559578362989,6.215205723627262,16.0,1.0,1.7685950413223142,1.6650173261973022,0.6133545558770073,4.0,1.0,2.5956198347107438,2.5571226852344595,0.4560065472960143,3.44,1.65,112.83884297520662,0.0,50.08069747735468,153.9,0.0,1714.9043801652892,257.39810967797905,1864.950632296725,3823.15,14.009999999999993,1948.615785123967,338.86931772319105,2085.735596242798,4300.15,20.279999999999973,1226.2960694214878,20.764773931321574,1555.2130560546684,7140.0,0.0899,1206.103305785124,1198.8477308966362,130.5267876840665,1402.3,906.4,-0.33155420714306916
TEWGEJ01_FSR,4.863013698630137,3.397488111756552,3.932007986771076,29.0,1.0,9.657534246575343,5.57274591672186,6.485429777548448,16.0,1.0,1.6712328767123288,1.5773843635535156,0.5503372445644018,4.0,1.0,2.565205479452055,2.534817417834301,0.4133395883682584,3.44,1.9,114.71232876712328,97.97985759542772,45.04884394912023,153.9,7.0,1710.4593150684934,228.2803827330104,1872.833435424714,3823.15,14.009999999999993,1947.659863013699,299.87232338958506,2103.3527561240176,4300.15,20.279999999999973,1113.7209780821918,15.078850685544433,1448.5585392914752,8960.0,0.0899,1210.598630136986,1203.2001709817944,129.8143748432033,1402.3,745.5,0.030828278571302017
TIRLIQ_FSR,5.835616438356165,3.9331158837906783,5.644766514530551,30.0,1.0,10.356164383561644,6.431646725350066,6.20510144302118,16.0,1.0,1.7808219178082192,1.6698586970054308,0.6463082801142712,4.0,1.0,2.567260273972603,2.528784699451682,0.4546359684014326,3.44,1.65,116.9890410958904,0.0,47.02867257626971,153.9,0.0,1824.077534246576,292.38804991571203,1871.0412932285924,3823.15,14.009999999999993,2074.375753424657,385.16416188556775,2090.02635789758,4300.15,20.279999999999973,1346.3236684931508,27.12705743959418,1631.3636036214837,7140.0,0.0899,1193.090410958904,1185.9911050567398,128.5648540187878,1402.3,906.4,-0.22604709571429077
TOBJUR_FSR,6.05,3.5881120259458146,9.523523507609989,63.0,1.0,9.95,5.743763290267722,6.640594852872746,19.0,1.0,1.75,1.6128631837836112,0.82915619758885,6.0,1.0,,,,,,116.9875,104.96329171922818,42.16613681320593,153.9,7.0,1668.2959999999998,223.4175545864916,1859.9648205124745,3823.15,14.009999999999993,1897.3932500000003,296.82686530558414,2083.609743353332,4300.15,20.279999999999973,1091.912815,15.200771076940487,1290.714997104194,5244.0,0.0899,1199.63,1187.0269350522003,154.32311427650757,1402.3,547.1,-0.2762576316666809
TOBKAY_FSR,6.075,3.5895249757987027,9.67312643357875,64.0,1.0,9.95,5.743763290267722,6.640594852872746,19.0,1.0,1.75,1.6128631837836112,0.82915619758885,6.0,1.0,2.5617500000000004,2.515223680266402,0.4826172784930104,3.44,1.2,116.9875,104.96329171922818,42.16613681320593,153.9,7.0,1680.571,225.49611301726557,1857.7606812016988,3823.15,14.009999999999993,1940.46825,301.85179767562965,2098.9080079852088,4300.15,20.279999999999973,1158.337815,15.357343668382503,1545.8424663114706,7901.0,0.0899,1200.7875,1189.4401506028878,149.52347338712408,1402.3,593.4,-0.2056396666666084
TOBKEC_FSR,6.125,3.592287429161642,9.9729321164841,66.0,1.0,9.95,5.743763290267722,6.640594852872746,19.0,1.0,1.75,1.6128631837836112,0.82915619758885,6.0,1.0,2.56225,2.516263267339366,0.4812145441484494,3.44,1.22,116.9875,104.96329171922818,42.16613681320593,153.9,7.0,1683.0459999999998,225.83768736122008,1857.699185563691,3823.15,14.009999999999993,1923.39325,300.229954354207,2088.716570910696,4300.15,20.279999999999973,1174.5878150000003,15.38772705243753,1618.352214187143,8551.0,0.0899,1200.2775,1188.400351004106,151.61447240863916,1402.3,573.0,-0.22188219833342746
TOFQEM_FSR,6.133333333333334,3.751083587610392,8.237043698371942,48.0,1.0,10.0,5.93631134001134,6.418722614352485,16.0,1.0,1.7666666666666666,1.6366331016465638,0.7608474807008884,5.0,1.0,2.5856666666666666,2.546661182432264,0.4606928357255937,3.44,1.69,109.79333333333334,0.0,50.02887122008208,153.9,0.0,1567.082333333333,207.69271668522865,1844.8428416673387,3823.15,14.009999999999993,1781.6906666666666,276.3513500397496,2063.9892649719754,4300.15,20.279999999999973,1192.6848666666667,14.33682558756606,1764.8304704773257,8650.0,0.0899,1213.3300000000002,1205.6472868940978,133.13774859144945,1402.3,867.8,-0.4275298185713642
TOHYUM_FSR,6.169014084507042,3.915534877855324,6.432719871365736,30.0,1.0,10.112676056338028,6.077840651820952,6.381198827220892,16.0,1.0,1.7887323943661972,1.6613941345451988,0.7103955049531544,4.0,1.0,2.5808450704225354,2.5331588968844976,0.5050665734360766,3.44,1.65,114.16338028169017,0.0,47.1711753696767,153.9,0.0,1563.7598591549297,217.2584195518381,1829.3948743512967,3823.15,14.009999999999993,1789.0471830985914,294.5288548925402,2042.5604587815703,4300.15,20.279999999999973,1293.869770422535,17.181336385547414,1792.2768767246027,7140.0,0.0899,1201.8929577464785,1194.3314578981187,131.5823453673725,1402.3,906.4,0.5594425228570279
TOKDON_FSR,5.82051282051282,3.696423511092185,7.368929208896842,48.0,1.0,10.025641025641026,5.947222123570535,6.435029055727759,16.0,1.0,1.7435897435897436,1.6251380313181203,0.705943584509549,5.0,1.0,2.5961538461538463,2.557631469110769,0.4605994721743158,3.44,1.69,113.07179487179488,0.0,47.637057050900445,153.9,0.0,1601.4564102564104,212.53754878372047,1855.1828394796928,3823.15,14.009999999999993,1817.760512820513,282.83646142311653,2076.430650342502,4300.15,20.279999999999973,1149.324966666667,14.489743621134934,1641.0374317847209,8650.0,0.0899,1213.069230769231,1205.9365059527645,128.65642011912902,1402.3,867.8,0.04271027374997514
TORJAN_FSR,5.642857142857143,3.485169874324218,8.467223721564254,65.0,1.0,9.821428571428571,5.624134140122244,6.638919724024446,19.0,1.0,1.7142857142857142,1.5923528346283429,0.7491491772643941,6.0,1.0,,,,,,118.15357142857144,107.56074828245838,40.97602070673999,153.9,7.0,1683.5089285714282,221.22110578093944,1864.9598257236369,3823.15,14.009999999999993,1930.2180357142856,295.2715866809692,2102.3674918447973,4300.15,20.279999999999973,1115.648910714286,14.559495898983757,1466.4870779975038,8219.0,0.0899,1203.9839285714286,1193.8171343877218,142.17897520980094,1402.3,565.8,-0.39392640000020646
TOZHAR_FSR,9.0,6.069004639991404,9.820613241770824,47.0,1.0,12.77777777777778,9.576846282925889,5.452375176171244,17.0,1.0,2.055555555555556,1.917559973063564,0.8480187512485418,5.0,1.0,2.9272222222222224,2.857791993880487,0.6421647898195219,3.98,1.93,143.75555555555556,91.03721384546064,99.15639847243692,328.0,7.0,970.6816666666668,151.60299741165258,1549.4068801256033,3823.15,14.009999999999993,1176.2433333333336,215.94888386187125,1757.079255118182,4300.15,20.279999999999973,1194.6332055555556,11.4169335945305,2456.549596373077,10490.0,0.0899,1289.1222222222225,1264.5061348346496,242.90953861595736,1681.0,731.0,-0.08464836000001691
TUBCEA_FSR,7.104761904761904,4.379681100914245,9.498795722690634,48.0,1.0,10.876190476190477,7.081105540936047,6.023280609190655,16.0,1.0,1.876190476190476,1.7366202241449715,0.8245661265490805,5.0,1.0,2.6149523809523814,2.573318635078247,0.4715104883134298,3.44,1.69,108.74285714285716,0.0,54.095754357026784,153.9,0.0,1649.5217142857143,256.1874438938622,1849.8211802516312,3823.15,14.009999999999993,1879.745619047619,338.76893303632573,2066.1275407186376,4300.15,20.279999999999973,1359.3404685714288,22.379493429601347,1963.542156739933,8650.0,0.0899,1205.2780952380951,1196.5328226442502,141.74694956385338,1402.3,867.8,-0.336872934285712
TUBLIN_FSR,5.015384615384615,3.29852868667909,5.983290341744203,48.0,1.0,9.384615384615383,5.347950723141161,6.446686227327144,16.0,1.0,1.676923076923077,1.5703722519083172,0.6350697674015474,5.0,1.0,2.504769230769231,2.4800927201112324,0.3675160182476935,3.44,1.69,115.87692307692308,0.0,45.01656026647141,153.9,0.0,1903.484,278.96147794653314,1891.680987921589,3823.15,14.009999999999993,2151.198307692308,360.1052996488305,2119.783670392639,4300.15,20.279999999999973,1245.8959015384617,22.02023503082663,1453.7433735050745,8650.0,0.0899,1197.1046153846153,1190.6867482676153,122.96276913799088,1402.3,867.8,0.18709191000010605
TUTHOG_FSR,4.543689320388349,3.033936451999647,3.9726655819245935,25.0,1.0,8.699029126213592,4.671633654869868,6.622754173590611,16.0,1.0,1.6213592233009708,1.5177579684558369,0.5931077417204375,4.0,1.0,2.504174757281553,2.47391797952496,0.4020928846752879,3.44,1.55,105.81844660194174,0.0,48.750676863755785,153.9,0.0,1566.793495145631,180.951389237814,1846.2998616281104,3823.15,14.009999999999993,1779.519514563107,237.4667779880209,2073.904884889774,4300.15,20.279999999999973,1044.921482524272,9.890587986233896,1422.945661227206,7470.0,0.0899,1217.0116504854368,1208.5507849041385,136.52995496274903,1402.3,717.3,-0.1173778633332934
UBACUX_FSR,5.824561403508772,4.061376782698911,5.281954738566461,30.0,1.0,10.666666666666666,6.812682990360353,6.09668685789871,16.0,1.0,1.7894736842105263,1.6869134609232883,0.6137844099837158,4.0,1.0,2.5950877192982453,2.5573764582413325,0.4502129040487304,3.44,1.65,113.38947368421054,0.0,50.76244185647262,153.9,0.0,1785.2152631578945,286.0635087868308,1870.244716151231,3823.15,14.009999999999993,2028.252105263158,374.407308473404,2090.8149027564705,4300.15,20.279999999999973,1281.7421649122807,25.280405670574044,1573.4286790585595,7140.0,0.0899,1201.5456140350875,1194.1703750294384,131.68065446930717,1402.3,906.4,-0.2621385642858708
UBIPAY_FSR,5.242424242424242,3.618326725702705,4.397177490234437,25.0,1.0,9.787878787878787,5.816448285996433,6.380641060970597,16.0,1.0,1.7272727272727273,1.621096189162923,0.616575453011388,4.0,1.0,2.552727272727273,2.515525814766156,0.4454434135900358,3.44,1.55,115.79696969696968,0.0,46.23242653749138,153.9,0.0,1798.7215151515154,266.0596677012812,1865.215582769669,3823.15,14.009999999999993,2048.1239393939395,349.015675957032,2092.1212618948166,4300.15,20.279999999999973,1253.9207545454549,20.8765269301852,1562.1318216179177,7470.0,0.0899,1194.50303030303,1185.0302553505785,142.3835228057476,1402.3,717.3,-0.2910760928571676
UFEVIL_FSR,4.87719298245614,3.035057782574482,6.371730810710797,48.0,1.0,8.736842105263158,4.6730124584767525,6.62670386110535,16.0,1.0,1.631578947368421,1.517965592093455,0.665742665298606,5.0,1.0,2.5015789473684205,2.474960377924815,0.3782452071735597,3.44,1.69,100.6842105263158,0.0,51.3437154782703,153.9,0.0,1502.4115789473683,168.09449528134988,1841.497544835276,3823.15,14.009999999999993,1700.9707017543865,219.62848286450733,2064.9560343553467,4300.15,20.279999999999973,1024.3049052631582,8.794951698235272,1494.934646416444,8650.0,0.0899,1226.8105263157895,1219.7176519763468,129.18741137439716,1402.3,867.8,-0.37020646250013556
UHAXUW_FSR,6.9375,4.51767416273657,8.188931172625644,48.0,1.0,11.0625,7.38854272462456,5.857353818064946,16.0,1.0,1.90625,1.775063221514601,0.764827390657526,5.0,1.0,2.5571875,2.532916881710433,0.3514455360987673,3.44,1.69,103.75,0.0,63.66824659907009,200.0,0.0,1732.5084375,312.0485013618647,1847.8289822841923,3823.15,14.009999999999993,1981.0825,402.1682104505391,2057.364650930894,4300.15,20.279999999999973,1381.86419375,36.11940816777032,1703.9160291233934,8650.0,0.0899,1196.928125,1187.2685608093325,150.99706585389126,1402.3,867.8,-0.3245748214284926
UJAQUS_FSR,4.973684210526316,3.185335153208299,5.002561670654152,30.0,1.0,9.026315789473683,4.874938245265523,6.710113506394513,16.0,1.0,1.644736842105263,1.53519407923496,0.6220498238722534,4.0,1.0,2.5551315789473685,2.515735349499728,0.4649999813838497,3.44,1.65,108.76447368421051,0.0,46.35925134478885,153.9,0.0,1394.0384210526315,152.6195605245011,1806.302946349148,3823.15,14.009999999999993,1585.504736842105,205.99683324895489,2023.3381980571205,4300.15,20.279999999999973,991.1199592105262,7.8814500353448,1474.378569818405,7140.0,0.0899,1225.103947368421,1218.5916954389843,123.15044547731198,1402.3,906.4,-0.32476425666671577
UJIZET_FSR,6.333333333333333,3.4161826289015824,10.399786322591227,60.0,1.0,9.5,5.099906251252974,7.0178344238091,19.0,1.0,1.7333333333333334,1.5722515777800203,0.9285592184789412,6.0,1.0,2.6003333333333334,2.534604526834984,0.5691776719287416,3.44,1.14,114.55666666666669,107.34493759622916,38.56426397010003,153.9,50.0,1210.3139999999996,126.12898800048102,1725.3379544147283,3823.15,14.009999999999993,1434.662,178.618336238215,1967.4195903812688,4300.15,20.279999999999973,912.0836933333334,5.718326342233574,1529.178608752369,7010.0,0.0899,1218.8933333333334,1203.6291376491654,163.73767624533525,1313.9,533.1,0.22564301999996134
UKAPUS_FSR,5.722222222222222,3.548087060258438,8.05172322633983,60.0,1.0,9.851851851851851,5.688764315781064,6.583951890511552,19.0,1.0,1.7407407407407407,1.6114193050720658,0.7742424059395141,6.0,1.0,2.535,2.494348528882237,0.4515395475071513,3.44,1.14,117.27407407407408,106.43836437227516,41.52347477603476,153.9,7.0,1743.2433333333336,245.7542702990004,1868.3636876907776,3823.15,14.009999999999993,2005.8348148148148,327.7773492073204,2100.6719855655188,4300.15,20.279999999999973,1168.2850203703706,19.009207415188715,1369.926958437526,7010.0,0.0899,1193.748148148148,1182.5724654945732,147.2139533200783,1402.3,533.1,0.12959406666669795
UKAQAZ_FSR,5.75925925925926,3.550242180174933,8.302019355387523,62.0,1.0,9.851851851851851,5.688764315781064,6.583951890511552,19.0,1.0,1.7407407407407407,1.6114193050720658,0.7742424059395141,6.0,1.0,2.535555555555556,2.495548667810822,0.4498381053086257,3.44,1.17,117.27407407407408,106.43836437227516,41.52347477603476,153.9,7.0,1744.187777777778,245.93023608178044,1868.149313295228,3823.15,14.009999999999993,1981.8162962962963,324.8446078846702,2092.299249637688,4300.15,20.279999999999973,1174.6368722222223,19.02603120738561,1397.5155193556282,7353.0,0.0899,1193.959259259259,1183.03592581512,146.27156190344567,1402.3,544.5,-0.20031992999992096
UKAQIH_FSR,5.796296296296297,3.552330119236932,8.553491012726973,64.0,1.0,9.851851851851851,5.688764315781064,6.583951890511552,19.0,1.0,1.7407407407407407,1.6114193050720658,0.7742424059395141,6.0,1.0,2.5361111111111114,2.4967189758783563,0.4481667045438877,3.44,1.2,117.27407407407408,106.43836437227516,41.52347477603476,153.9,7.0,1748.650740740741,246.6819441944667,1867.478441951876,3823.15,14.009999999999993,2008.6125925925928,328.04154978301824,2102.57649968564,4300.15,20.279999999999973,1184.7850203703706,19.05137416392961,1443.5739384533338,7901.0,0.0899,1194.8648148148145,1184.9215379583934,142.34671958572685,1402.3,593.4,-0.1921878983332779
UKUBIM_FSR,5.096774193548387,3.108253018226168,6.455079713706233,48.0,1.0,8.774193548387096,4.698499081509731,6.639129739994129,16.0,1.0,1.6612903225806452,1.5377663767193182,0.694298169355835,5.0,1.0,2.479354838709677,2.456108541162257,0.3534569872437459,3.44,1.69,108.58548387096776,0.0,50.5798692799692,200.0,0.0,1577.1862903225808,191.3672209413984,1848.5986505085532,3823.15,14.009999999999993,1793.183225806452,252.36587603389196,2067.8049448792344,4300.15,20.279999999999973,1114.242861290323,12.580443671707892,1465.8500291542869,8650.0,0.0899,1209.7790322580645,1202.5639905594487,130.04604536544934,1402.3,867.8,-0.2683516000000736
UKUBUY_FSR,4.741935483870968,3.0776676575045023,4.347544668085535,26.0,1.0,8.709677419354838,4.667872281171587,6.626893148313735,16.0,1.0,1.6451612903225807,1.5322417655906326,0.6246747332592608,4.0,1.0,2.481612903225806,2.459263394428796,0.3488238003698636,3.44,1.83,108.83870967741936,89.03117201768656,50.07236168573119,200.0,7.0,1596.8141935483875,194.83820374143755,1844.513585178548,3823.15,14.009999999999993,1826.957419354839,256.8956918941763,2072.3256441433105,4300.15,20.279999999999973,1101.7267322580649,12.561385939717317,1403.4369074550532,7874.0,0.0899,1208.0806451612902,1200.05753861794,135.09091423652882,1402.3,762.5,-0.3464151414287114
UMEXUF01_FSR,7.540983606557377,5.033981969261627,7.212406820699472,30.0,1.0,11.57377049180328,7.916075791308155,5.888190504962949,16.0,1.0,1.9344262295081969,1.8055758362408985,0.7436915555550002,4.0,1.0,2.716885245901639,2.6498427857529547,0.5935763819911692,3.44,1.65,118.01967213114754,0.0,47.154565586273904,153.9,0.0,1333.2662295081964,198.4978916417633,1747.8978128533677,3823.15,14.009999999999993,1543.8224590163932,280.7568083440749,1948.466673122156,4300.15,20.279999999999973,1326.765518032787,17.03637236580363,2023.1096576835548,7140.0,0.0899,1205.5049180327867,1197.1308356150755,137.1745249807041,1313.9,906.4,-0.2136616316666391
UMEXUF_FSR,7.540983606557377,5.033981969261627,7.212406820699472,30.0,1.0,11.57377049180328,7.916075791308155,5.888190504962949,16.0,1.0,1.9344262295081969,1.8055758362408985,0.7436915555550002,4.0,1.0,2.716885245901639,2.6498427857529547,0.5935763819911692,3.44,1.65,118.01967213114754,0.0,47.154565586273904,153.9,0.0,1333.2662295081964,198.4978916417633,1747.8978128533677,3823.15,14.009999999999993,1543.8224590163932,280.7568083440749,1948.466673122156,4300.15,20.279999999999973,1326.765518032787,17.03637236580363,2023.1096576835548,7140.0,0.0899,1205.5049180327867,1197.1308356150755,137.1745249807041,1313.9,906.4,-0.2136616316666391
UQOGAK_FSR,5.303030303030303,3.6500078820817614,4.420920296930153,25.0,1.0,9.848484848484848,5.8400316781015045,6.429671805193302,16.0,1.0,1.7272727272727273,1.6210961891629232,0.6165754530113879,4.0,1.0,2.5796969696969696,2.538450656553297,0.470689274385045,3.44,1.55,115.4060606060606,0.0,45.96234914608511,153.9,0.0,1684.5306060606065,233.95005097254443,1853.0926989943864,3823.15,14.009999999999993,1920.551212121212,310.4526318544916,2079.223601586051,4300.15,20.279999999999973,1185.479209090909,16.700002905560904,1566.025681752576,7470.0,0.0899,1201.3939393939395,1191.874219298376,142.49244730520502,1402.3,717.3,0.033054586666594304
UQULAU_FSR,4.024844720496894,2.636481058576476,3.746551724000187,27.0,1.0,7.826086956521739,3.925584890390104,6.664604956203498,16.0,1.0,1.5403726708074534,1.441879209262952,0.5682466092662201,4.0,1.0,2.4561490683229814,2.4334778301869777,0.3550208848931455,3.44,1.88,108.79751552795032,97.40006503524933,42.46039725959128,153.9,7.0,1554.5088819875778,160.31356770187588,1852.8496327297648,3823.15,14.009999999999993,1768.1641614906837,211.81633438405848,2086.238941777349,4300.15,20.279999999999973,1009.1341192546586,7.770182275637593,1412.789440389987,8900.0,0.0899,1217.9049689440994,1211.160957969474,123.86454623425912,1402.3,760.4,0.0353369542855749
USOXEH_FSR,5.293577981651376,3.2471131035564733,5.915773894937919,30.0,1.0,8.871559633027523,4.858156898981026,6.520399770249912,16.0,1.0,1.688073394495413,1.5607092902799915,0.6998983898260788,4.0,1.0,2.48954128440367,2.462999374451992,0.3678037603040011,3.44,1.65,87.47522935779816,0.0,55.41315903063761,153.9,0.0,1332.1588073394498,151.16892533421364,1764.4526139488853,3823.15,14.009999999999993,1545.375137614679,197.74816645218877,1991.8184303624168,4300.15,20.279999999999973,1124.351702752294,7.716264729230342,1888.845730142313,8960.0,0.0899,1232.7495412844034,1221.8710775943898,154.9550521534002,1402.3,745.5,-0.2431466183333744
USUBUG_FSR,6.823529411764706,4.737543226742947,6.298788810908734,30.0,1.0,11.411764705882351,7.764942245893987,5.82144942058259,15.0,1.0,1.8823529411764703,1.769730172187323,0.6758308995927093,4.0,1.0,2.7029411764705884,2.66216369647888,0.4408116138360394,3.04,1.65,39.35294117647059,0.0,50.13667341139863,153.9,0.0,530.9129411764707,82.59236989507954,1211.7447363677215,3823.15,14.009999999999993,625.5982352941176,106.3183638045193,1367.3392214991227,4300.15,20.279999999999973,686.6393882352942,2.7059833181932933,1768.6778651471252,7140.0,0.0899,1314.729411764706,1305.7329247474663,142.99858396956606,1402.3,906.4,-0.24397976999998713
UTELIQ_FSR,4.518518518518518,3.1979748780206734,2.96361104023541,12.0,1.0,9.037037037037036,4.954150061270062,6.649318993152783,16.0,1.0,1.637037037037037,1.5452218483261695,0.5250383747161288,3.0,1.0,2.5294074074074078,2.491602569088521,0.4388550135387464,3.44,1.31,106.8311111111111,0.0,49.623722622487534,153.9,0.0,1566.3420000000003,190.49742279338292,1847.384002878946,3823.15,14.009999999999993,1774.5904444444443,250.1266651493796,2071.280924150066,4300.15,20.279999999999973,942.91888,10.869927565352205,1105.0202572896628,2260.0,0.0899,1215.951851851852,1207.344448198214,138.01678150881554,1402.3,737.7,-0.042299552856937726
UTEMAJ_FSR,4.42962962962963,3.1070988971889086,2.977796204107353,12.0,1.0,8.829629629629629,4.75932741695392,6.678368331151666,16.0,1.0,1.6222222222222222,1.5294353944629755,0.5286834334831253,3.0,1.0,2.516962962962962,2.4796935700749523,0.4361010315733831,3.44,1.31,107.80592592592592,0.0,48.28118376369974,153.9,0.0,1565.615481481482,186.29936382953412,1847.9846032057487,3823.15,14.009999999999993,1773.7448148148148,245.21438344902023,2071.985201902273,4300.15,20.279999999999973,942.9016785185188,10.454083018285273,1105.0349247252143,2260.0,0.0899,1214.614074074074,1206.1544850665557,136.63476438651136,1402.3,737.7,0.46945883166646735
UVAROZ_FSR,4.8,3.3068659258081663,4.295452140451468,30.0,1.0,9.418181818181818,5.413076416388162,6.392299085877146,16.0,1.0,1.6727272727272726,1.5741199219165731,0.5738085032021635,4.0,1.0,2.488909090909091,2.4661470769632565,0.349111457728553,3.44,1.65,115.3309090909091,0.0,46.16918638985126,153.9,0.0,1970.301454545455,304.9575892771622,1888.964177490278,3823.15,14.009999999999993,2227.3758181818184,390.6717253858029,2116.3239254619107,4300.15,20.279999999999973,1280.5457454545458,25.821058054598183,1373.8039698635755,7140.0,0.0899,1193.2472727272725,1186.8991569326547,122.77247375020106,1402.3,906.4,-0.38382616374993006
UVUPOR_FSR,5.375,3.799224946578667,4.688749833377763,30.0,1.0,10.325,6.436687010341616,6.145679376602719,16.0,1.0,1.75,1.652900636308423,0.5809475019311126,4.0,1.0,2.54825,2.51944775001358,0.3927014610362431,3.44,1.65,113.415,0.0,50.60997703022597,153.9,0.0,1943.3087500000004,327.3779845265333,1882.6688734217007,3823.15,14.009999999999993,2200.48975,419.6083034415026,2107.0584838697378,4300.15,20.279999999999973,1308.763695,30.36142167045822,1454.4510698726597,7140.0,0.0899,1196.0725,1189.0423266222676,129.2696464517096,1402.3,906.4,-0.29120812714297367
UVUQAE_FSR,5.246913580246914,3.5999711644281334,4.751947915595416,30.0,1.0,9.938271604938272,5.9127220649053065,6.366086223322299,16.0,1.0,1.7160493827160497,1.614802834906063,0.5928497384465663,4.0,1.0,2.556172839506173,2.5230506972197317,0.4245246227389999,3.44,1.65,114.06049382716051,0.0,47.73149613423956,153.9,0.0,1778.7127160493833,259.2717252250207,1877.5942770050208,3823.15,14.009999999999993,2016.241975308642,338.9172505545608,2101.745627845213,4300.15,20.279999999999973,1208.9277814814814,20.155170224415183,1459.572117635142,7140.0,0.0899,1203.6962962962962,1196.927741103843,126.34623059784008,1402.3,906.4,0.1360411074998353
UWUTIQ_FSR,5.46875,3.754319477096245,5.105048818326814,30.0,1.0,10.15625,6.22380936056627,6.220477147092496,16.0,1.0,1.75,1.645755478153965,0.6123724356957945,4.0,1.0,2.5390625,2.507455048130206,0.4122981276864472,3.44,1.65,117.54375000000002,0.0,46.57175201704893,153.9,0.0,1946.4259375,324.99484286348047,1880.217962517676,3823.15,14.009999999999993,2206.9909375,421.3525394442146,2102.3066501722565,4300.15,20.279999999999973,1353.3708124999998,31.113617753777707,1521.61107072738,7140.0,0.0899,1189.634375,1182.890390808823,125.88894066143928,1402.3,906.4,-0.37373586571431716
UXABOL_FSR,6.645161290322581,3.5254575154632577,11.594070751331843,68.0,1.0,9.709677419354838,5.29151688157805,6.998587638102404,19.0,1.0,1.7419354838709675,1.5845037217747318,0.914673992177924,6.0,1.0,2.6306451612903228,2.5666529170744323,0.5711727352074227,3.44,1.24,115.40967741935484,108.29343608230262,38.22377536457837,153.9,50.0,1188.3958064516128,124.03295142071296,1712.6693371624915,3823.15,14.009999999999993,1383.81,174.3267031653191,1942.760264701547,4300.15,20.279999999999973,949.0303161290324,5.513724949280937,1798.2102186705072,9066.0,0.0899,1223.7709677419352,1210.9462486861305,154.36287409563053,1313.9,589.3,-0.32941351399995256
UXABUR_FSR,5.709677419354839,3.4627964169149874,6.77373270321847,39.0,1.0,9.193548387096774,4.98564185999417,6.883450723333604,16.0,1.0,1.7096774193548387,1.5752120662757232,0.7701507346008595,5.0,1.0,2.63,2.565306976122123,0.5727522686906815,3.44,1.22,114.75161290322582,106.47745759048034,39.498557515251626,153.9,29.6,1189.3312903225806,124.09798590712512,1712.9947331176058,3823.15,14.009999999999993,1399.1970967741936,175.12352648656062,1958.4435273470867,4300.15,20.279999999999973,800.8367677419357,5.389452499986816,1219.276320130567,4472.0,0.0899,1224.116129032258,1211.6493587212956,152.94927705862997,1313.9,600.0,-0.025025616666653098
UYAQAN_FSR,4.526315789473684,3.3276834190094022,2.7216175734416623,12.0,1.0,9.403508771929824,5.425106549404185,6.393142293917283,15.0,1.0,1.6666666666666667,1.5794095370608396,0.5072572735017882,3.0,1.0,2.491403508771929,2.4680829085549942,0.329616675807133,3.04,1.31,96.9719298245614,0.0,57.17004722566311,153.9,0.0,1776.0657894736842,253.5726842005698,1878.422753305724,3823.15,14.009999999999993,2006.0745614035088,317.9138813580494,2108.0991956029966,4300.15,20.279999999999973,1061.6194385964911,17.248367710125326,1120.5983470975489,2260.0,0.0899,1214.9070175438594,1205.753623756087,144.86086471574257,1402.3,737.7,-0.2484196880001946
UZATAR_FSR,8.295454545454545,4.753035455335369,13.310248179939029,68.0,1.0,11.704545454545457,7.703932026609042,6.2906118558262,19.0,1.0,1.9318181818181817,1.7679086735195424,0.986216997897597,6.0,1.0,2.726590909090909,2.651902267808913,0.6045507091364258,3.44,1.24,124.2113636363636,117.4742027674227,36.25039947058321,153.9,50.0,1407.255909090909,194.0681307617424,1773.7226633300197,3823.15,14.009999999999993,1646.6279545454547,272.5742773983511,2010.9753554755232,4300.15,20.279999999999973,1183.087565909091,13.12634667755452,2019.2939386126093,9066.0,0.0899,1202.965909090909,1186.9724447412111,170.84755557777478,1313.9,589.3,-0.24803323285719409
UZUNAF01_FSR,5.241379310344827,3.376253876718314,5.269660542713736,29.0,1.0,9.310344827586206,5.22208059079325,6.560611032706729,16.0,1.0,1.6896551724137931,1.5748041437985787,0.6487892318009234,4.0,1.0,2.5513793103448275,2.517742099190755,0.4322572999557573,3.44,1.9,110.00344827586208,91.66202679962684,46.07120038973126,153.9,7.0,1514.207931034483,184.38961285276824,1820.903282881744,3823.15,14.009999999999993,1754.3310344827585,247.181538878938,2053.0775489969883,4300.15,20.279999999999973,1166.524375862069,10.9591253902519,1828.911650381524,8960.0,0.0899,1213.4206896551725,1203.599502686944,145.59972143614493,1402.3,745.5,-0.41955903800007943
VAGTAA02_FSR,4.465116279069767,3.0603594262245988,3.1204415102733964,12.0,1.0,8.69767441860465,4.559139743162468,6.838791147499172,16.0,1.0,1.6046511627906976,1.5104716725168692,0.5343779206081888,3.0,1.0,2.563023255813954,2.5160133924128982,0.4953811540937544,3.44,1.31,107.13953488372093,0.0,46.39171507597713,153.9,0.0,1285.2169767441865,132.5891305271818,1768.5348392588298,3823.15,14.009999999999993,1460.6281395348835,179.7537075169014,1982.968673724646,4300.15,20.279999999999973,776.5942372093026,5.791499755577409,1063.056403296297,2260.0,0.0899,1229.7790697674416,1221.556655488211,133.58813406109604,1402.3,737.7,-0.14855065428570563
VAHJIA_FSR,5.181818181818182,3.5282558210525425,4.658789100843058,27.0,1.0,9.646464646464649,5.680759448604992,6.345782232927633,16.0,1.0,1.7171717171717171,1.6097857469590078,0.6202053104245961,4.0,1.0,2.530909090909091,2.5045252486224814,0.3789061633497481,3.44,1.88,107.43333333333337,84.20434906085119,50.39286866334574,153.9,7.0,1768.3706060606064,255.06393647391792,1861.3239915443585,3823.15,14.009999999999993,2030.2239393939392,330.19164760534824,2099.589944463576,4300.15,20.279999999999973,1274.4141272727277,18.76853268869913,1745.34135137661,8900.0,0.0899,1204.3373737373734,1194.879661085209,145.0961225009818,1402.3,760.4,-0.08519653125003397
VAHVOR_FSR,6.621621621621622,4.032619643255353,10.259738554572488,66.0,1.0,10.756756756756756,6.654725960867952,6.428002108197764,19.0,1.0,1.8108108108108107,1.676601153411782,0.8330289193201319,6.0,1.0,2.6289189189189197,2.576694228565767,0.5120957669293307,3.44,1.22,116.25135135135132,99.2247682849763,45.07964496383863,153.9,7.0,1614.902972972973,225.78279631554847,1842.650247478996,3823.15,14.009999999999993,1849.789189189189,301.88155533957195,2072.430446896509,4300.15,20.279999999999973,1147.727645945946,15.623474990861933,1652.1428086979176,8551.0,0.0899,1205.9,1193.1749823943985,156.71415189894435,1402.3,573.0,-0.27045189166659606
VAMQAE_FSR,8.0,6.576148423703162,5.7512540438519215,27.0,1.0,13.384615384615383,11.636064659370312,3.971794044130949,16.0,1.0,2.076923076923077,2.0,0.6153846153846154,4.0,1.0,2.8276923076923075,2.785583774849217,0.4727685048431184,3.44,1.88,92.54615384615386,51.40686712908875,63.60641737561509,153.9,7.0,1345.5007692307695,248.52948026979809,1711.5566691014242,3823.15,14.009999999999993,1615.4784615384615,331.51727801786785,1967.5812226567623,4300.15,20.279999999999973,1380.721607692308,20.943755908583903,2399.6364202308687,8900.0,0.0899,1228.4076923076918,1212.1312750621282,185.938573237915,1402.3,760.4,-0.15199408000003128
VASKOR_FSR,6.0,4.314081850656021,4.412899750790438,21.0,1.0,10.526315789473683,6.676756688983297,6.310963068157301,16.0,1.0,1.8421052631578947,1.7284437865632114,0.6698906348083085,4.0,1.0,2.629473684210527,2.567520964164641,0.5557874800602203,3.44,1.36,122.01578947368422,110.34552784662962,41.5769959568724,153.9,18.1,1723.35,274.95989562424364,1832.60244041952,3823.15,14.009999999999993,2003.0,373.4423335898908,2069.508851051125,4300.15,20.279999999999973,1109.083921052632,22.94138060557553,1178.7540146898853,2985.0,0.0899,1181.8210526315786,1166.6952121870904,169.4791792178781,1313.9,633.1,-0.29553763666660865
VATVUK_FSR,5.196078431372549,3.8025302500759337,3.783450069079948,25.0,1.0,10.333333333333334,6.48207617222294,6.144235834253768,16.0,1.0,1.7450980392156863,1.653462351053656,0.554593553871802,4.0,1.0,2.560980392156863,2.530633055903789,0.4035200745885198,3.44,1.55,116.87058823529412,0.0,48.13188700552684,153.9,0.0,1993.126470588235,343.85655244765485,1877.4664950184745,3823.15,14.009999999999993,2259.133921568628,440.5340665309385,2105.114221728093,4300.15,20.279999999999973,1298.895598039216,31.77806614370078,1418.0551343272866,7470.0,0.0899,1190.913725490196,1182.5277308594166,136.6620520783937,1402.3,717.3,-0.4180806757145937
VAZROF_FSR,5.069767441860465,3.5838143899484303,4.122515312774017,26.0,1.0,9.86046511627907,5.944375847617479,6.25646231618951,16.0,1.0,1.7209302325581397,1.6218882488793194,0.5837162975819132,4.0,1.0,2.524883720930233,2.500108860479895,0.3689984691026619,3.44,1.83,116.24883720930234,98.25926578016494,46.767064400081885,153.9,7.0,2010.7462790697675,336.8078434365514,1874.009142750306,3823.15,14.009999999999993,2291.56023255814,432.1094570273438,2106.898454127992,4300.15,20.279999999999973,1339.615734883721,30.547346779162694,1503.488685458296,7874.0,0.0899,1188.2255813953489,1180.1878337411472,134.52878846918813,1402.3,762.5,-0.4737851271423616
VEHPUU_FSR,5.962962962962963,4.243251568117186,5.174592354540142,29.0,1.0,10.925925925925926,7.194908739008324,5.949951297192061,16.0,1.0,1.8148148148148149,1.7144879657061458,0.6108304630544684,4.0,1.0,2.621481481481481,2.5877823278082936,0.4316523266919175,3.44,1.9,113.32592592592592,87.89704459457565,50.27932785278505,153.9,7.0,1768.2292592592594,290.44464300382225,1854.398646082348,3823.15,14.009999999999993,2043.407037037037,381.202116338363,2083.8722510674684,4300.15,20.279999999999973,1336.6703074074078,25.097083637901704,1859.2337144214423,8960.0,0.0899,1201.1111111111109,1190.5425934062257,151.97473311762334,1402.3,745.5,-0.3282608749999364
VEJYIT_FSR,5.882352941176471,3.633939570009765,6.5518955761015,30.0,1.0,9.529411764705882,5.555515736850423,6.334941822090662,15.0,1.0,1.7647058823529411,1.63114196696555,0.7299808027053446,4.0,1.0,2.4888235294117647,2.458953524155085,0.3789906463682211,3.04,1.65,81.65882352941176,0.0,59.77778515983941,153.9,0.0,1409.8729411764707,181.78359883963407,1788.9223001828084,3823.15,14.009999999999993,1612.480588235294,233.7669344924245,2002.4295258201037,4300.15,20.279999999999973,1217.9731411764708,11.590812920336322,1821.5444412371337,7140.0,0.0899,1229.8,1220.0574908033389,150.950506107524,1402.3,906.4,-0.1441976379999687
VETTOE_FSR,5.735849056603773,3.7039979744442495,7.84796799417489,59.0,1.0,10.264150943396226,6.178579231129804,6.431499556344059,19.0,1.0,1.7547169811320755,1.6348408931920733,0.7499851665793129,6.0,1.0,2.5637735849056607,2.5223828472582124,0.4536195164643349,3.44,1.13,118.4358490566038,104.07842599495004,43.53265135175051,153.9,7.0,1841.244716981132,279.3204587320411,1879.469912811733,3823.15,14.009999999999993,2118.648679245283,368.6361524244964,2115.365091266118,4300.15,20.279999999999973,1191.612496226415,22.16805883536662,1349.5127109518185,6640.0,0.0899,1194.5150943396225,1183.072880007073,148.72255084771604,1402.3,527.0,-0.26624676874995146
VIRVEY_FSR,6.47887323943662,3.584472595242183,10.129943279361768,78.0,1.0,9.408450704225352,5.245689167410159,6.66835593224591,17.0,1.0,1.7605633802816902,1.6095847665703251,0.8301499734248664,6.0,1.0,2.577323943661972,2.536824842392668,0.4688191871838986,3.44,1.65,112.6,0.0,64.16853250137704,349.0,0.0,1309.8511267605636,152.13949791439418,1758.712175199772,3823.15,14.009999999999993,1517.848309859155,206.2844236507555,1991.356938130228,4300.15,20.279999999999973,1235.7863281690145,8.00549520091248,2836.153996430087,21450.0,0.0899,1226.2408450704224,1218.7563769787612,131.0825453055932,1402.3,870.0,-0.2383929800000487
VIVXOP_FSR,5.907407407407407,4.509387942400064,4.1645261991790665,30.0,1.0,11.648148148148149,8.069691086558931,5.764377861157288,16.0,1.0,1.8148148148148149,1.7366370837934948,0.5118620355957502,4.0,1.0,2.711851851851852,2.6688279131200385,0.4904082731239579,3.44,1.65,126.72407407407408,0.0,40.09406040423215,153.9,0.0,1802.3212962962969,303.6176435494924,1878.3937739048797,3823.15,14.009999999999993,2043.673518518519,405.1985795038802,2100.5802642631143,4300.15,20.279999999999973,1178.9586074074075,27.32501982999109,1385.190779758296,7140.0,0.0899,1202.2907407407406,1196.0541155078529,121.26076014648416,1402.3,906.4,0.023877896666817833
VIWHUG_FSR,5.3097345132743365,3.608280889078162,4.888273209811883,30.0,1.0,9.929203539823009,5.877943407680236,6.406187294236489,16.0,1.0,1.7168141592920354,1.6135804244138627,0.6019000379869717,4.0,1.0,2.5675221238938053,2.5314671278650964,0.4439216445519228,3.44,1.65,115.2867256637168,0.0,46.26033776725663,153.9,0.0,1725.7293805309732,243.6829127114529,1871.5633804021836,3823.15,14.009999999999993,1957.9869911504427,321.4950160320903,2094.492072408088,4300.15,20.279999999999973,1189.8596654867256,18.311944451792908,1482.4557557679068,7140.0,0.0899,1204.9522123893803,1198.263596749458,125.2902846012384,1402.3,906.4,0.007447795714304968
VIYMAT_FSR,6.732394366197183,3.9023204894418426,9.757565135094,60.0,1.0,10.309859154929578,6.009016712988851,6.73145140429103,19.0,1.0,1.816901408450704,1.6601750718918642,0.8930066188252034,6.0,1.0,2.607605633802817,2.550835964588373,0.5285789207499841,3.44,1.14,118.4619718309859,105.20168652990384,44.79613403275887,200.0,7.0,1364.069295774648,173.0517537938513,1770.4527177869568,3823.15,14.009999999999993,1608.2950704225352,242.0843312982552,2002.097104182085,4300.15,20.279999999999973,1044.6130084507045,11.620917496766754,1477.107356085295,7010.0,0.0899,1203.6056338028166,1189.038131877221,163.9615464084632,1402.3,533.1,0.1015519200000881
VUKRUQ_FSR,3.6231884057971016,2.271095776734956,3.967627879916256,28.0,1.0,6.72463768115942,3.1622400973691858,6.562705473323836,16.0,1.0,1.463768115942029,1.3653542935689789,0.5793477127914981,4.0,1.0,2.40159420289855,2.383002439891635,0.3202337153239203,3.44,1.91,104.5768115942029,95.4611611827475,40.40563221225167,153.9,7.0,1366.8491304347829,116.91549273000892,1805.3644188248156,3823.15,14.009999999999993,1559.6960869565216,156.35038617643087,2036.4224707134608,4300.15,20.279999999999973,915.3401898550726,4.394741037598935,1445.2490146506216,8908.0,0.0899,1226.6521739130435,1219.7525501087432,123.738339645288,1402.3,737.1,-0.3876217300000234
VUQJUN_FSR,4.972222222222222,3.3639103336451046,4.326829164328533,25.0,1.0,9.305555555555555,5.299113839991074,6.4863936412413175,16.0,1.0,1.6875,1.579778422508922,0.6176652950155664,4.0,1.0,2.521041666666667,2.487030171247956,0.4260766081840995,3.44,1.55,115.01319444444444,0.0,45.1447629030578,153.9,0.0,1781.6331944444448,247.9499596249946,1867.6605754967352,3823.15,14.009999999999993,2026.86125,325.16318518015,2095.5399134427794,4300.15,20.279999999999973,1227.8865881944446,18.15544080569917,1532.2642462825652,7470.0,0.0899,1195.8243055555556,1186.7633821725133,139.46652886312495,1402.3,717.3,-0.2503845850003093
VURYIR_FSR,6.148148148148148,4.53439340664332,5.082312857159832,29.0,1.0,11.407407407407408,7.933676285761953,5.645445619384409,16.0,1.0,1.851851851851852,1.7590723417907528,0.5902732389077492,4.0,1.0,2.634444444444444,2.601971078152983,0.4239875376691695,3.44,1.9,116.32962962962964,90.36812714350675,50.190967276583976,153.9,7.0,1909.308518518519,357.50734662531147,1860.4606213151817,3823.15,14.009999999999993,2201.9207407407407,464.85643345512426,2086.726692734298,4300.15,20.279999999999973,1420.3706814814816,36.525749601415065,1848.013802114268,8960.0,0.0899,1192.759259259259,1182.2557970205337,151.8474679583997,1402.3,745.5,0.25791202500005284
VURYOX_FSR,6.1923076923076925,4.512486521408548,5.181470171302222,29.0,1.0,11.346153846153848,7.782878174410508,5.750868213330975,16.0,1.0,1.8461538461538465,1.7504092991846072,0.6007884366082044,4.0,1.0,2.656538461538461,2.621654012371001,0.4381424277358317,3.44,1.9,109.23461538461538,78.6142516997738,54.00771983499349,153.9,7.0,1691.0799999999997,278.69939382183867,1842.86928012772,3823.15,14.009999999999993,1958.8046153846155,365.6322894494374,2073.101062661796,4300.15,20.279999999999973,1301.202284615385,23.35777273974602,1885.6125555818355,8960.0,0.0899,1208.9923076923076,1197.7998572693496,156.52851773368752,1402.3,745.5,-0.3751202916665761
WAHFUJ01_FSR,5.634146341463414,4.097470815348104,4.492574347884196,29.0,1.0,10.853658536585366,7.050443348036544,6.030657350449012,16.0,1.0,1.7804878048780488,1.6889159824348463,0.5636204882093337,4.0,1.0,2.6302439024390245,2.5975097892361347,0.4265316035234472,3.44,1.9,111.47317073170731,84.72225089444278,51.49108388075312,153.9,7.0,1731.0470731707314,269.6181639388647,1861.8290898720727,3823.15,14.009999999999993,1985.1031707317072,352.0008847792451,2091.78762782323,4300.15,20.279999999999973,1211.117509756098,21.027267522419766,1653.3734151447418,8960.0,0.0899,1210.4731707317071,1201.173371518138,144.35755748190527,1402.3,745.5,-0.284841124285679
WAHGIY_FSR,5.444444444444445,3.914303660427538,4.39472186229272,29.0,1.0,10.555555555555555,6.664359789468445,6.148371258780855,16.0,1.0,1.7555555555555555,1.6624757922855755,0.5639367795755342,4.0,1.0,2.607555555555556,2.57629092060424,0.416840793245551,3.44,1.9,111.64,86.41555653583444,50.61722324356492,153.9,7.0,1747.7166666666667,265.98312745392246,1866.4311012029823,3823.15,14.009999999999993,2000.6686666666667,346.54878404844345,2096.7044813469647,4300.15,20.279999999999973,1203.91106,20.312999608240663,1613.9016723783432,8960.0,0.0899,1209.4755555555555,1200.5284576956567,141.8694692009455,1402.3,745.5,-0.19938310714295376
WAMRIN01_FSR,5.01123595505618,3.606493216580979,3.0994540368180465,12.0,1.0,9.707865168539326,5.56781570780007,6.658950632973808,16.0,1.0,1.696629213483146,1.6050733022324104,0.5279703426728418,3.0,1.0,2.612247191011236,2.557556315284717,0.5272927524267448,3.44,1.31,111.8741573033708,0.0,47.5027273683936,153.9,0.0,1425.615168539326,176.26470402313095,1803.5050492262344,3823.15,14.009999999999993,1622.66393258427,238.21441177402963,2019.9971887179336,4300.15,20.279999999999973,871.576191011236,10.039943762653872,1085.6405414877058,2260.0,0.0899,1216.0483146067415,1206.4152168039511,143.39226556199657,1402.3,737.7,-0.13130692833313634
WAMRIN02_FSR,5.01123595505618,3.606493216580979,3.099454036818046,12.0,1.0,9.707865168539326,5.56781570780007,6.658950632973808,16.0,1.0,1.696629213483146,1.6050733022324104,0.5279703426728418,3.0,1.0,2.612247191011236,2.557556315284717,0.5272927524267449,3.44,1.31,111.87415730337078,0.0,47.5027273683936,153.9,0.0,1425.6151685393256,176.2647040231311,1803.5050492262344,3823.15,14.009999999999993,1622.6639325842696,238.21441177402943,2019.997188717933,4300.15,20.279999999999973,871.576191011236,10.03994376265388,1085.640541487706,2260.0,0.0899,1216.0483146067415,1206.4152168039511,143.3922655619966,1402.3,737.7,-0.13130692833313634
WARJAC_FSR,6.930232558139535,4.546600488942019,6.428119001652433,28.0,1.0,10.883720930232558,6.904709096685939,6.325324892200203,16.0,1.0,1.8604651162790695,1.7299108297749026,0.7339411087469536,4.0,1.0,2.7658139534883723,2.70940130207111,0.5546011873541224,3.44,1.91,103.646511627907,77.1307936090525,49.97859704163238,153.9,7.0,862.4179069767442,107.07137895573494,1478.3535888601275,3823.15,14.009999999999993,1068.15511627907,153.23048533552142,1735.2619876339456,4300.15,20.279999999999973,1042.6183906976746,4.695248612618408,2323.664639799077,8908.0,0.0899,1243.1558139534882,1228.7506089123951,170.05523494239813,1402.3,737.1,-0.35729379000001693
WASNIO_FSR,4.658536585365853,2.9643764632796143,4.750403095078847,29.0,1.0,8.512195121951219,4.456319753725108,6.692266928691223,16.0,1.0,1.6097560975609757,1.5004194330574077,0.6199153671775041,4.0,1.0,2.515121951219512,2.4854564519767104,0.404439521549656,3.44,1.9,101.83902439024388,80.73858196843292,48.26500968635349,153.9,7.0,1356.2353658536583,140.68419941499866,1788.1133370966495,3823.15,14.009999999999993,1562.749512195122,187.8306436026161,2017.305797009601,4300.15,20.279999999999973,990.5448341463418,6.411972885070853,1649.535579629657,8960.0,0.0899,1230.1780487804874,1221.4076381887787,138.8953326090657,1402.3,745.5,-0.38338640142868435
WAWGOQ_FSR,5.1020408163265305,3.579374277896966,4.422783766275715,30.0,1.0,9.959183673469388,5.993167555767163,6.275833739793412,16.0,1.0,1.7142857142857142,1.6176253946745665,0.5714285714285714,4.0,1.0,2.5281632653061226,2.5010846004550524,0.3829886419661189,3.44,1.65,116.965306122449,0.0,46.5257074034999,153.9,0.0,1977.4681632653064,324.34464086228667,1886.0887119847305,3823.15,14.009999999999993,2237.0275510204087,416.7985451517866,2111.7936981507223,4300.15,20.279999999999973,1299.0017428571427,29.38235022603124,1399.6117727031271,7140.0,0.0899,1192.5510204081634,1186.0751398022574,123.96172569682255,1402.3,906.4,-0.20780219142826742
WECFAN01_FSR,4.894736842105263,3.2220992128641988,4.564101766037641,27.0,1.0,9.052631578947368,4.9873171472643705,6.593247616116342,16.0,1.0,1.6578947368421053,1.5492596422666556,0.618840842963413,4.0,1.0,2.5371052631578945,2.505371363795144,0.4205504406491495,3.44,1.88,110.0842105263158,94.01209097599532,45.25720952346064,153.9,7.0,1571.7342105263156,188.65806802918905,1839.094388082626,3823.15,14.009999999999993,1805.593947368421,250.69769032183092,2076.071269960516,4300.15,20.279999999999973,1126.6051447368422,10.976140995563217,1682.6742944040575,8900.0,0.0899,1213.4736842105262,1204.96212288488,137.1188510288765,1402.3,760.4,-0.27907326333320265
WEFZIS_FSR,7.545454545454546,3.8667670176646896,12.691182596688115,64.0,1.0,10.227272727272728,5.707824614960744,7.057760513865173,19.0,1.0,1.818181818181818,1.633999323737711,1.0285189544531597,6.0,1.0,2.6850000000000005,2.603899046181716,0.63023624719047,3.44,1.2,114.99545454545456,107.89430001175828,37.80678723664608,153.9,50.0,966.0354545454546,102.08720694629784,1582.4743408539543,3823.15,14.009999999999993,1177.6427272727271,149.06820447642403,1839.3051320593424,4300.15,20.279999999999973,873.3250545454546,4.124668725232931,1798.793675081038,7901.0,0.0899,1228.7772727272727,1213.067003933685,167.64323572238484,1313.9,593.4,-0.5094712250000081
WEGGAS_FSR,7.212121212121212,4.581684956660483,10.547892438511044,65.0,1.0,11.636363636363637,7.777458212537023,6.109199133240525,19.0,1.0,1.878787878787879,1.7478785263765275,0.8441447440717649,6.0,1.0,,,,,,114.21818181818182,91.46332559087428,48.51930858725344,153.9,7.0,1463.6918181818185,206.9587790367247,1803.9806176232407,3823.15,14.009999999999993,1706.409696969697,282.1802819003616,2046.2202102523968,4300.15,20.279999999999973,1071.4040363636364,13.670857319809638,1660.2506750901462,8219.0,0.0899,1216.1151515151512,1201.9351345871487,164.05037681781764,1402.3,565.8,-0.33643806999992065
WEMDID_FSR,9.352941176470589,5.831738047621716,12.915750423283184,60.0,1.0,13.058823529411764,9.60225577015026,5.703152773430975,19.0,1.0,2.0588235294117645,1.887874026315736,1.0555504967603742,6.0,1.0,2.876470588235294,2.77646204611792,0.6718100324669045,3.44,1.14,126.6470588235294,120.50833781101352,33.77977323169555,153.9,50.0,1007.2017647058829,140.93983809935725,1588.9813929841428,3823.15,14.009999999999993,1261.5788235294117,212.99265962115945,1852.835049236971,4300.15,20.279999999999973,944.8900411764704,8.182121718015775,1788.733139832063,7010.0,0.0899,1214.1294117647053,1191.2081129173623,195.12916013489144,1313.9,533.1,1.0732509080000228
WEMFAX_FSR,9.588235294117649,5.853919640560511,13.839665175860675,64.0,1.0,13.058823529411764,9.60225577015026,5.703152773430975,19.0,1.0,2.0588235294117645,1.887874026315736,1.0555504967603742,6.0,1.0,2.88,2.784851984392549,0.6627749152127698,3.44,1.2,126.6470588235294,120.50833781101352,33.77977323169555,153.9,50.0,1024.378235294118,142.63673662623825,1593.5620105184094,3823.15,14.009999999999993,1270.4023529411763,213.53847427839915,1863.1979001659213,4300.15,20.279999999999973,997.301805882353,8.239913341413189,1969.5898981669127,7901.0,0.0899,1217.676470588235,1198.7406218363992,182.88081470603544,1313.9,593.4,0.3351755519999756
WEMFEB_FSR,9.647058823529411,5.859260914786155,14.071001371074308,65.0,1.0,13.058823529411764,9.60225577015026,5.703152773430975,19.0,1.0,2.0588235294117645,1.887874026315736,1.0555504967603742,6.0,1.0,,,,,,126.6470588235294,120.50833781101352,33.77977323169555,153.9,50.0,1026.907647058824,142.86134556341966,1594.4855447356476,3823.15,14.009999999999993,1269.225882352941,213.4669770883258,1861.780861920236,4300.15,20.279999999999973,1016.0076882352944,8.259061467177379,2035.475978721817,8219.0,0.0899,1216.0529411764703,1195.3868704568797,188.45325248905215,1313.9,565.8,-0.15073519799999527
WIDZUG_FSR,5.828571428571428,3.623171416061233,7.714497351594276,48.0,1.0,9.82857142857143,5.771771190228988,6.420884292840109,16.0,1.0,1.7428571428571429,1.6187859486026128,0.730669248716824,5.0,1.0,2.563142857142857,2.529505919951868,0.425352099046502,3.44,1.69,103.43428571428572,0.0,53.57457255536246,153.9,0.0,1564.5154285714286,204.04690630402007,1846.57406772858,3823.15,14.009999999999993,1775.8871428571429,267.3276626102469,2067.7060868847893,4300.15,20.279999999999973,1151.479965714286,13.312256513517896,1689.650856789263,8650.0,0.0899,1219.645714285714,1211.7658552394398,135.5751712263762,1402.3,867.8,-0.2936921416666109
WIFBAQ_FSR,5.2,3.1916547604967094,7.000317453119141,48.0,1.0,9.022222222222222,4.9431905543032295,6.584456069288872,16.0,1.0,1.6666666666666667,1.5468959724025917,0.699205898780101,5.0,1.0,2.5135555555555555,2.4846514478686963,0.3947891451595426,3.44,1.69,103.83555555555556,0.0,50.83063011634512,153.9,0.0,1558.5488888888892,185.247582134255,1850.962353886002,3823.15,14.009999999999993,1766.1851111111114,242.6346711294444,2074.263515162935,4300.15,20.279999999999973,1096.4964044444448,10.791013501994428,1582.2320250587102,8650.0,0.0899,1220.1244444444442,1212.8535777966083,130.4180153805542,1402.3,867.8,-0.2893662357143967
WILHIK_FSR,5.690140845070423,3.6953057951198263,5.779009002466183,30.0,1.0,9.887323943661972,5.84145757699862,6.409828051954583,16.0,1.0,1.7464788732394363,1.6292696017311907,0.6654091161136741,4.0,1.0,2.557887323943662,2.517697345578016,0.4649849777763012,3.44,1.65,113.66478873239436,0.0,47.34126657293839,153.9,0.0,1660.4659154929575,232.2152556036498,1854.6668088719343,3823.15,14.009999999999993,1891.1181690140847,309.4542699379563,2073.023444632997,4300.15,20.279999999999973,1256.9268676056338,18.002997192106328,1652.980245540003,7140.0,0.0899,1202.4450704225349,1195.2547233752252,129.09386342615522,1402.3,906.4,-0.2067155699999574
WISVEB_FSR,5.701492537313433,3.37014953904923,7.936341736618456,48.0,1.0,9.28358208955224,5.136572658469739,6.646300665917,16.0,1.0,1.7014925373134329,1.5706925782403038,0.7533987739775502,5.0,1.0,2.5638805970149248,2.5248136125708456,0.4623882042338114,3.44,1.69,106.9462686567164,0.0,48.686491210350994,153.9,0.0,1405.4305970149258,159.92876703366903,1808.8297498088853,3823.15,14.009999999999993,1598.707014925373,215.08996774668023,2025.3472736239985,4300.15,20.279999999999973,1068.1053791044778,8.7952928803181,1709.4580583757534,8650.0,0.0899,1223.6671641791042,1216.3691551339325,129.5750302876587,1402.3,867.8,-0.1787795533333186
WOBHOM_FSR,6.342857142857143,4.051076468614807,6.458406955911284,30.0,1.0,10.342857142857143,6.278546911437174,6.405100008778082,16.0,1.0,1.8,1.6734867667858062,0.7091242083423347,4.0,1.0,2.6314285714285712,2.577507718957416,0.5373062061652307,3.44,1.65,112.10285714285716,0.0,48.30024836206057,153.9,0.0,1370.6848571428573,177.63168936088258,1777.9067877291968,3823.15,14.009999999999993,1573.5654285714284,244.8413452679401,1986.389524306913,4300.15,20.279999999999973,1183.2885971428573,12.13436880783039,1806.6891849677584,7140.0,0.0899,1214.5771428571427,1206.8742302724456,132.5809555074382,1402.3,906.4,-0.27124262125001053
WODROY_FSR,6.75,4.592800243071128,6.304760106459246,29.0,1.0,11.125,7.404252295758548,5.96212000885591,16.0,1.0,1.875,1.7562521603732997,0.6959705453537527,4.0,1.0,2.6778125,2.6333422950548115,0.4939429014003035,3.44,1.9,110.221875,83.70656831396441,50.48903800810999,153.9,7.0,1422.4506249999995,208.58065710519645,1765.636747957266,3823.15,14.009999999999993,1689.855625,285.35245574848545,2001.4447919611368,4300.15,20.279999999999973,1337.36644375,15.293412873414791,2232.664134945867,8960.0,0.0899,1210.78125,1197.256708863085,168.2623833435076,1402.3,745.5,-0.25324862857136005
WOHBIF_FSR,5.0344827586206895,3.1571395892498075,5.314150002559461,29.0,1.0,8.827586206896552,4.75651311850425,6.638804241714751,16.0,1.0,1.6551724137931034,1.5376100332595832,0.65788910442548,4.0,1.0,2.5224137931034485,2.4898208946073908,0.4266522057101504,3.44,1.9,112.27241379310348,99.37097960349844,42.41795241730855,153.9,7.0,1512.5168965517244,175.06958222646708,1822.2724139232157,3823.15,14.009999999999993,1752.3627586206896,236.02938949772437,2054.7110211630597,4300.15,20.279999999999973,1166.4843379310348,10.007945776232052,1828.937172255076,8960.0,0.0899,1210.306896551724,1200.8401583625546,142.45875369439997,1402.3,745.5,-0.420959030000014
WOHSIV_FSR,5.139240506329114,3.514372378058646,4.673475320900721,29.0,1.0,9.518987341772153,5.536049658974849,6.354228651798222,16.0,1.0,1.7215189873417722,1.614344959698824,0.6149345722273984,4.0,1.0,2.486962025316456,2.4539909155711266,0.3875282086274158,3.44,0.93,112.03037974683544,91.83763852319102,48.0168676966761,153.9,7.0,1891.100379746836,297.5801118743633,1871.7429476086293,3823.15,14.009999999999993,2173.3559493670887,387.1189803201278,2095.851784304765,4300.15,20.279999999999973,1326.393396202532,25.75407365755052,1655.8404800742146,8960.0,0.0899,1185.8367088607597,1172.755893235626,160.37227748784,1402.3,495.8,-0.31704445166656114
WOQTUT_FSR,6.2,3.931328214014172,6.002221810851935,26.0,1.0,9.8,5.798922968644881,6.493073232299171,16.0,1.0,1.8,1.6624757922855755,0.7483314773547883,4.0,1.0,2.622666666666667,2.5717768208576066,0.5304145129571357,3.44,1.83,114.21333333333334,100.61013689371406,43.98898144864108,153.9,15.7,1414.4233333333334,180.82725411657583,1758.1573486149891,3823.15,14.009999999999993,1673.1533333333332,251.9867817319418,2005.3653337041164,4300.15,20.279999999999973,1278.6777000000002,11.759196979390255,2049.595639818006,7874.0,0.0899,1200.7066666666665,1188.7406895230777,157.1459723385306,1313.9,762.5,0.09687213799993516
WORREC_FSR,5.909090909090909,3.890943845030717,5.735924201580858,29.0,1.0,10.181818181818182,6.164107777490804,6.364934932441563,16.0,1.0,1.7727272727272727,1.6555065597696217,0.6695872664843744,4.0,1.0,2.611363636363637,2.569687322709571,0.484189063885975,3.44,1.9,123.55,117.4837855287482,35.591160163981485,153.9,72.8,1642.6563636363635,233.3352645459606,1834.5819539996903,3823.15,14.009999999999993,1914.9868181818176,318.9080363339448,2065.137577218495,4300.15,20.279999999999973,1332.171559090909,17.952526999373635,1990.9685500925011,8960.0,0.0899,1194.4318181818182,1184.1643528379986,146.86147581483854,1313.9,745.5,-0.005274716666614637
WOTSEF_FSR,5.666666666666667,3.4829540692656704,7.641262257565101,48.0,1.0,9.555555555555555,5.487607680163239,6.469777793043439,16.0,1.0,1.7222222222222223,1.597271006936832,0.7307192465536614,5.0,1.0,2.5419444444444443,2.5110812145156,0.4050570566423975,3.44,1.69,98.86111111111111,0.0,54.90703394414244,153.9,0.0,1521.6736111111106,190.15035551873893,1838.3080476474263,3823.15,14.009999999999993,1726.7622222222224,247.7845768529464,2059.383653728722,4300.15,20.279999999999973,1119.4919638888891,11.543974919207626,1676.7318807444146,8650.0,0.0899,1224.6666666666667,1216.6424954431818,136.97347877924722,1402.3,867.8,-0.3664097685713322
WUHJIT_FSR,5.154929577464789,3.783630756036573,3.074877243966529,12.0,1.0,9.915492957746478,5.866107412941811,6.532144739504608,16.0,1.0,1.732394366197183,1.641321170782172,0.5296224134355821,3.0,1.0,2.589718309859155,2.5336699891232817,0.5290090971580891,3.44,1.31,119.3605633802817,0.0,43.397239734619205,153.9,0.0,1671.1235211267606,243.30656733320487,1849.3429687530477,3823.15,14.009999999999993,1901.184647887324,326.13048756640814,2068.6216610174297,4300.15,20.279999999999973,1028.7160816901408,18.402724815651297,1107.933832002375,2260.0,0.0899,1192.8802816901405,1182.775803983724,145.7168638144558,1313.9,737.7,-0.28714343799997544
WUTBOC_FSR,6.977528089887641,3.9817158025754047,9.972971932706884,63.0,1.0,10.235955056179776,5.982751411215967,6.6939893748637695,19.0,1.0,1.820224719101124,1.6612236872966868,0.893947158692858,6.0,1.0,,,,,,109.64943820224718,91.644595246375,45.207012291883885,153.9,7.0,1125.1034831460674,130.83026514169688,1663.1003388778165,3823.15,14.009999999999993,1331.998988764045,183.8907152377686,1886.4516902304,4300.15,20.279999999999973,1029.8033595505622,6.561276125001353,1908.1206686339128,8960.0,0.0899,1221.5067415730334,1205.464569199412,173.3187067568142,1402.3,547.1,-0.3343557340001552
XAFXOT_FSR,6.1,3.685505776716864,8.651011501552869,57.0,1.0,10.15,5.82162317557731,6.784357007115707,19.0,1.0,1.75,1.6128631837836112,0.82915619758885,6.0,1.0,2.6505,2.5894047418016086,0.5489715384243521,3.44,1.1,108.625,89.25565282427931,46.82564868744479,153.9,7.0,1200.0935000000002,132.6351280632031,1726.663801936483,3823.15,14.009999999999993,1418.93625,185.06867461418625,1971.241546344191,4300.15,20.279999999999973,832.1325400000002,6.036922397306134,1335.7278789436032,6146.0,0.0899,1232.2499999999998,1219.0204308347263,156.462461951741,1402.3,538.1,-0.46667722285706403
XAGPUT_FSR,6.622222222222222,3.618781040511651,13.182966937831202,92.0,1.0,9.977777777777778,5.698779825190877,6.7379155658734335,19.0,1.0,1.7555555555555555,1.607265080467081,0.9226906440900752,7.0,1.0,2.619111111111112,2.571003027133934,0.5058582244165617,3.44,1.38,,,,,,1410.606888888889,165.12465874531242,1803.3681248644127,3823.15,14.009999999999993,1652.9833333333331,226.79602486185388,2058.294736958512,4300.15,20.279999999999973,1227.2940088888888,9.004472296634999,2893.8357758375105,19050.0,0.0899,1220.382222222222,1209.6156354667992,146.25653761477375,1402.3,597.6,0.521107709999967
XAPGOK_FSR,9.0,6.443511043682212,9.746794344808963,47.0,1.0,13.22222222222222,10.894114427913246,4.503770711002499,17.0,1.0,2.111111111111111,1.9928418934756824,0.8089010988089462,5.0,1.0,2.8172222222222225,2.7779568573006905,0.4621784835074908,3.44,1.93,118.64444444444445,72.32117159322533,80.49507384666622,349.0,7.0,1380.2833333333333,253.4200446937464,1747.8307472343477,3823.15,14.009999999999993,1621.4533333333334,339.53907390808007,1967.347536314935,4300.15,20.279999999999973,1336.8952111111112,20.389059642213716,2455.31765624549,10490.0,0.0899,1221.6666666666667,1207.6443784557089,171.934732448747,1402.3,731.0,-0.1779475149999996
XEDPIH_FSR,9.0,5.434592428129211,9.89227692986518,35.0,1.0,11.571428571428571,8.13450440587307,5.615212573438157,17.0,1.0,2.071428571428572,1.9033903060212392,0.8835226340609272,4.0,1.0,2.5800000000000005,2.545255311722876,0.4047397753054248,3.04,1.65,95.75,0.0,89.25639432876184,324.6,0.0,1454.893571428571,260.2440262795916,1773.119470818136,3823.15,14.009999999999993,1670.2378571428574,328.7412694075107,1980.7822567113608,4300.15,20.279999999999973,1540.3766928571429,33.59974265696791,1946.3034798906967,7140.0,0.0899,1215.9999999999998,1205.333374148163,158.5589975822429,1402.3,906.4,-0.3378268342856602
XEDPON_FSR,6.1,4.032158607979879,6.073713855624085,30.0,1.0,10.4,6.467465562084237,6.208059278067502,16.0,1.0,1.8,1.681792830507429,0.6782329983125269,4.0,1.0,2.587,2.5475377346696018,0.4506783775598735,3.44,1.65,91.205,0.0,59.6600659989578,153.9,0.0,1395.0344999999998,187.7847077463881,1787.3976593317866,3823.15,14.009999999999993,1594.641,245.85809985551853,2000.2110123207,4300.15,20.279999999999973,1148.42007,12.23785932450789,1737.1735268677387,7140.0,0.0899,1231.0449999999996,1222.0274717369336,145.26053309484996,1402.3,906.4,-0.4893182133334146
XEGJOK_FSR,5.755555555555556,3.9799511289143,6.74999771376276,64.0,1.0,10.855555555555556,6.802880626483892,6.343082165479546,19.0,1.0,1.7555555555555555,1.6571702265446484,0.6378977819736588,6.0,1.0,2.685111111111111,2.6393854096259783,0.4935072766421639,3.44,1.2,113.2488888888889,91.14250070789384,48.21341501754798,153.9,7.0,1484.3751111111112,193.1486515924697,1829.6110258098545,3823.15,14.009999999999993,1697.440666666667,259.2962652604261,2060.282152409551,4300.15,20.279999999999973,942.0372711111112,11.29762855336999,1317.468856045051,7901.0,0.0899,1227.2966666666664,1218.652019689017,136.00996977346102,1402.3,593.4,-0.3391257850000026
XEGKIF_FSR,5.823834196891192,4.145774214261468,6.513441805914736,64.0,1.0,11.160621761658032,7.252868075668377,6.1518019287787045,19.0,1.0,1.7772020725388602,1.6843311127377247,0.6167762130550456,6.0,1.0,2.690051813471502,2.646594345882475,0.481411458249611,3.44,1.2,114.05699481865284,90.29655424056476,49.233271168312754,153.9,7.0,1583.6736269430055,223.1428376447364,1851.0373745493516,3823.15,14.009999999999993,1807.4760103626943,296.610829874305,2082.6268715245174,4300.15,20.279999999999973,995.7088129533678,14.574198166031485,1311.363970133511,7901.0,0.0899,1222.7316062176164,1214.08097063751,136.88214092290374,1402.3,593.4,-0.36400354500011645
XEJWUG_FSR,5.666666666666667,3.756669953955787,5.241395064505463,27.0,1.0,9.916666666666666,5.880581185949494,6.447975565159105,16.0,1.0,1.75,1.6339154532410998,0.6614378277661477,4.0,1.0,2.6112500000000005,2.5699190667125893,0.4804278691957825,3.44,1.88,114.3,99.7846684593592,43.55530009845721,153.9,7.0,1526.078333333333,198.69305466891956,1812.0115890626148,3823.15,14.009999999999993,1774.6812499999996,269.38130605544313,2052.6885357568503,4300.15,20.279999999999973,1218.7131333333334,12.881089004995465,1931.45164543022,8900.0,0.0899,1208.6125,1198.6287836912304,146.28048774101762,1402.3,760.4,-0.26228128125006833
XENKIM_FSR,4.807692307692308,3.36485050846658,3.4864488299395675,20.0,1.0,9.384615384615383,5.269253398371887,6.6249930222135855,16.0,1.0,1.6730769230769231,1.5733571020626105,0.5791623210144461,4.0,1.0,2.5575,2.510158885294755,0.4760449033442118,3.44,1.0,110.89365384615388,89.18945525087173,47.60051284584936,153.9,2.37,1582.6046153846155,197.5304807705688,1850.0942498616128,3823.15,14.009999999999993,1796.148076923077,261.3015431494403,2074.274217616701,4300.15,20.279999999999973,942.8248673076924,11.563207618491,1104.5217134350444,2260.0,0.0899,1212.5461538461536,1202.1097000113534,145.41609589981974,1402.3,589.8,-0.12049509666674864
XEQRAO_FSR,5.269230769230769,3.452801863280472,6.51364067115307,48.0,1.0,9.653846153846152,5.671267317670398,6.330283185379672,16.0,1.0,1.7115384615384617,1.6013268929786009,0.660318642822669,5.0,1.0,2.497884615384616,2.474068805881395,0.3606582472393708,3.44,1.69,121.62692307692308,0.0,41.311751519506736,153.9,0.0,2080.170192307693,351.8955192020421,1884.2636869737848,3823.15,14.009999999999993,2351.166153846154,451.8378587774453,2109.6439831832668,4300.15,20.279999999999973,1383.4377538461542,34.238685035953985,1508.390057311506,8650.0,0.0899,1182.2173076923077,1176.088110562437,119.71715339009864,1313.9,867.8,-0.2761036683333676
XESKAJ_FSR,5.111111111111111,3.181422490398381,4.214905941864591,15.0,1.0,8.11111111111111,4.036493457111598,7.030796453136166,16.0,1.0,1.6666666666666667,1.5374626775757694,0.6666666666666666,3.0,1.0,2.5305555555555554,2.4628315499613413,0.5796979311313994,3.44,1.31,93.6722222222222,0.0,47.21559071083236,153.9,0.0,728.026666666667,78.84536970783755,1399.9903462563989,3823.15,14.009999999999993,856.5472222222221,112.85072951843868,1571.8763516744548,4300.15,20.279999999999973,574.927011111111,3.1263295166186085,934.4351702121176,2260.0,0.0899,1231.272222222222,1218.6192343672783,160.44283788438506,1402.3,737.7,-0.2547107159999541
XEXMEU_FSR,5.944444444444445,4.458481537865811,4.71960711903276,30.0,1.0,11.444444444444445,7.959819719825559,5.644291336506119,16.0,1.0,1.8333333333333333,1.747818715379054,0.5527707983925667,4.0,1.0,2.6227777777777783,2.58791936314594,0.435638810070345,3.44,1.65,121.29166666666669,0.0,47.77890268378573,153.9,0.0,2052.7725,411.3726027418249,1874.6919922385105,3823.15,14.009999999999993,2326.151666666666,530.0153970004777,2094.941377085526,4300.15,20.279999999999973,1391.4387555555556,47.425848909109696,1475.0174224043772,7140.0,0.0899,1187.052777777778,1180.2006969378344,127.47231177813374,1402.3,906.4,-0.46580169166683544
XIDBUJ_FSR,5.571428571428571,3.942846795016953,4.894811914003376,30.0,1.0,10.542857142857144,6.69801390171203,6.082024367606831,16.0,1.0,1.7714285714285714,1.6734867667858062,0.5897076411585798,4.0,1.0,2.568,2.536421239157231,0.41100434478065,3.44,1.65,112.2657142857143,0.0,51.87685937656124,153.9,0.0,1892.425142857143,317.51687787075696,1879.5232436313984,3823.15,14.009999999999993,2145.1022857142857,408.700374008365,2102.706402857429,4300.15,20.279999999999973,1302.0105142857144,29.26661910419708,1497.3854801726702,7140.0,0.0899,1198.84,1191.5504888574987,131.50348436448368,1402.3,906.4,-0.2122691866666173
XIFHIF_FSR,6.830769230769231,4.029907861032001,10.732508819569182,65.0,1.0,10.707692307692309,6.510931286556404,6.55796187129244,19.0,1.0,1.8153846153846156,1.6714216973426828,0.8751669325124856,6.0,1.0,,,,,,117.85538461538462,104.94017313970892,42.00254216031446,153.9,7.0,1482.3484615384614,192.5557357617974,1811.6651931381807,3823.15,14.009999999999993,1727.7610769230769,264.46111409708624,2054.857094504196,4300.15,20.279999999999973,1087.7937384615389,12.036918945121338,1667.6661299921325,8219.0,0.0899,1209.053846153846,1195.3828904477364,159.88169864662493,1402.3,565.8,-0.31739317599999595
XIHRIQ_FSR,4.739130434782608,3.373499052793018,3.713087601136204,27.0,1.0,9.579710144927535,5.620729778099897,6.316313814705466,16.0,1.0,1.681159420289855,1.5874010519681996,0.5514868866794332,4.0,1.0,2.498550724637681,2.4790327963906518,0.3260446993553732,3.44,1.88,115.12028985507249,97.4083973442022,46.5017393463387,153.9,7.0,2032.0201449275364,331.1825018774262,1882.1966378617935,3823.15,14.009999999999993,2306.7059420289856,420.7275497214815,2115.6840848528104,4300.15,20.279999999999973,1308.3025739130435,28.70271407856364,1449.534540502217,8900.0,0.0899,1191.6985507246377,1184.350513671131,130.15620993024822,1402.3,760.4,-0.3133446199999071
XILVIZ_FSR,4.764102564102564,3.3695999430415697,3.9034164640792177,30.0,1.0,9.574358974358974,5.61074119310924,6.31874370622702,16.0,1.0,1.682051282051282,1.5874010519681996,0.5560260992176328,4.0,1.0,2.4884615384615385,2.467551402251994,0.3331091948598795,3.44,1.55,116.43076923076924,0.0,46.36371123973042,153.9,0.0,2064.755846153846,344.1258729648265,1883.987748667139,3823.15,14.009999999999993,2333.287025641026,436.7654657568228,2112.086079928823,4300.15,20.279999999999973,1317.0424061538463,31.400303141115117,1341.073816111383,7470.0,0.0899,1188.345128205128,1181.6371779598169,125.16122982227598,1402.3,717.3,0.10878457666668351
XINWUO_FSR,5.777777777777778,3.4626486158217995,6.502611061510902,30.0,1.0,9.22222222222222,5.106575196887419,6.612744896162893,16.0,1.0,1.7222222222222223,1.5874010519681994,0.7307192465536614,4.0,1.0,2.5444444444444443,2.501907105040799,0.4697188547090012,3.44,1.65,87.89444444444445,0.0,55.96433856803835,153.9,0.0,1122.5194444444444,123.58074908555564,1681.6097422029625,3823.15,14.009999999999993,1290.8577777777778,166.07070855745044,1884.0364244165755,4300.15,20.279999999999973,1024.8466833333334,5.920457359490098,1789.0409565765651,7140.0,0.0899,1242.0888888888887,1233.5233618044967,140.48644809648164,1402.3,906.4,-0.4919510359999094
XISPEW01_FSR,5.685714285714286,3.4842215874749534,9.398393262593736,78.0,1.0,9.485714285714286,5.625726475506745,6.196180522000993,15.0,1.0,1.7428571428571429,1.6178421942271404,0.7499659856232394,6.0,1.0,2.457857142857143,2.4453843211441297,0.2500736626170253,3.04,1.83,112.26285714285716,88.78887140329414,51.78475829659471,205.3,7.0,2140.669142857143,385.38364744720536,1859.8384087823656,3823.15,14.009999999999993,2451.269714285714,483.087630206552,2100.0745012192656,4300.15,20.279999999999973,1645.9094799999998,38.72260529214975,2742.678368829594,21450.0,0.0899,1183.1614285714286,1174.988244429063,137.14392158069057,1402.3,762.5,-0.2510151114284684
XOCWET_FSR,8.74766355140187,4.576534392870714,16.03156550907768,92.0,1.0,11.373831775700934,7.14075901892117,6.57455213568078,19.0,1.0,1.9345794392523368,1.7410107825480343,1.1296432985713512,7.0,1.0,2.7413084112149537,2.6625443526560644,0.621565831149538,3.44,1.1,,,,,,1159.1331775700935,142.6583845597749,1684.6018585552638,3823.15,14.009999999999993,1434.3752336448597,209.47076125644435,1971.2992885496003,4300.15,20.279999999999973,1283.2216355140188,7.920114729972109,3265.924089665717,19050.0,0.0899,1215.0261682242988,1197.8608540376429,174.23755796309723,1313.9,538.1,-0.02599041499996695
XOPMIA_FSR,5.37037037037037,3.564665737945864,6.406872167753694,48.0,1.0,9.88888888888889,5.894333771646564,6.32065006814573,16.0,1.0,1.7222222222222223,1.6145664477998478,0.6502611061510902,5.0,1.0,2.536111111111111,2.509298557806892,0.3813980940865324,3.44,1.69,111.94074074074076,0.0,49.84312248154768,153.9,0.0,1866.1990740740744,283.6154281362568,1887.3369594418127,3823.15,14.009999999999993,2110.551481481481,364.72586991799216,2114.2743750712657,4300.15,20.279999999999973,1248.5882814814818,22.943576502671316,1511.9008822378742,8650.0,0.0899,1202.0648148148148,1195.01580072578,129.05814962343513,1402.3,867.8,-0.07602056714296976
XOTXUB_FSR,4.278688524590164,2.80418428285183,3.858697425429449,25.0,1.0,8.180327868852459,4.195372120112349,6.705779735401031,16.0,1.0,1.5737704918032789,1.4715912968357103,0.5855924950653033,4.0,1.0,2.492622950819672,2.462401949035232,0.4037159431480857,3.44,1.55,103.24918032786886,0.0,47.67859478809629,153.9,0.0,1419.7054098360657,144.37459780880002,1815.0570813022623,3823.15,14.009999999999993,1612.3972131147543,191.3347120956098,2039.574248491245,4300.15,20.279999999999973,937.8048393442624,6.524701678658587,1370.17389000536,7470.0,0.0899,1227.0311475409835,1219.1386873043737,132.10834790885752,1402.3,717.3,-0.7063568300000801
XOVVOU_FSR,6.590909090909091,4.7739703834625455,5.67617901976874,30.0,1.0,11.681818181818182,8.177016880677881,5.681999997091002,16.0,1.0,1.875,1.7771253607400177,0.6181442167708703,4.0,1.0,2.699090909090909,2.6528285582647317,0.4939489216407731,3.44,1.65,101.7159090909091,0.0,59.04135470229867,153.9,0.0,1446.7131818181815,219.7077532945251,1801.4571420062512,3823.15,14.009999999999993,1653.359318181818,291.73744930296493,2014.0979023074024,4300.15,20.279999999999973,1146.8885806818182,16.490741766172942,1690.9201359206766,7140.0,0.0899,1227.3443181818182,1218.7251948800547,142.10152969072576,1402.3,906.4,-0.4538151757142259
XUDYEC_FSR,5.514285714285714,3.2581133017746167,7.787797886332655,48.0,1.0,9.057142857142855,4.954675940152726,6.615751148985739,16.0,1.0,1.6857142857142855,1.5559216072345408,0.7472398188926869,5.0,1.0,2.531714285714285,2.499412801808996,0.4147183947436808,3.44,1.69,94.97142857142858,0.0,54.148803292032085,153.9,0.0,1347.0845714285715,148.68247693509554,1791.0106403884977,3823.15,14.009999999999993,1530.9548571428572,195.9717887066255,2007.1565610105845,4300.15,20.279999999999973,1022.3371600000004,7.432800317327747,1686.354052464207,8650.0,0.0899,1235.0571428571427,1227.1761495271962,135.33986908248914,1402.3,867.8,-0.38560708333341154
XUKLAS_FSR,5.026315789473684,3.302317557831709,4.92836495842535,30.0,1.0,9.289473684210526,5.19836393228754,6.55305430891758,16.0,1.0,1.6710526315789471,1.5634540750393662,0.6153338395310485,4.0,1.0,2.5303947368421054,2.49757168529722,0.4210370679689356,3.44,1.65,107.71184210526314,0.0,49.387159973933095,153.9,0.0,1593.6605263157892,198.52435206363307,1853.5233722128232,3823.15,14.009999999999993,1808.5805263157893,261.5047161671539,2075.9824138977865,4300.15,20.279999999999973,1110.0226723684211,12.447169435910054,1480.8043738592207,7140.0,0.0899,1215.511842105263,1208.579176393264,127.66249188171425,1402.3,906.4,-0.4086749585713472
XULGUI_FSR,5.602941176470588,3.7138309505694855,7.8105127230252815,66.0,1.0,10.323529411764708,6.3362303847463455,6.2882738126812345,19.0,1.0,1.75,1.6408970679231902,0.6939867772939363,6.0,1.0,2.5414705882352946,2.509412283834236,0.4049955145208486,3.44,1.22,121.48823529411766,108.56999740016026,42.35209394577434,153.9,7.0,2061.436176470588,359.4302050252263,1879.070894252412,3823.15,14.009999999999993,2337.4727941176475,460.9395255711659,2108.4622324232955,4300.15,20.279999999999973,1322.4532632352943,34.00354654935814,1424.9313789567411,8551.0,0.0899,1184.629411764706,1175.4552909389135,137.72761487680668,1402.3,573.0,-0.19268813857138406
XUMNEA_FSR,4.784090909090909,3.2614509840774657,5.279567956747725,48.0,1.0,9.375,5.398224185997021,6.350219215972713,16.0,1.0,1.6704545454545454,1.5706759294737496,0.5977531968107913,5.0,1.0,2.4701136363636365,2.4530520818752013,0.3012605875852852,3.44,1.69,117.0659090909091,0.0,45.24759884730107,153.9,0.0,2101.844204545455,349.0302828175141,1886.5922421402863,3823.15,14.009999999999993,2371.470340909091,441.3142728346517,2115.491639405413,4300.15,20.279999999999973,1331.1630204545456,31.927432977223937,1365.3660609036008,8650.0,0.0899,1187.1170454545454,1180.9539727954598,121.08299860162684,1402.3,867.8,-0.2141766512501135
XUMTUV_FSR,5.884615384615385,3.567769074186078,9.01953829228066,67.0,1.0,9.961538461538462,5.691224538505492,6.7238425897397125,19.0,1.0,1.7211538461538465,1.59627677309639,0.7653145503299578,6.0,1.0,2.621346153846154,2.5720635766130275,0.5056869997498218,3.44,1.23,110.4326923076923,92.0040007090856,46.32319248478292,153.9,7.0,1377.8280769230769,158.2429028834281,1794.6630673632976,3823.15,14.009999999999993,1577.202692307692,213.9515784135776,2021.2688244812157,4300.15,20.279999999999973,951.8607817307694,8.016957116193542,1532.8130738312857,8795.0,0.0899,1226.364423076923,1215.7884096594853,145.23886288447335,1402.3,581.0,-0.17817590600004674
XUMVAD_FSR,5.865384615384615,3.566737460401693,8.889338571383496,66.0,1.0,9.961538461538462,5.691224538505492,6.7238425897397125,19.0,1.0,1.7211538461538465,1.59627677309639,0.7653145503299578,6.0,1.0,2.6211538461538457,2.571659828421576,0.506217701139288,3.44,1.22,110.4326923076923,92.0040007090856,46.32319248478292,153.9,7.0,1376.6357692307688,158.13298870624516,1794.437888615119,3823.15,14.009999999999993,1574.645,213.7633627572442,2019.5842356101411,4300.15,20.279999999999973,947.1684740384618,8.012620631083937,1508.984419953403,8551.0,0.0899,1226.2105769230768,1215.4642806601091,145.92500834745775,1402.3,573.0,-0.47787023333323003
XUNHAQ_FSR,4.714285714285714,3.6053753376676183,2.602981022612657,8.0,1.0,9.714285714285714,5.587549562988223,6.529368504015109,16.0,1.0,1.7142857142857142,1.640670712015276,0.4517539514526256,2.0,1.0,2.5,2.4131372578169343,0.5821266430695545,3.44,0.98,111.65714285714284,91.96535860773184,47.907152974503184,153.9,7.0,1687.2414285714283,268.9356883099426,1852.806687221375,3823.15,14.009999999999993,1982.5021428571429,375.022168947477,2045.132950893688,4300.15,20.279999999999973,1007.1049,23.042312802595724,1093.2319962568035,2260.0,0.0899,1165.5214285714287,1138.3852484139202,213.7800009975924,1402.3,520.2,-0.306467296250041
XUNSAC_FSR,4.714285714285714,3.605375337667617,2.602981022612657,8.0,1.0,9.714285714285714,5.587549562988223,6.529368504015109,16.0,1.0,1.7142857142857142,1.640670712015276,0.4517539514526256,2.0,1.0,2.5000000000000004,2.4131372578169343,0.5821266430695545,3.44,0.98,111.65714285714286,91.96535860773184,47.90715297450318,153.9,7.0,1687.2414285714283,268.9356883099426,1852.8066872213751,3823.15,14.009999999999993,1982.5021428571429,375.022168947477,2045.132950893688,4300.15,20.279999999999973,1007.1049,23.042312802595745,1093.2319962568035,2260.0,0.0899,1165.5214285714285,1138.385248413918,213.7800009975924,1402.3,520.2,-0.19566554571424274
XUNTIL_FSR,5.483870967741935,4.034956556720577,3.714583011738008,16.0,1.0,10.258064516129032,6.159800879575627,6.4306109775218685,16.0,1.0,1.8064516129032255,1.7167440935604144,0.5339659792660274,3.0,1.0,2.5067741935483867,2.427885869656974,0.5536470699314722,3.44,0.98,118.71935483870968,98.31182230602418,50.83494111625826,200.0,7.0,1672.342903225807,300.00641057197623,1832.065675103262,3823.15,14.009999999999993,1975.6758064516123,423.0822689775012,2013.5073072718783,4300.15,20.279999999999973,1108.9979741935488,35.5851966744066,1085.5099835070073,2260.0,0.0899,1152.2677419354834,1127.179161463505,207.55968032086852,1402.3,520.2,-0.3054085825000499
XUVHEB_FSR,5.3861386138613865,3.702880107161468,5.0147708495858,30.0,1.0,10.07920792079208,6.144595606209885,6.2278250869147405,16.0,1.0,1.7425742574257426,1.6390629765293432,0.6077627427018932,4.0,1.0,2.5278217821782176,2.497867861216025,0.4015529358846923,3.44,1.65,119.1920792079208,0.0,45.05374938116313,153.9,0.0,2001.133267326733,342.205750296866,1880.3005048478049,3823.15,14.009999999999993,2267.672574257426,442.38190669327537,2102.5020095763475,4300.15,20.279999999999973,1375.8666019801983,33.89982645963786,1500.297423787684,7140.0,0.0899,1185.8673267326733,1179.3474236194172,123.77094790910743,1402.3,906.4,-0.3934372957140632
XUYXAR_FSR,5.629032258064516,3.927753993229732,5.1249984137455975,30.0,1.0,10.46774193548387,6.609281932799081,6.105834708030492,16.0,1.0,1.7741935483870968,1.6724180090056748,0.6069318620073153,4.0,1.0,2.557903225806452,2.525206717378838,0.4188738246266243,3.44,1.65,116.61774193548388,0.0,48.4688743628106,153.9,0.0,1948.1151612903227,336.6425880529989,1878.6166222453653,3823.15,14.009999999999993,2209.420483870968,435.5153731592071,2100.117530276715,4300.15,20.279999999999973,1360.5936,33.29124495302511,1532.0210909145142,7140.0,0.0899,1190.7806451612903,1183.8059338421672,128.19059881828397,1402.3,906.4,-0.09797361857139153
YAHPED_FSR,4.746268656716418,3.331061377717905,3.872379358737058,28.0,1.0,9.492537313432836,5.4888508187505805,6.391162588581388,16.0,1.0,1.671641791044776,1.5764904361903016,0.5568584509306755,4.0,1.0,2.509402985074627,2.4866892527563182,0.3555944386055674,3.44,1.91,118.68358208955225,105.9872578568749,42.439279176482025,153.9,7.0,1977.711791044776,306.47903970707296,1884.411120037813,3823.15,14.009999999999993,2247.3759701492536,394.3089671258015,2117.902744841261,4300.15,20.279999999999973,1280.0184119402986,25.29594228391263,1462.133595063557,8908.0,0.0899,1191.85223880597,1184.547045918806,128.63061119647531,1402.3,737.1,-0.29804241249991037
YARDEC_FSR,4.8979591836734695,3.3283469344143506,4.486919301108562,30.0,1.0,9.428571428571429,5.381646450652535,6.45549915868286,16.0,1.0,1.673469387755102,1.5725013160189902,0.5851131096665898,4.0,1.0,2.515714285714286,2.488705780893003,0.3802845336463372,3.44,1.65,107.92244897959183,0.0,50.60375183842546,153.9,0.0,1745.4236734693875,237.9202101603767,1877.87905776344,3823.15,14.009999999999993,1975.8965306122448,307.6046847208931,2104.22736885707,4300.15,20.279999999999973,1160.6599632653065,16.627809112915223,1409.4243187768525,7140.0,0.0899,1210.0040816326527,1203.0780291318497,128.2609313624087,1402.3,906.4,-0.32701238999998494
YARDIG_FSR,4.836734693877551,3.321197962890479,4.151945394904143,27.0,1.0,9.36734693877551,5.350143036646217,6.44503883730171,16.0,1.0,1.673469387755102,1.5725013160189902,0.5851131096665898,4.0,1.0,2.5204081632653064,2.4953425198673345,0.3708729865847053,3.44,1.88,109.22244897959185,88.57822839292908,48.59281153399142,153.9,7.0,1767.3720408163265,242.51420436536108,1871.721353634931,3823.15,14.009999999999993,2017.121020408163,313.93116931939727,2108.0176330413474,4300.15,20.279999999999973,1196.578330612245,16.702747812457577,1574.1471886836782,8900.0,0.0899,1207.0244897959185,1198.7734233352598,136.69762778141478,1402.3,760.4,-0.38279582000001255
YARKAF_FSR,5.098159509202454,3.4404926578513155,4.769811412107627,30.0,1.0,9.613496932515336,5.559846614214068,6.444025295154559,16.0,1.0,1.6932515337423313,1.589652754953916,0.5999109171451354,4.0,1.0,2.5336196319018405,2.502172406076697,0.4131575585700273,3.44,1.65,113.37423312883436,0.0,47.18475836494154,153.9,0.0,1767.0843558282213,248.1416647113721,1877.630868790676,3823.15,14.009999999999993,2002.7880981595088,324.39018601306026,2102.1987000764534,4300.15,20.279999999999973,1201.4880441717792,18.5443059623408,1458.1658545068165,7140.0,0.0899,1203.783435582822,1197.0917926207096,125.5478870161065,1402.3,906.4,0.8644241842857484
YARKEJ_FSR,5.0588235294117645,3.4382324131012867,4.686282713915207,30.0,1.0,9.623529411764704,5.592260551795291,6.407672736352394,16.0,1.0,1.6941176470588235,1.5917218337487284,0.5945542949879188,4.0,1.0,2.522588235294118,2.4935661416207435,0.395867336486462,3.44,1.65,113.37647058823528,0.0,47.64075775329312,153.9,0.0,1829.1471764705884,266.7754118293343,1882.6647758808836,3823.15,14.009999999999993,2071.722235294118,346.2520298512407,2108.034725743318,4300.15,20.279999999999973,1231.7713176470588,20.93196162535169,1444.242425746436,7140.0,0.0899,1200.7894117647058,1194.0938301619938,125.76443902464398,1402.3,906.4,-0.28929999500010695
YARSAN_FSR,5.416666666666667,3.7792010287660376,4.878382017750466,30.0,1.0,10.25,6.341190307570666,6.179603547154137,16.0,1.0,1.75,1.6497211886706051,0.5951190357119042,4.0,1.0,2.544166666666667,2.514110595199921,0.4015551366596843,3.44,1.65,115.25,0.0,48.89949159017687,153.9,0.0,1944.694166666667,326.3166605996957,1881.5806113793665,3823.15,14.009999999999993,2203.3791666666666,420.3826262466431,2104.9503610106226,4300.15,20.279999999999973,1328.5890805555557,30.693459462303316,1484.840520505819,7140.0,0.0899,1193.211111111111,1186.3041928146297,127.81819505709788,1402.3,906.4,-0.4050278900001883
YARSIV_FSR,6.054794520547945,4.183679727675111,5.593269955347645,30.0,1.0,10.794520547945206,6.953215353173436,6.079290928618507,16.0,1.0,1.808219178082192,1.7018728889024737,0.6337004660942672,4.0,1.0,2.617123287671233,2.575979943427752,0.467829378369832,3.44,1.65,107.13698630136984,0.0,54.596744613799736,153.9,0.0,1619.3882191780822,243.31709220004413,1845.279040383229,3823.15,14.009999999999993,1844.5538356164384,320.5983840275343,2063.0378896304937,4300.15,20.279999999999973,1222.588410958904,19.33186673741031,1642.9679973185175,7140.0,0.0899,1212.8684931506848,1204.884046072868,136.8402006508605,1402.3,906.4,-0.44191523499992513
YARYEV_FSR,9.333333333333334,4.379519139887891,13.91242450313947,48.0,1.0,9.77777777777778,5.842982237420254,6.267691011631313,15.0,1.0,2.0,1.75752786888082,1.1547005383792517,5.0,1.0,2.501111111111112,2.459018307464229,0.4479445512422874,3.04,1.69,60.8,0.0,57.87647766292163,153.9,0.0,941.3000000000004,121.99753867618864,1550.0592386959495,3823.15,14.009999999999993,1103.7077777777777,161.38697857915528,1735.9000829846668,4300.15,20.279999999999973,1463.7802999999997,7.353193572292901,2702.9578411485163,8650.0,0.0899,1242.633333333334,1228.6342042767528,176.43720947943177,1402.3,867.8,-0.25739740333332856
YARYOF_FSR,5.64,3.0380840596872525,9.03274044794823,48.0,1.0,8.36,4.405020604176776,6.547549159800177,15.0,1.0,1.68,1.529306019362025,0.8352245207128441,5.0,1.0,2.4399999999999995,2.417662565758025,0.3313608305156177,3.04,1.69,88.556,0.0,54.99345473781402,153.9,0.0,1416.3551999999995,155.95954742933063,1808.5119815784917,3823.15,14.009999999999993,1610.9607999999994,202.3067944958865,2026.347621583069,4300.15,20.279999999999973,1159.8397160000002,8.320992226776557,1867.1925683081768,8650.0,0.0899,1227.5,1218.689096991685,142.69912403375153,1402.3,867.8,-0.29608420750003
YAZWOM_FSR,5.148148148148148,2.913541272346573,5.991992828110378,29.0,1.0,8.037037037037036,4.001248897571736,6.855554555095271,17.0,1.0,1.6296296296296295,1.4919723854577844,0.7276623223847591,4.0,1.0,2.5151851851851847,2.4801996418733667,0.4393123445531863,3.44,1.9,108.44814814814814,86.30086354459772,64.60934670584304,349.0,7.0,1065.3425925925924,101.41721369460625,1650.6349137329005,3823.15,14.009999999999993,1254.237777777778,139.46804110486747,1876.778123110895,4300.15,20.279999999999973,918.1915444444448,3.592771847998616,1858.6312711755736,8960.0,0.0899,1237.2037037037037,1227.59533143251,142.18383114171044,1402.3,745.5,-0.17449899000000638
YEZFIU_FSR,5.75,3.761946609770875,5.724581498531865,30.0,1.0,10.0,5.938817502710691,6.4031242374328485,16.0,1.0,1.75,1.6339154532410998,0.6614378277661477,4.0,1.0,2.5962499999999995,2.559482902021967,0.4306759464299501,3.44,1.65,70.94999999999999,0.0,59.14999295576177,153.9,0.0,1012.62125,117.0759336475068,1627.951156078586,3823.15,14.009999999999993,1160.5175000000002,152.4193327526532,1826.6155540672528,4300.15,20.279999999999973,863.0065083333334,4.88911078872594,1629.8068523663633,7140.0,0.0899,1268.9041666666665,1260.165099992131,142.92701657129845,1402.3,906.4,-0.3352525939999168
YINCEF_FSR,5.0,3.406523679118437,4.209395237378264,25.0,1.0,9.446280991735538,5.394750408561527,6.527691064364754,16.0,1.0,1.6859504132231404,1.5813503400569575,0.603475578959626,4.0,1.0,2.553140495867768,2.515454789581812,0.4519106052494721,3.44,1.55,116.03305785123968,0.0,43.923087150887085,153.9,0.0,1695.874297520661,225.18336261870576,1861.000819174096,3823.15,14.009999999999993,1929.4404132231407,298.35368818091445,2088.20623563252,4300.15,20.279999999999973,1156.735847933884,15.28443795530024,1496.8158155768958,7470.0,0.0899,1202.1528925619834,1193.480743328441,136.71363633303622,1402.3,717.3,-0.33232102428590743
YINCIJ_FSR,4.983193277310924,3.374268596882813,4.242607398059883,25.0,1.0,9.369747899159664,5.308975731962714,6.555343636190707,16.0,1.0,1.680672268907563,1.5751204812899602,0.6071392224601158,4.0,1.0,2.5531932773109243,2.514878214458983,0.4556921649518486,3.44,1.55,115.3966386554622,0.0,44.01315107661527,153.9,0.0,1660.1217647058818,214.71676896016783,1855.854907550264,3823.15,14.009999999999993,1889.596554621849,285.27031657401267,2082.749868718304,4300.15,20.279999999999973,1138.1935932773113,14.053395072146134,1502.4351949527886,7470.0,0.0899,1204.096638655462,1195.3659748234863,137.0261595173079,1402.3,717.3,0.1865209516664663
YOCSEQ_FSR,8.45,4.841616301677382,13.040226225031526,64.0,1.0,11.8,7.7521842063780495,6.345076831686122,19.0,1.0,1.95,1.7767591451840927,1.023474474522936,6.0,1.0,2.751,2.667780929329694,0.6310221866147021,3.44,1.2,123.27,116.50393013216512,36.22747714097685,153.9,50.0,1251.6950000000002,164.8252718425958,1716.1726235652986,3823.15,14.009999999999993,1507.3725,237.8688155984936,1974.640547977973,4300.15,20.279999999999973,1073.644075,10.036203281387372,1871.0583286082497,7901.0,0.0899,1209.1799999999998,1192.2976284280148,174.65355593288103,1313.9,593.4,-0.28898919000002765
YOPPAW_FSR,5.6,3.3460105563905107,7.777990926784556,48.0,1.0,9.257142857142858,5.14879991963406,6.589354432471719,16.0,1.0,1.7,1.5714050353271387,0.7435436388384632,5.0,1.0,2.5385714285714283,2.50351517874619,0.4378332549997469,3.44,1.69,110.08285714285716,0.0,47.35309303950655,153.9,0.0,1562.1794285714286,190.54822312790768,1848.4994364092693,3823.15,14.009999999999993,1773.8091428571431,253.53445421575876,2069.446206996826,4300.15,20.279999999999973,1151.43529,11.937004254128333,1689.681286260013,8650.0,0.0899,1213.25,1206.068221997134,128.74799721049757,1402.3,867.8,-0.15087874571421314
YOYWEQ_FSR,9.82857142857143,4.986033543712617,17.527913598088073,79.0,1.0,10.914285714285716,7.552240796214259,5.556830692664548,15.0,1.0,2.057142857142857,1.853907529182044,1.1197667395580235,6.0,1.0,2.5608571428571434,2.5416634495004526,0.3123768002046926,3.04,1.83,101.77428571428572,61.2365833204633,67.34772598921487,222.8,7.0,1893.5054285714289,382.652484407757,1814.7526909044157,3823.15,14.009999999999993,2256.456285714286,490.9849246949119,2050.170995548679,4300.15,20.279999999999973,2361.2779199999995,47.05493451093517,4451.498364252136,19300.0,0.0899,1189.7457142857145,1176.8927679220092,170.18245056888986,1402.3,762.5,0.7540920016668528
YOZYOD_FSR,5.662921348314606,3.834187424825184,5.29138332887911,30.0,1.0,10.269662921348315,6.247321192479752,6.341878013673123,16.0,1.0,1.752808988764045,1.6461560714120358,0.6231651516342493,4.0,1.0,2.600561797752809,2.5586264572397743,0.4784158304813868,3.44,1.65,117.2876404494382,0.0,45.22984204357179,153.9,0.0,1672.6226966292134,238.88262525550127,1860.109839287777,3823.15,14.009999999999993,1902.1708988764044,319.1965100741647,2079.8464764607943,4300.15,20.279999999999973,1205.963384269663,18.46619083730986,1563.5981847530609,7140.0,0.0899,1204.4606741573032,1197.64000904575,125.9997258940995,1402.3,906.4,-0.041930290000057796
YUSGID_FSR,5.60655737704918,3.7282087462981175,5.396655577951564,30.0,1.0,10.0,5.993658089254429,6.337502222976298,16.0,1.0,1.7540983606557377,1.640923045188697,0.6441600886684753,4.0,1.0,2.5390163934426235,2.5058615081275915,0.4223381634678766,3.44,1.65,116.51147540983608,0.0,47.95119136748191,200.0,0.0,1797.8200000000002,277.2968718005084,1869.7161307070733,3823.15,14.009999999999993,2045.322786885246,364.9940212913274,2088.054462590641,4300.15,20.279999999999973,1303.8644590163935,25.142252380272534,1542.3518631277775,7140.0,0.0899,1193.2819672131147,1186.2233941741508,128.4860322933615,1402.3,906.4,-0.2871855199999637
YUYBIF_FSR,6.424242424242424,4.035349915604589,8.030360205628364,48.0,1.0,10.424242424242424,6.444754577019533,6.2669421427055125,16.0,1.0,1.818181818181818,1.6873441562743907,0.7569694543513208,5.0,1.0,2.586060606060606,2.5518970008077777,0.4282235283894374,3.44,1.69,106.6878787878788,0.0,56.41032442346938,200.0,0.0,1554.4009090909092,223.94222124403345,1832.4900582430944,3823.15,14.009999999999993,1773.7336363636364,296.04825818492674,2046.5960471206347,4300.15,20.279999999999973,1212.170272727273,17.944126908087146,1710.6984316728792,8650.0,0.0899,1211.4151515151514,1202.900789610806,140.85455236500783,1402.3,867.8,-0.19765456499999337
ZARZAV_FSR,4.966666666666667,3.3795678004315866,4.320365210900063,30.0,1.0,9.6,5.447762152647175,6.606057825965498,17.0,1.0,1.6666666666666667,1.5691681957935013,0.5676462121975466,4.0,1.0,2.5925,2.5477002011334995,0.5166708333165323,3.98,1.65,127.23333333333332,0.0,69.63615839171167,328.0,0.0,1683.6225000000004,218.90564488859505,1872.9294256446012,3823.15,14.009999999999993,1906.2716666666668,288.07753516967585,2098.510017287795,4300.15,20.279999999999973,1098.6401466666669,14.638958065421807,1362.3302017230744,7140.0,0.0899,1235.2916666666667,1224.4940875918685,168.0544547576436,1681.0,906.4,-0.31577779428568775
ZASJAG_FSR,5.6,3.717144935100978,6.8715193209200685,48.0,1.0,10.133333333333333,6.230941891546788,6.173779681488121,16.0,1.0,1.7555555555555555,1.6452023854465463,0.6718318425702657,5.0,1.0,2.522888888888889,2.497883683829299,0.3672759920291382,3.44,1.69,117.57333333333334,0.0,47.18940747432392,153.9,0.0,2064.2546666666667,366.0303613153114,1882.195068213471,3823.15,14.009999999999993,2334.2975555555554,466.9812648103719,2106.712295629435,4300.15,20.279999999999973,1397.7661466666668,37.06408523318803,1559.8158892551817,8650.0,0.0899,1186.0444444444445,1179.2423470014546,126.50218892362746,1402.3,867.8,-0.20921437500004458
ZAZBUZ_FSR,6.15,4.075237244920426,5.909949238360682,29.0,1.0,10.45,6.479639499646148,6.288680306709827,16.0,1.0,1.8,1.681792830507429,0.6782329983125269,4.0,1.0,2.635,2.590718146536404,0.4986732397071252,3.44,1.9,124.57,118.71544506177344,34.89310963499814,153.9,72.8,1615.064,233.52610948702372,1825.1429062415907,3823.15,14.009999999999993,1890.4639999999995,321.3693334028625,2055.900118919691,4300.15,20.279999999999973,1352.38422,18.37150523450065,2056.253251530522,8960.0,0.0899,1193.95,1183.1913972271027,149.83762044293152,1313.9,745.5,-0.037861176666676016
ZEDROR_FSR,5.2,3.4028085292266934,5.183405473980624,30.0,1.0,9.446153846153846,5.368633527697199,6.506873925628471,16.0,1.0,1.6923076923076923,1.5817684914022272,0.6305815855975136,4.0,1.0,2.532769230769231,2.498898403662733,0.4267570293857822,3.44,1.65,108.5923076923077,0.0,49.52730810896863,153.9,0.0,1625.1946153846156,210.66205138751957,1856.246838786494,3823.15,14.009999999999993,1845.8847692307693,277.5305926885383,2077.999853148072,4300.15,20.279999999999973,1158.7475938461537,14.144324605494912,1532.163797652618,7140.0,0.0899,1211.6415384615384,1204.5543832143246,128.89807290116147,1402.3,906.4,-0.515680084999957
ZERQOE_FSR,6.0,4.451943617128077,4.0,20.0,1.0,11.030303030303031,7.219145066773641,6.132303183341073,16.0,1.0,1.8484848484848484,1.7478785263765275,0.6090833709770236,4.0,1.0,2.6348484848484848,2.5724719530838143,0.5360524692326597,3.44,1.0,127.91727272727272,111.61746862958734,41.47183821931765,200.0,2.37,1800.0496969696972,315.2981288988157,1856.53029412312,3823.15,14.009999999999993,2056.4093939393933,424.0046371494429,2070.6437871171624,4300.15,20.279999999999973,1134.004581818182,31.9879460723292,1106.745508491633,2260.0,0.0899,1178.6090909090906,1166.1541016742426,155.19057563473444,1313.9,589.8,0.0065958800000012995
ZEXKUK_FSR,4.75,3.359235237106263,3.754898761069645,27.0,1.0,9.544117647058824,5.556701514383807,6.364963433953956,16.0,1.0,1.6764705882352942,1.5820165647831206,0.5541601082769638,4.0,1.0,2.510882352941177,2.4889377928257064,0.3473798365838925,3.44,1.88,114.36029411764704,96.63091200323898,46.46775649879325,153.9,7.0,1950.263823529412,300.1497531875113,1884.4652057695228,3823.15,14.009999999999993,2215.480294117648,384.1303412672594,2118.7237958594533,4300.15,20.279999999999973,1261.0927441176473,24.15419932791643,1458.8688347386558,8900.0,0.0899,1196.589705882353,1189.1720966960538,130.6137673354557,1402.3,760.4,-0.3062123400000018
ZEZPUR_FSR,5.672727272727273,3.4628601271572994,8.669810830387865,66.0,1.0,9.763636363636364,5.539037600657339,6.685027058797856,19.0,1.0,1.709090909090909,1.585767360425105,0.7549287088009707,6.0,1.0,2.579818181818182,2.5364745023721023,0.4721189792610676,3.44,1.22,109.72545454545454,90.42918068401472,47.25733504655632,153.9,7.0,1509.0427272727277,181.49517346648992,1831.9690400772756,3823.15,14.009999999999993,1721.2834545454546,241.40401343918884,2060.600493699232,4300.15,20.279999999999973,1018.7393272727276,10.095828167393458,1497.26165727333,8551.0,0.0899,1219.3418181818176,1208.7182929467162,146.12699792976977,1402.3,573.0,-0.3925005449999996
ZEZQAY_FSR,5.654545454545454,3.461899003826701,8.543404009299554,65.0,1.0,9.763636363636364,5.539037600657339,6.685027058797856,19.0,1.0,1.709090909090909,1.585767360425105,0.7549287088009707,6.0,1.0,,,,,,109.72545454545454,90.42918068401472,47.25733504655632,153.9,7.0,1508.0245454545457,181.3836833149261,1831.8864393960052,3823.15,14.009999999999993,1733.3380000000002,242.3266436587196,2069.0326487185434,4300.15,20.279999999999973,1012.702963636364,10.08856184455196,1467.250890793144,8219.0,0.0899,1219.210909090909,1208.4404282947014,146.7080399020477,1402.3,565.8,-0.1799864128571796
ZEZQEC_FSR,5.636363636363637,3.460923251764017,8.417219658346779,64.0,1.0,9.763636363636364,5.539037600657339,6.685027058797856,19.0,1.0,1.709090909090909,1.585767360425105,0.7549287088009707,6.0,1.0,2.5794545454545457,2.535712323217901,0.4731727271853968,3.44,1.2,109.72545454545454,90.42918068401472,47.25733504655632,153.9,7.0,1507.2427272727273,181.2954905885865,1831.8437536045035,3823.15,14.009999999999993,1733.7016363636365,242.3517275800288,2069.345398419301,4300.15,20.279999999999973,1006.9211454545456,10.081326500053551,1439.2009473443056,7901.0,0.0899,1219.7127272727269,1209.4873480709628,144.5028040678487,1402.3,593.4,-0.15929264666662366
ZIDVAL_FSR,5.193103448275863,3.625614761772847,4.127780653962792,25.0,1.0,9.89655172413793,5.895996890968456,6.382869463818934,16.0,1.0,1.7241379310344829,1.6219435631752317,0.5928628220782746,4.0,1.0,2.558137931034483,2.5253200756797423,0.4196139214134765,3.44,1.55,112.77241379310344,0.0,50.14044067143135,200.0,0.0,1740.0417241379314,252.5056011599743,1863.9221343235251,3823.15,14.009999999999993,1979.4436551724136,329.98628819942707,2089.226240675064,4300.15,20.279999999999973,1179.3968772413791,19.30160071952947,1439.0626466867377,7470.0,0.0899,1202.3193103448275,1193.4386217757888,140.14487297155765,1402.3,717.3,0.03521239285717974
ZIKJIO_FSR,4.972972972972973,3.245569489987248,4.8601328337229335,29.0,1.0,9.135135135135137,5.048827598211807,6.58689182396807,16.0,1.0,1.662162162162162,1.5530832182233842,0.6211808072735786,4.0,1.0,2.5354054054054056,2.5039404365893403,0.4195080426030225,3.44,1.9,113.45945945945944,99.35845452947586,43.284127041698206,153.9,7.0,1602.0808108108108,196.91003016798783,1846.457540707199,3823.15,14.009999999999993,1843.2094594594596,262.65591960989826,2077.9310815014965,4300.15,20.279999999999973,1158.657433783784,12.063488047727835,1702.3321988742227,8960.0,0.0899,1209.1878378378378,1200.4706467818403,138.0190526925028,1402.3,745.5,-0.035990231666592855
ZIWMEZ_FSR,6.777777777777778,3.798297686177885,10.063992777088222,47.0,1.0,9.666666666666666,5.797764852073261,6.182412330330469,15.0,1.0,1.8333333333333333,1.6702998497050887,0.8975274678557508,5.0,1.0,2.480555555555556,2.4613231914487623,0.3120625333027949,3.04,1.93,100.8111111111111,70.83970139708593,54.9096418257495,153.9,7.0,1782.9633333333331,279.27928844677643,1844.6426123115436,3823.15,14.009999999999993,2066.117222222222,357.65473606066,2068.8371708973928,4300.15,20.279999999999973,1587.4606888888893,24.07432172402588,2421.4359702650104,10490.0,0.0899,1194.5500000000002,1180.967198639223,170.052969688859,1402.3,731.0,0.16958793500003821
ZIYPUU_FSR,6.166666666666667,3.770407594744492,8.238459942381358,48.0,1.0,10.033333333333331,5.949979155864663,6.441963123838018,16.0,1.0,1.7666666666666666,1.6366331016465636,0.7608474807008884,5.0,1.0,2.602,2.5616253675498983,0.4677705990475815,3.44,1.69,104.89666666666666,0.0,52.59543378997417,153.9,0.0,1441.745666666667,181.1326435558593,1814.7942661757984,3823.15,14.009999999999993,1640.9309999999998,241.71077958250663,2031.167625385868,4300.15,20.279999999999973,1117.3932333333337,11.165837358106112,1765.8717002192286,8650.0,0.0899,1223.8566666666663,1215.9451364007266,135.1627776259261,1402.3,867.8,-0.1442540350000456
ZOMNEW_FSR,5.571428571428571,3.1600662984681875,7.455080904491714,42.0,1.0,8.476190476190476,4.497298000353042,6.634104149655832,16.0,1.0,1.6904761904761905,1.544042617876335,0.8014301276050874,5.0,1.0,2.500714285714286,2.468857985823888,0.4138632903861511,3.44,1.65,98.30714285714284,0.0,50.23262738242443,153.9,0.0,1377.0645238095235,148.78582779267248,1785.422053257466,3823.15,14.009999999999993,1603.0923809523806,198.8171026242624,2050.1331888276004,4912.15,20.279999999999973,1168.3890047619047,7.60244667929393,2016.7680071908933,10280.0,0.0899,1221.011904761905,1210.2931846108445,150.81855576499382,1402.3,684.3,-0.21366142249996753
ZOMNUM_FSR,5.142857142857143,3.118240256905658,5.646623215825241,30.0,1.0,8.476190476190476,4.497298000353042,6.634104149655832,16.0,1.0,1.6666666666666667,1.5358609630414883,0.7126966450997982,4.0,1.0,2.488809523809524,2.4534295585393,0.4303553480829333,3.44,1.65,98.12619047619046,0.0,50.34099938242051,153.9,0.0,1360.0169047619047,147.78318619334334,1774.219208886905,3823.15,14.009999999999993,1556.235238095238,196.40864752605188,1995.7352996031527,4300.15,20.279999999999973,1094.817576190476,7.538008374531978,1717.139388342949,7190.0,0.0899,1220.264285714286,1208.9403597287446,153.5306651879722,1402.3,652.9,-0.23353802750000338
ZUSBIA_FSR,5.354838709677419,3.5275176792367384,5.252025029402404,30.0,1.0,9.67741935483871,5.594003971671651,6.477689237405542,16.0,1.0,1.7096774193548387,1.599276462233168,0.6321263852343685,4.0,1.0,2.561935483870968,2.5268791563247848,0.4299243696042416,3.44,1.65,95.21612903225804,0.0,56.13178673256181,153.9,0.0,1399.3948387096773,169.11872038168653,1801.2953989100874,3823.15,14.009999999999993,1592.3364516129034,221.83493662093048,2018.0973931764229,4300.15,20.279999999999973,1032.630029032258,9.417238663102305,1546.1413568622609,7140.0,0.0899,1233.6483870967745,1225.7820271328717,136.11394152710332,1402.3,906.4,-0.44382014500004624
ZUSBOG_FSR,5.354838709677419,3.52751767923674,5.252025029402401,30.0,1.0,9.67741935483871,5.594003971671654,6.477689237405542,16.0,1.0,1.7096774193548387,1.599276462233168,0.6321263852343686,4.0,1.0,2.561935483870968,2.526879156324785,0.4299243696042415,3.44,1.65,95.21612903225808,0.0,56.13178673256181,153.9,0.0,1399.3948387096775,169.11872038168653,1801.2953989100877,3823.15,14.009999999999993,1592.3364516129031,221.83493662093008,2018.0973931764224,4300.15,20.279999999999973,1032.6300290322583,9.41723866310231,1546.141356862261,7140.0,0.0899,1233.6483870967738,1225.7820271328726,136.11394152710335,1402.3,906.4,-0.3765367514285702
core_ACAJIZ_freeONLY,5.0344827586206895,3.1571395892498075,5.314150002559461,29.0,1.0,8.827586206896552,4.75651311850425,6.638804241714751,16.0,1.0,1.6551724137931034,1.5376100332595832,0.65788910442548,4.0,1.0,2.5224137931034485,2.4898208946073908,0.4266522057101504,3.44,1.9,112.27241379310348,99.37097960349844,42.41795241730855,153.9,7.0,1512.5168965517244,175.06958222646708,1822.2724139232157,3823.15,14.009999999999993,1752.3627586206896,236.02938949772437,2054.7110211630597,4300.15,20.279999999999973,1166.4843379310348,10.007945776232052,1828.937172255076,8960.0,0.0899,1210.306896551724,1200.8401583625546,142.45875369439997,1402.3,745.5,-0.460790441666821
core_ACOGAB_freeONLY,5.310344827586207,3.1559027112696243,7.056928355320637,48.0,1.0,8.89655172413793,4.784496282672602,6.667875435401988,17.0,1.0,1.6666666666666667,1.5415588626035166,0.7057508704831609,5.0,1.0,2.5132183908045977,2.488573375282172,0.3622677432820894,3.44,1.69,101.64137931034482,0.0,62.58501262278418,324.6,0.0,1436.1733333333336,161.39058865793552,1822.09560672211,3823.15,14.009999999999993,1624.4672413793105,209.0937553360505,2044.221682261215,4300.15,20.279999999999973,1002.6892459770116,8.848898335408187,1398.9567921622386,8650.0,0.0899,1232.5379310344824,1225.6234071810643,128.30839307563016,1402.3,867.8,-0.22545967428569771
core_ACOGEF_freeONLY,5.724137931034483,3.186150712689523,9.03593039204821,53.0,1.0,8.89655172413793,4.784496282672602,6.667875435401988,17.0,1.0,1.6896551724137931,1.5494869710182493,0.792353468488004,5.0,1.0,2.50632183908046,2.4824673892412936,0.3565064038132219,3.44,1.69,100.96551724137932,0.0,60.29028786578613,295.2,0.0,1438.9549425287355,162.78829319821804,1820.39843800959,3823.15,14.009999999999993,1627.3477011494256,210.63797960753112,2042.4862239779104,4300.15,20.279999999999973,1044.5283264367818,8.942873257370037,1486.152547389309,8650.0,0.0899,1229.5149425287352,1222.174669531335,131.95270010150287,1402.3,867.8,-0.36283375428567005
core_ADAXEK_freeONLY,5.714285714285714,4.01654637330424,4.853990573723431,27.0,1.0,10.5,6.656342311693631,6.138287336755378,16.0,1.0,1.7857142857142858,1.681792830507429,0.618589574131742,4.0,1.0,2.6025,2.5670639877118453,0.4453058740108549,3.44,1.88,119.95714285714284,106.15633911830112,42.638885912236674,153.9,7.0,1854.2314285714283,303.1414691348685,1860.2251422028664,3823.15,14.009999999999993,2135.4625,400.1669250057405,2095.847322129141,4300.15,20.279999999999973,1367.4684,26.9492246745036,1824.9232541583613,8900.0,0.0899,1191.167857142857,1181.9283099745169,142.0106335394125,1402.3,760.4,-0.07434234333336083
core_ADAXIO_freeONLY,5.714285714285714,4.016546373304239,4.853990573723429,27.0,1.0,10.5,6.656342311693631,6.138287336755378,16.0,1.0,1.7857142857142858,1.681792830507429,0.6185895741317419,4.0,1.0,2.6025,2.567063987711845,0.4453058740108549,3.44,1.88,119.95714285714288,106.15633911830112,42.638885912236674,153.9,7.0,1854.2314285714283,303.1414691348688,1860.2251422028664,3823.15,14.009999999999993,2135.4625,400.1669250057405,2095.847322129141,4300.15,20.279999999999973,1367.4684,26.9492246745036,1824.9232541583613,8900.0,0.0899,1191.167857142857,1181.9283099745155,142.01063353941248,1402.3,760.4,-0.0454166100000748
core_AFITUF_freeONLY,7.051282051282051,4.470500981867325,7.977367723268244,35.0,1.0,11.0,7.270642580749575,5.94418483337567,17.0,1.0,1.8974358974358971,1.766033635503297,0.7440316988998414,4.0,1.0,2.562051282051282,2.53434225460618,0.3847755222182881,3.44,1.65,132.8230769230769,0.0,62.56367202457998,324.6,0.0,2100.8482051282053,441.2167338870779,1863.6616875138675,3823.15,14.009999999999993,2379.198974358975,560.642221578362,2082.9604592647665,4300.15,20.279999999999973,1560.2016923076926,68.2631544044129,1456.8412115176595,7140.0,0.0899,1173.8615384615384,1167.850740876296,119.35347333711384,1402.3,906.4,-0.2895839285713788
core_AFIXAO_freeONLY,5.705882352941177,3.6114872329334826,5.908764237104793,27.0,1.0,9.352941176470589,5.46229366029496,6.305377503934878,15.0,1.0,1.7647058823529411,1.63114196696555,0.7299808027053446,4.0,1.0,2.5023529411764707,2.477901733389824,0.3519446716504089,3.04,1.88,85.40588235294119,54.220292743772966,56.4452829331019,153.9,7.0,1473.1358823529415,192.0857187046244,1781.4417537524084,3823.15,14.009999999999993,1731.3041176470592,247.89478080731735,2032.9501743555984,4300.15,20.279999999999973,1321.5025529411764,11.742020258639288,2171.5721243617527,8900.0,0.0899,1221.2117647058824,1207.5173150202088,171.8169096737192,1402.3,760.4,-0.3056086933333972
core_AGARUW_freeONLY,8.421052631578947,5.194913271879337,11.737550132054515,57.0,1.0,12.31578947368421,8.606203074509779,5.9608603368707325,19.0,1.0,2.0,1.8313312432986424,1.025978352085154,6.0,1.0,2.7560526315789478,2.668938073388318,0.6246958816883122,3.44,1.1,111.37631578947368,86.67202026545988,49.95130488896966,153.9,7.0,1197.7968421052633,167.76689546150655,1694.89173841049,3823.15,14.009999999999993,1484.7600000000002,241.4118164209877,1971.4970201787485,4300.15,20.279999999999973,978.323689473684,10.31192084711006,1584.1302586206648,6146.0,0.0899,1216.1473684210523,1194.291827854503,194.7146924103141,1402.3,538.1,0.28376637833330653
core_AHOKIR01_freeONLY,7.636363636363637,4.242696584724194,7.934650445101562,29.0,1.0,9.636363636363637,5.47485629165827,6.664324657495002,16.0,1.0,1.9090909090909087,1.7176679104342307,0.8999540851465153,4.0,1.0,2.5736363636363637,2.5180164156075917,0.5569604641962352,3.44,1.9,110.12727272727274,104.1721988924898,35.50180765971556,153.9,71.0,867.455454545454,113.4414586622093,1443.1576586988538,3823.15,14.009999999999993,1121.9063636363635,170.8009102760451,1692.4391063210985,4300.15,20.279999999999973,1391.6042363636366,8.46066059966842,2567.5943693577456,8960.0,0.0899,1192.727272727273,1176.6262988742576,179.96661352448425,1313.9,745.5,-0.3076513050000121
core_AKEDIF_freeONLY,4.8,3.3068659258081663,4.295452140451468,30.0,1.0,9.418181818181818,5.413076416388162,6.392299085877146,16.0,1.0,1.6727272727272726,1.5741199219165731,0.5738085032021635,4.0,1.0,2.488909090909091,2.4661470769632565,0.349111457728553,3.44,1.65,115.3309090909091,0.0,46.16918638985126,153.9,0.0,1970.301454545455,304.9575892771622,1888.964177490278,3823.15,14.009999999999993,2227.3758181818184,390.6717253858029,2116.3239254619107,4300.15,20.279999999999973,1280.5457454545458,25.821058054598183,1373.8039698635755,7140.0,0.0899,1193.2472727272725,1186.8991569326547,122.77247375020106,1402.3,906.4,-0.4090473628571739
core_AKUKUO_freeONLY,5.670103092783505,3.681728947665944,5.255770808691678,28.0,1.0,9.731958762886595,5.648716438452184,6.497446705362126,16.0,1.0,1.7525773195876289,1.6296188079459946,0.6739776960280888,4.0,1.0,2.561546391752578,2.52650290028489,0.4415234642658188,3.44,1.91,106.78144329896908,86.89216368902117,47.188246242935314,153.9,7.0,1424.634948453608,182.0827499752033,1786.3555266439516,3823.15,14.009999999999993,1655.1551546391752,246.1470838034055,2017.5142345077693,4300.15,20.279999999999973,1143.1862948453609,12.47280279866687,1753.4716187571182,8908.0,0.0899,1210.5206185567008,1200.3344147058317,148.7851027198959,1402.3,737.1,-0.21659075833326824
core_ALAMUW_freeONLY,5.567567567567568,3.913433386427754,4.72795333436373,29.0,1.0,10.486486486486486,6.533526640662619,6.24119540534145,16.0,1.0,1.7567567567567568,1.658328396134907,0.5884200285696551,4.0,1.0,2.623243243243243,2.5867157608731217,0.4531097000641059,3.44,1.9,118.44864864864864,101.804288241009,43.93856658232019,153.9,7.0,1707.900810810811,251.75192664110432,1858.596475929399,3823.15,14.009999999999993,1963.4351351351356,335.0952191964081,2088.154208320756,4300.15,20.279999999999973,1219.8241594594597,19.089192782997472,1700.1453932512293,8960.0,0.0899,1204.416216216216,1195.5356450634988,139.7499398317591,1402.3,745.5,-0.09135877666669023
core_ALIXUP_freeONLY,6.5,4.154704216516915,6.549975107818615,29.0,1.0,10.369565217391305,6.391521104203539,6.315469949301422,16.0,1.0,1.826086956521739,1.6945116613168825,0.7314175583156837,4.0,1.0,2.633260869565217,2.585890073165904,0.5143339058721276,3.44,1.9,123.53695652173911,117.74633497526597,34.719543166547595,153.9,72.8,1520.026086956521,214.22358319674407,1792.2994155025478,3823.15,14.009999999999993,1803.802608695652,299.15558422121427,2026.4515916148628,4300.15,20.279999999999973,1419.9653608695653,16.57079174164621,2259.8775929646304,8960.0,0.0899,1192.2130434782607,1179.8285707446696,159.2928825734638,1313.9,745.5,-0.36764667800025563
core_AMAFOK_freeONLY,6.2,4.461352144102682,5.283937925449161,29.0,1.0,11.24,7.602225021965472,5.839726020970505,16.0,1.0,1.84,1.7411011265922485,0.6118823416311342,4.0,1.0,2.6608,2.624561681148481,0.4462906676147283,3.44,1.9,107.44799999999998,76.5300137732653,54.31864593304955,153.9,7.0,1605.7972,250.98317652250103,1828.363152005684,3823.15,14.009999999999993,1865.1508,331.3042288181168,2059.517169414074,4300.15,20.279999999999973,1262.850376,19.453795589455773,1912.9854957377647,8960.0,0.0899,1213.8919999999996,1202.4815955521033,157.6611630554589,1402.3,745.5,-0.3279646249999549
core_AMAGAX_freeONLY,6.2,4.461352144102682,5.283937925449162,29.0,1.0,11.24,7.602225021965469,5.839726020970505,16.0,1.0,1.84,1.7411011265922482,0.6118823416311343,4.0,1.0,2.6608,2.624561681148481,0.4462906676147284,3.44,1.9,107.448,76.53001377326535,54.31864593304955,153.9,7.0,1605.7972000000002,250.98317652250125,1828.363152005684,3823.15,14.009999999999993,1865.1508,331.3042288181165,2059.517169414074,4300.15,20.279999999999973,1262.850376,19.453795589455765,1912.9854957377647,8960.0,0.0899,1213.8919999999998,1202.4815955521033,157.66116305545893,1402.3,745.5,-0.13604587333323553
core_AMIMEP_freeONLY,5.235294117647059,3.4890267186544817,5.070438103414105,30.0,1.0,9.647058823529411,5.600520093182492,6.430087150361624,16.0,1.0,1.7058823529411764,1.5982250679776535,0.6197443384031023,4.0,1.0,2.5335294117647065,2.5011311405609096,0.4172520916166598,3.44,1.65,110.59117647058824,0.0,49.30825827293066,153.9,0.0,1722.1632352941178,239.39945007556383,1870.125140277612,3823.15,14.009999999999993,1954.1611764705883,313.19764231102533,2093.225967726208,4300.15,20.279999999999973,1207.3322588235294,17.692801573901654,1514.9594361341888,7140.0,0.0899,1206.120588235294,1199.085325580264,128.61621382422013,1402.3,906.4,-0.34557861285725266
core_ANONAT_manual,6.392857142857143,4.929428787305782,4.908733366695131,29.0,1.0,12.035714285714286,8.93755500633369,5.247326821869417,16.0,1.0,1.8928571428571428,1.8114473285278128,0.5567306167185678,4.0,1.0,2.6725000000000003,2.637023922679291,0.4475139662625066,3.44,1.9,130.13928571428573,117.22918242456667,38.22693832594379,153.9,7.0,2113.115,470.67074846856593,1852.474657221099,3823.15,14.009999999999993,2430.6307142857145,616.1575455513463,2070.552880428194,4300.15,20.279999999999973,1531.081232142857,61.356941784155545,1805.3268516284024,8960.0,0.0899,1174.5964285714283,1165.3498982809465,141.82723263117114,1402.3,745.5,-0.1480853716666388
core_ANUGOG_freeONLY,5.846153846153846,4.113272834691403,5.260098768393465,29.0,1.0,10.692307692307692,6.957427000555058,5.959925340066903,16.0,1.0,1.807692307692308,1.704360792857149,0.6213651700539812,4.0,1.0,2.567692307692308,2.53726435225203,0.4132545098856495,3.44,1.9,128.71538461538464,122.87975205594154,34.793607860194584,153.9,72.8,2123.0515384615383,422.3879085180697,1853.2359083250367,3823.15,14.009999999999993,2443.854230769231,552.1073138935236,2072.4250381157394,4300.15,20.279999999999973,1561.782511538462,50.14657382342389,1843.5931500709949,8960.0,0.0899,1169.0807692307692,1160.0762546808196,138.91981920748046,1313.9,745.5,-0.3919458740001119
core_APARAM_freeONLY,5.295081967213115,3.858348503634162,3.738783278436642,25.0,1.0,10.508196721311476,6.547423174836784,6.297600247660494,17.0,1.0,1.7377049180327868,1.648680078714814,0.5402379361732486,4.0,1.0,2.6454098360655744,2.594906518343047,0.5517143884843214,3.98,1.55,138.90819672131147,0.0,76.18513967030745,328.0,0.0,1920.207049180328,312.8884422462768,1881.4187005532,3823.15,14.009999999999993,2175.894918032787,405.3266522801397,2109.605858416291,4300.15,20.279999999999973,1234.2624950819672,27.558350985051835,1379.6013346070006,7470.0,0.0899,1230.729508196721,1215.9904118083289,194.5809177578722,1681.0,717.3,-0.28385439374997645
core_ASACON_freeONLY,8.434782608695652,6.609292851706846,6.920832363590011,30.0,1.0,13.478260869565217,11.57006421275166,4.041841651023339,16.0,1.0,2.0869565217391304,2.0,0.6536215816683871,4.0,1.0,2.789565217391304,2.7252213600383866,0.5776224000599697,3.44,1.65,128.41739130434783,0.0,45.24675008433984,153.9,0.0,1745.15347826087,384.4279750331759,1830.941126623632,3823.15,14.009999999999993,2009.3308695652172,531.7818780387646,2031.4066008276625,4300.15,20.279999999999973,1604.0452521739132,57.956156491001884,2020.0851409202337,7140.0,0.0899,1179.4304347826085,1171.1239200699522,137.2620231045991,1313.9,906.4,0.33643932571408186
core_ASUWUI_freeONLY,5.30718954248366,3.69969167013143,4.779150040317263,30.0,1.0,10.117647058823527,6.19563308218134,6.202404316091392,16.0,1.0,1.738562091503268,1.6385484140000752,0.5915664574632555,4.0,1.0,2.5307189542483663,2.5033206197306805,0.3812742731159327,3.44,1.65,111.8156862745098,0.0,51.16862309301384,153.9,0.0,1931.1911764705883,317.9490390547542,1882.5900428343416,3823.15,14.009999999999993,2186.973921568628,406.919346285033,2107.1457865549755,4300.15,20.279999999999973,1309.528785620915,28.80128101950702,1468.0065242190508,7140.0,0.0899,1196.6267973856209,1189.5179763769404,129.9567836696854,1402.3,906.4,-0.11634377714264178
core_ATIXAE_freeONLY,6.295081967213115,4.037600234109737,8.357472875345382,65.0,1.0,10.655737704918034,6.637914821422892,6.313880742424738,19.0,1.0,1.819672131147541,1.6931029176799788,0.7576537710354978,6.0,1.0,,,,,,121.61639344262296,104.20874142123692,47.57300233249076,200.0,7.0,1815.1239344262292,301.4919250266338,1861.7473037914367,3823.15,14.009999999999993,2088.198032786885,399.4089791871704,2086.922109314018,4300.15,20.279999999999973,1268.7836590163936,30.34386838176822,1425.1318708047972,8219.0,0.0899,1185.5852459016394,1175.0219378868526,147.27423826904152,1402.3,565.8,0.11665720499983458
core_ATOWIQ_freeONLY,5.73469387755102,3.7764816450748815,5.6848366523086575,30.0,1.0,10.06122448979592,6.031872882297956,6.367673984274987,16.0,1.0,1.7551020408163265,1.640670712015276,0.6556072818044495,4.0,1.0,2.5742857142857147,2.5338926863044247,0.4652890258226819,3.44,1.65,110.03673469387756,0.0,50.38637933004154,153.9,0.0,1606.1320408163265,222.14270296208903,1845.7060907027048,3823.15,14.009999999999993,1829.425714285714,295.2008253505332,2063.817937102525,4300.15,20.279999999999973,1214.2168040816327,16.441978740235925,1640.491596568906,7140.0,0.0899,1209.2428571428568,1201.767204986165,131.9497724476234,1402.3,906.4,-0.3469826116666089
core_ATULIM_freeONLY,6.352941176470588,4.134139974488507,6.471122972556739,30.0,1.0,10.470588235294118,6.562811398134367,6.18458850272974,16.0,1.0,1.8235294117647056,1.6990235884354028,0.7058823529411764,4.0,1.0,2.58,2.535103743831526,0.4865001057977032,3.44,1.65,110.0764705882353,0.0,52.01898442380848,153.9,0.0,1632.4929411764704,246.70040546198905,1839.1742849882223,3823.15,14.009999999999993,1866.5123529411765,329.18676813647767,2052.81009904366,4300.15,20.279999999999973,1350.9404411764706,21.535428332115945,1810.218161149299,7140.0,0.0899,1200.9352941176471,1192.812172173982,136.96860070050607,1402.3,906.4,-0.08303106124992604
core_AVELOD_freeONLY,4.75,3.0580765808122288,4.884072754030868,29.0,1.0,8.694444444444445,4.692281757367749,6.543951594345408,16.0,1.0,1.6388888888888888,1.5274351309146432,0.6303780954394566,4.0,1.0,2.476388888888889,2.453913682192359,0.3483863817482742,3.44,1.9,106.16388888888888,86.03130306872887,48.00333988830464,153.9,7.0,1644.833888888889,201.3611790788065,1853.7824588531264,3823.15,14.009999999999993,1890.393888888889,263.3178898778721,2086.987680874941,4300.15,20.279999999999973,1190.776652777778,12.249425824677886,1714.7193127568837,8960.0,0.0899,1209.9361111111111,1200.6927947004915,142.70522678424643,1402.3,745.5,-0.03338737200015202
core_AVELUJ_freeONLY,4.722222222222222,3.0550971458494707,4.746993850563108,28.0,1.0,8.666666666666666,4.6798753482409445,6.536223850375859,16.0,1.0,1.6388888888888888,1.5274351309146432,0.6303780954394566,4.0,1.0,2.4766666666666666,2.454271526787795,0.3479303889509444,3.44,1.91,105.98611111111111,85.8986069907567,47.9695340397179,153.9,7.0,1655.1222222222225,202.71487269811428,1853.1884226637785,3823.15,14.009999999999993,1900.143888888889,264.17299908143303,2092.192035113037,4300.15,20.279999999999973,1189.3322083333337,12.24744549842382,1708.1835156767293,8908.0,0.0899,1209.7027777777776,1200.314917240038,143.46924464480398,1402.3,737.1,0.2802586459997656
core_AVIMIC_freeONLY,5.633333333333334,3.87996669932209,5.218450174354663,30.0,1.0,10.366666666666667,6.452431308534032,6.18860960869959,16.0,1.0,1.7666666666666666,1.6624757922855755,0.6155395104206461,4.0,1.0,2.563333333333333,2.5273929304844827,0.4422543260262006,3.44,1.65,122.29000000000002,0.0,42.32272321106005,153.9,0.0,1948.009,330.8943129580699,1878.843453039396,3823.15,14.009999999999993,2210.539,433.6785709681583,2099.301876517286,4300.15,20.279999999999973,1368.2651366666666,32.92133506723114,1543.0394870343782,7140.0,0.0899,1186.0466666666666,1179.5944789227474,122.65886225173008,1313.9,906.4,-0.3248060350001651
core_AVIPAX_freeONLY,4.857142857142857,3.452101551737491,3.1134992453861954,12.0,1.0,9.357142857142858,5.237336237750431,6.68801852843835,16.0,1.0,1.6785714285714286,1.5841936073609084,0.5380899704756915,3.0,1.0,2.574642857142857,2.523364416886253,0.506609755016177,3.44,1.31,106.64285714285714,0.0,50.32676388627931,153.9,0.0,1417.6821428571432,171.35514752352714,1800.4650861163566,3823.15,14.009999999999993,1613.3364285714288,229.3568528454249,2017.3175372795963,4300.15,20.279999999999973,869.5909285714287,9.431612703274991,1084.3593022004638,2260.0,0.0899,1217.742857142857,1207.6160828930324,147.10124897151482,1402.3,737.7,-0.39880126500005036
core_AWEJIW_freeONLY,6.087912087912088,3.7441851710184753,8.190920129246775,48.0,1.0,10.0,5.974106735181249,6.367845047537711,16.0,1.0,1.7692307692307692,1.640243174207192,0.7570463582263666,5.0,1.0,2.562747252747253,2.52565032164484,0.451525049343622,3.44,1.69,119.821978021978,0.0,42.62733169078778,153.9,0.0,1798.3830769230772,268.2933941184999,1877.263532815488,3823.15,14.009999999999993,2041.529120879121,355.7734636656869,2098.531751474987,4300.15,20.279999999999973,1328.5226483516485,22.918480221399687,1749.0161819865957,8650.0,0.0899,1193.6131868131863,1186.6547775472634,126.33047382685128,1313.9,867.8,-0.3394544455556519
core_AXUBAW_manual,5.348314606741573,3.258796955010168,6.013283280466252,30.0,1.0,8.9438202247191,4.875145406349691,6.599897089020281,16.0,1.0,1.6853932584269662,1.5588146962777265,0.6966292134831461,4.0,1.0,2.4979775280898875,2.4609315499654825,0.4460366785323117,3.44,1.65,112.29438202247192,0.0,44.9246919406958,153.9,0.0,1591.2531460674156,197.01464707219995,1844.526757163264,3823.15,14.009999999999993,1813.8126966292136,264.3121106791839,2062.439867349634,4300.15,20.279999999999973,1235.3012741573034,13.46991235924305,1682.630246594952,7140.0,0.0899,1202.834831460674,1195.8515783946054,126.67242288420007,1313.9,906.4,-0.3076119050000443
core_BARZUR_freeONLY,5.797101449275362,4.101063788854799,4.4447647437619455,30.0,1.0,10.869565217391305,6.79537953323,6.376844532194248,17.0,1.0,1.7681159420289856,1.6720211723186975,0.5683672913370312,4.0,1.0,2.7233333333333336,2.671507641555484,0.5528835259226981,3.98,1.65,117.968115942029,0.0,86.15898262952432,328.0,0.0,1264.7231884057967,160.43089000410194,1753.1073925267283,3823.15,14.009999999999993,1443.5476811594203,214.25574632324415,1962.030288801458,4300.15,20.279999999999973,881.3849275362319,9.285208954379785,1304.5523998270348,7140.0,0.0899,1273.1246376811594,1260.404008849836,182.1355542381068,1681.0,906.4,0.17423754428552582
core_BAXSIE_freeONLY,6.315789473684211,4.926275215435932,3.212682623585654,12.0,1.0,10.736842105263158,6.876184236545729,6.438715998699691,16.0,1.0,1.894736842105263,1.8038116260388053,0.5520046569316588,3.0,1.0,2.6784210526315797,2.580393247922321,0.6682519471127223,3.44,1.31,101.08947368421052,0.0,58.42082266431741,153.9,0.0,1130.173157894737,171.7457452711935,1631.032000528476,3823.15,14.009999999999993,1316.0205263157895,238.5640016781244,1825.6793990946685,4300.15,20.279999999999973,778.2860842105264,11.551862908220196,1027.783718440512,2260.0,0.0899,1202.3105263157893,1183.858954381159,192.1647097639688,1402.3,737.7,-0.5014098499999591
core_BEXSEE_freeONLY,5.294736842105263,3.442496614368772,4.892257436550611,27.0,1.0,9.442105263157895,5.260508074936607,6.714815966398772,16.0,1.0,1.6842105263157894,1.5720330829069216,0.6368203563054389,4.0,1.0,2.631368421052631,2.5853316677033398,0.5090581820253757,3.44,1.88,113.96736842105264,103.29557041224386,40.63344601655213,153.9,7.0,1283.6401052631577,139.8115156755632,1751.4686462518096,3823.15,14.009999999999993,1491.1131578947368,193.72308778987025,1985.3650988318243,4300.15,20.279999999999973,995.1582568421056,6.739897088428124,1767.4714517001892,8900.0,0.0899,1225.751578947368,1217.183155166948,135.64679123072222,1402.3,760.4,-0.3467789433333337
core_BEYSEF_freeONLY,5.4,3.528009595446476,5.176871642217915,27.0,1.0,9.48,5.451029372726202,6.475306942531759,16.0,1.0,1.72,1.602139755179244,0.664529909033446,4.0,1.0,2.5664,2.53414072867226,0.4161430523269612,3.44,1.88,90.684,60.7304318269527,55.01099293777563,153.9,7.0,1316.1756,154.19293308134544,1752.459604441894,3823.15,14.009999999999993,1534.0467999999998,203.05098395338663,1993.87767996278,4300.15,20.279999999999973,1079.5968840000005,7.700125969992969,1907.171478218593,8900.0,0.0899,1235.9879999999998,1224.8433554584735,155.8713092778783,1402.3,760.4,-0.29897057000008925
core_BIBXOB_freeONLY,5.691489361702128,3.941321839617201,5.285521363089365,28.0,1.0,10.287234042553193,6.552073062016019,5.9744533096744,16.0,1.0,1.797872340425532,1.6880049666675687,0.645438779239043,4.0,1.0,2.5131914893617022,2.492739784442461,0.3274018052107053,3.44,1.91,109.65744680851064,82.30629494204511,52.59901805037991,153.9,7.0,2039.6087234042557,381.6275218274368,1852.4237450611715,3823.15,14.009999999999993,2349.9832978723407,482.39250393976505,2086.3993770274187,4300.15,20.279999999999973,1533.3375138297877,39.596774327115234,1906.2300758093304,8908.0,0.0899,1183.9755319148935,1172.6412121719056,157.1023210997528,1402.3,737.1,-0.19248040249988205
core_BIBXUH_freeONLY,5.646341463414634,3.706237230543248,5.657656050076189,28.0,1.0,9.74390243902439,5.863038362988688,6.21330393161154,16.0,1.0,1.7682926829268293,1.6466251825439084,0.6860772282456198,4.0,1.0,2.5078048780487805,2.4844687863450137,0.3502160461780625,3.44,1.91,103.1829268292683,75.10288626451536,53.32133331562164,153.9,7.0,1778.6026829268294,272.38540653161283,1843.909276231033,3823.15,14.009999999999993,2064.593048780488,350.2385981686588,2086.166273684285,4300.15,20.279999999999973,1426.9966621951223,21.908797708733985,2019.1319200407047,8908.0,0.0899,1198.2402439024388,1185.807627448621,163.39850348581507,1402.3,737.1,-0.2318226980000418
core_BIMDEF_freeONLY,5.666666666666667,3.499799586501377,5.962847939999439,29.0,1.0,9.38095238095238,5.227909252741032,6.665305983589596,16.0,1.0,1.7142857142857142,1.5874010519681996,0.6998542122237652,4.0,1.0,2.597619047619048,2.552619720893689,0.5031037454489949,3.44,1.9,118.24285714285712,111.92131194658135,36.52129934876975,153.9,72.8,1357.4357142857148,156.36899965511137,1765.8158453964163,3823.15,14.009999999999993,1597.6042857142854,218.31466089188515,1999.0711258614735,4300.15,20.279999999999973,1180.374485714286,8.802093725187753,2032.7772208042131,8960.0,0.0899,1210.3095238095234,1199.754219462237,147.95946003571032,1313.9,745.5,-0.1846652350000018
core_BIMDIL_freeONLY,6.055555555555555,3.8418939458429935,6.213535603129512,29.0,1.0,9.944444444444445,5.904101647319695,6.424538221384061,16.0,1.0,1.7777777777777777,1.6497211886706051,0.7114582486036499,4.0,1.0,2.5950000000000006,2.55247427221602,0.4881626550421259,3.44,1.9,122.02777777777776,115.90274167828204,35.82678708507793,153.9,72.8,1579.0711111111111,216.69031211546863,1814.9028481800613,3823.15,14.009999999999993,1856.604444444444,298.58248177917534,2047.5800413610807,4300.15,20.279999999999973,1377.014188888889,16.20514824394032,2133.122161962916,8960.0,0.0899,1193.2555555555557,1181.9082906221129,153.3123290766714,1313.9,745.5,-0.42036708500002834
core_BOMCOX_freeONLY,5.2926829268292686,3.689525729813718,4.691683885339295,30.0,1.0,10.121951219512194,6.160593398262018,6.259412899887576,16.0,1.0,1.7317073170731707,1.6327648992865695,0.5853658536585367,4.0,1.0,2.549512195121951,2.518712398942545,0.4085426282771134,3.44,1.65,115.69268292682928,0.0,47.71062360729554,153.9,0.0,1896.0526829268297,302.1293318967329,1883.427221572709,3823.15,14.009999999999993,2147.628292682927,391.1870149619594,2107.894550739801,4300.15,20.279999999999973,1276.8491634146342,26.42767722580783,1450.714863435118,7140.0,0.0899,1196.7439024390244,1190.0081787985946,126.2208576339273,1402.3,906.4,0.0015222242860935434
core_BOWNUY_freeONLY,7.235294117647059,5.732686926400761,5.744863811058748,29.0,1.0,12.764705882352942,10.45270949914778,4.399591047368272,15.0,1.0,2.0,1.9200933737095869,0.5940885257860046,4.0,1.0,2.701176470588236,2.6754798781424065,0.359720191144388,3.04,1.9,73.14117647058825,32.411259779750594,66.94060632446129,153.9,7.0,1460.5347058823534,269.434746508486,1770.856260610262,3823.15,14.009999999999993,1723.2641176470588,337.2756713299569,2008.081437960882,4300.15,20.279999999999973,1325.3051647058826,21.82592887520426,2183.7345007098515,8960.0,0.0899,1241.5823529411762,1225.1506106578638,188.95369876458253,1402.3,745.5,-0.3901702916667394
core_BUGSAY_freeONLY,6.28125,3.0746411423295084,11.295005464252773,66.0,1.0,8.5625,4.242125452084776,7.167363096006787,19.0,1.0,1.6875,1.51472947448703,0.9499177595981664,6.0,1.0,2.543125,2.484510738608116,0.5454151944848987,3.44,1.22,102.634375,90.95533187059154,41.446121722778535,153.9,7.0,919.428125,86.44465079026088,1563.5757666592256,3823.15,14.009999999999993,1078.38,122.44072018032811,1773.6638466110196,4300.15,20.279999999999973,818.9563281250003,3.198996605592205,1683.8765080952971,8551.0,0.0899,1233.4343750000005,1219.800520575686,158.39530376832317,1402.3,573.0,-0.3309545049999845
core_BUGSIG_freeONLY,6.21875,3.0716859444452247,10.965099107509245,64.0,1.0,8.5625,4.242125452084776,7.167363096006787,19.0,1.0,1.6875,1.51472947448703,0.9499177595981664,6.0,1.0,2.5424999999999995,2.4832277191212926,0.546940353237901,3.44,1.2,102.634375,90.95533187059154,41.446121722778535,153.9,7.0,916.334375,86.28124975045499,1562.1549167554924,3823.15,14.009999999999993,1099.72375,123.2680592406021,1798.669292348079,4300.15,20.279999999999973,798.643828125,3.191102949437487,1591.890808971846,7901.0,0.0899,1234.071875,1221.1347582121166,155.7549903582045,1402.3,593.4,-0.1263118599999302
core_BUGSOM_freeONLY,6.25,3.0731745547820024,11.129914644776033,65.0,1.0,8.5625,4.242125452084776,7.167363096006787,19.0,1.0,1.6875,1.51472947448703,0.9499177595981664,6.0,1.0,,,,,,102.634375,90.95533187059154,41.446121722778535,153.9,7.0,917.678125,86.35340215656898,1562.7488886642934,3823.15,14.009999999999993,1099.09875,123.24613137176112,1797.830372921327,4300.15,20.279999999999973,808.5813281250003,3.1950403269152816,1636.5625706641354,8219.0,0.0899,1233.209375,1219.3186017944768,159.33561152363075,1402.3,565.8,-0.45602808833325525
core_BUKMUQ01_freeONLY,5.225806451612903,3.3415609562681765,5.326196230436847,30.0,1.0,9.290322580645162,5.1474560524009565,6.6390513721275095,16.0,1.0,1.6774193548387095,1.5639141188489016,0.6419273787784645,4.0,1.0,2.5606451612903225,2.52067780885926,0.4654927010541104,3.44,1.65,105.98387096774196,0.0,49.32720963952919,153.9,0.0,1397.283870967742,159.66709727324377,1802.882285625916,3823.15,14.009999999999993,1591.3267741935483,214.58119187978556,2018.8836430728277,4300.15,20.279999999999973,1032.6040580645165,8.724970579116986,1546.158695632926,7140.0,0.0899,1225.032258064516,1218.0253722557716,127.72517216499872,1402.3,906.4,-0.27778223500000365
core_BUSNAF_freeONLY,4.789473684210527,3.375364227743753,3.90113272846451,27.0,1.0,9.526315789473683,5.570166035753277,6.3165204255382505,15.0,1.0,1.6842105263157894,1.5874010519681996,0.5668594533825793,4.0,1.0,2.5014035087719297,2.483774363892358,0.3010300363663167,3.04,1.88,98.08947368421056,67.76128073501091,55.87138954687302,153.9,7.0,1790.890350877193,256.4803907703858,1874.9642188361,3823.15,14.009999999999993,2038.3026315789475,322.7094728387109,2112.0620490748365,4300.15,20.279999999999973,1187.2685614035088,17.749763369750497,1519.8109156890482,8900.0,0.0899,1215.3052631578946,1206.3949034293946,143.5738851553964,1402.3,760.4,-0.1797901200002343
core_BUSRUE_freeONLY,5.464788732394366,3.886176726896715,5.666384658334719,48.0,1.0,10.591549295774648,6.769467821289688,6.045781825485662,16.0,1.0,1.7605633802816902,1.6666238891181406,0.5925544779707783,5.0,1.0,2.5671830985915496,2.5404642350849125,0.3839350851035853,3.44,1.69,119.15774647887324,0.0,47.05112790545157,153.9,0.0,2068.241126760564,377.325832030245,1884.3759418555,3823.15,14.009999999999993,2336.3787323943666,480.9403381158626,2110.613691409013,4300.15,20.279999999999973,1331.665267605634,37.91749916714678,1419.207889697343,8650.0,0.0899,1190.3549295774646,1183.7741442863835,125.12777895914463,1402.3,867.8,-0.0675192562498523
core_CACBUG_freeONLY,5.378378378378378,3.689611881972056,4.889875648401482,30.0,1.0,10.08108108108108,6.065514738637128,6.338975867400025,16.0,1.0,1.7297297297297298,1.627550944883132,0.5994884598059144,4.0,1.0,2.5721621621621624,2.537434953089551,0.4331726772293327,3.44,1.65,109.78378378378378,0.0,50.98269718943877,153.9,0.0,1689.0432432432433,239.1599099898749,1865.886227770621,3823.15,14.009999999999993,1916.4659459459456,313.00263444682935,2088.7204477776927,4300.15,20.279999999999973,1170.5939675675677,17.542606615765617,1488.7004693617826,7140.0,0.0899,1211.1027027027023,1203.9367597450944,130.06504502994397,1402.3,906.4,-0.4232675485714107
core_CAWVIH_SL,5.162162162162162,3.522707719834287,4.86861717152752,30.0,1.0,9.756756756756756,5.794338713020094,6.292017273757691,16.0,1.0,1.7162162162162162,1.6123770897291925,0.6044937634147308,4.0,1.0,2.4982432432432438,2.472292163489512,0.3725201177520777,3.44,1.65,119.13648648648648,0.0,44.28348656384023,153.9,0.0,2044.398108108108,347.4969346315316,1880.7143765520043,3823.15,14.009999999999993,2314.625135135135,446.7264132115986,2103.937353562166,4300.15,20.279999999999973,1384.2365067567566,34.22785944644289,1467.5012029559746,7140.0,0.0899,1183.5932432432433,1177.2733912879714,121.93418620369371,1402.3,906.4,-0.31877056000010784
core_CAXWAB_freeONLY,7.666666666666667,5.670034355794996,6.032320356951285,26.0,1.0,12.166666666666666,9.099485492253985,5.42883249163411,16.0,1.0,2.0,1.8877486253633868,0.7071067811865476,4.0,1.0,2.8025,2.741705366796229,0.5743710328118343,3.44,1.83,123.49166666666666,108.2931627850994,42.8074265039244,153.9,15.7,1450.5016666666668,240.63932467088844,1744.375298045279,3823.15,14.009999999999993,1735.5466666666664,342.86159886456943,1993.408667660888,4300.15,20.279999999999973,1410.1104,21.524966020182887,2209.2485552051235,7874.0,0.0899,1191.833333333333,1178.2926455538145,166.35528412273402,1313.9,762.5,-0.5937157560000059
core_CAYSIE_freeONLY,4.753424657534247,3.4562524254601747,3.57993197271331,27.0,1.0,9.767123287671232,5.8880825557125,6.172232446073446,15.0,1.0,1.6986301369863013,1.607625656305265,0.5410525385789452,4.0,1.0,2.479452054794521,2.466109194518165,0.2603048287405379,3.04,1.88,109.9027397260274,84.72707513411378,51.9899304597172,153.9,7.0,2130.613561643836,381.58745657047206,1874.2573747014924,3823.15,14.009999999999993,2415.2294520547944,473.8573602529224,2107.120923568973,4300.15,20.279999999999973,1360.440624657534,36.19576748728845,1425.817276372751,8900.0,0.0899,1190.7780821917806,1182.9807641551968,135.01843024532263,1402.3,760.4,-0.3809644199998274
core_CEGFAW_freeONLY,7.5,3.4639762971792054,12.18263791904966,47.0,1.0,8.5,4.622113568263566,6.409628174343137,15.0,1.0,1.8333333333333333,1.617195403166748,1.0671873729054746,5.0,1.0,2.4341666666666666,2.4124864541488145,0.3311711121996535,3.04,1.93,93.26666666666664,66.18096436883674,52.22495146532504,153.9,7.0,1393.64,169.59278777316678,1748.6446752937925,3823.15,14.009999999999993,1657.6558333333337,225.28696679236597,1977.6936652384527,4300.15,20.279999999999973,1627.745958333333,10.79883387566664,2867.5747638025355,10490.0,0.0899,1203.4666666666665,1186.5397133150975,186.17115034887175,1402.3,731.0,-0.0770910214285517
core_CENPUI_freeONLY,4.552147239263804,3.3167313504623785,2.8069881556444023,12.0,1.0,9.374233128834357,5.360152416624405,6.465658113553212,16.0,1.0,1.6625766871165644,1.5745482417673666,0.5102731001700198,3.0,1.0,2.5020245398773007,2.471935522808252,0.3914471491318317,3.44,1.31,117.33865030674848,0.0,44.55832646177406,153.9,0.0,1952.2093865030677,301.7109502162256,1886.2925993383535,3823.15,14.009999999999993,2206.327791411043,388.11444724362366,2114.184653879751,4300.15,20.279999999999973,1169.1232036809815,24.67734632712124,1121.701090242139,2260.0,0.0899,1190.3907975460122,1182.7675181518268,130.62572384972938,1402.3,737.7,-0.23158717500007237
core_CETHEQ_freeONLY,6.361111111111111,3.610749149677917,7.367921377980276,29.0,1.0,9.083333333333334,5.048019823521463,6.550551291473276,16.0,1.0,1.7777777777777777,1.6182611502319233,0.8202679477907445,4.0,1.0,2.5402777777777774,2.501067558894475,0.4591083514760559,3.44,1.9,93.48611111111111,66.58907215476592,51.26478731263671,153.9,7.0,1090.9861111111113,124.65238745354024,1618.199533094451,3823.15,14.009999999999993,1342.1077777777775,172.35124709451298,1869.0829896340897,4300.15,20.279999999999973,1312.0689055555558,6.229457602979789,2499.101640845672,8960.0,0.0899,1223.6777777777772,1207.5032472725263,181.69943452353624,1402.3,745.5,-0.2588771760000099
core_CISLUN_freeONLY,6.217391304347826,4.494553619164844,5.3969115301505735,29.0,1.0,11.231884057971014,7.710738856221114,5.682785925108865,15.0,1.0,1.855072463768116,1.7551498422944916,0.6203169437400782,4.0,1.0,2.625217391304348,2.599439580984493,0.3627535942376383,3.04,1.9,78.19710144927537,39.91771719478461,63.09090283538437,153.9,7.0,1415.8314492753625,211.9592460763175,1777.951144586665,3823.15,14.009999999999993,1652.8244927536232,268.3091633249709,2012.8974678384736,4300.15,20.279999999999973,1176.1444115942031,13.56835275221604,1970.7221479004984,8960.0,0.0899,1242.9608695652175,1229.3192107950715,173.0501051822612,1402.3,745.5,-0.16637759999994156
core_CIVTEH_freeONLY,5.5625,4.161514180023142,4.197748652551746,29.0,1.0,11.020833333333334,7.365466711127097,5.839840121004077,16.0,1.0,1.7916666666666667,1.7062550705226855,0.5384519993050036,4.0,1.0,2.6029166666666668,2.5759286503200616,0.3861992055777548,3.44,1.9,113.17916666666667,85.47935329234926,52.22218940232421,153.9,7.0,1956.9591666666668,354.1704181684884,1875.5839682925352,3823.15,14.009999999999993,2233.2816666666668,452.0582850664088,2104.104857204061,4300.15,20.279999999999973,1316.9943708333333,33.58460516548092,1578.5625014185778,8960.0,0.0899,1198.9333333333332,1189.9983002730378,142.6414083949289,1402.3,745.5,-0.26358896428590534
core_COJHIT_freeONLY,5.782608695652174,4.122861408095378,5.081565333456341,27.0,1.0,10.565217391304348,6.982424681658,5.792244342045527,15.0,1.0,1.826086956521739,1.720238615031901,0.6360321234055561,4.0,1.0,2.514782608695652,2.496511075659756,0.3032988132722004,3.04,1.88,103.27391304347827,71.17964143402418,57.09211639318784,153.9,7.0,2086.1830434782605,419.1267751333736,1846.7535733126151,3823.15,14.009999999999993,2401.437826086956,521.8445837019844,2080.176233048237,4300.15,20.279999999999973,1566.3279739130433,46.30888130988265,1911.9008286275875,8900.0,0.0899,1186.0695652173913,1174.705332222621,159.11945317299146,1402.3,760.4,-0.21237062399991374
core_COMDOY_freeONLY,6.526315789473684,4.403425085677386,6.344234191707017,31.0,1.0,11.052631578947368,7.212444805883933,6.0738757609126965,16.0,1.0,1.8421052631578947,1.7284437865632103,0.6698906348083081,4.0,1.0,2.6531578947368417,2.606439598230484,0.5087865091679981,3.44,1.81,122.5842105263158,113.09684437819293,40.203564429012815,153.9,28.9,1643.8110526315788,250.2394011406009,1859.533120560656,3823.15,14.009999999999993,1970.052631578947,369.04006986652064,2056.6750626649346,4300.15,20.279999999999973,1262.715499999999,23.77985103458241,1546.191722396647,5904.0,0.0899,1178.963157894737,1161.2019124508697,178.90383541687922,1313.9,578.8,-0.05622021000005856
core_COQGAS_freeONLY,5.152173913043479,3.59825804421192,4.520327957053501,30.0,1.0,9.978260869565217,6.005393769881331,6.28486494765066,16.0,1.0,1.7173913043478262,1.619616419300312,0.5772138281457283,4.0,1.0,2.534347826086957,2.505957177416149,0.3922324741777787,3.44,1.65,116.3195652173913,0.0,46.943382269936606,153.9,0.0,1939.905,311.95217438107727,1885.736186559221,3823.15,14.009999999999993,2195.516739130436,402.16000485924354,2111.139068106881,4300.15,20.279999999999973,1285.4564239130434,27.589565289420484,1417.62274557573,7140.0,0.0899,1194.5652173913045,1187.996930872038,124.76156776095009,1402.3,906.4,-0.34830063199988215
core_COWBEX_freeONLY,6.65625,4.446365425642592,7.89821726324998,48.0,1.0,11.28125,7.490322051557465,6.0349729442227,17.0,1.0,1.84375,1.730645518148466,0.7119241093684073,5.0,1.0,2.71015625,2.652913058417963,0.5819699632162622,3.98,1.69,138.73281250000002,0.0,75.45743430630175,328.0,0.0,1769.140625,288.0468486777622,1872.199670123084,3823.15,14.009999999999993,2009.160625,382.2713854873263,2092.3819402469244,4300.15,20.279999999999973,1294.7965218750005,26.77018880075676,1725.1338932654485,8650.0,0.0899,1233.6218749999998,1219.8140236360985,189.9601458766664,1681.0,867.8,-0.15996214166663467
core_CUBHOY_freeONLY,6.791666666666667,4.172794728544518,9.004532037936356,48.0,1.0,10.625,6.662386650164323,6.243746871871088,16.0,1.0,1.8333333333333333,1.6975024663685794,0.7993052538854535,5.0,1.0,2.638333333333333,2.5932453217666835,0.4937329462596375,3.44,1.69,108.90416666666664,0.0,52.09204577129688,153.9,0.0,1479.2079166666665,202.14786074301017,1819.024491675825,3823.15,14.009999999999993,1687.0595833333334,271.80537686713285,2033.5827857943211,4300.15,20.279999999999973,1208.3448458333337,14.357629299051109,1890.2003752020305,8650.0,0.0899,1216.85,1208.5925024533135,137.53902173565146,1402.3,867.8,-0.4289096066664418
core_CUMDIY_freeONLY,6.6,3.38472479293595,10.170545708072895,57.0,1.0,9.066666666666666,4.671828498532858,7.117739965903659,19.0,1.0,1.7666666666666666,1.5784365299976535,0.989388138643722,6.0,1.0,2.536666666666667,2.4732640736347755,0.553222880542332,3.44,1.1,97.32666666666668,81.2855991742316,44.19833279912516,153.9,7.0,846.7693333333333,89.20764110119121,1503.767529325224,3823.15,14.009999999999993,1053.5069999999998,129.43460730773873,1754.014092155761,4300.15,20.279999999999973,778.8081566666665,3.968380897614731,1376.8239434848865,6146.0,0.0899,1227.4899999999996,1211.1024355844618,171.88508050438818,1402.3,538.1,-0.3111203571428973
core_CUNWEO_freeONLY,5.854545454545455,4.164261264184585,6.250580138364414,48.0,1.0,11.018181818181818,7.307746528804263,5.903745834301562,16.0,1.0,1.8,1.7046665979773796,0.6149648918286459,5.0,1.0,2.6103636363636364,2.5788993029931957,0.4167273520545695,3.44,1.69,117.89818181818184,0.0,49.01366596409281,153.9,0.0,1973.2647272727272,354.7247501990492,1885.348233738608,3823.15,14.009999999999993,2231.994727272728,456.1559085709055,2110.294524411961,4300.15,20.279999999999973,1308.139901818182,34.868712520676425,1499.8040633204644,8650.0,0.0899,1195.9672727272728,1188.95948303017,128.85991132663193,1402.3,867.8,-0.20191167714288633
core_CUQROX_freeONLY,5.357142857142857,3.496965329474728,5.432799105658976,30.0,1.0,9.571428571428571,5.531314852462975,6.427777728780939,16.0,1.0,1.7142857142857142,1.6005540851619309,0.6468132241526725,4.0,1.0,2.526428571428572,2.4950592060878374,0.4037344803360804,3.44,1.65,97.53214285714286,0.0,55.78760137196019,153.9,0.0,1544.6189285714283,199.33996121394688,1836.93444182603,3823.15,14.009999999999993,1756.2335714285714,259.07462605353146,2057.037636382569,4300.15,20.279999999999973,1143.1700357142856,12.782856580040267,1587.5830008601804,7140.0,0.0899,1221.9607142857142,1213.935151599233,137.51488838689875,1402.3,906.4,-0.4844893028570953
core_CURBOH_freeONLY,9.037037037037036,4.502741788722294,13.53864559526483,53.0,1.0,10.444444444444445,6.5273968940517,6.19637488604386,17.0,1.0,2.0,1.7883899458918255,1.0540925533894598,5.0,1.0,2.493703703703704,2.4729059451327102,0.3155846795810635,3.04,1.65,112.87407407407407,0.0,76.28122720658513,295.2,0.0,1766.9800000000005,312.8724934496516,1844.856707246954,3823.15,14.009999999999993,2006.241851851852,391.5427213830413,2064.3249444884664,4300.15,20.279999999999973,1635.0267851851852,40.875698847250746,1814.535614923422,7140.0,0.0899,1187.6444444444444,1178.688751779977,145.82338717405236,1402.3,906.4,-0.26879502999963734
core_CURYOE01_freeONLY,5.568627450980392,3.501105289323536,6.931753879185222,48.0,1.0,9.568627450980392,5.571297301543905,6.365516481550691,17.0,1.0,1.7450980392156863,1.6199156445115768,0.7096847478766218,5.0,1.0,2.4719607843137257,2.454975818235277,0.2916687592609064,3.16,1.69,118.38823529411766,0.0,68.62888160973819,349.0,0.0,1977.329411764706,326.6883565251987,1884.18818715888,3823.15,14.009999999999993,2235.230392156863,411.3753989734207,2110.6273617761794,4300.15,20.279999999999973,1322.020592156863,27.88591638309253,1524.2192878789078,8650.0,0.0899,1193.027450980392,1186.0910184722595,128.15064217389207,1402.3,867.8,-0.30155804166633965
core_CUVGIK_freeONLY,5.054054054054054,3.5758982734080864,4.139107789654125,25.0,1.0,9.756756756756756,5.90382927453953,6.188067879069191,15.0,1.0,1.7297297297297298,1.6275509448831318,0.5994884598059144,4.0,1.0,2.48891891891892,2.467631087541046,0.3193133154534246,3.04,1.55,99.61621621621622,0.0,57.671110916399286,153.9,0.0,1915.7370270270271,310.7759307791337,1871.8310251251023,3823.15,14.009999999999993,2174.172162162162,387.99937175419535,2101.687928651294,4300.15,20.279999999999973,1301.5833729729725,25.873968495580435,1516.1767015807386,7470.0,0.0899,1200.867567567568,1190.3888607778356,152.53990891895205,1402.3,717.3,-0.29321561000003266
core_CUVGOQ_freeONLY,4.902439024390244,3.4463148982199665,4.035240362465084,25.0,1.0,9.53658536585366,5.64689756843346,6.255134714096345,15.0,1.0,1.7073170731707317,1.6053933528883262,0.5944418344855581,4.0,1.0,2.4778048780487807,2.4577842926906173,0.3100708982272024,3.04,1.55,100.9560975609756,0.0,56.3781831561685,153.9,0.0,1916.0143902439024,301.9658636759711,1875.0504254709456,3823.15,14.009999999999993,2172.810487804878,377.80235181457806,2105.454008945607,4300.15,20.279999999999973,1284.8479170731707,24.411905558684644,1483.8045079708254,7470.0,0.0899,1200.709756097561,1190.7346554436515,149.12683880227604,1402.3,717.3,-0.3430539650000621
core_CUYWUP_freeONLY,5.142857142857143,3.4330168580062983,4.777420609585316,29.0,1.0,9.558441558441558,5.45981335082003,6.533616381897958,16.0,1.0,1.6883116883116882,1.5826449766039783,0.6085908838368822,4.0,1.0,2.567662337662338,2.532475649133862,0.4463470669400258,3.44,1.9,121.14155844155844,114.59009135950951,37.16971030025693,153.9,72.8,1688.8268831168832,223.7670144756945,1860.260799962199,3823.15,14.009999999999993,1940.3453246753247,300.41239812094364,2090.5287036348,4300.15,20.279999999999973,1201.5912103896103,15.412356748103946,1682.375323624701,8960.0,0.0899,1200.9883116883116,1192.8067279668624,133.43788279451255,1313.9,745.5,-0.46267577714281416
core_DACFAR_freeONLY,4.522388059701493,3.11975927294127,3.948769727000088,29.0,1.0,9.029850746268655,5.050317363154047,6.418188123114923,16.0,1.0,1.6417910447761197,1.5442064794702242,0.5651969023510891,4.0,1.0,2.4602985074626864,2.444498980914731,0.2894408925778797,3.44,1.9,112.74328358208956,95.0856741413254,46.58955819174154,153.9,7.0,1971.209402985075,294.4081332433197,1886.681862137612,3823.15,14.009999999999993,2239.6637313432834,374.73783746674656,2118.55549475949,4300.15,20.279999999999973,1280.7492447761197,23.200913447238744,1466.2301262975022,8960.0,0.0899,1194.5597014925372,1187.00115823563,131.48834243736522,1402.3,745.5,-0.5045175724999922
core_DADLIG_freeONLY,4.610027855153203,3.2341165806007366,3.578566611988461,25.0,1.0,9.26183844011142,5.25187383093475,6.4569254536297125,16.0,1.0,1.6545961002785516,1.5590514334814347,0.5564759701808263,4.0,1.0,2.501643454038997,2.476643888166174,0.36634204134849,3.44,1.55,113.86016713091922,0.0,46.44743278404454,153.9,0.0,1886.7840947075213,271.70715613537703,1886.000684696881,3823.15,14.009999999999993,2135.263593314763,349.49111988005666,2116.597160813548,4300.15,20.279999999999973,1199.6237676880226,20.248151750438662,1346.708665348432,7470.0,0.0899,1198.6052924791084,1191.036767809072,130.67967342780813,1402.3,717.3,-0.5081160799994905
core_DAJHOM_manual,5.285714285714286,3.702065698664157,4.520249225565388,27.0,1.0,10.028571428571428,6.1364565981849415,6.208223644193767,16.0,1.0,1.7428571428571429,1.6406707120152757,0.6020373573058708,4.0,1.0,2.536571428571429,2.5098444025253337,0.3853973300904098,3.44,1.88,120.16285714285716,107.50394639962283,42.39062622605067,153.9,7.0,2029.183142857143,351.2902713746834,1867.967891641719,3823.15,14.009999999999993,2321.8368571428573,453.9693309165979,2100.645109198289,4300.15,20.279999999999973,1416.7987400000004,33.84450258138853,1697.8192431450038,8900.0,0.0899,1183.0657142857142,1174.7383108128913,135.84590417687482,1402.3,760.4,-0.11251377499991119
core_DARSEV_SL,6.035087719298246,3.861321591365438,6.892571420143501,48.0,1.0,10.175438596491228,6.194721166231203,6.294310455155412,17.0,1.0,1.8070175438596487,1.6799895363288424,0.7117706236877472,5.0,1.0,2.515614035087719,2.494223182771126,0.3358676511682271,3.44,1.69,133.67368421052632,0.0,74.28066152034644,349.0,0.0,2043.2157894736845,377.72127548091225,1877.956509833063,3823.15,14.009999999999993,2310.55,478.45892327304887,2101.7219969849784,4300.15,20.279999999999973,1341.5760385964911,35.35358371622104,1483.5971662109232,8650.0,0.0899,1184.491228070175,1178.330892294127,120.4661520208161,1402.3,867.8,-0.112246084285841
core_DAWBIO_freeONLY,5.916666666666667,4.0739477968209,5.155229276073848,27.0,1.0,10.5,6.583002993515461,6.244997998398398,16.0,1.0,1.7916666666666667,1.681792830507429,0.6441510347391795,4.0,1.0,2.6462500000000007,2.6047831118189197,0.4797899931219908,3.44,1.88,111.55833333333332,90.50809615146484,47.93232135579869,153.9,7.0,1528.121666666667,211.5442911558516,1810.3322097055063,3823.15,14.009999999999993,1777.059583333333,284.8357358171144,2050.686524478813,4300.15,20.279999999999973,1218.7615125000002,14.37468429306336,1931.421134945611,8900.0,0.0899,1212.3749999999998,1201.9576475164615,150.00523115878326,1402.3,760.4,-0.0983432657142527
core_DAWBOU_freeONLY,5.958333333333333,4.080125804957338,5.326655976209548,28.0,1.0,10.541666666666666,6.6119660457932525,6.238183273642701,16.0,1.0,1.7916666666666667,1.681792830507429,0.6441510347391795,4.0,1.0,2.6475000000000004,2.60650190920544,0.4778271130858942,3.44,1.91,113.57083333333333,92.66143838622187,46.88316577023024,153.9,7.0,1526.455,211.3426945129829,1810.1288639049064,3823.15,14.009999999999993,1776.4762499999997,284.78370591888927,2050.2835842670897,4300.15,20.279999999999973,1219.0948458333337,14.375222439002684,1932.747004066616,8908.0,0.0899,1211.4041666666665,1200.4000669776617,152.9733050763179,1402.3,737.1,-0.3201158116665965
core_DAXHUH01_freeONLY,6.213333333333333,4.666987157605059,4.682715261706847,26.0,1.0,11.466666666666669,8.056135954064437,5.631656555184766,16.0,1.0,1.8666666666666667,1.7735827783263811,0.5962847939999438,4.0,1.0,2.674533333333333,2.641960784051287,0.4141989645354297,3.44,1.83,83.03066666666666,44.22850948051361,63.745065112698896,153.9,7.0,1425.3574666666666,214.6995178118912,1779.934353641237,3823.15,14.009999999999993,1652.3862666666664,274.823994753872,2018.7876945736675,4300.15,20.279999999999973,1098.9604853333335,13.769950961838468,1744.395661606149,7874.0,0.0899,1240.8946666666664,1228.6076144662163,165.10519627868234,1402.3,762.5,-0.12492635999994943
core_DEBWAK_freeONLY,5.245901639344262,3.81118768245016,4.095802480288605,30.0,1.0,10.459016393442624,6.5533378918943965,6.157958386635503,16.0,1.0,1.7377049180327868,1.648680078714814,0.5402379361732487,4.0,1.0,2.5837704918032784,2.554586422532936,0.3970966927482038,3.44,1.65,106.91147540983609,0.0,54.47621258097363,153.9,0.0,1784.041967213115,273.11168372007285,1880.1960475987516,3823.15,14.009999999999993,2018.1929508196724,349.8595300954576,2106.950848681996,4300.15,20.279999999999973,1154.757380327869,20.991507082934486,1358.947784042574,7140.0,0.0899,1213.8721311475408,1206.586343335984,132.20692565270616,1402.3,906.4,-0.3831795059998512
core_DELGEI_manual,5.018867924528302,3.22944271046864,6.470515321805975,48.0,1.0,9.169811320754716,5.197036969138448,6.374287526762039,15.0,1.0,1.679245283018868,1.566542107660793,0.6665479899115356,5.0,1.0,2.4571698113207545,2.4412687653203458,0.2806150748279912,3.04,1.69,103.76226415094342,0.0,53.46062993796637,153.9,0.0,1899.1437735849047,279.324460023034,1889.6523287833463,3823.15,14.009999999999993,2145.54358490566,351.89856816246686,2118.74673721536,4300.15,20.279999999999973,1272.0623396226413,21.671930929475057,1516.317236495055,8650.0,0.0899,1203.2188679245282,1195.7486650078638,133.2594250362148,1402.3,867.8,-0.2193109950001144
core_DIBPIP_freeONLY,5.304347826086956,3.785135115141303,4.270065498007949,28.0,1.0,10.304347826086955,6.372655697814692,6.221874333899963,16.0,1.0,1.7391304347826086,1.6442062746590178,0.5685520361140008,4.0,1.0,2.5892391304347826,2.5594138788224288,0.4067587515310149,3.44,1.91,110.79673913043476,86.07198798808011,50.473166463428775,153.9,7.0,1759.038913043478,262.6485412790485,1866.9284635682825,3823.15,14.009999999999993,2011.0069565217395,340.6497835320605,2102.1346440084985,4300.15,20.279999999999973,1201.1602847826089,19.557685136364665,1599.5252407143305,8908.0,0.0899,1209.0499999999995,1200.0702600364862,141.89632812297367,1402.3,737.1,0.329399389999935
core_DICKEH_freeONLY,5.923076923076923,4.159037664485683,5.276384812197697,29.0,1.0,10.76923076923077,6.9932510269092445,6.0147747084075736,16.0,1.0,1.807692307692308,1.7043607928571494,0.6213651700539813,4.0,1.0,2.601923076923077,2.56664863983385,0.4459391061462681,3.44,1.9,128.21923076923076,122.46670625546552,34.52185505344927,153.9,72.8,1978.116923076923,358.7710984023931,1861.942041805915,3823.15,14.009999999999993,2281.935,475.8648636409264,2085.485915767225,4300.15,20.279999999999973,1474.9143961538466,37.77459991475743,1861.768450975604,8960.0,0.0899,1177.8269230769229,1168.586507103067,140.59362759848605,1313.9,745.5,-0.37931752333319463
core_DITYEM_freeONLY,6.413793103448276,4.21239731496839,6.589004641377206,29.0,1.0,10.413793103448276,6.744207820008778,5.881104994573199,15.0,1.0,1.862068965517241,1.732797958416581,0.7298624306385078,4.0,1.0,2.51,2.487899567948861,0.3331769748222769,3.04,1.9,98.68620689655172,64.86573384687888,57.59774734662346,153.9,7.0,1824.3748275862067,324.02418640857945,1830.815966190882,3823.15,14.009999999999993,2144.7810344827585,415.1544531242761,2060.294874207364,4300.15,20.279999999999973,1631.3181103448278,32.18422117752622,2272.680666295372,8960.0,0.0899,1190.5275862068966,1175.625233798928,178.4909364965487,1402.3,745.5,-0.35646096625001883
core_DIWNAA_freeONLY,4.377358490566038,3.03535753070284,3.0108383781613126,12.0,1.0,8.716981132075471,4.6165306009435065,6.752713943550221,16.0,1.0,1.6037735849056605,1.5114598841212998,0.5262764407917492,3.0,1.0,2.534150943396227,2.4944417663253318,0.4563242556260787,3.44,1.31,109.84150943396226,0.0,45.55596779232327,153.9,0.0,1476.59,163.72518700236614,1830.8736229502829,3823.15,14.009999999999993,1673.377924528302,218.3993516398971,2052.885181777062,4300.15,20.279999999999973,885.9228641509436,8.310306865842337,1095.230824462402,2260.0,0.0899,1219.764150943396,1211.976846909625,131.1967844957145,1402.3,737.7,0.8591683766666544
core_DIYKAZ_freeONLY,5.90625,3.619802174455952,8.017010723299551,48.0,1.0,9.78125,5.743493462511308,6.40182774194214,16.0,1.0,1.75,1.6217599081159522,0.75,5.0,1.0,2.5446875,2.5115393636012384,0.4233348584085061,3.44,1.69,110.41875000000002,0.0,49.79946308382753,153.9,0.0,1706.8103125,238.7595179954855,1869.0192776568751,3823.15,14.009999999999993,1936.9078125,313.1130110437913,2091.332304246707,4300.15,20.279999999999973,1259.350215625,18.041253129862003,1728.240583729923,8650.0,0.0899,1205.34375,1197.7777031284938,132.46721041804082,1402.3,867.8,-0.47251545625005065
core_DOHNUL_freeONLY,5.690721649484536,3.981823686664471,5.061194237340433,30.0,1.0,10.577319587628866,6.678445677603955,6.154095194319824,16.0,1.0,1.7731958762886595,1.672803564524759,0.6007753519312771,4.0,1.0,2.600103092783505,2.563420667647739,0.4438224193158135,3.44,1.65,108.7237113402062,0.0,53.28162247381783,153.9,0.0,1695.26824742268,254.9666380542529,1862.951692671844,3823.15,14.009999999999993,1925.2751546391755,333.0344710397377,2084.427896329871,4300.15,20.279999999999973,1199.7426103092785,20.03898494767783,1532.594183576598,7140.0,0.0899,1211.4,1203.853340602593,133.51555374855585,1402.3,906.4,-0.13100947428542245
core_DOKHIV_freeONLY,6.838709677419355,4.7528726279596505,6.325048892803749,29.0,1.0,11.35483870967742,7.845657095679975,5.716689697982366,16.0,1.0,1.903225806451613,1.7884498663553126,0.6888437581955684,4.0,1.0,2.6458064516129034,2.603988549452501,0.4820237860116007,3.44,1.9,125.6451612903226,113.396553990041,38.75357913718072,153.9,7.0,1831.7648387096776,338.55584019010047,1834.5071890518825,3823.15,14.009999999999993,2152.37,458.44979074087024,2058.8635699681354,4300.15,20.279999999999973,1599.0930096774198,37.2943516905681,2220.139227356694,8960.0,0.0899,1176.9548387096772,1164.6125545481632,160.2995479008973,1402.3,745.5,-0.2964864442857821
core_DOLXOR02_freeONLY,7.390243902439025,4.121384689165688,8.456136604973633,29.0,1.0,9.48780487804878,5.632095332652519,6.231790844745925,16.0,1.0,1.902439024390244,1.7177115683221178,0.9054005460131992,4.0,1.0,2.4902439024390244,2.4564014648370742,0.4186534034483862,3.44,1.9,92.58536585365852,62.89296132613053,53.46825618989367,153.9,7.0,1304.3143902439024,181.1457588044374,1674.087287904125,3823.15,14.009999999999993,1630.7524390243905,248.14129592185475,1932.5345940749648,4300.15,20.279999999999973,1754.490843902439,13.582066488158825,2864.80516403183,8960.0,0.0899,1194.6268292682923,1174.0744284524062,204.53512313845644,1402.3,745.5,-0.165766456666726
core_DONNAW01_SL,6.526315789473684,4.403425085677389,6.344234191707017,31.0,1.0,11.052631578947368,7.212444805883939,6.073875760912696,16.0,1.0,1.8421052631578947,1.7284437865632114,0.6698906348083085,4.0,1.0,2.653157894736842,2.606439598230484,0.508786509167998,3.44,1.81,122.5842105263158,113.0968443781928,40.20356442901281,153.9,28.9,1643.811052631579,250.2394011406009,1859.533120560656,3823.15,14.009999999999993,1970.0526315789475,369.04006986652,2056.675062664934,4300.15,20.279999999999973,1262.7155000000002,23.779851034582435,1546.1917223966473,5904.0,0.0899,1178.9631578947367,1161.201912450873,178.90383541687928,1313.9,578.8,0.5121091949999936
core_DONNIE_freeONLY,6.833333333333333,4.781418497417088,6.379219736334879,31.0,1.0,11.61111111111111,8.049219169908612,5.74590568133218,16.0,1.0,1.8888888888888888,1.781797436280678,0.6573421981221795,4.0,1.0,2.678333333333333,2.631103558194684,0.5110800111311121,3.44,1.81,125.35,115.89890338743416,39.50671180670163,153.9,28.9,1734.3555555555552,293.7018400694337,1869.277699264916,3823.15,14.009999999999993,2078.373333333333,433.584584874639,2059.605138798859,4300.15,20.279999999999973,1332.8613666666663,32.41825649135114,1558.8577839949105,5904.0,0.0899,1171.5722222222223,1153.3519344867966,180.96086073315405,1313.9,578.8,0.6579243683333971
core_DOYLEI_freeONLY,6.357142857142857,3.274537068755792,9.54393706464358,48.0,1.0,8.428571428571429,4.505481197769443,6.505100040015699,15.0,1.0,1.75,1.5739116674359803,0.911239344440934,5.0,1.0,2.451428571428571,2.424127969059445,0.3677995794073789,3.04,1.69,80.67142857142858,0.0,54.67342562331133,153.9,0.0,1194.785357142857,130.38386231371376,1693.7624748839114,3823.15,14.009999999999993,1404.822142857143,172.1322829803034,1926.747070820879,4300.15,20.279999999999973,1273.0923142857143,6.492921353213766,2311.8821981510478,8908.0,0.0899,1230.525,1217.230139850835,168.78571288767304,1402.3,737.1,-0.25757983000004286
core_DUDKUK_freeONLY,5.316455696202532,3.144831907901399,7.433322687203065,48.0,1.0,8.860759493670885,4.738512938799678,6.701094143071608,16.0,1.0,1.6582278481012658,1.5323491056862673,0.7271598286756997,5.0,1.0,2.536962025316456,2.501319017172178,0.4418297811600624,3.44,1.69,105.03291139240504,0.0,48.45662479435092,153.9,0.0,1387.56417721519,149.59094371309052,1806.8980161645152,3823.15,14.009999999999993,1576.370759493671,200.4441465247228,2024.352993865968,4300.15,20.279999999999973,1020.3157050632911,7.571369178717132,1632.018799734488,8650.0,0.0899,1226.8101265822784,1219.7671750913685,127.58301303037184,1402.3,867.8,-0.04321281249997354
core_DUTKAG_freeONLY,6.025974025974026,4.187252086132197,5.48664027013534,30.0,1.0,10.831168831168831,6.985400114098246,6.0868233188054,17.0,1.0,1.8051948051948048,1.7008238897903352,0.6249978917151151,4.0,1.0,2.6336363636363638,2.58958813121945,0.4929711381949965,3.98,1.65,104.85454545454544,0.0,73.67904342740752,328.0,0.0,1538.1714285714288,223.4465305100248,1829.9113988165489,3823.15,14.009999999999993,1751.3046753246751,290.21454983165694,2047.855080522617,4300.15,20.279999999999973,1159.1307000000002,16.2294411739266,1622.5315978580425,7140.0,0.0899,1239.2831168831165,1228.1850179024823,166.49742122147694,1681.0,906.4,-0.0979082540000945
core_EBATUY_freeONLY,6.842105263157895,4.336519328433582,8.275920415625187,48.0,1.0,10.757894736842106,6.9420483323632185,6.037977684228011,16.0,1.0,1.8842105263157896,1.7471529214825203,0.7795161508030998,5.0,1.0,2.5489473684210524,2.5234921719317165,0.3615623224554662,3.44,1.69,104.4715789473684,0.0,62.29409985266898,200.0,0.0,1669.8029473684207,281.5867588959811,1840.540633923044,3823.15,14.009999999999993,1911.1548421052623,366.1599151873089,2049.748813091555,4300.15,20.279999999999973,1348.8217831578952,30.274945515083516,1713.6778367003035,8650.0,0.0899,1198.5831578947366,1189.089726445674,149.3837253537145,1402.3,867.8,-0.3473290128571307
core_EBOBIJ_freeONLY,5.257142857142857,3.543491139211412,4.999101960168773,30.0,1.0,9.771428571428572,5.749061068231786,6.378919363410856,16.0,1.0,1.7142857142857142,1.6084981600629786,0.6127888739864918,4.0,1.0,2.534,2.502514310632444,0.4112573056233425,3.44,1.65,111.82857142857142,0.0,49.131430565247705,153.9,0.0,1782.191428571429,259.12128978284306,1876.155189408295,3823.15,14.009999999999993,2021.1894285714288,337.5384112247302,2099.8002925216383,4300.15,20.279999999999973,1237.4084800000005,20.32249123691085,1503.4239044070923,7140.0,0.0899,1202.7028571428564,1195.71216943767,128.32243871416654,1402.3,906.4,-0.1870243300000235
core_ECAHAT_freeONLY,4.590163934426229,3.1177377879705293,4.193582330181529,30.0,1.0,9.01639344262295,4.998964793321817,6.481984626459856,16.0,1.0,1.639344262295082,1.5400218494558666,0.5735362519519966,4.0,1.0,2.471967213114754,2.4504331713865484,0.3394103839912469,3.44,1.65,113.8065573770492,0.0,45.68361929351598,153.9,0.0,1902.7691803278683,270.7202443783192,1891.0766076881257,3823.15,14.009999999999993,2150.608032786886,348.1125162374479,2119.5957904804304,4300.15,20.279999999999973,1228.6946819672132,20.627955644593676,1355.7194181214727,7140.0,0.0899,1197.5344262295075,1191.26696343658,121.94442819962332,1402.3,906.4,-0.30170609625017164
core_ECAHEX_freeONLY,4.853658536585366,3.21089613143115,4.667275674830677,29.0,1.0,9.097560975609756,5.051535497720576,6.525017065854818,16.0,1.0,1.6585365853658536,1.552019131446141,0.6092680974047219,4.0,1.0,2.5082926829268297,2.4820484827334304,0.3812617207412225,3.44,1.9,112.96097560975612,97.36666156269052,44.61332994525609,153.9,7.0,1725.466585365854,225.96257550633877,1866.8912383485244,3823.15,14.009999999999993,1977.5134146341463,296.73616908520927,2098.7771948802274,4300.15,20.279999999999973,1210.9672292682928,15.153523344552436,1653.4834226096914,8960.0,0.0899,1203.773170731707,1195.2531167819168,137.2477251566603,1402.3,745.5,-0.14606752166660417
core_ECASAD_freeONLY,7.0,4.437544796280439,6.782329983125268,30.0,1.0,10.647058823529411,6.641462996005503,6.305377503934877,16.0,1.0,1.8823529411764703,1.7400339334565365,0.7578881603955958,4.0,1.0,2.6111764705882354,2.5571480084250204,0.536709827976316,3.44,1.65,104.44117647058825,0.0,50.93475710130421,153.9,0.0,1204.6047058823533,166.02074594968164,1697.9512664319475,3823.15,14.009999999999993,1398.4888235294115,232.4699380290345,1893.4600579358985,4300.15,20.279999999999973,1192.377441176471,13.787421243789147,1809.6303069919416,7140.0,0.0899,1209.917647058823,1201.1775617258802,141.40003009939826,1402.3,906.4,-0.4091653583333444
core_ECODIK_freeONLY,5.864864864864865,3.678003589393421,6.169507239345221,29.0,1.0,9.64864864864865,5.607854854070126,6.45238785138187,16.0,1.0,1.7567567567567568,1.627550944883132,0.713021943690428,4.0,1.0,2.5627027027027025,2.525312916275604,0.455130801802572,3.44,1.9,113.45405405405404,97.30658631432168,44.00692571166126,153.9,7.0,1537.2154054054054,202.75157658338443,1807.7471461651044,3823.15,14.009999999999993,1806.277297297297,275.34612923505466,2042.1425124868751,4300.15,20.279999999999973,1339.7903972972977,13.981699055215264,2115.919058290596,8960.0,0.0899,1201.2432432432431,1189.4276507848306,157.3596887501225,1402.3,745.5,-0.23362840599991158
core_EDADIX_freeONLY,5.7407407407407405,3.930652477622088,5.41323886475174,30.0,1.0,10.407407407407408,6.512626641304705,6.1599618761402,16.0,1.0,1.7777777777777777,1.6710335980604356,0.628539361054709,4.0,1.0,2.562962962962964,2.52714084898778,0.4385989040436123,3.44,1.65,116.81851851851852,0.0,47.69585770535695,153.9,0.0,1881.0429629629632,311.9396783438593,1875.5429953340915,3823.15,14.009999999999993,2136.396296296296,407.5218051197063,2095.74765869888,4300.15,20.279999999999973,1352.8772666666669,29.80186173835341,1586.5281631181151,7140.0,0.0899,1192.0296296296294,1184.987044542839,128.3982687514958,1402.3,906.4,-0.3451250937499424
core_EDOMAM_freeONLY,5.243243243243243,3.627331859210472,4.72145995174881,29.0,1.0,9.945945945945946,6.007023988829125,6.251252613702426,16.0,1.0,1.7297297297297298,1.627550944883132,0.5994884598059145,4.0,1.0,2.5283783783783784,2.5027110876127066,0.3778925452410005,3.44,1.9,121.27297297297298,109.22853836432748,41.27844571141967,153.9,7.0,2012.1132432432432,341.0120717472643,1872.826723342327,3823.15,14.009999999999993,2303.235675675676,442.08971579567753,2099.774677328229,4300.15,20.279999999999973,1402.920156756757,32.30477945964768,1680.5980762930492,8960.0,0.0899,1183.5378378378375,1175.139502197783,136.02980863975478,1402.3,745.5,-0.49383016666668783
core_EDUVOO_freeONLY,6.021052631578947,4.247103718833523,5.578113145176228,30.0,1.0,10.905263157894735,7.272719342344581,5.816625326931916,16.0,1.0,1.831578947368421,1.7284437865632112,0.6266474133110408,4.0,1.0,2.5454736842105263,2.512891778272828,0.4164430040512971,3.44,1.65,125.1663157894737,0.0,43.0816693478214,153.9,0.0,2213.369578947368,482.5520338940366,1852.0181845861332,3823.15,14.009999999999993,2511.4596842105266,620.1367278828427,2064.7686450868014,4300.15,20.279999999999973,1585.4814168421055,66.94350118780886,1592.4904396675583,7140.0,0.0899,1167.003157894737,1160.649604836678,121.68630373358992,1313.9,906.4,-0.19636798250002124
core_EGAGEA_freeONLY,6.648648648648648,3.3961726381162127,10.50152168179969,64.0,1.0,9.108108108108109,4.691702061254476,7.1425023390957545,19.0,1.0,1.7567567567567568,1.5777118994993666,0.9416892643342888,6.0,1.0,2.5570270270270274,2.5031683873716912,0.5229896638163406,3.44,1.2,116.97027027027026,108.25828672092412,44.50226149652771,200.0,50.0,1022.230810810811,109.55412373726864,1609.7714167451268,3823.15,14.009999999999993,1227.6916216216216,158.22408453507876,1835.7159331819048,4300.15,20.279999999999973,922.5370378378378,5.878126056717567,1545.955995465515,7901.0,0.0899,1212.808108108108,1200.2111806839853,156.2053575202924,1313.9,593.4,0.5377543349999314
core_EGELUY_SL,5.578947368421052,4.206554199445471,3.167529162806542,13.0,1.0,11.052631578947368,7.212444805883933,6.0738757609126965,16.0,1.0,1.7894736842105263,1.7024702705019188,0.5210260492953508,3.0,1.0,2.642631578947368,2.590426099941663,0.5278341257117882,3.44,1.61,123.3,115.41594393436591,38.61907082749335,153.9,42.5,1676.998421052631,265.51026164431,1840.8385854200228,3823.15,14.009999999999993,1986.631578947368,371.37242390815663,2061.958802080306,4300.15,20.279999999999973,1094.0839210526312,22.82053573953126,1156.3881462463637,2700.0,0.0899,1178.8947368421054,1161.064498303092,179.13345355579315,1313.9,577.5,0.22891093166665163
core_EKETUL_freeONLY,6.170212765957447,3.927422529368644,9.065527760243851,65.0,1.0,10.638297872340424,6.597428485042938,6.3461347992298,19.0,1.0,1.7872340425531914,1.665378686936304,0.7700834498235685,6.0,1.0,,,,,,109.98297872340426,85.42128076193104,50.79997201854204,153.9,7.0,1680.5848936170216,242.520573872086,1858.174291490684,3823.15,14.009999999999993,1932.0982978723405,318.46335530418685,2097.310214686156,4300.15,20.279999999999973,1136.947161702128,17.075152346008355,1522.5223147777513,8219.0,0.0899,1210.0553191489355,1198.0587901141448,154.79275205489418,1402.3,565.8,-0.06827926249994218
core_EKEVAT_freeONLY,6.23404255319149,3.93119470174032,9.48057985020228,68.0,1.0,10.638297872340424,6.597428485042938,6.3461347992298,19.0,1.0,1.7872340425531914,1.665378686936304,0.7700834498235685,6.0,1.0,2.602553191489362,2.560143164421687,0.4623366558481797,3.44,1.24,109.98297872340426,85.42128076193104,50.79997201854204,153.9,7.0,1683.5848936170216,242.94926367787392,1858.20264992686,3823.15,14.009999999999993,1924.3961702127656,317.72514964181045,2092.1850067644627,4300.15,20.279999999999973,1154.9684382978728,17.110823072803132,1608.8097214997013,9066.0,0.0899,1210.5553191489355,1199.0965730004266,152.7351982012627,1402.3,589.3,-0.31103808799980465
core_ENITAX_freeONLY,5.818181818181818,3.995076240175022,5.31239000858425,29.0,1.0,10.4,6.56652504228953,6.092021608031875,16.0,1.0,1.8,1.6889073971454878,0.6438520439863918,4.0,1.0,2.5421818181818185,2.510899828736978,0.4169355341889455,3.44,1.9,126.77090909090911,120.74622643842504,35.42467384966828,153.9,72.8,2038.433636363637,382.6969777893838,1845.315668574068,3823.15,14.009999999999993,2368.9841818181817,505.41926440491136,2068.412481274811,4300.15,20.279999999999973,1518.9612800000002,42.724834024085645,1819.6229934596192,8960.0,0.0899,1167.321818181818,1157.074190060077,147.12906726088443,1313.9,745.5,-0.10705263249994346
core_EQEREY_freeONLY,5.419354838709677,3.857138075948186,4.619553068372399,27.0,1.0,10.258064516129032,6.501157154197538,6.005200659726501,15.0,1.0,1.7741935483870968,1.6724180090056748,0.6069318620073153,4.0,1.0,2.5216129032258063,2.5028177813090955,0.309370815961995,3.04,1.88,99.01290322580648,66.17980207749666,57.75872922120689,153.9,7.0,1923.2190322580648,330.6369491609869,1864.2407151842483,3823.15,14.009999999999993,2204.809032258065,413.23575794734535,2101.867451950772,4300.15,20.279999999999973,1380.9133903225809,29.20331702918063,1766.2556889756631,8900.0,0.0899,1202.5709677419354,1191.9446003423366,154.99477034580022,1402.3,760.4,-0.47198527333337853
core_EQERIC_freeONLY,5.419354838709677,3.8571380759481873,4.6195530683724,27.0,1.0,10.258064516129032,6.501157154197537,6.0052006597265,15.0,1.0,1.7741935483870968,1.6724180090056748,0.6069318620073154,4.0,1.0,2.5216129032258072,2.502817781309096,0.309370815961995,3.04,1.88,99.01290322580648,66.17980207749666,57.7587292212069,153.9,7.0,1923.2190322580643,330.6369491609872,1864.240715184248,3823.15,14.009999999999993,2204.809032258064,413.23575794734575,2101.867451950772,4300.15,20.279999999999973,1380.9133903225804,29.203317029180685,1766.2556889756631,8900.0,0.0899,1202.570967741935,1191.9446003423386,154.9947703458002,1402.3,760.4,-0.32044793571437175
core_EREFEN01_SL,5.333333333333333,3.740156736655426,4.741163620740428,30.0,1.0,10.205128205128204,6.298558083849106,6.177624998702097,16.0,1.0,1.7435897435897436,1.6448416688285816,0.5869499047312614,4.0,1.0,2.535641025641026,2.5073436602406733,0.3896270068549444,3.44,1.65,116.14358974358976,0.0,48.2621781887639,153.9,0.0,1991.5205128205127,341.5011315851316,1882.1132416555392,3823.15,14.009999999999993,2254.9289743589748,438.2006191032468,2105.9412701879883,4300.15,20.279999999999973,1342.2896615384618,32.948571126667424,1457.6385144340763,7140.0,0.0899,1190.784615384615,1184.0234360071747,126.57270848229638,1402.3,906.4,-0.3017248899999621
core_ERIWAF_freeONLY,5.854545454545455,4.042789206317775,5.22726482212841,29.0,1.0,10.581818181818182,6.648338419747731,6.2163740062132655,16.0,1.0,1.7818181818181815,1.676502396547176,0.6235064799811725,4.0,1.0,2.6398181818181823,2.6014051553413498,0.4616747808856197,3.44,1.9,110.64545454545454,86.13757715795738,49.72562104619461,153.9,7.0,1530.0481818181822,212.71937395307103,1818.753526768056,3823.15,14.009999999999993,1775.7198181818185,284.88665552485554,2049.7992452339777,4300.15,20.279999999999973,1189.1497163636363,14.41506571102522,1858.8784121013489,8960.0,0.0899,1215.4963636363634,1205.0424851734904,150.54132862154665,1402.3,745.5,-0.5776058450000315
core_ERUFUS_freeONLY,7.1875,4.616598345448877,8.338305808136326,48.0,1.0,11.0625,7.38854272462456,5.857353818064946,16.0,1.0,1.9375,1.7976977611564806,0.7880950133074057,5.0,1.0,2.5303125,2.5102478456311155,0.3137722539418519,3.04,1.69,105.59375,0.0,65.54682933550257,200.0,0.0,1742.9306249999995,331.73126844062847,1839.2578633615,3823.15,14.009999999999993,2000.695625,429.0930147759773,2042.1811754560636,4300.15,20.279999999999973,1443.0695375,45.266703715457965,1688.3360833666163,8650.0,0.0899,1187.1062499999998,1177.1680485374532,153.27391725579892,1402.3,867.8,-0.2743404662500168
core_ESANET_freeONLY,8.829268292682928,5.080337822862618,11.55454179316386,48.0,1.0,11.268292682926829,7.567525038457957,5.909993150274197,17.0,1.0,2.024390243902439,1.8421094251503136,0.9749998093320336,5.0,1.0,2.646585365853659,2.605466763340736,0.4452273179667781,3.16,1.69,67.8829268292683,0.0,85.2589052710568,349.0,0.0,828.9307317073165,120.42385194414196,1481.1940866835423,3823.15,14.009999999999993,965.7353658536588,156.19478789970492,1661.352679824922,4300.15,20.279999999999973,1074.630365853659,5.68573017406028,2305.7737792207777,8650.0,0.0899,1272.1756097560974,1260.384515382244,162.89189559035293,1402.3,867.8,-0.5666665233329695
core_ESASAU_freeONLY,4.951219512195122,3.2483700340764727,4.823475214711521,30.0,1.0,9.195121951219512,5.087334914125017,6.597189025176434,16.0,1.0,1.6585365853658536,1.552019131446141,0.6092680974047218,4.0,1.0,2.535853658536585,2.5023545652221357,0.4260595149641574,3.44,1.65,106.17560975609756,0.0,49.65960610281493,153.9,0.0,1525.6253658536586,181.3296591099174,1840.8951051158515,3823.15,14.009999999999993,1731.4721951219512,239.661746843506,2062.4447924407364,4300.15,20.279999999999973,1056.3984487804878,10.486893629561214,1456.240817398048,7140.0,0.0899,1220.9463414634145,1214.0753508165308,127.13294001884258,1402.3,906.4,-0.15014483999978742
core_ESASEY_freeONLY,5.054054054054054,3.3230871559954767,4.964446274045977,30.0,1.0,9.324324324324325,5.240194966744,6.534954058251855,16.0,1.0,1.6756756756756757,1.5676990670502202,0.6174951166916682,4.0,1.0,2.5291891891891893,2.496980208610134,0.4158246666524725,3.44,1.65,105.74864864864864,0.0,50.7735226893108,153.9,0.0,1584.98972972973,198.0756264239792,1851.2415989545848,3823.15,14.009999999999993,1798.9027027027023,260.10465838720256,2073.543198581087,4300.15,20.279999999999973,1109.4791243243244,12.37938172344865,1489.138038959259,7140.0,0.0899,1217.145945945946,1210.041634368392,129.32695125689187,1402.3,906.4,-0.3224320633333188
core_ESUVAR01_freeONLY,6.183673469387755,4.048988141784176,5.944208189104634,27.0,1.0,10.142857142857142,6.253014639462782,6.2531624652112265,16.0,1.0,1.816326530612245,1.6877509614896005,0.7192249055798409,4.0,1.0,2.598979591836735,2.5602722147488177,0.4583031921228974,3.44,1.88,100.72244897959185,73.63685236949328,52.82309044157128,153.9,7.0,1455.784693877551,198.7058700078877,1773.1836941974634,3823.15,14.009999999999993,1717.968775510204,265.7413443111473,2023.133899968705,4300.15,20.279999999999973,1329.3899693877554,13.22005859963983,2203.256488379788,8900.0,0.0899,1213.1653061224486,1200.1455477128125,166.33500073587717,1402.3,760.4,-0.3199435599998802
core_ETEJOD01_freeONLY,5.76,3.5333055361737125,8.257263469213031,60.0,1.0,9.9,5.625112484762559,6.74166151627327,19.0,1.0,1.72,1.5929480856192175,0.7756287771866125,6.0,1.0,2.6112000000000006,2.55930784427025,0.5137923315893298,3.44,1.14,113.912,99.62876025924773,43.41030126594379,153.9,7.0,1421.8496000000002,165.66675488716234,1809.6030170774584,3823.15,14.009999999999993,1645.7671999999998,226.4114144853501,2044.0295757919357,4300.15,20.279999999999973,954.1967840000002,8.825600610430673,1382.4062399174277,7010.0,0.0899,1219.2719999999997,1207.5924898718758,148.89012732884612,1402.3,533.1,-0.26287757999998007
core_EVUQUI_freeONLY,6.342105263157895,3.8912360529060734,9.24598437954631,60.0,1.0,10.526315789473683,6.341711100482388,6.552367358866577,19.0,1.0,1.7894736842105263,1.653955095047988,0.8321783316232577,6.0,1.0,2.6260526315789474,2.5697696283397224,0.5283367121830955,3.44,1.14,118.6342105263158,106.51233175280932,41.52974378820045,153.9,7.0,1562.2689473684215,207.6402304561962,1836.8262703108735,3823.15,14.009999999999993,1816.0097368421048,283.5967330253117,2074.35370334002,4300.15,20.279999999999973,1076.9787052631582,13.616928752663418,1466.0954323781464,7010.0,0.0899,1205.315789473684,1191.845780928066,157.70790376067797,1402.3,533.1,-0.4644708785714085
core_EWETUW_freeONLY,5.622641509433962,3.449394114473091,8.664014527885387,65.0,1.0,9.735849056603774,5.578845291007265,6.590876894720994,19.0,1.0,1.7169811320754718,1.592633585677538,0.7617595938938246,6.0,1.0,,,,,,115.6188679245283,101.34675953225936,43.95917942048258,153.9,7.0,1776.6224528301884,246.28277842907644,1874.3238400049668,3823.15,14.009999999999993,2035.4441509433964,323.84005207939305,2112.6710093716374,4300.15,20.279999999999973,1178.739869811321,17.449573963513522,1482.569871729353,8219.0,0.0899,1199.4660377358489,1188.8501605697634,145.52232396128406,1402.3,565.8,-0.17373069124995763
core_EWUGEK_freeONLY,4.709677419354839,2.8831261131957584,6.2097402594223,48.0,1.0,8.387096774193548,4.324678525487386,6.735449882499833,16.0,1.0,1.596774193548387,1.4842236675428304,0.658925748897274,5.0,1.0,2.5116129032258065,2.481257852945511,0.407023790809726,3.44,1.69,99.32741935483872,0.0,49.78613671966628,153.9,0.0,1322.258870967742,131.3283852914962,1791.3215621471322,3823.15,14.009999999999993,1498.6580645161291,174.43921930720384,2009.031159674892,4300.15,20.279999999999973,905.29995483871,5.642723122329995,1455.0740218297074,8650.0,0.0899,1237.3790322580642,1230.707971832104,125.0084631162082,1402.3,867.8,-0.37475157125004444
core_EXEQAA_freeONLY,6.277777777777778,4.679074471045484,4.369153942451503,21.0,1.0,11.055555555555555,7.419501849284344,6.059631655675874,16.0,1.0,1.8888888888888888,1.7817974362806783,0.6573421981221794,4.0,1.0,2.6533333333333333,2.5896513243889268,0.5614663342039702,3.44,1.36,124.75,112.9248097215343,41.0199985102118,153.9,18.1,1818.313333333333,324.40931122700823,1836.754906050342,3823.15,14.009999999999993,2113.1511111111117,439.0459449138497,2071.297143198191,4300.15,20.279999999999973,1170.6947,31.21289034556996,1180.9028041570432,2985.0,0.0899,1174.588888888889,1159.111974226334,171.24586252548926,1313.9,633.1,-0.35509718666662593
core_EXEQII_SL,6.277777777777778,4.679074471045485,4.369153942451502,21.0,1.0,11.055555555555555,7.419501849284344,6.059631655675874,16.0,1.0,1.8888888888888888,1.7817974362806783,0.6573421981221795,4.0,1.0,2.6533333333333338,2.589651324388927,0.5614663342039703,3.44,1.36,124.75,112.9248097215344,41.01999851021179,153.9,18.1,1818.3133333333333,324.40931122700795,1836.754906050342,3823.15,14.009999999999993,2113.151111111111,439.0459449138493,2071.297143198191,4300.15,20.279999999999973,1170.6947,31.21289034556996,1180.902804157043,2985.0,0.0899,1174.5888888888887,1159.1119742263372,171.2458625254893,1313.9,633.1,-0.2505702616665909
core_EXEXAH_freeONLY,4.513513513513513,2.927826217611527,4.541827359481083,27.0,1.0,8.35135135135135,4.452031960577177,6.477471212516861,15.0,1.0,1.6216216216216215,1.5100481939178914,0.6303731778211135,4.0,1.0,2.433513513513513,2.418176815848806,0.2783757543828049,3.04,1.88,100.5108108108108,77.83974311597413,50.464018670966624,153.9,7.0,1713.9164864864863,212.44354586567096,1862.2940744933544,3823.15,14.009999999999993,1963.1478378378372,272.491526572802,2102.3538293928764,4300.15,20.279999999999973,1218.0119567567565,13.03921972645182,1692.911618657188,8900.0,0.0899,1209.3405405405406,1200.1580891056014,143.37073744828328,1402.3,760.4,-0.24086954000000557
core_EXOTUH_SL,5.478260869565218,3.854743941994124,5.752400118242199,48.0,1.0,10.521739130434783,6.641649750331893,6.1233899289365965,16.0,1.0,1.7536231884057971,1.6578383088181423,0.5996568366833971,5.0,1.0,2.5818840579710147,2.5531626672352403,0.3973983339582694,3.44,1.69,113.89275362318844,0.0,50.4470372834563,153.9,0.0,1908.3857971014488,313.2507793860093,1888.4527681909688,3823.15,14.009999999999993,2157.058115942029,401.7314712277561,2115.659303481209,4300.15,20.279999999999973,1239.2860289855075,27.10073930722369,1437.1301184365598,8650.0,0.0899,1202.5188405797098,1195.5291332469692,128.99460642062624,1402.3,867.8,-0.11943187333326931
core_EZESAF_freeONLY,4.711864406779661,3.1889371131801343,4.1865436067769535,29.0,1.0,9.152542372881356,5.075584663377779,6.558248937754687,16.0,1.0,1.6440677966101696,1.54447727537597,0.5752733135076996,4.0,1.0,2.526271186440677,2.49906004383334,0.3888222037370439,3.44,1.9,110.41186440677969,91.98407384875505,46.62710379584384,153.9,7.0,1658.3059322033896,207.42849787875292,1864.226876153566,3823.15,14.009999999999993,1892.4793220338988,271.99376680735685,2095.578044384893,4300.15,20.279999999999973,1109.7567067796613,12.668464382552408,1514.3918718602797,8960.0,0.0899,1213.162711864407,1205.2902391925106,133.30586455534947,1402.3,745.5,-0.35844296499991896
core_FAHPOV_freeONLY,6.022471910112359,4.149316581300407,5.763070202532963,30.0,1.0,10.696629213483146,6.958597083064091,5.951875342988327,16.0,1.0,1.820224719101124,1.711523259802565,0.6458475444134794,4.0,1.0,2.545168539325843,2.5104096185702565,0.4302497637825557,3.44,1.65,123.22921348314608,0.0,43.83769401137933,153.9,0.0,2104.8450561797754,419.7064934318989,1864.0620043450735,3823.15,14.009999999999993,2390.873820224719,544.2407840612294,2078.5690440460007,4300.15,20.279999999999973,1540.0082539325845,52.80441299658012,1635.3145049072289,7140.0,0.0899,1172.4303370786515,1165.8267903575727,123.85257129644226,1313.9,906.4,-0.4110927499996251
core_FAPXIG_freeONLY,6.705882352941177,5.151161464635552,4.699996318926631,23.0,1.0,11.764705882352942,8.602470429125887,5.546905992530015,16.0,1.0,1.9411764705882355,1.8433792818817307,0.6389870877176598,4.0,1.0,2.695882352941177,2.642612521171342,0.5320665462971538,3.44,1.63,129.71764705882353,123.1027057410442,35.391262386176585,153.9,50.6,1946.1547058823533,394.5455662161888,1836.3290488879215,3823.15,14.009999999999993,2270.2023529411763,531.4005697002385,2084.9723521104665,4300.15,20.279999999999973,1423.3773352941178,45.92819201675264,1604.2381108609543,6110.0,0.0899,1167.5529411764703,1152.5732618110878,169.63092503032465,1313.9,650.9,-0.21266290833333792
core_FARFIO_freeONLY,9.037037037037036,4.502741788722294,13.53864559526483,53.0,1.0,10.444444444444445,6.5273968940517,6.19637488604386,17.0,1.0,2.0,1.7883899458918255,1.0540925533894598,5.0,1.0,2.493703703703704,2.4729059451327102,0.3155846795810635,3.04,1.65,112.87407407407407,0.0,76.28122720658513,295.2,0.0,1766.9800000000005,312.8724934496516,1844.856707246954,3823.15,14.009999999999993,2006.241851851852,391.5427213830413,2064.3249444884664,4300.15,20.279999999999973,1635.0267851851852,40.875698847250746,1814.535614923422,7140.0,0.0899,1187.6444444444444,1178.688751779977,145.82338717405236,1402.3,906.4,-0.2615606039999875
core_FARFOU_freeONLY,9.037037037037036,4.502741788722294,13.53864559526483,53.0,1.0,10.444444444444445,6.5273968940517,6.19637488604386,17.0,1.0,2.0,1.7883899458918255,1.0540925533894598,5.0,1.0,2.493703703703704,2.4729059451327102,0.3155846795810635,3.04,1.65,112.87407407407407,0.0,76.28122720658513,295.2,0.0,1766.9800000000005,312.8724934496516,1844.856707246954,3823.15,14.009999999999993,2006.241851851852,391.5427213830413,2064.3249444884664,4300.15,20.279999999999973,1635.0267851851852,40.875698847250746,1814.535614923422,7140.0,0.0899,1187.6444444444444,1178.688751779977,145.82338717405236,1402.3,906.4,-0.26389613199935413
core_FAYPIG_freeONLY,5.188235294117647,3.4671710077532776,5.049156289792814,30.0,1.0,9.6,5.583536518612658,6.386935194322124,16.0,1.0,1.7058823529411764,1.5982250679776535,0.6197443384031023,4.0,1.0,2.514705882352941,2.4866239781376542,0.3835993259985923,3.44,1.65,104.28529411764706,0.0,53.41366388499649,153.9,0.0,1722.5491176470591,240.97423229193765,1869.7818808940815,3823.15,14.009999999999993,1953.5545882352944,310.93442092964915,2093.7678133257627,4300.15,20.279999999999973,1207.3238823529412,17.582385066309996,1514.9661042344233,7140.0,0.0899,1210.280588235294,1202.7651798937536,133.37651054199858,1402.3,906.4,-0.26378261857118035
core_FECYUJ_freeONLY,6.1528662420382165,4.106190123756029,6.100188579204256,30.0,1.0,10.53503184713376,6.679470867018873,6.112041641257319,16.0,1.0,1.8152866242038217,1.6985824042837971,0.6755196730477887,4.0,1.0,2.565668789808917,2.5246622406930026,0.4679053117305564,3.44,1.65,119.57643312101912,0.0,45.61905281386345,153.9,0.0,1875.840700636943,320.8631174106391,1867.8012328264256,3823.15,14.009999999999993,2136.7478343949047,424.307456402124,2083.339740376861,4300.15,20.279999999999973,1443.7280796178347,33.65415008764473,1718.5088124678382,7140.0,0.0899,1184.5235668789808,1177.3883320704265,128.36122801926973,1402.3,906.4,-0.21695365285713053
core_FECZAQ_manual,6.666666666666667,4.473892999678627,6.580394160047502,30.0,1.0,10.984126984126984,7.290610589386215,5.908003888973753,16.0,1.0,1.873015873015873,1.7526328554728676,0.7012927629960166,4.0,1.0,2.5876190476190475,2.5414523159607736,0.4945439274170947,3.44,1.65,120.86984126984127,0.0,46.01709011350551,153.9,0.0,1879.4036507936512,343.797576706312,1859.8932896248195,3823.15,14.009999999999993,2146.3941269841266,457.8599597802445,2070.889291706248,4300.15,20.279999999999973,1529.8415142857143,40.56511387011279,1824.438500137668,7140.0,0.0899,1179.25873015873,1171.8279598212364,130.53762169486845,1313.9,906.4,-0.22739443571422915
core_FEFCUQ_freeONLY,5.27027027027027,3.630656954691846,4.858253766188393,30.0,1.0,9.972972972972974,6.02116708322838,6.2579095313029445,16.0,1.0,1.7297297297297298,1.627550944883132,0.5994884598059145,4.0,1.0,2.5216216216216214,2.4931865823907478,0.3910727692947398,3.44,1.65,118.07297297297296,0.0,45.72676576555188,153.9,0.0,1994.137837837838,334.8651308181684,1882.1892181685453,3823.15,14.009999999999993,2258.5059459459458,431.7405855464611,2105.5868259459357,4300.15,20.279999999999973,1353.730967567568,32.10714215134754,1472.4338293373091,7140.0,0.0899,1187.8864864864863,1181.36274188211,123.99657397656397,1402.3,906.4,-0.26386781666671294
core_FEFDAX_freeONLY,5.571428571428571,3.942846795016953,4.894811914003376,30.0,1.0,10.542857142857144,6.69801390171203,6.082024367606831,16.0,1.0,1.7714285714285714,1.6734867667858062,0.5897076411585798,4.0,1.0,2.568,2.536421239157231,0.41100434478065,3.44,1.65,112.2657142857143,0.0,51.87685937656124,153.9,0.0,1892.425142857143,317.51687787075696,1879.5232436313984,3823.15,14.009999999999993,2145.1022857142857,408.700374008365,2102.706402857429,4300.15,20.279999999999973,1302.0105142857144,29.26661910419708,1497.3854801726702,7140.0,0.0899,1198.84,1191.5504888574987,131.50348436448368,1402.3,906.4,-0.32865603666670035
core_FEFDEB_manual,5.0,3.2955126759798827,4.948382209014022,30.0,1.0,9.27027027027027,5.220688870049092,6.491777121653535,16.0,1.0,1.6756756756756757,1.5676990670502202,0.6174951166916682,4.0,1.0,2.502702702702703,2.473369324268674,0.3976529020807416,3.44,1.65,113.6891891891892,0.0,45.96877779292178,153.9,0.0,1788.2383783783785,247.2835116814202,1879.190331371917,3823.15,14.009999999999993,2027.1616216216212,323.19949882819066,2103.676256022805,4300.15,20.279999999999973,1231.573664864865,18.56713784961535,1485.8629601312698,7140.0,0.0899,1200.0756756756753,1193.4672849720164,124.51344528594451,1402.3,906.4,-0.2822529459999941
core_FEHCIG_manual,5.25925925925926,3.388820801069917,5.51491306531389,30.0,1.0,9.333333333333334,5.317063631037813,6.429100507328638,16.0,1.0,1.7037037037037035,1.5874010519681994,0.6562979683951612,4.0,1.0,2.489259259259259,2.4607992404621672,0.3848898440383894,3.44,1.65,106.32592592592592,0.0,51.58253072498976,153.9,0.0,1738.7548148148153,242.1791754912791,1868.5030930932492,3823.15,14.009999999999993,1974.813703703704,314.40854823899576,2090.7521143928407,4300.15,20.279999999999973,1269.1207037037036,18.392303665942404,1596.0923179409224,7140.0,0.0899,1203.585185185185,1196.110125843435,132.45235538557978,1402.3,906.4,-0.8465169416667399
core_FEWQOP_freeONLY,10.7,6.488571327276864,14.982545400120324,64.0,1.0,13.233333333333333,10.472591675506996,5.024495552347076,19.0,1.0,2.2,2.0078676368401127,1.1372481406154653,6.0,1.0,2.724,2.636883633157564,0.6255269778354888,3.44,1.2,111.52,82.63910150933067,52.62879693349133,153.9,7.0,1452.115333333333,266.98919729548413,1730.3625538861952,3823.15,14.009999999999993,1802.8586666666663,376.2021126285746,2003.0481387770544,4300.15,20.279999999999973,1579.34082,26.89080600586289,2458.859518144898,8960.0,0.0899,1182.653333333333,1157.4973292202997,215.4784377972784,1402.3,593.4,-0.33624904000002215
core_FEYJOJ_freeONLY,5.254237288135593,3.4331991754944795,4.949210587075453,27.0,1.0,9.389830508474576,5.297627598970557,6.587139368194542,16.0,1.0,1.694915254237288,1.5811968094057238,0.6445136726044591,4.0,1.0,2.5793220338983045,2.540812922255263,0.4646006647112126,3.44,1.88,113.2169491525424,100.10161966083106,42.84558459755088,153.9,7.0,1503.1062711864402,181.40467300577544,1815.9377386492367,3823.15,14.009999999999993,1738.9361016949154,245.27388346696856,2054.308767867927,4300.15,20.279999999999973,1144.7491322033902,10.632607862213757,1810.846051000924,8900.0,0.0899,1212.6322033898302,1203.539002927001,140.27907588957524,1402.3,760.4,-0.542160411999862
core_FEYQIK_freeONLY,5.676470588235294,2.9549957301343626,9.758015071288211,59.0,1.0,8.5,4.210363400844614,7.138338907122663,19.0,1.0,1.6470588235294117,1.4907396380971711,0.903664205631601,6.0,1.0,2.5529411764705885,2.4920906643260614,0.5507456411499547,3.44,1.13,109.64411764705882,102.55111088092464,38.64241186584617,153.9,50.0,1066.9252941176474,97.18843387241608,1665.5882493515185,3823.15,14.009999999999993,1273.8523529411764,138.50524474056414,1909.8629092948909,4300.15,20.279999999999973,793.9079529411763,3.5026660523711044,1420.730569961327,6640.0,0.0899,1229.667647058823,1215.4875952189332,157.50193037208862,1313.9,527.0,-0.20041696000006937
core_FIJFEK_manual,8.947368421052632,5.613073962038799,13.406493651293044,65.0,1.0,12.842105263157896,9.78259311552791,5.284168588636267,19.0,1.0,2.0526315789473686,1.899374437039104,0.9986139979479092,6.0,1.0,,,,,,131.55263157894737,125.37224113070566,34.05615128641541,153.9,50.0,1916.2436842105265,394.65465236917,1841.8132614647664,3823.15,14.009999999999993,2252.9915789473685,538.9681085416997,2081.2486673787757,4300.15,20.279999999999973,1503.5707210526318,47.708198772296186,1927.1822889985503,8219.0,0.0899,1166.510526315789,1148.4466806189173,179.51862502621267,1313.9,565.8,-0.2368107316666699
core_FOFCOU_freeONLY,5.564516129032258,3.729908965713224,7.183361078128547,58.0,1.0,10.35483870967742,6.3755433704974,6.278732084337462,19.0,1.0,1.7580645161290325,1.646168822229703,0.7113250668129015,6.0,1.0,2.5345161290322578,2.499795941348777,0.4153182899872323,3.44,1.12,125.70645161290324,118.80314524568684,37.633880887237176,153.9,50.0,2125.213548387096,388.2932970585617,1875.60879734494,3823.15,14.009999999999993,2434.605967741936,504.4850500051775,2104.0806319291914,4300.15,20.279999999999973,1347.4538725806456,39.85027217419459,1306.509492135354,6689.0,0.0899,1176.041935483871,1166.2948702560748,138.39833994481185,1313.9,534.4,-0.1210408012499897
core_FONPUV_freeONLY,6.4,4.210376085979186,6.388382312559932,30.0,1.0,10.628571428571428,6.731202468779396,6.169444125391406,16.0,1.0,1.8285714285714283,1.706959195466601,0.6963461489687965,4.0,1.0,2.6020000000000008,2.553501640763661,0.5095420913498147,3.44,1.65,118.98571428571428,0.0,45.29539328741086,153.9,0.0,1694.6145714285717,264.67896153626845,1849.499020073649,3823.15,14.009999999999993,1936.7814285714287,357.39944753670926,2062.8333572639394,4300.15,20.279999999999973,1376.923742857143,24.78543282753392,1790.578929840592,7140.0,0.0899,1192.6142857142856,1185.216772446613,130.159478317633,1313.9,906.4,0.044322759999848395
core_FORKUU_freeONLY,5.520833333333333,4.185271451641125,3.696786799220222,30.0,1.0,11.166666666666666,7.438721806433425,5.936586186989586,17.0,1.0,1.78125,1.7011496095514271,0.5042140129283729,4.0,1.0,2.650729166666667,2.6090972219124247,0.4971318671298111,3.98,1.65,129.375,0.0,70.7137495470294,328.0,0.0,1953.0392708333327,349.92734330042003,1878.6523376541563,3823.15,14.009999999999993,2219.77375,449.6872392339943,2106.9821335231904,4300.15,20.279999999999973,1228.9976416666668,33.57969135920988,1277.088023915256,7140.0,0.0899,1220.296875,1208.320621703965,175.48720125050252,1681.0,786.5,-0.2879027166666598
core_FOVPOX_freeONLY,5.744186046511628,3.72229975359983,7.058206581804843,48.0,1.0,10.116279069767442,6.06658344230831,6.383879779444404,16.0,1.0,1.744186046511628,1.6303267276106777,0.68515906337936,5.0,1.0,2.595116279069768,2.5585937419884885,0.4480467796020143,3.44,1.69,111.56744186046512,0.0,49.323774733094375,153.9,0.0,1632.0967441860466,221.8547675467068,1861.136104999736,3823.15,14.009999999999993,1850.944186046512,292.9548854741615,2083.646742464393,4300.15,20.279999999999973,1147.5584790697676,15.381217953729683,1600.3853402139696,8650.0,0.0899,1213.8837209302326,1206.681715554166,129.6823577863944,1402.3,867.8,-0.14818639428566321
core_FOVPUD_freeONLY,5.857142857142857,3.840626638438649,7.103223374843648,48.0,1.0,10.333333333333334,6.332653176028258,6.300667639100852,16.0,1.0,1.761904761904762,1.649410696809712,0.6834619092574915,5.0,1.0,2.6045238095238097,2.5678090775157987,0.4491325097762,3.44,1.69,112.4904761904762,0.0,49.53911302012645,153.9,0.0,1670.6226190476193,236.93618966410648,1866.139661607376,3823.15,14.009999999999993,1894.5314285714287,312.1860052552057,2088.842104472477,4300.15,20.279999999999973,1174.8791595238097,17.384527594266785,1609.3846460537882,8650.0,0.0899,1211.547619047619,1204.279982836431,130.31985237446557,1402.3,867.8,0.3759650283335911
core_FOXHUX_freeONLY,4.857142857142857,3.1044036306408214,6.094494002200441,57.0,1.0,9.040816326530612,4.878501491994324,6.723274177076345,19.0,1.0,1.6428571428571428,1.5304743079265206,0.6738557951469001,6.0,1.0,2.5193877551020405,2.4861933440545383,0.412117024014679,3.44,1.1,111.39795918367346,92.67350129425742,52.14574156325719,349.0,7.0,1589.561224489796,187.06483186169643,1858.6653968274677,3823.15,14.009999999999993,1817.9604081632656,246.8518819702437,2094.5040553684626,4300.15,20.279999999999973,985.4551632653062,10.176400291453444,1224.3591090705695,6146.0,0.0899,1217.1642857142858,1208.3077529945415,135.68401335305438,1402.3,538.1,-0.49167548857095816
core_FUBNOH_freeONLY,5.388888888888889,3.7630532253734543,4.872130367815259,30.0,1.0,10.22222222222222,6.329049252818651,6.160407233612938,16.0,1.0,1.75,1.6497211886706051,0.5951190357119042,4.0,1.0,2.5305555555555563,2.501865774324172,0.3927251261268598,3.44,1.65,119.33055555555556,0.0,45.72201523849464,153.9,0.0,2049.1413888888887,365.7292532393903,1878.590791611794,3823.15,14.009999999999993,2320.678888888889,470.01970824059873,2100.863150257502,4300.15,20.279999999999973,1391.3321083333333,37.80192598909482,1475.1179664466488,7140.0,0.0899,1184.4388888888889,1177.925914382301,123.94538510027036,1402.3,906.4,-0.15048737000009277
core_FUDGES_freeONLY,5.4,3.4941973689334835,5.370288632839022,30.0,1.0,9.6,5.448120355763375,6.601010023726168,16.0,1.0,1.7,1.5874010519681996,0.6403124237432849,4.0,1.0,2.5859999999999994,2.5425918772964407,0.4868716463299131,3.44,1.65,111.55666666666666,0.0,46.4843535205366,153.9,0.0,1443.1196666666665,172.35520016628482,1814.8222601575128,3823.15,14.009999999999993,1644.1246666666668,233.3315512169646,2031.1076263190869,4300.15,20.279999999999973,1067.02713,10.207591410795818,1559.9872544507962,7140.0,0.0899,1219.186666666667,1212.3773039239695,125.6463840395824,1402.3,906.4,-0.1814263060000257
core_FUNCAT_freeONLY,5.318181818181818,3.80234245887308,4.5215279360005125,30.0,1.0,10.363636363636363,6.505680369395681,6.101754252563578,16.0,1.0,1.75,1.6555065597696217,0.5690901829794961,4.0,1.0,2.540454545454546,2.513761285206217,0.3780088656094441,3.44,1.65,115.25227272727274,0.0,49.743192721290406,153.9,0.0,2027.6320454545453,360.3462627017393,1881.6604618450208,3823.15,14.009999999999993,2294.098181818182,459.0365973339802,2106.166814024163,4300.15,20.279999999999973,1343.8781295454546,35.684249855277415,1422.146602348391,7140.0,0.0899,1191.2363636363634,1184.399136386094,127.6406676624747,1402.3,906.4,-0.2987628700001485
core_FUNCEX_freeONLY,6.090909090909091,4.12233882552567,6.280627436151227,35.0,1.0,10.727272727272728,6.938370235933784,6.00894649805845,17.0,1.0,1.818181818181818,1.7084964768365465,0.6492207662311681,4.0,1.0,2.557727272727273,2.530771149536051,0.3794185961103912,3.44,1.65,120.975,0.0,58.28149606942936,324.6,0.0,2033.3556818181817,385.2742544879402,1875.9009284915464,3823.15,14.009999999999993,2301.1861363636363,489.152495111748,2099.015362008205,4300.15,20.279999999999973,1414.7851772727274,45.25508290124107,1431.1284537957176,7140.0,0.0899,1187.3249999999998,1180.6201572085088,126.51199929615014,1402.3,906.4,-0.23691932333324905
core_FUNFOL_freeONLY,5.201342281879195,3.730730884164261,4.058266674286158,27.0,1.0,10.208053691275168,6.279097115909716,6.229692019260292,16.0,1.0,1.7315436241610738,1.6374029458202288,0.5631988274471744,4.0,1.0,2.5778523489932885,2.550014649773275,0.3908132353319032,3.44,1.88,106.11610738255034,78.60155437171404,53.134624597867024,153.9,7.0,1747.0181879194631,257.71850337456505,1867.126994118642,3823.15,14.009999999999993,1994.3216778523488,331.7311139009727,2102.6990299428703,4300.15,20.279999999999973,1180.5983986577185,18.614504404724627,1569.537156591556,8900.0,0.0899,1213.3073825503354,1204.5469482388007,141.43895787426587,1402.3,760.4,-0.1793857000000116
core_FUNLAD_freeONLY,4.803571428571429,3.3330464844874546,4.252812694714703,30.0,1.0,9.482142857142858,5.498933345342783,6.349890526133309,16.0,1.0,1.6785714285714286,1.5808651244320318,0.5703114079525468,4.0,1.0,2.48125,2.4598871533561266,0.3381623791063357,3.44,1.65,118.64285714285715,0.0,43.8876319102988,153.9,0.0,2070.5326785714287,343.30838640803273,1884.6944909780957,3823.15,14.009999999999993,2339.7966071428573,438.1001351569576,2111.185973267731,4300.15,20.279999999999973,1338.3708035714285,31.97518468040976,1362.104274479309,7140.0,0.0899,1185.7017857142855,1179.6403509578984,119.88968216518204,1402.3,906.4,-0.46843164428543915
core_FUQJUX_freeONLY,6.530612244897959,4.492829529576852,6.214210314210313,29.0,1.0,10.979591836734691,7.402649293547641,5.7622621547032375,16.0,1.0,1.8775510204081636,1.7609165369106556,0.6890588986177195,4.0,1.0,2.59265306122449,2.5646911296822537,0.3790954621588135,3.44,1.9,86.63265306122449,48.86665166037254,61.41992094491521,153.9,7.0,1511.4026530612248,237.12370156541624,1788.624013036649,3823.15,14.009999999999993,1783.7175510204086,304.967759818237,2026.1531316441883,4300.15,20.279999999999973,1379.2096489795915,17.816154138905734,2211.1631534979283,8960.0,0.0899,1222.1612244897958,1206.9208347533408,180.978459442482,1402.3,745.5,-0.3759638566666581
core_FUSGOR_freeONLY,6.666666666666667,4.490248347333594,6.057135369866591,27.0,1.0,10.8,7.002096232723639,6.128621378417824,16.0,1.0,1.8666666666666667,1.7411011265922482,0.7180219742846006,4.0,1.0,2.685,2.637133243009433,0.5110821851718175,3.44,1.88,103.66333333333333,77.12232508526226,51.8528011672358,153.9,7.0,1289.7626666666667,174.86802457663768,1712.0639704363336,3823.15,14.009999999999993,1540.169333333333,240.07545908513637,1964.892931182992,4300.15,20.279999999999973,1271.8575400000004,10.95644369716533,2279.3257230834847,8900.0,0.0899,1220.0599999999995,1206.6206306953334,167.85212658766048,1402.3,760.4,-0.1419520850000898
core_FUSNIR_freeONLY,6.217391304347826,3.610860983920016,9.05517638048335,47.0,1.0,9.521739130434783,5.598194479812497,6.275345583536945,16.0,1.0,1.7826086956521738,1.635406237080598,0.8317881073786517,5.0,1.0,2.482608695652174,2.4618918563912877,0.3318094973521421,3.44,1.93,111.12608695652172,89.52823645767786,48.75101976539929,153.9,7.0,1894.896086956522,301.03916307703093,1861.909952900724,3823.15,14.009999999999993,2180.174347826088,388.0287229478146,2085.5076110247032,4300.15,20.279999999999973,1537.1587043478262,26.93042212667941,2205.506911491014,10490.0,0.0899,1186.8260869565215,1175.5987047975652,155.03854280227642,1402.3,731.0,-0.7927541560000464
core_FUTKEL_manual,5.040816326530612,3.5472441544072244,4.398326136497697,30.0,1.0,9.89795918367347,5.9684480257202965,6.227801059695978,16.0,1.0,1.7142857142857142,1.6176253946745665,0.5714285714285714,4.0,1.0,2.5000000000000004,2.476949337145302,0.351556306634789,3.44,1.65,120.2265306122449,0.0,44.17141829379942,153.9,0.0,2131.1089795918365,384.5973945310722,1876.841445153505,3823.15,14.009999999999993,2409.1232653061224,489.534618668839,2101.0826142315477,4300.15,20.279999999999973,1391.1919469387756,39.796066712851,1385.4158237808738,7140.0,0.0899,1181.465306122449,1175.3478348464484,120.4337933980875,1402.3,906.4,-0.4074119628573304
core_FUWXOL_SL,7.333333333333333,5.857527391412844,5.792715732327589,30.0,1.0,13.0,10.757403162457932,4.307615994440028,15.0,1.0,2.0,1.9244476737882903,0.5773502691896257,4.0,1.0,2.7333333333333325,2.6997300201722187,0.397981015739305,3.04,1.65,54.72777777777778,0.0,64.80886261029048,153.9,0.0,1137.0527777777772,190.60376418145225,1672.1630773402635,3823.15,14.009999999999993,1305.2811111111114,236.79349291374265,1874.4216050910472,4300.15,20.279999999999973,1025.1494333333333,12.121993570614276,1788.86759919708,7140.0,0.0899,1276.994444444444,1265.6662452267287,163.0007684788368,1402.3,906.4,-0.3250328228570619
core_GAXQIH_freeONLY,5.391304347826087,3.92495208263733,4.209090890532504,28.0,1.0,10.565217391304348,6.739815204198749,6.067203975735099,16.0,1.0,1.7608695652173914,1.669169465938104,0.5589113100948887,4.0,1.0,2.5891304347826085,2.5622027737829747,0.3839374161351125,3.44,1.91,106.59347826086956,76.70350521407318,54.38160815287652,153.9,7.0,1801.2430434782607,285.0537007859211,1869.2534580890024,3823.15,14.009999999999993,2057.727391304348,364.52961092154806,2104.722063510519,4300.15,20.279999999999973,1225.731341304348,22.37137537006141,1598.2387484194594,8908.0,0.0899,1210.4630434782607,1201.0269364714184,146.05014528771727,1402.3,737.1,-0.3115201699999943
core_GAYFUJ_freeONLY,7.733333333333333,4.453513023285376,11.02401419125034,48.0,1.0,10.666666666666666,6.982661134372544,5.87272414547873,15.0,1.0,1.9333333333333331,1.7671957730013217,0.9285592184789412,5.0,1.0,2.53,2.499697886418372,0.3815756805667782,3.04,1.69,82.83999999999999,0.0,63.54506852095867,153.9,0.0,1589.4239999999993,253.23936338642145,1828.9269986736304,3823.15,14.009999999999993,1815.4406666666664,321.136017116215,2043.16524599608,4300.15,20.279999999999973,1481.0242400000002,22.441350209981778,2199.4940978979444,8650.0,0.0899,1216.2666666666664,1204.7949553366825,162.8001706250812,1402.3,867.8,-0.21721116399999113
core_GERPUP_freeONLY,7.457831325301205,4.440926426519156,10.06161883645485,62.0,1.0,10.975903614457833,6.840512576584901,6.488127997070687,19.0,1.0,1.879518072289157,1.7233071011672163,0.8970848418788572,6.0,1.0,2.7137349397590365,2.6437648550529738,0.5967193662285691,3.44,1.17,122.0,115.77314014988494,35.3561705389699,153.9,50.0,1210.8548192771088,152.97690138841185,1694.5973827960386,3823.15,14.009999999999993,1434.404457831325,218.8301810646774,1920.1103349680743,4300.15,20.279999999999973,1155.072621686747,9.107379540751324,2085.008105099567,8960.0,0.0899,1208.5120481927706,1192.344109325251,172.59478932060549,1313.9,544.5,1.0805393533334304
core_GEWXAJ_freeONLY,6.378378378378378,4.322161209869948,6.006084083576583,29.0,1.0,10.81081081081081,6.997018919731766,6.070922445772622,16.0,1.0,1.837837837837838,1.721640335689142,0.6783729944870882,4.0,1.0,2.641621621621622,2.6010820569731763,0.4726149996676828,3.44,1.9,111.74054054054054,87.28238197731092,49.3228112318826,153.9,7.0,1540.9700000000005,228.18907378200905,1804.6253584099436,3823.15,14.009999999999993,1811.253783783784,308.1998255943901,2037.8551781082087,4300.15,20.279999999999973,1339.8893513513517,17.371505470478326,2115.8564306663893,8960.0,0.0899,1206.1756756756754,1193.7614829704808,162.08393622225557,1402.3,745.5,-0.24930442571423686
core_GIFKEL_freeONLY,5.705882352941177,2.9513091633901407,8.83019356181394,48.0,1.0,7.882352941176471,4.034543357239907,6.547404990584181,15.0,1.0,1.6764705882352942,1.5133060298157024,0.8650259511678083,5.0,1.0,2.42764705882353,2.403764677888459,0.3447425196350032,3.04,1.69,84.0529411764706,0.0,52.659015402058046,153.9,0.0,1210.4802941176472,122.33614409812452,1712.518139958,3823.15,14.009999999999993,1412.2482352941172,161.7355233676409,1943.145715880295,4300.15,20.279999999999973,1181.3807176470586,5.537092184198117,2154.328883614384,8908.0,0.0899,1231.638235294118,1219.83444346457,159.56542455849535,1402.3,737.1,-0.274132430000004
core_GIRHEW_freeONLY,6.181818181818182,4.239511603370872,5.7968358425199495,30.0,1.0,10.818181818181818,6.981494653881978,6.065074110589428,16.0,1.0,1.818181818181818,1.7084964768365465,0.6492207662311681,4.0,1.0,2.6281818181818184,2.5887980167640383,0.4490053286142236,3.44,1.65,83.55,0.0,61.82021403745189,153.9,0.0,1273.9449999999997,170.0480179552474,1746.7059204262955,3823.15,14.009999999999993,1456.7063636363637,221.32622620709145,1956.3718034820229,4300.15,20.279999999999973,1044.1319727272728,9.946372410772574,1688.84251432494,7140.0,0.0899,1246.613636363636,1237.4102046646271,146.99050462670445,1402.3,906.4,-0.3040123933334749
core_GIRZAK_freeONLY,5.730337078651686,3.967834084595926,5.229054622580313,30.0,1.0,10.51685393258427,6.6098225913239546,6.170084332005323,16.0,1.0,1.7752808988764044,1.6719978980153924,0.6135695704034178,4.0,1.0,2.5904494382022474,2.552906601690612,0.4497112934355824,3.44,1.65,113.0876404494382,0.0,50.35020685545967,153.9,0.0,1758.5898876404494,272.6749486682129,1869.1003396476,3823.15,14.009999999999993,1997.7684269662925,357.5436046466752,2090.063413063522,4300.15,20.279999999999973,1256.7398808988764,23.049681854004948,1560.3106568208632,7140.0,0.0899,1203.3662921348312,1196.070291901064,130.95178883318582,1402.3,906.4,-0.17217569500004967
core_GITVEL01_freeONLY,6.166666666666667,4.007672439851655,6.331139971074191,30.0,1.0,10.27777777777778,6.352074186031332,6.203095603142708,16.0,1.0,1.805555555555556,1.6817928305074292,0.699977953797453,4.0,1.0,2.565,2.5278551557300446,0.4315508210061836,3.44,1.65,83.1277777777778,0.0,60.99990260061037,153.9,0.0,1335.9561111111116,177.3334050964195,1765.0089846643807,3823.15,14.009999999999993,1529.497777777778,230.1289867606066,1975.8161418387635,4300.15,20.279999999999973,1150.4196083333331,11.101283199358674,1792.0012737891648,7140.0,0.0899,1236.9805555555556,1227.3577253161566,150.0013644742467,1402.3,906.4,-0.3676491939997504
core_GITWIQ_freeONLY,6.857142857142857,5.083253393943642,5.701175436744971,30.0,1.0,12.095238095238097,8.795023361675225,5.458979164160569,16.0,1.0,1.9047619047619049,1.8114473285278132,0.6098213559459856,4.0,1.0,2.75,2.7033331651857653,0.4913053555386429,3.44,1.65,86.6952380952381,0.0,63.72981268561294,153.9,0.0,1156.4438095238097,166.9740808191188,1692.1488756761782,3823.15,14.009999999999993,1327.9680952380952,221.52792941114984,1894.5679547355005,4300.15,20.279999999999973,986.3610285714286,9.99677732450678,1707.0462924808348,7140.0,0.0899,1254.4190476190477,1245.2692406768351,146.21004987622177,1402.3,906.4,-0.31901886285725467
core_GIWNUV_freeONLY,7.090909090909091,4.483969423047928,7.366441665411962,29.0,1.0,10.545454545454543,6.835119640743287,5.959921237485005,16.0,1.0,1.9090909090909087,1.7631825099920424,0.7925270806437588,4.0,1.0,2.565454545454545,2.5300859239469538,0.4327158134464368,3.44,1.9,100.67272727272729,69.30072432594585,54.89903279341898,153.9,7.0,1533.9409090909091,242.9340746368968,1769.3930441690222,3823.15,14.009999999999993,1849.2327272727275,325.6454014029177,2009.258234311137,4300.15,20.279999999999973,1636.7455181818184,21.155107887977948,2544.936334122723,8960.0,0.0899,1195.0909090909088,1178.003467318412,188.36375570371789,1402.3,745.5,-0.12186590125000404
core_GIYSEN_freeONLY,6.47887323943662,3.5594452435306607,7.962693215078231,42.0,1.0,8.788732394366198,4.884833679940363,6.419414858503096,16.0,1.0,1.816901408450704,1.639829898788664,0.8770928156022685,5.0,1.0,2.412957746478873,2.397600059877698,0.2753455926608205,3.04,1.9,108.9450704225352,87.28639030527717,51.78751763447945,200.0,7.0,1657.738732394366,244.4083568869634,1801.958530395356,3823.15,14.009999999999993,1979.7243661971827,327.6306517709179,2048.274796941358,4912.15,20.279999999999973,1651.4087774647885,24.15547080104124,2348.377600422729,10280.0,0.0899,1172.3450704225354,1157.7393930367657,174.2611936217006,1402.3,684.3,-0.20455318857141586
core_GIYSIR_freeONLY,6.47887323943662,3.5594452435306607,7.962693215078231,42.0,1.0,8.788732394366198,4.884833679940363,6.419414858503096,16.0,1.0,1.816901408450704,1.639829898788664,0.8770928156022685,5.0,1.0,2.412957746478873,2.397600059877698,0.2753455926608205,3.04,1.9,108.9450704225352,87.28639030527717,51.78751763447945,200.0,7.0,1657.738732394366,244.4083568869634,1801.958530395356,3823.15,14.009999999999993,1979.7243661971827,327.6306517709179,2048.274796941358,4912.15,20.279999999999973,1651.4087774647885,24.15547080104124,2348.377600422729,10280.0,0.0899,1172.3450704225354,1157.7393930367657,174.2611936217006,1402.3,684.3,-0.2576582083333581
core_GIYTAK_freeONLY,5.474747474747475,3.1315969808721427,8.024386359802381,48.0,1.0,8.747474747474747,4.648092106237773,6.695910759249033,16.0,1.0,1.6666666666666667,1.5324245067848397,0.7654139963827327,5.0,1.0,2.5211111111111117,2.4853964523254306,0.4418850549585661,3.44,1.69,107.07070707070709,0.0,47.01615293570698,153.9,0.0,1424.4907070707072,155.51922714608742,1815.840752055855,3823.15,14.009999999999993,1619.7025252525252,208.94846065947849,2033.4754768077407,4300.15,20.279999999999973,1084.2301595959598,8.336296012514227,1717.295225700772,8650.0,0.0899,1220.4565656565655,1213.2981618838808,128.14042893481837,1402.3,867.8,-0.3052855200000219
core_GIYTIS_SL,5.44,3.446479471297707,5.720699257957894,30.0,1.0,9.413333333333334,5.3166747738592,6.548472256098279,16.0,1.0,1.7066666666666668,1.5874010519681996,0.6687965975458375,4.0,1.0,2.5388,2.499650042027916,0.4595068661075696,3.44,1.65,111.48533333333332,0.0,46.96784060988493,153.9,0.0,1572.6549333333337,199.91863371368305,1842.063978945627,3823.15,14.009999999999993,1791.3401333333331,267.59312912614814,2060.325954568349,4300.15,20.279999999999973,1189.8955626666668,13.570429939818888,1632.903218633419,7140.0,0.0899,1208.2879999999998,1201.2103018428738,127.99373209653668,1402.3,906.4,-0.23799167166672908
core_GOGSIF_freeONLY,4.211340206185567,2.5675488013833547,4.637551262142773,27.0,1.0,7.417525773195877,3.610846555146786,6.699430816095127,16.0,1.0,1.5360824742268042,1.4243555096758562,0.6350883641757296,4.0,1.0,2.464278350515464,2.43573322879346,0.398655918152097,3.44,1.88,102.38350515463918,89.23152956146089,43.04757181607672,153.9,7.0,1263.171649484536,113.39352813139854,1755.4062248295909,3823.15,14.009999999999993,1457.5349484536082,153.47667587132509,1988.7443853813447,4300.15,20.279999999999973,940.2452474226806,4.336356041444284,1662.357343481243,8900.0,0.0899,1230.7984536082472,1222.7336451877622,132.56600941900143,1402.3,760.4,0.3539511149998589
core_GOKBUE_freeONLY,7.555555555555555,4.329534076344483,8.125557910569876,29.0,1.0,10.0,5.912603347714987,6.531972647421808,16.0,1.0,1.8888888888888888,1.7144879657061456,0.8748897637790901,4.0,1.0,2.6577777777777785,2.596023338198326,0.58326242955328,3.44,1.9,118.6222222222222,113.1207481221927,33.81389516416055,153.9,72.8,1023.4055555555556,127.6606409693518,1551.3390361384302,3823.15,14.009999999999993,1307.4488888888889,189.91768814870096,1815.413060334231,4300.15,20.279999999999973,1498.284077777778,7.716731785365448,2794.6995376340424,8960.0,0.0899,1199.5777777777776,1182.1325409349934,185.2580109395649,1313.9,745.5,-0.3743497519999664
core_GOZNEQ_freeONLY,6.43801652892562,3.996900671552668,9.64655769716252,74.0,1.0,10.15702479338843,6.329869003697215,6.181829230555381,16.0,1.0,1.818181818181818,1.6858433131927744,0.7925270806437587,6.0,1.0,2.575454545454546,2.5448291780879653,0.39500183073119,3.44,1.55,90.07768595041324,0.0,59.71939132668968,153.9,0.0,1573.648842975207,220.5714406971347,1834.213824732092,3823.15,14.009999999999993,1817.3827272727272,281.791550455423,2103.6401776299203,5828.15,20.279999999999973,1362.9490776859504,14.483737598124904,2755.466548024402,19250.0,0.0899,1223.5595041322313,1211.127867190194,164.38092405992683,1402.3,717.3,-0.1104329716666067
core_GUFREF_freeONLY,4.616541353383458,2.903505576879096,5.983337520764447,48.0,1.0,8.466165413533835,4.468338288474933,6.589521041136885,16.0,1.0,1.6090225563909777,1.4987797518003367,0.6469661583247805,5.0,1.0,2.4600751879699243,2.4386917364023737,0.339017812295366,3.44,1.69,108.8157894736842,0.0,46.64081249067458,153.9,0.0,1717.1727067669176,207.32864772767252,1881.7741958976,3823.15,14.009999999999993,1940.9890977443613,269.17371496573486,2110.1357853210343,4300.15,20.279999999999973,1132.8131744360903,12.722534539992706,1451.7790218654038,8650.0,0.0899,1209.4744360902257,1202.9369266901874,124.02149683548248,1402.3,867.8,0.011584603750037562
core_GULBAR_freeONLY,6.181818181818182,4.239511603370872,5.7968358425199495,30.0,1.0,10.818181818181818,6.981494653881978,6.065074110589428,16.0,1.0,1.818181818181818,1.7084964768365465,0.6492207662311681,4.0,1.0,2.6281818181818184,2.5887980167640383,0.4490053286142236,3.44,1.65,83.55,0.0,61.82021403745189,153.9,0.0,1273.9449999999997,170.0480179552474,1746.7059204262955,3823.15,14.009999999999993,1456.7063636363637,221.32622620709145,1956.3718034820229,4300.15,20.279999999999973,1044.1319727272728,9.946372410772574,1688.84251432494,7140.0,0.0899,1246.613636363636,1237.4102046646271,146.99050462670445,1402.3,906.4,-0.2229190871430546
core_GUPBUP_SL,5.826086956521739,3.0955107870932603,9.365302167473866,48.0,1.0,8.434782608695652,4.467985590404445,6.546330448735793,15.0,1.0,1.6956521739130437,1.5397461553627294,0.8564224175474873,5.0,1.0,2.4456521739130435,2.421981595987161,0.3410065164104705,3.04,1.69,86.39999999999999,0.0,55.55334295110852,153.9,0.0,1372.6834782608694,150.6975088695116,1793.2820333378268,3823.15,14.009999999999993,1563.1995652173912,195.7611596054646,2009.084227992788,4300.15,20.279999999999973,1162.430565217392,7.940507333183932,1917.9322595932724,8650.0,0.0899,1229.9565217391305,1220.8654617257882,144.7510541407496,1402.3,867.8,-0.2066164625000226
core_GUWDUY_freeONLY,5.796296296296297,3.4624180368146757,8.012443169335938,57.0,1.0,9.537037037037036,5.3895321355177375,6.612874544354294,19.0,1.0,1.7592592592592593,1.614937916155123,0.8150252253579773,6.0,1.0,2.472777777777779,2.444970949415457,0.3482039454893079,3.16,1.1,119.13888888888889,89.73063797796063,74.48576900288147,349.0,7.0,1812.6166666666663,269.7047475495456,1873.4205062359024,3823.15,14.009999999999993,2087.9746296296294,346.2842099335566,2112.738064440543,4300.15,20.279999999999973,1160.4387962962965,18.73549680236053,1310.5411108814085,6146.0,0.0899,1198.2537037037034,1186.8040891379696,150.51602315708223,1402.3,538.1,-0.07153493142850816
core_HADLOQ01_freeONLY,5.4,3.6811442587195113,5.043808085167397,27.0,1.0,9.8,5.977034449393541,6.131883886702356,15.0,1.0,1.76,1.6471820345351462,0.6499230723708769,4.0,1.0,2.4896,2.471386282707713,0.3031894457265951,3.04,1.88,100.83600000000004,71.30793215280383,55.38138950947332,153.9,7.0,1920.4092,319.35434118419744,1858.4106064826904,3823.15,14.009999999999993,2210.945199999999,402.4420215253777,2097.2048241697707,4300.15,20.279999999999973,1441.0289279999995,28.10036247022454,1882.4143756499452,8900.0,0.0899,1196.144,1185.1391140212322,156.39905391018192,1402.3,760.4,-0.17550723800000007
core_HADPOU_freeONLY,10.7,6.69217918238797,16.149612998459126,78.0,1.0,12.8,10.702321262027295,4.388621651498338,17.0,1.0,2.2,2.040960307298905,1.0295630140987,6.0,1.0,2.7555,2.7084948826591964,0.5254567061138339,3.98,1.83,114.79,55.161975662877815,98.59083578101972,328.0,7.0,1747.5610000000008,387.9613677894989,1779.4687467159963,3823.15,14.009999999999993,2115.414,500.0895445247319,2062.7616461103785,4300.15,20.279999999999973,2370.75389,50.17879846397987,4746.333906395543,21450.0,0.0899,1236.215,1213.1158648063,235.6369522698,1681.0,762.5,-0.4279765571428657
core_HAFTOZ_freeONLY,6.689655172413793,4.754927489947702,6.187325466857072,28.0,1.0,11.241379310344827,8.037474152406569,5.354052106542476,15.0,1.0,1.9310344827586208,1.8176431200757237,0.6913771605435662,4.0,1.0,2.5348275862068976,2.514270306936718,0.3209965161445404,3.04,1.91,103.83793103448278,68.0412264262069,58.65504895687307,153.9,7.0,2112.617586206896,485.065926660474,1817.6693515667823,3823.15,14.009999999999993,2464.1513793103445,605.5472468159252,2047.8888244839789,4300.15,20.279999999999973,1783.5877724137931,64.70547064065867,2221.094499715152,8908.0,0.0899,1174.3965517241377,1159.5272107090316,178.46005538332585,1402.3,737.1,0.5750917280000521
core_HAFVUH_SL,5.526315789473684,4.188870212388986,3.0499080409369306,12.0,1.0,10.473684210526317,6.5357824700890745,6.377331739121256,16.0,1.0,1.7894736842105263,1.7024702705019197,0.5210260492953508,3.0,1.0,2.6268421052631585,2.5624642094749546,0.5618770480937223,3.44,1.31,121.06315789473685,0.0,44.07911798867215,153.9,0.0,1676.455263157895,265.35495436841177,1841.059400074826,3823.15,14.009999999999993,1911.421052631579,357.61887824640394,2057.261867508401,4300.15,20.279999999999973,1043.4523421052636,22.297525964357227,1104.8789225393082,2260.0,0.0899,1187.3263157894733,1176.1224654539492,152.4041574308787,1313.9,737.7,-0.2577790066666239
core_HAMJOW_freeONLY,5.866666666666666,4.161304465591662,5.155795013596081,30.0,1.0,10.866666666666667,7.078238726116306,6.009621914526368,16.0,1.0,1.8,1.7013343219017114,0.6000000000000001,4.0,1.0,2.6076666666666664,2.5697975450675345,0.4520669812710894,3.44,1.65,115.20000000000002,0.0,50.121006906618845,153.9,0.0,1824.307,303.4168253483774,1873.4295738763,3823.15,14.009999999999993,2071.682,396.62858334036656,2094.204779406573,4300.15,20.279999999999973,1293.0122066666668,27.991896385725248,1552.7351824784653,7140.0,0.0899,1199.5833333333333,1192.3122553108262,130.84544084105067,1402.3,906.4,-0.21464930999998913
core_HAPHUD_freeONLY,5.384615384615385,3.768844033308633,4.756185632957141,30.0,1.0,10.256410256410255,6.320521499763536,6.215027069346948,16.0,1.0,1.7435897435897436,1.6448416688285814,0.5869499047312614,4.0,1.0,2.559615384615385,2.5283548750364537,0.4101639519212058,3.44,1.65,112.21153846153848,0.0,50.71797835484343,153.9,0.0,1846.7961538461536,291.10496914417297,1880.3766974487544,3823.15,14.009999999999993,2092.679230769231,376.198407177163,2104.623805331641,4300.15,20.279999999999973,1255.416982051282,24.735106493548507,1467.6285933007568,7140.0,0.0899,1201.797435897436,1194.702360091011,129.70181776631705,1402.3,906.4,-0.317755994999743
core_HASMIZ_freeONLY,5.153846153846154,3.5766835847975686,4.405931093065821,27.0,1.0,9.82051282051282,5.853531647725312,6.324035529473309,16.0,1.0,1.7179487179487178,1.6158661440291455,0.5969459859909135,4.0,1.0,2.5451282051282047,2.5175625431989155,0.3899103894083527,3.44,1.88,111.93076923076924,91.60210712622109,48.13149804999311,153.9,7.0,1825.01358974359,272.68133005873034,1869.821897175328,3823.15,14.009999999999993,2088.7069230769234,353.4981112866459,2106.1259440488498,4300.15,20.279999999999973,1271.554812820513,21.083939569274275,1664.7907309002162,8900.0,0.0899,1200.9205128205126,1192.1911019673507,139.85673288429967,1402.3,760.4,-0.2146885500000053
core_HAXMUP_freeONLY,5.333333333333333,3.079064578256479,6.359594676112974,29.0,1.0,8.333333333333334,4.356470849791642,6.624868971450595,16.0,1.0,1.6666666666666667,1.5274351309146432,0.7453559924999299,4.0,1.0,2.489444444444444,2.459742982183466,0.3978340276801959,3.44,1.9,90.68333333333332,64.65724124830915,51.0168409013686,153.9,7.0,1157.2,118.9212424767645,1680.5820839518665,3823.15,14.009999999999993,1378.915,160.47913335125276,1919.1809051932369,4300.15,20.279999999999973,1125.8834000000004,5.14157548871363,2147.382968672177,8960.0,0.0899,1233.044444444444,1220.1053702888746,164.5579506915496,1402.3,745.5,-0.3006664639998689
core_HEFVAR_freeONLY,6.636363636363637,4.297387501144397,7.10121180887332,45.0,1.0,10.65034965034965,6.800843586618931,6.136282947290905,17.0,1.0,1.86013986013986,1.729189339957842,0.7442215494762804,5.0,1.0,2.613846153846154,2.5787169562167525,0.4416354270857751,3.44,1.9,122.55524475524476,100.11575448020182,59.39752847195293,349.0,7.0,1704.4500000000005,272.9665076727449,1834.0431801964685,3823.15,14.009999999999993,1990.5439860139863,363.6115388383954,2073.88093316339,4300.15,20.279999999999973,1436.0867132867131,22.64470680745776,2248.4707473510143,12450.0,0.0899,1194.1993006993005,1182.7132984278535,155.75801632616097,1402.3,719.7,-0.28086034000008503
core_HEGCEB_freeONLY,6.392857142857143,3.292614359833287,9.544404814618147,48.0,1.0,8.464285714285714,4.516596532313039,6.538250873880255,15.0,1.0,1.75,1.5739116674359803,0.911239344440934,5.0,1.0,2.468928571428571,2.4393927871864705,0.3833996356443819,3.04,1.69,75.42499999999998,0.0,54.442463895382254,153.9,0.0,1060.4960714285714,112.6042261081988,1627.8256759584444,3823.15,14.009999999999993,1254.008214285714,149.12212152856432,1858.2662473450384,4300.15,20.279999999999973,1192.4227071428577,4.967341640767135,2315.44319655866,8908.0,0.0899,1241.803571428571,1228.3729389419818,169.3351441924371,1402.3,737.1,-0.19402325666665843
core_HEGJUZ_freeONLY,5.3861386138613865,3.702880107161468,5.0147708495858,30.0,1.0,10.07920792079208,6.144595606209885,6.2278250869147405,16.0,1.0,1.7425742574257426,1.6390629765293432,0.6077627427018932,4.0,1.0,2.5278217821782176,2.497867861216025,0.4015529358846923,3.44,1.65,119.1920792079208,0.0,45.05374938116313,153.9,0.0,2001.133267326733,342.205750296866,1880.3005048478049,3823.15,14.009999999999993,2267.672574257426,442.38190669327537,2102.5020095763475,4300.15,20.279999999999973,1375.8666019801983,33.89982645963786,1500.297423787684,7140.0,0.0899,1185.8673267326733,1179.3474236194172,123.77094790910743,1402.3,906.4,-0.3777035599997752
core_HEKTAU_freeONLY,5.230769230769231,3.365654449159261,6.550441513643842,48.0,1.0,9.461538461538462,5.412125293310932,6.455354183399708,16.0,1.0,1.6923076923076923,1.580123233998771,0.6661733875264911,5.0,1.0,2.5194230769230765,2.492198296856997,0.3847897201046629,3.44,1.69,111.5923076923077,0.0,48.267315928920766,153.9,0.0,1789.988653846154,249.297393583006,1883.98171630646,3823.15,14.009999999999993,2025.2384615384617,323.27541133873734,2110.6717984332568,4300.15,20.279999999999973,1209.665501923077,18.28099071762309,1527.4022849177372,8650.0,0.0899,1204.7730769230768,1197.8650467498337,127.42449365345831,1402.3,867.8,-0.060625645000072795
core_HELDEJ_SL,5.136690647482014,3.467149570923816,4.624304635805547,30.0,1.0,9.697841726618703,5.554323411266839,6.563091345069526,16.0,1.0,1.683453237410072,1.582132583671194,0.5880827429549872,4.0,1.0,2.5961870503597124,2.5585184080099004,0.4521911413567447,3.44,1.65,100.52661870503596,0.0,53.3554344464528,153.9,0.0,1356.2707913669065,156.34478668846845,1794.2462136543702,3823.15,14.009999999999993,1540.713165467626,207.54519415303727,2010.9298101259749,4300.15,20.279999999999973,934.9323237410072,7.942961349784551,1410.6582597040576,7140.0,0.0899,1237.3424460431654,1230.3189384433213,128.8141989014456,1402.3,906.4,-0.29093350714286503
core_HICVOG_freeONLY,6.511627906976744,4.743776763559076,5.699335306096161,30.0,1.0,11.627906976744184,8.243214517124802,5.536446916250797,16.0,1.0,1.8837209302325584,1.786590879716017,0.6179223374691358,4.0,1.0,2.6388372093023253,2.5995332477806388,0.4528062848931358,3.44,1.65,104.05348837209304,0.0,59.41185125231001,153.9,0.0,1742.3662790697674,309.49107153312383,1856.3478003164284,3823.15,14.009999999999993,1984.388139534884,400.1583922010967,2073.583808918871,4300.15,20.279999999999973,1331.1195372093025,30.18381649994813,1690.0035552416016,7140.0,0.0899,1208.4604651162788,1199.6836360310172,143.97181917327688,1402.3,906.4,-0.34629752571442746
core_HIFGIO_SL,5.142857142857143,3.343381378370426,5.29476504593733,30.0,1.0,9.296703296703296,5.273149428793097,6.44928568409278,16.0,1.0,1.6923076923076923,1.57936065916668,0.6409523767656123,4.0,1.0,2.487362637362638,2.458324953394809,0.3944528416912711,3.44,1.65,117.10769230769232,0.0,43.62181939857151,153.9,0.0,1882.6536263736264,278.77994972625487,1881.2612979848495,3823.15,14.009999999999993,2135.594175824176,364.2178600055432,2104.054357090983,4300.15,20.279999999999973,1328.32249010989,23.710747745203516,1544.608213995694,7140.0,0.0899,1189.8043956043955,1183.3302016585378,122.7966467954038,1313.9,906.4,-0.10673024999996035
core_HIFTOG02_freeONLY,7.169811320754717,4.84578192055751,6.981743981341904,30.0,1.0,11.39622641509434,7.866819765478604,5.72429322535702,16.0,1.0,1.9245283018867925,1.8013226327455147,0.7229148702138872,4.0,1.0,2.6211320754716985,2.568300801895799,0.5273488708745602,3.44,1.65,120.75849056603776,0.0,47.10839140872712,153.9,0.0,1800.1413207547168,333.24968378280107,1848.0440734596127,3823.15,14.009999999999993,2063.034150943396,449.5451252654602,2055.361018931044,4300.15,20.279999999999973,1562.6350150943397,40.81585330742181,1928.358048998985,7140.0,0.0899,1179.741509433962,1171.864861879613,133.98155524135188,1313.9,906.4,-0.26091848000006784
core_HIFVOI_freeONLY,5.882352941176471,3.633939570009765,6.5518955761015,30.0,1.0,9.529411764705882,5.555515736850423,6.334941822090662,15.0,1.0,1.7647058823529411,1.63114196696555,0.7299808027053446,4.0,1.0,2.4888235294117647,2.458953524155085,0.3789906463682211,3.04,1.65,81.65882352941176,0.0,59.77778515983941,153.9,0.0,1409.8729411764707,181.78359883963407,1788.9223001828084,3823.15,14.009999999999993,1612.480588235294,233.7669344924245,2002.4295258201037,4300.15,20.279999999999973,1217.9731411764708,11.590812920336322,1821.5444412371337,7140.0,0.0899,1229.8,1220.0574908033389,150.950506107524,1402.3,906.4,-0.3918963379999695
core_HIGRIA_freeONLY,6.122448979591836,4.158178435853268,5.942351122210957,30.0,1.0,10.591836734693878,6.834732247353515,5.982690567154886,16.0,1.0,1.8265306122448977,1.71179531479146,0.6704477669785797,4.0,1.0,2.554489795918367,2.522251892699604,0.4049291256931911,3.44,1.65,96.58265306122448,0.0,59.58493513466373,153.9,0.0,1703.606530612245,273.7105262395124,1847.8048226830724,3823.15,14.009999999999993,1949.0672448979597,350.8016939984823,2070.9981521758727,4300.15,20.279999999999973,1351.158360204082,23.66869011779261,1803.4434382711456,8900.0,0.0899,1209.8755102040814,1200.0714059000993,150.60190330072498,1402.3,760.4,-0.26103217333343304
core_HIHGUC_freeONLY,5.111111111111111,3.392487272459646,5.779647133489579,48.0,1.0,9.61111111111111,5.507873728373863,6.5182554660727785,16.0,1.0,1.6805555555555556,1.5770725187640355,0.6197308754811975,5.0,1.0,2.5600000000000005,2.52682433617009,0.4317696144936555,3.44,1.69,120.32638888888889,0.0,40.05761473266959,153.9,0.0,1774.7309722222226,242.2838573302611,1885.4772704529985,3823.15,14.009999999999993,2007.7136111111115,320.00398858891737,2112.059003174328,4300.15,20.279999999999973,1156.242852777778,17.3784158438479,1429.436088421304,8650.0,0.0899,1202.7930555555556,1196.756920336553,118.83297840805912,1313.9,867.8,0.23071470799991398
core_HILJUJ_freeONLY,7.127272727272727,4.077370434503446,10.41162732098467,58.0,1.0,10.654545454545454,6.265813857968828,6.815005320662716,19.0,1.0,1.8363636363636364,1.6713315482719713,0.9489446073236284,6.0,1.0,2.693090909090909,2.618076212918898,0.601627709490218,3.44,1.12,114.85454545454546,100.9033856425974,43.57019339027675,200.0,7.0,1044.006181818182,119.94124202218975,1635.9298616844412,3823.15,14.009999999999993,1278.736909090909,174.85789671115842,1887.8785314612444,4300.15,20.279999999999973,854.6880400000002,5.815737993031256,1505.4835618055442,6689.0,0.0899,1224.5490909090906,1207.8435629319192,171.335532453113,1402.3,534.4,-0.15783655800009905
core_HIWKII_freeONLY,6.813953488372093,4.387655684501517,7.237678588240421,41.0,1.0,10.348837209302326,6.560516366050049,6.22778366239485,16.0,1.0,1.8837209302325584,1.7389113362859334,0.8129561996720249,5.0,1.0,2.6218604651162787,2.5690781004912524,0.5127230351394156,3.44,1.55,86.56976744186045,0.0,59.6021403349247,153.9,0.0,1227.7667441860467,161.7541370581993,1690.040238953624,3823.15,14.009999999999993,1461.5281395348836,215.5340257517481,1966.1476004782312,5017.15,20.279999999999973,1177.957274418605,9.11854871156143,2083.55601865715,8570.0,0.0899,1227.3279069767436,1209.5653736138845,188.4012989704657,1402.3,652.1,-0.24076073500004702
core_HIYYEU_freeONLY,3.984732824427481,2.373049231134877,5.204203721896262,42.0,1.0,6.854961832061068,3.272010994998907,6.533673361437887,15.0,1.0,1.5038167938931295,1.3906312443580249,0.6581728792305304,5.0,1.0,2.4047328244274806,2.388673431661501,0.2880371271771758,3.04,1.91,90.118320610687,69.18277810325823,47.54641412784241,153.9,7.0,1231.2669465648853,104.62518008679702,1748.4978658893708,3823.15,14.009999999999993,1419.75854961832,138.09255346003144,1992.6404839779727,4912.15,20.279999999999973,904.7518229007638,3.563929072511293,1661.081032683339,10280.0,0.0899,1240.6053435114502,1231.6141046236849,139.56776094467878,1402.3,684.3,-0.3583774916666016
core_HOBGAH_freeONLY,5.233333333333333,3.437565395159245,5.031125343521292,28.0,1.0,9.433333333333334,5.379475854703857,6.49965811066671,16.0,1.0,1.7,1.5874010519681996,0.6403124237432849,4.0,1.0,2.5516666666666663,2.5192515356626943,0.4244846548724961,3.44,1.91,111.25333333333334,93.08648658419072,45.95926989072921,153.9,7.0,1603.5186666666668,205.64482711718097,1837.2823575247096,3823.15,14.009999999999993,1850.8916666666669,272.9321041480372,2076.2314152651406,4300.15,20.279999999999973,1201.2402300000003,13.08687800773508,1801.4284395256495,8908.0,0.0899,1208.91,1199.0470256353535,145.85485787818885,1402.3,737.1,-0.24052119000026545
core_HOBGEL_freeONLY,5.322033898305085,3.519448865103452,5.04703530350077,28.0,1.0,9.59322033898305,5.541575274630605,6.473200670267564,16.0,1.0,1.7118644067796611,1.5998826645574864,0.6391426316937222,4.0,1.0,2.5659322033898304,2.532577572502454,0.4300970274609419,3.44,1.91,109.41525423728814,88.704960032144,47.67604242746594,153.9,7.0,1566.7289830508475,200.75952172558905,1829.0326931474888,3823.15,14.009999999999993,1810.3462711864408,266.44911151146823,2068.0893937116707,4300.15,20.279999999999973,1183.3148288135594,12.53999890821415,1811.292016016124,8908.0,0.0899,1212.5152542372878,1202.4075667056595,147.71935348635566,1402.3,737.1,-0.25859158666660653
core_HOBGIP_freeONLY,5.538461538461538,3.643075786176961,5.2713359073882495,28.0,1.0,9.76923076923077,5.703615385860301,6.476630726089776,16.0,1.0,1.7307692307692308,1.6158661440291455,0.6538461538461537,4.0,1.0,2.597692307692308,2.5605247975515173,0.4532642945457529,3.44,1.91,105.28076923076924,81.03665089156621,49.95975318063354,153.9,7.0,1410.4284615384615,172.44748507793582,1784.9638293075002,3823.15,14.009999999999993,1640.8884615384616,231.03390005551452,2025.0546902960275,4300.15,20.279999999999973,1125.3183884615387,9.679772775083286,1885.1239356854944,8908.0,0.0899,1222.5423076923075,1211.6675661897652,152.48824966856378,1402.3,737.1,-0.37887265142850474
core_HOBGOV_freeONLY,5.333333333333333,3.452976132214151,5.235208439728778,28.0,1.0,9.407407407407408,5.333777791135897,6.539108894208408,16.0,1.0,1.7037037037037035,1.5874010519681996,0.6562979683951611,4.0,1.0,2.564814814814815,2.5296523999896223,0.4421024715335537,3.44,1.91,109.51851851851852,90.50369623737798,46.41608946010183,153.9,7.0,1497.9722222222222,182.9387309528235,1811.3566444607477,3823.15,14.009999999999993,1737.2655555555557,245.00249186181864,2051.4190277181187,4300.15,20.279999999999973,1167.3006296296298,10.74548724593924,1862.2818028864615,8908.0,0.0899,1214.159259259259,1203.812938876984,148.68176868800035,1402.3,737.1,-0.2288487328570454
core_HOGJIX_freeONLY,5.517241379310345,3.6314814360476175,5.385937562253636,30.0,1.0,9.862068965517242,5.763257211962603,6.484592550574623,16.0,1.0,1.7241379310344829,1.6128979635153649,0.6376980003071354,4.0,1.0,2.5855172413793106,2.5444436167715816,0.4712096407808352,3.44,1.65,108.27241379310344,0.0,50.19759505540098,153.9,0.0,1492.6820689655176,188.84114398154384,1825.783759310296,3823.15,14.009999999999993,1699.6748275862071,252.49248713620597,2043.2885127126783,4300.15,20.279999999999973,1103.8119310344828,11.96186093343312,1573.811437981264,7140.0,0.0899,1219.0344827586205,1211.798192969525,129.92773926929158,1402.3,906.4,-0.20564452166672706
core_HOVQAM_freeONLY,4.443037974683544,3.133313534691278,3.5675997513594067,27.0,1.0,9.075949367088608,5.137316212270038,6.350066583720952,15.0,1.0,1.6455696202531649,1.550691169256758,0.5520496832242159,4.0,1.0,2.4458227848101264,2.4339604153101617,0.2440979653664533,3.04,1.88,110.80379746835445,90.57244458597522,48.80919565528552,153.9,7.0,2065.0512658227844,329.4029369594354,1883.1618364472984,3823.15,14.009999999999993,2340.2406329113924,412.9345804856671,2117.6235048724325,4300.15,20.279999999999973,1314.3063670886077,27.75040688102626,1410.918153048151,8900.0,0.0899,1191.9898734177216,1184.640912408914,130.77691856401074,1402.3,760.4,0.1379363400001239
core_HOXGEH_freeONLY,6.2105263157894735,2.9816505456312665,10.687321299797103,50.0,1.0,8.105263157894736,4.081838346193093,6.769861514886986,16.0,1.0,1.6842105263157894,1.5114056827942168,0.9206766149755738,5.0,1.0,2.470263157894737,2.439278827545073,0.4173884146004284,3.44,1.96,111.3342105263158,104.71134402325032,37.94552380727285,153.9,72.8,1348.3563157894737,137.95453521163552,1787.798658120064,3823.15,14.009999999999993,1643.9089473684212,200.2173755613597,2014.913357325935,4300.15,20.279999999999973,1158.1253473684212,7.509891901268181,1794.0203761929338,7310.0,0.0899,1203.3473684210524,1191.0117238770474,157.3338250125344,1313.9,708.6,-0.37590118199996136
core_HOZFEJ_freeONLY,4.703703703703703,3.539351480846844,2.6291079294698227,8.0,1.0,10.0,5.940980868321307,6.394442031083626,16.0,1.0,1.6851851851851851,1.6079083603047408,0.4644420816290538,2.0,1.0,2.5640740740740737,2.521111204540925,0.445759935883607,3.44,0.98,108.86666666666667,83.9284949500805,51.220134929754174,153.9,7.0,1725.0899999999997,248.60455013569984,1877.4785052298205,3823.15,14.009999999999993,1966.095740740741,325.74996748431147,2098.291574259792,4300.15,20.279999999999973,1014.6779314814814,17.37401347163367,1116.1424667571116,2260.0,0.0899,1207.3592592592593,1195.015881563431,155.45729855341423,1402.3,520.2,-0.2488174539999818
core_HURGEH_freeONLY,6.947368421052632,5.359437458750578,5.246288755527204,27.0,1.0,12.31578947368421,9.405339123191514,5.140680188242012,16.0,1.0,1.947368421052632,1.8592707100168124,0.6046908048987399,4.0,1.0,2.7405263157894737,2.69468045377779,0.5067592980395963,3.44,1.88,132.2736842105263,126.98037998457472,32.42795808209271,153.9,63.7,1923.5594736842104,396.35898010729215,1840.9342275493932,3823.15,14.009999999999993,2237.0442105263155,536.4080141169815,2072.751860616107,4300.15,20.279999999999973,1539.4128263157895,47.90849716323523,2053.9098418408867,8900.0,0.0899,1176.752631578947,1166.4540490634795,147.6823239553883,1313.9,760.4,-0.22596398333356163
core_HUXWAY_freeONLY,7.530120481927711,4.445985850581057,10.456262721736008,65.0,1.0,10.975903614457833,6.840512576584901,6.488127997070687,19.0,1.0,1.879518072289157,1.7233071011672163,0.8970848418788572,6.0,1.0,,,,,,122.0,115.77314014988494,35.3561705389699,153.9,50.0,1217.698192771085,153.68463385302667,1695.6989827946916,3823.15,14.009999999999993,1468.79,221.60620607824788,1943.9246483388383,4300.15,20.279999999999973,1175.940091566265,9.131846492756598,2150.247590793247,8960.0,0.0899,1209.025301204819,1193.4471127428023,170.64002400839018,1313.9,565.8,-0.1801541520001137
core_IBASEL_freeONLY,6.842696629213483,3.972770721824553,9.227339539400395,57.0,1.0,10.235955056179776,5.982751411215967,6.6939893748637695,19.0,1.0,1.820224719101124,1.6612236872966868,0.893947158692858,6.0,1.0,2.650561797752809,2.585959638485423,0.5678509844695703,3.44,1.1,109.60449438202248,91.56056379161234,45.26724616437528,153.9,7.0,1127.2832584269663,131.080012876549,1663.1232185960253,3823.15,14.009999999999993,1375.527078651685,186.93413265185671,1918.8211572922485,4300.15,20.279999999999973,1050.0730224719105,6.584719827071197,1956.9459761476348,8960.0,0.0899,1221.3044943820223,1205.01532117254,174.10900944756352,1402.3,538.1,-0.2157403633337556
core_IBASOV_freeONLY,6.910112359550562,3.97735260914234,9.597097465518218,60.0,1.0,10.235955056179776,5.982751411215967,6.6939893748637695,19.0,1.0,1.820224719101124,1.6612236872966868,0.893947158692858,6.0,1.0,2.6514606741573035,2.5880361013764053,0.5654222853876814,3.44,1.14,109.64943820224718,91.644595246375,45.207012291883885,153.9,7.0,1129.575393258427,131.3220586977588,1663.2813203843336,3823.15,14.009999999999993,1367.3473033707864,186.5041490266836,1909.489479824717,4300.15,20.279999999999973,1069.4887528089891,6.60421220044524,2010.9495423837443,8960.0,0.0899,1221.1921348314604,1204.7625546261645,174.55092507276237,1402.3,533.1,0.026219401999651483
core_IBUYAH_freeONLY,5.428571428571429,3.8277031195437456,4.754843249027251,30.0,1.0,10.363636363636363,6.4682722639203,6.153679273007436,16.0,1.0,1.7532467532467533,1.6555065597696217,0.5845598667494494,4.0,1.0,2.559090909090909,2.5288637996284296,0.4020828299307837,3.44,1.65,110.98311688311688,0.0,52.125182493928016,153.9,0.0,1870.705064935065,303.3522918876347,1880.733647812631,3823.15,14.009999999999993,2119.426103896104,389.9597532018845,2105.0288920725397,4300.15,20.279999999999973,1271.7176194805195,26.561095391156044,1470.0957133454212,7140.0,0.0899,1201.5142857142855,1194.2596005105056,131.3092569651871,1402.3,906.4,-0.37014982714254074
core_ICAGOK_freeONLY,5.243243243243243,3.629353854926789,4.715732183013982,29.0,1.0,9.945945945945946,6.007747205048051,6.246927659759424,16.0,1.0,1.7297297297297298,1.627550944883132,0.5994884598059145,4.0,1.0,2.5308108108108107,2.506241058076886,0.3667046707621843,3.44,1.9,113.68108108108108,92.64362436521432,48.091988644723735,153.9,7.0,1910.7105405405407,306.35364801769794,1873.5950868763707,3823.15,14.009999999999993,2188.757837837838,394.94825454126806,2103.2418212795,4300.15,20.279999999999973,1341.868075675676,26.283445281101468,1689.3613331427557,8960.0,0.0899,1194.462162162162,1185.3554742917731,142.32998839079926,1402.3,745.5,-0.24543273399976898
core_IDIWUN_freeONLY,6.033898305084746,3.95791149719321,6.131237333841794,30.0,1.0,10.271186440677964,6.351655352871037,6.207787641818769,16.0,1.0,1.7966101694915255,1.676860543551565,0.683452378090032,4.0,1.0,2.548305084745763,2.508435128024109,0.4613140866961628,3.44,1.65,119.1457627118644,0.0,45.06980394685672,153.9,0.0,1863.1681355932208,308.39157936108563,1868.2087235769632,3823.15,14.009999999999993,2122.2405084745765,408.0971124963189,2084.213685655245,4300.15,20.279999999999973,1435.8628508474578,31.247532125571897,1718.8446805019569,7140.0,0.0899,1184.6813559322031,1177.6162822826211,127.6239835525536,1313.9,906.4,-0.24917094800002815
core_IDIXAU_freeONLY,6.431372549019608,4.2673157369470935,6.429877875096715,30.0,1.0,10.705882352941176,6.901405996685179,6.046532364357111,16.0,1.0,1.843137254901961,1.7222728578654445,0.6965615556208476,4.0,1.0,2.575490196078432,2.53111641294849,0.4857349948253683,3.44,1.65,120.05490196078432,0.0,45.671599763861884,153.9,0.0,1854.4760784313728,322.59603468330016,1862.29098963792,3823.15,14.009999999999993,2116.283725490196,429.3394692709542,2075.274297885124,4300.15,20.279999999999973,1483.83428627451,35.341693473321634,1789.0256242109103,7140.0,0.0899,1182.3960784313722,1175.0763329192023,129.6541537802181,1313.9,906.4,-0.23019507200015138
core_IFEHUY_freeONLY,5.809523809523809,3.5690036150811397,5.662062955858029,25.0,1.0,9.142857142857142,5.100890200618392,6.628119853255193,16.0,1.0,1.761904761904762,1.618348172852874,0.7499055118106486,4.0,1.0,2.520952380952381,2.478960848922816,0.4669853139518543,3.44,1.55,109.03333333333336,0.0,52.65953839644803,200.0,0.0,1381.3923809523812,173.71349240248688,1755.4730696986462,3823.15,14.009999999999993,1603.0200000000002,237.00639879952143,1969.6893418675609,4300.15,20.279999999999973,1202.6789142857144,12.231088495622418,1759.6068252333469,7470.0,0.0899,1198.2095238095235,1185.734131313611,160.87037048435377,1402.3,717.3,-0.3924146374999964
core_IFENOY03_SL,5.222222222222222,3.567090773512493,4.910935140135459,30.0,1.0,9.833333333333334,5.871147751580944,6.282692274990255,16.0,1.0,1.7222222222222223,1.618261150231923,0.6060395619242064,4.0,1.0,2.509722222222222,2.4830857537759528,0.3755772306368418,3.44,1.65,113.35555555555555,0.0,49.18545090010778,153.9,0.0,1943.559722222222,314.1769285824945,1882.7316556793603,3823.15,14.009999999999993,2201.435555555556,403.30557370354217,2106.9319974358773,4300.15,20.279999999999973,1328.5518833333333,28.423474091393448,1484.8737835587374,7140.0,0.0899,1193.1583333333333,1186.256506877157,127.76873286223912,1402.3,906.4,0.13522854166656845
core_IFEQIV_SL,5.222222222222222,3.567090773512493,4.910935140135459,30.0,1.0,9.833333333333334,5.871147751580944,6.282692274990255,16.0,1.0,1.7222222222222223,1.618261150231923,0.6060395619242064,4.0,1.0,2.509722222222222,2.4830857537759528,0.3755772306368418,3.44,1.65,113.35555555555555,0.0,49.18545090010778,153.9,0.0,1943.559722222222,314.1769285824945,1882.7316556793603,3823.15,14.009999999999993,2201.435555555556,403.30557370354217,2106.9319974358773,4300.15,20.279999999999973,1328.5518833333333,28.423474091393448,1484.8737835587374,7140.0,0.0899,1193.1583333333333,1186.256506877157,127.76873286223912,1402.3,906.4,-0.024863408333279314
core_IFUNUU_freeONLY,6.209302325581396,3.782338377102729,9.488201092850357,65.0,1.0,10.348837209302326,6.158874513373148,6.576504057982628,19.0,1.0,1.7674418604651163,1.637254047626539,0.8022413167748996,6.0,1.0,,,,,,123.31162790697674,109.49426636317816,51.90890146052304,328.0,7.0,1655.753255813953,225.52699183160615,1854.5923204991752,3823.15,14.009999999999993,1908.7013953488367,303.0932805634738,2093.980018571045,4300.15,20.279999999999973,1137.549711627907,15.52000309961386,1554.0341350492793,8219.0,0.0899,1211.286046511628,1197.9702187237829,165.6769756798344,1681.0,565.8,-0.210020846666661
core_IGINIX01_freeONLY,6.090909090909091,4.075064571479894,5.869095415115991,30.0,1.0,10.545454545454543,6.582050320116321,6.2502892495051245,16.0,1.0,1.7954545454545454,1.681792830507429,0.659874142770817,4.0,1.0,2.621136363636364,2.5751474612511216,0.4963284099221681,3.44,1.65,110.28863636363636,0.0,51.21807749005091,153.9,0.0,1528.269090909091,213.9928633680865,1826.040014202141,3823.15,14.009999999999993,1744.7913636363637,287.34188712254,2040.9722538464036,4300.15,20.279999999999973,1198.131425,15.85986539369622,1689.712126297142,7140.0,0.0899,1212.984090909091,1205.279929503262,133.70499403058588,1402.3,906.4,-0.31064223166659605
core_IKETAU_freeONLY,7.75,4.704410917061719,11.229611153849747,60.0,1.0,11.708333333333334,7.708141460230703,6.281448656338935,19.0,1.0,1.9166666666666667,1.760566966881842,0.9537935951882996,6.0,1.0,2.7412499999999995,2.6646686009709475,0.6007725061674066,3.44,1.14,112.75416666666666,91.43217831317148,47.485725742643496,153.9,7.0,1196.0483333333334,155.18428916579586,1704.0465732281368,3823.15,14.009999999999993,1436.358333333333,220.15402674469607,1951.3004435923976,4300.15,20.279999999999973,951.8530583333333,8.644541969838176,1622.0966068001003,7010.0,0.0899,1221.9333333333334,1203.2799328694502,180.77217629442376,1402.3,533.1,0.36666047666669027
core_IKETOI_freeONLY,7.916666666666667,4.717078596931133,12.006653248187948,64.0,1.0,11.708333333333334,7.708141460230703,6.281448656338935,19.0,1.0,1.9166666666666667,1.760566966881842,0.9537935951882996,6.0,1.0,2.74375,2.6703696756527857,0.5941928173300874,3.44,1.2,112.75416666666666,91.43217831317148,47.485725742643496,153.9,7.0,1208.215,156.50542738588825,1705.7451460212335,3823.15,14.009999999999993,1442.608333333333,220.553495409337,1957.7236154516863,4300.15,20.279999999999973,988.9780583333333,8.687746810577112,1764.2887863346375,7901.0,0.0899,1224.4458333333334,1208.664574158433,171.35455440685618,1402.3,593.4,-0.45729282375003777
core_ILIFUE_freeONLY,7.642857142857143,5.013467244452264,10.04708303693268,58.0,1.0,12.25,8.513722486196952,5.97987696958964,19.0,1.0,1.9285714285714288,1.7929311508610637,0.883522634060927,6.0,1.0,2.8053571428571438,2.7274784189702364,0.6111843429117012,3.44,1.12,127.28214285714286,121.29434210292467,34.02577860525572,153.9,50.0,1293.634285714286,178.1263792840092,1751.2772374825438,3823.15,14.009999999999993,1554.970714285714,258.93646486379305,2000.1736328324248,4300.15,20.279999999999973,965.9531214285716,11.401824678005394,1518.7555224432372,6689.0,0.0899,1212.560714285714,1196.591422183229,167.4907808535096,1313.9,534.4,1.6222736314284865
core_ILIMUN_freeONLY,5.0588235294117645,3.633038242655886,4.079656678682282,28.0,1.0,10.03921568627451,6.15982454636909,6.151552599535501,15.0,1.0,1.7254901960784317,1.6311419669655502,0.5628509840944048,4.0,1.0,2.5237254901960786,2.505712863345056,0.3047143360676551,3.04,1.91,98.83137254901962,65.97404094198886,57.41606487699456,153.9,7.0,1849.7727450980392,289.65005807345005,1875.12194863671,3823.15,14.009999999999993,2107.6045098039217,362.1796219122995,2111.904183320521,4300.15,20.279999999999973,1238.4695764705884,22.21715522165993,1557.466068590304,8908.0,0.0899,1212.3156862745095,1202.676530980696,148.5664720476524,1402.3,737.1,-0.2345033199999956
core_ILOJOJ_freeONLY,5.0588235294117645,3.5469846796301927,4.272170613771395,29.0,1.0,9.882352941176473,5.889863038152147,6.323461011941971,16.0,1.0,1.7058823529411764,1.6091228897354586,0.5703152773430975,4.0,1.0,2.5480392156862743,2.522551099235599,0.3734787161315975,3.44,1.9,107.87647058823528,82.36745531596728,51.48570937547811,153.9,7.0,1767.1782352941173,255.45208858618165,1872.3626867998669,3823.15,14.009999999999993,2017.8141176470592,329.2786430086905,2103.978308983075,4300.15,20.279999999999973,1195.1911823529415,18.40721276291955,1564.958419634803,8960.0,0.0899,1209.9686274509802,1201.2498952620683,140.62092903415848,1402.3,745.5,-0.4711815216665703
core_IMISIH_freeONLY,9.2,4.373692869385882,13.447180621478491,53.0,1.0,9.866666666666667,5.871067012761899,6.37564811520279,17.0,1.0,2.0,1.7671957730013217,1.095445115010332,5.0,1.0,2.495333333333333,2.472509788675304,0.3388778868888057,3.04,1.9,104.53999999999998,66.32961524076262,74.0741412370066,295.2,7.0,1407.9713333333334,207.7693254802814,1738.8258506546565,3823.15,14.009999999999993,1675.122,270.44676381826656,1977.0902949374868,4300.15,20.279999999999973,1680.280166666667,19.88275233263129,2420.373017505258,8960.0,0.0899,1196.8866666666663,1181.4846248714828,181.29948286988815,1402.3,745.5,-0.21364463000015474
core_INIRAY01_freeONLY,4.81651376146789,2.8272612743786465,5.671698833916929,28.0,1.0,7.807339449541284,3.9638153718176494,6.588114213094215,16.0,1.0,1.614678899082569,1.4832968380139329,0.7155963302752294,4.0,1.0,2.4556880733944952,2.43202440940925,0.350114966629186,3.44,1.88,83.98165137614679,57.86116411495684,51.047497517288186,153.9,7.0,1151.584128440367,110.7366703148924,1684.3948514412689,3823.15,14.009999999999993,1355.3451376146788,146.59340704156378,1929.019800299602,4300.15,20.279999999999973,1030.7924293577985,4.220468609288956,1995.1531333778664,8908.0,0.0899,1241.4064220183486,1229.4980939653817,158.9416183136191,1402.3,737.1,-0.31356409999984863
core_INOVEN_freeONLY,6.702702702702703,4.229189915900363,9.904584973950644,64.0,1.0,11.108108108108109,7.146717403227083,6.237566156433149,19.0,1.0,1.837837837837838,1.70830615805697,0.8224391380920508,6.0,1.0,2.637837837837838,2.585840744776013,0.5088149195454883,3.44,1.2,118.44324324324324,101.25273792075916,44.88486496576421,153.9,7.0,1715.1770270270272,262.31164701036806,1856.80396372422,3823.15,14.009999999999993,1983.920810810811,350.9474839933239,2097.132035911256,4300.15,20.279999999999973,1191.2387297297296,20.501140042875573,1573.793671291112,7901.0,0.0899,1200.3567567567566,1188.2316983742155,154.6706274471232,1402.3,593.4,-0.18982425833331715
core_IQOJEF_freeONLY,4.868852459016393,3.422191412230605,4.134918913455814,30.0,1.0,9.688524590163937,5.7046556134869455,6.323365423742504,16.0,1.0,1.6885245901639343,1.5934250355706827,0.5593023642371142,4.0,1.0,2.505245901639344,2.4825552180837875,0.3480418599158659,3.44,1.65,112.97868852459018,0.0,49.030422522208205,153.9,0.0,1966.821967213115,311.7976353631722,1888.9276542766831,3823.15,14.009999999999993,2222.64131147541,397.1197492303079,2116.8322363454,4300.15,20.279999999999973,1265.7804573770493,26.55123819062803,1352.4780199114143,7140.0,0.0899,1196.798360655738,1190.1842023959616,125.70740355598775,1402.3,906.4,-0.5851858599999105
core_ISACIP_freeONLY,6.556962025316456,4.150622208051752,8.619593275733159,48.0,1.0,10.658227848101266,6.834974286789867,6.058545750121319,16.0,1.0,1.835443037974684,1.707302607183737,0.7701780124139876,5.0,1.0,2.5798734177215192,2.5439874052615297,0.4402085054615872,3.44,1.69,116.07341772151898,0.0,49.17450638483926,153.9,0.0,1876.974430379747,318.487988270684,1876.645576455432,3823.15,14.009999999999993,2131.199367088608,415.8814232125521,2096.490845740635,4300.15,20.279999999999973,1415.875060759494,31.622129772135533,1814.7945384126035,8650.0,0.0899,1191.524050632911,1183.8019337925025,133.60949164266026,1402.3,867.8,-0.4049265775001061
core_ITIPOS_freeONLY,6.764705882352941,4.178476388863021,6.932696714628747,29.0,1.0,10.08235294117647,6.041863313720204,6.459305671493296,16.0,1.0,1.847058823529412,1.6990235884354028,0.7897264210276899,4.0,1.0,2.6291764705882352,2.569690326143756,0.5507945314878816,3.44,1.0,110.29376470588234,89.22249832970802,45.947791548451285,153.9,2.37,1210.8916470588235,154.6596716118443,1675.2895056997988,3823.15,14.009999999999993,1469.1602352941177,218.48120178747172,1915.442953845204,4300.15,20.279999999999973,1289.2934388235296,9.470966268098554,2339.8867718272736,8960.0,0.0899,1206.6882352941177,1190.118641157213,180.64636979583963,1402.3,589.8,-0.24405538499998627
core_IVEHEW_manual,5.571428571428571,3.768559783847411,4.840306956027833,29.0,1.0,10.10204081632653,6.048653977508507,6.395932693418701,16.0,1.0,1.7551020408163265,1.6446191939726569,0.6237023179565766,4.0,1.0,2.5726530612244902,2.543051726583629,0.4058791189816529,3.44,1.9,115.00408163265308,93.15014398119725,50.29123329771881,200.0,7.0,1620.4683673469387,232.30132072476863,1839.7084334190715,3823.15,14.009999999999993,1866.3124489795916,309.3808221362987,2061.8050049851363,4300.15,20.279999999999973,1185.612579591837,18.593211980835743,1572.9773950795309,8960.0,0.0899,1203.251020408163,1194.2896480935926,141.87247093486056,1402.3,745.5,-0.23434263399997235
core_IXISAJ_freeONLY,7.5,3.8490016878179256,9.63716763369819,35.0,1.0,9.25,5.233587881586683,6.485560885536423,17.0,1.0,1.875,1.681792830507429,0.927024810886958,4.0,1.0,2.465,2.443982562367016,0.3250192302003067,3.04,1.9,113.57500000000002,81.41318931220374,73.74090198119359,324.6,7.0,1548.2925,221.62786782370137,1790.0217311372928,3823.15,14.009999999999993,1827.7875,289.8282968037718,2025.7353875676235,4300.15,20.279999999999973,1602.6900875000003,22.02985433438287,2229.9629328948768,8960.0,0.0899,1192.5625,1179.43389349844,166.52801519188895,1402.3,745.5,-0.2646455199998984
core_IXISOX_freeONLY,8.625,3.950127289420654,13.180833623105938,53.0,1.0,9.25,5.233587881586683,6.485560885536423,17.0,1.0,1.9375,1.7054122278492985,1.0879309490955758,5.0,1.0,2.44625,2.427713723181589,0.30388885715011,3.04,1.9,111.7375,80.93153137928228,68.65019915302504,295.2,7.0,1555.855,226.8851070729779,1784.835770099031,3823.15,14.009999999999993,1835.61875,295.68471210639325,2020.1728552894767,4300.15,20.279999999999973,1716.4400875000003,22.67174236325774,2347.766731316992,8960.0,0.0899,1184.34375,1170.4328008385864,172.07683592203077,1402.3,745.5,-0.29120118285709395
core_IXURID_freeONLY,5.701754385964913,3.9158820124792033,5.3112423375086095,30.0,1.0,10.403508771929824,6.489231515766117,6.18390567868766,16.0,1.0,1.7719298245614037,1.666524012797089,0.6217559700585737,4.0,1.0,2.5733333333333333,2.537399047091302,0.4386715725209597,3.44,1.65,112.19298245614036,0.0,50.90111107479693,153.9,0.0,1784.4987719298244,279.2952439664453,1870.915185009329,3823.15,14.009999999999993,2027.0245614035089,364.7281156521069,2091.972587568272,4300.15,20.279999999999973,1281.7186719298245,24.082916612899687,1573.4478052166016,7140.0,0.0899,1201.512280701754,1194.1400576671438,131.65244658299986,1402.3,906.4,-0.3567126014285285
core_IXUWII_freeONLY,4.876923076923077,3.4711950132227685,3.796790921525065,27.0,1.0,9.76923076923077,5.786989387044485,6.333717418022449,16.0,1.0,1.6923076923076923,1.5987264159164054,0.5525626152636297,4.0,1.0,2.5335384615384617,2.509003964543988,0.3687668880898599,3.44,1.88,114.83230769230772,96.6508616088952,46.565596768074,153.9,7.0,1923.0533846153849,297.11861518041337,1883.1770358562248,3823.15,14.009999999999993,2186.185384615385,381.7939767819242,2117.2648273250866,4300.15,20.279999999999973,1249.7777815384616,23.888938909086,1473.4931076045964,8900.0,0.0899,1198.2307692307693,1190.7051664602357,131.429133783574,1402.3,760.4,-0.257260760000463
core_IYOQAQ_freeONLY,7.068965517241379,4.763411843473671,6.761610879699164,30.0,1.0,11.344827586206897,7.638187857841419,5.92642162237345,16.0,1.0,1.896551724137931,1.7747135790310382,0.7117161186396653,4.0,1.0,2.6858620689655166,2.6298903723470897,0.5397094827799637,3.44,1.65,100.33448275862068,0.0,58.03849065186184,153.9,0.0,1259.5837931034484,178.8318480163344,1727.4282326714592,3823.15,14.009999999999993,1453.2689655172414,244.05025757949093,1930.1886723418677,4300.15,20.279999999999973,1194.3322862068965,12.734975255740888,1916.9044903127603,7140.0,0.0899,1226.958620689655,1217.803966113534,144.98365548129277,1402.3,906.4,-0.37425908124996
core_JADBIC_freeONLY,5.527272727272727,3.454734363968493,7.665399344289767,58.0,1.0,9.763636363636364,5.539037600657339,6.685027058797856,19.0,1.0,1.709090909090909,1.585767360425105,0.7549287088009707,6.0,1.0,2.5780000000000003,2.5325334797134165,0.4775140169289653,3.44,1.12,109.72545454545454,90.42918068401472,47.25733504655632,153.9,7.0,1497.879090909091,180.00605401404118,1832.732499478478,3823.15,14.009999999999993,1735.7016363636365,242.4872381491195,2071.126305036389,4300.15,20.279999999999973,984.884781818182,10.050849164266362,1339.2837567478543,6689.0,0.0899,1218.6399999999996,1207.186585420979,149.2880639447228,1402.3,534.4,-0.35031113857137697
core_JASNAT_freeONLY,5.7407407407407405,3.930652477622088,5.41323886475174,30.0,1.0,10.407407407407408,6.512626641304705,6.1599618761402,16.0,1.0,1.7777777777777777,1.6710335980604356,0.628539361054709,4.0,1.0,2.562962962962964,2.52714084898778,0.4385989040436123,3.44,1.65,116.81851851851852,0.0,47.69585770535695,153.9,0.0,1881.0429629629632,311.9396783438593,1875.5429953340915,3823.15,14.009999999999993,2136.396296296296,407.5218051197063,2095.74765869888,4300.15,20.279999999999973,1352.8772666666669,29.80186173835341,1586.5281631181151,7140.0,0.0899,1192.0296296296294,1184.987044542839,128.3982687514958,1402.3,906.4,-0.319421607142853
core_JAVNIE_freeONLY,6.476923076923077,4.4947217339251,5.862810279950923,29.0,1.0,11.06153846153846,7.429921313503423,5.827987970730743,17.0,1.0,1.876923076923077,1.7629589058524355,0.6681246384802605,4.0,1.0,2.6033846153846154,2.5775840083954145,0.3634970190252413,3.16,1.9,93.10153846153848,50.110726965091565,76.10386524563286,349.0,7.0,1502.4210769230767,235.52653951641997,1796.342965499306,3823.15,14.009999999999993,1754.7530769230768,299.8838128134201,2030.538059329196,4300.15,20.279999999999973,1248.5059446153848,16.175023359553542,2008.0889920359111,8960.0,0.0899,1228.5061538461537,1215.1296421125548,170.99340417051906,1402.3,745.5,-0.21620523599988242
core_JILXOS_freeONLY,6.258064516129032,4.085163790495582,6.450645088698789,29.0,1.0,10.258064516129032,6.506202154713174,5.994447656416319,16.0,1.0,1.8387096774193548,1.710233781114708,0.7227534355615508,4.0,1.0,2.5141935483870967,2.4899298044925167,0.3547081871382345,3.44,1.9,103.95483870967745,73.75719311067799,54.60998277350372,153.9,7.0,1830.1880645161295,315.64336138633365,1836.0648164843576,3823.15,14.009999999999993,2146.1925806451613,408.1545413835924,2065.113918488584,4300.15,20.279999999999973,1598.9836483870963,30.668093573059235,2220.217949180022,8960.0,0.0899,1188.2387096774191,1174.3289703574924,172.24321640730898,1402.3,745.5,-0.18355242428573804
core_JITPOS_SL,6.258620689655173,4.028634528155348,6.320629455852687,30.0,1.0,10.29310344827586,6.30258421867766,6.302732359556052,16.0,1.0,1.8103448275862069,1.683501341409975,0.706055007911837,4.0,1.0,2.5741379310344823,2.5311371289134112,0.4778437000366175,3.44,1.65,111.74310344827587,0.0,51.678002096766825,200.0,0.0,1575.6668965517244,229.5713985049761,1828.0223572212444,3823.15,14.009999999999993,1804.5067241379315,308.6522134454545,2039.4298360346293,4300.15,20.279999999999973,1299.6493310344829,19.64421664570388,1743.4018420630043,7140.0,0.0899,1201.210344827586,1193.2026768796266,136.03180369723276,1402.3,906.4,0.11741198000011838
core_JIZJAF_freeONLY,5.492753623188406,3.596980139638094,5.312340537162196,27.0,1.0,9.579710144927535,5.602799563392375,6.398382488309735,16.0,1.0,1.7391304347826086,1.6196164193003122,0.6735623210795507,4.0,1.0,2.5423188405797106,2.5092184761249783,0.4287465550714224,3.44,1.88,115.64202898550728,103.05964807270142,42.748182115080496,153.9,7.0,1753.7650724637683,252.20369067912645,1848.200630486918,3823.15,14.009999999999993,2031.1433333333332,334.92246229945835,2088.277799523244,4300.15,20.279999999999973,1369.8398492753624,19.56133294024893,1946.3164766067407,8900.0,0.0899,1192.8666666666666,1182.912674716437,146.22494252495065,1402.3,760.4,-0.1897477819999949
core_JOHFIW_manual,7.578947368421052,5.46417392941122,7.748112092453871,39.0,1.0,12.0,8.876930390112516,5.505977612893482,16.0,1.0,2.0,1.881235453047774,0.7947194142390263,5.0,1.0,2.705789473684211,2.634044852907744,0.5816430067125518,3.44,1.22,130.47894736842105,121.96025429668234,36.81976841671315,153.9,29.6,1925.1910526315792,396.7217211885946,1840.809501662086,3823.15,14.009999999999993,2259.0442105263155,539.8851415824447,2085.0393114817707,4300.15,20.279999999999973,1306.3601947368425,46.20421427106624,1328.676311360242,4472.0,0.0899,1168.3105263157893,1151.9995957706938,173.55892036010448,1313.9,600.0,-0.18746787333329462
core_JOQZUM_freeONLY,8.64,5.867487110071967,8.853835327133657,42.0,1.0,11.52,8.673086267290847,5.292409659125038,16.0,1.0,2.12,1.9627509505480591,0.9086253353280438,5.0,1.0,2.6264,2.575902346560789,0.4899459562033347,3.44,1.55,77.29199999999999,0.0,65.31563929106107,153.9,0.0,1487.5916,274.05591758597524,1728.0105442170889,3823.15,14.009999999999993,1794.486,354.57477492156244,2025.0171548705457,4912.15,20.279999999999973,1732.5290240000002,26.289755151437948,2706.2859875582863,10280.0,0.0899,1196.2039999999995,1171.4909539120845,222.54595656627868,1402.3,684.3,-0.3264110659999687
core_JORBAV_freeONLY,9.92,6.001937122684197,14.251792869670815,74.0,1.0,11.52,8.673086267290847,5.292409659125038,16.0,1.0,2.16,1.977117345299292,1.0461357464497616,6.0,1.0,2.6344,2.5850427213891667,0.4838601450832667,3.44,1.55,77.56,0.0,65.30671022184475,153.9,0.0,1519.5516,276.73980138793735,1760.8435740443952,3823.15,14.009999999999993,1831.126,357.00820700181475,2088.3909226579203,5828.15,20.279999999999973,2091.329024,26.957775118330428,4067.843111383712,19250.0,0.0899,1199.6319999999996,1177.033183315683,215.1722969529303,1402.3,717.3,-0.20349899199998162
core_JUCGUL_freeONLY,4.96,3.4585436405738315,4.390717481232423,30.0,1.0,9.72,5.758961669747916,6.289801268720658,16.0,1.0,1.7,1.6021397551792442,0.5744562646538028,4.0,1.0,2.494,2.4710824419580923,0.3505481422001834,3.44,1.65,119.27800000000003,0.0,44.228697878187646,153.9,0.0,2088.7670000000003,359.94402911267093,1881.4708216161632,3823.15,14.009999999999993,2361.3464000000004,459.3345363333196,2106.681276998265,4300.15,20.279999999999973,1363.369906,35.23047843972984,1385.25040942955,7140.0,0.0899,1184.0759999999998,1177.9361769311874,120.61584897516576,1402.3,906.4,-0.12322486666670328
core_JUGLAA_freeONLY,5.008,3.2312321062146894,6.119471872637375,48.0,1.0,9.232,5.155570785794273,6.5447823493222455,17.0,1.0,1.664,1.555254682121265,0.6442856509344284,5.0,1.0,2.51992,2.4870366738420637,0.4356448021037321,3.98,1.69,115.9544,0.0,61.15585270961399,328.0,0.0,1742.8941600000005,233.25174109115017,1867.616218881892,3823.15,14.009999999999993,1997.07656,305.1800265236765,2111.5203593604697,4300.15,20.279999999999973,1172.4002976000002,16.33919646863934,1472.0079630039056,8650.0,0.0899,1213.7543999999998,1203.5483935121783,157.51885296890654,1681.0,800.6,-0.2538844200000312
core_JUYROM_freeONLY,5.368421052631579,3.7219972400317216,4.820029769680828,30.0,1.0,10.157894736842104,6.189258759598656,6.268242076193434,16.0,1.0,1.736842105263158,1.636400990725973,0.5931277720834024,4.0,1.0,2.558684210526316,2.5260538147323066,0.420458215288183,3.44,1.65,114.81052631578946,0.0,48.269936102111615,153.9,0.0,1844.1539473684213,286.6023031724053,1880.4211249044847,3823.15,14.009999999999993,2090.3205263157897,372.7467408927344,2104.2243721417904,4300.15,20.279999999999973,1258.7033105263158,24.284402688033303,1475.3386812583842,7140.0,0.0899,1199.5131578947369,1192.6543378771264,127.24996985017248,1402.3,906.4,-0.23772279166670762
core_KALGAH_freeONLY,5.108433734939759,3.5362011847157606,4.447855983282124,28.0,1.0,9.783132530120485,5.803547855827718,6.332262377204617,16.0,1.0,1.710843373493976,1.609649958789292,0.5917122485690928,4.0,1.0,2.5366265060240965,2.5099380592366134,0.3853281408940963,3.44,1.91,117.05301204819276,101.25908989472332,44.28822448774576,153.9,7.0,1897.8365060240967,292.7855027871288,1874.7931387951403,3823.15,14.009999999999993,2169.491927710844,379.7347671773188,2109.667251087132,4300.15,20.279999999999973,1304.052797590362,23.99730734957697,1634.9459143469412,8908.0,0.0899,1194.0301204819273,1185.4666071659096,137.64704272110248,1402.3,737.1,-0.2033203299997694
core_KANDIO_freeONLY,5.71875,4.021159547540912,5.075888930768679,30.0,1.0,10.65625,6.799982738205703,6.106397132311328,17.0,1.0,1.78125,1.681792830507429,0.5986638768958755,4.0,1.0,2.5946875,2.5543405231473697,0.4776896506558939,3.98,1.65,125.51875,0.0,58.53959897742296,328.0,0.0,1947.6615625,338.9019060197944,1878.9602000925763,3823.15,14.009999999999993,2209.014375,440.65517302963167,2100.231136997095,4300.15,20.279999999999973,1353.421003125,34.10476640636715,1521.5664575110056,7140.0,0.0899,1201.165625,1192.087303605056,150.97067308209026,1681.0,906.4,-0.15576967874996223
core_KAVTEI_freeONLY,5.577981651376147,3.4171050671234986,7.617331250235222,48.0,1.0,9.431192660550458,5.384830303296607,6.459992576013379,16.0,1.0,1.7155963302752293,1.5904233739443865,0.7306116969564973,5.0,1.0,2.5138532110091742,2.4843279049560807,0.4000227247143024,3.44,1.69,113.09174311926608,0.0,47.015533502657576,153.9,0.0,1783.5867889908257,249.9674337203696,1879.864632895356,3823.15,14.009999999999993,2021.3907339449545,326.59899898395804,2104.107239338811,4300.15,20.279999999999973,1275.0068623853213,19.21478549981418,1666.3218261431766,8650.0,0.0899,1199.8568807339448,1192.7581387037128,128.37446898631322,1402.3,867.8,-0.4850917342856259
core_KAXQIL_freeONLY,5.866666666666666,4.238969061623115,4.16119640915393,20.0,1.0,10.6,6.6966162512447625,6.2641839053463295,16.0,1.0,1.8333333333333333,1.7244848048734145,0.6368324391514266,4.0,1.0,2.5840000000000005,2.52385157618401,0.5196575795656212,3.44,1.0,126.17900000000002,108.7216807594172,43.069353245666456,200.0,2.37,1848.9596666666664,326.0125955620872,1857.2839653115036,3823.15,14.009999999999993,2112.6953333333336,435.1393908040676,2070.657602727103,4300.15,20.279999999999973,1171.97644,34.14647631958595,1103.700578953215,2260.0,0.0899,1172.66,1159.6485608742332,157.968635283506,1313.9,589.8,-0.08161203857144168
core_KEYROX_freeONLY,5.130434782608695,3.0738240190300075,5.951283002528235,30.0,1.0,8.521739130434783,4.494871302536659,6.625835896190867,15.0,1.0,1.6521739130434785,1.5248799339494652,0.6983642784438701,4.0,1.0,2.486521739130434,2.4567232278833115,0.3835147374941884,3.04,1.65,73.62608695652173,0.0,55.45277832371004,153.9,0.0,1049.9991304347825,106.16480017565902,1653.0211831329325,3823.15,14.009999999999993,1202.087391304348,138.79526715287628,1855.0189281050416,4300.15,20.279999999999973,900.3654347826086,4.102242105550802,1654.7701455955166,7140.0,0.0899,1259.0956521739129,1250.6198413758048,140.52129493042148,1402.3,906.4,1.847713299999782
core_KINQAB_freeONLY,4.6,3.1743618468271686,3.8122609214655454,28.0,1.0,9.16,5.105900668791276,6.519795497815352,16.0,1.0,1.64,1.5439934867243357,0.5571355310873648,4.0,1.0,2.517733333333333,2.4939329329855604,0.3608381847248922,3.44,1.91,105.45333333333332,82.0340053191053,50.32331026031133,153.9,7.0,1670.051866666667,210.31413107328711,1867.568031054072,3823.15,14.009999999999993,1899.322666666667,271.769718938321,2102.11438660179,4300.15,20.279999999999973,1083.3034680000003,12.586742454436196,1436.5686278120247,8908.0,0.0899,1217.8799999999997,1209.9701059623208,134.58953401608412,1402.3,737.1,-0.02315367428566009
core_KIPKEB_freeONLY,6.486486486486487,4.572106244628565,6.104369819929494,39.0,1.0,11.35135135135135,7.454950264918944,6.272919989994816,17.0,1.0,1.837837837837838,1.7320547607309056,0.6783729944870882,5.0,1.0,2.801283783783784,2.721421073007288,0.6631612257653909,3.98,1.22,149.11148648648648,131.9168857558305,75.61790554049286,328.0,29.6,1543.2058108108108,221.1048988467368,1826.5778015084743,3823.15,14.009999999999993,1789.3244594594596,304.9176295375924,2067.9869515981263,4300.15,20.279999999999973,991.8170364864864,15.791648639164556,1234.4730313568136,4472.0,0.0899,1251.210810810811,1231.5076500141715,214.82785696079924,1681.0,600.0,-0.5281639683335015
core_KOJZEP_manual,6.103448275862069,4.5983190866773365,4.901406044477631,29.0,1.0,11.551724137931034,8.230985789355772,5.46831756826068,16.0,1.0,1.862068965517241,1.7747135790310382,0.5707912192154087,4.0,1.0,2.6117241379310348,2.582652547715292,0.402390006093053,3.44,1.9,123.98620689655174,104.2899426151476,44.95137391278323,153.9,7.0,2170.956206896552,484.9908625143222,1848.1103284061464,3823.15,14.009999999999993,2492.2396551724137,622.4753800360508,2066.3080225409576,4300.15,20.279999999999973,1556.164048275862,62.8719187490732,1778.952244299172,8960.0,0.0899,1174.5413793103446,1165.0930250443923,144.18589178973423,1402.3,745.5,-0.06759269000003768
core_KONYOB_freeONLY,5.166666666666667,2.729419737068563,8.091490729292238,48.0,1.0,7.5,3.734833694275595,6.5474458851561055,15.0,1.0,1.619047619047619,1.469457875474736,0.8151067985058901,5.0,1.0,2.4092857142857143,2.3886047459125983,0.3211096301231451,3.04,1.69,87.70238095238095,0.0,50.94129435459549,153.9,0.0,1254.662619047619,120.86297311653172,1740.732415911488,3823.15,14.009999999999993,1452.8164285714283,159.66820661356658,1970.112422741912,4300.15,20.279999999999973,1117.7950928571431,5.208720257054407,2000.57257896617,8908.0,0.0899,1230.838095238095,1220.326160078326,151.2752725086369,1402.3,737.1,-0.25895070499998
core_KOTSIX_freeONLY,5.426086956521739,3.764963000323573,4.818552677462605,30.0,1.0,10.243478260869566,6.2548538737711885,6.292288315829737,16.0,1.0,1.7391304347826086,1.6392586165953396,0.5910485380162236,4.0,1.0,2.5810434782608693,2.544913740138328,0.4446735469161979,3.44,1.65,117.25652173913043,0.0,45.95837460787048,153.9,0.0,1795.6843478260869,271.615635225072,1877.5036803127853,3823.15,14.009999999999993,2036.5449565217396,356.9685995342392,2100.6124724985093,4300.15,20.279999999999973,1228.1338382608697,22.274908764858427,1474.9670062968014,7140.0,0.0899,1200.9478260869564,1194.2798282032977,125.21407640539748,1402.3,906.4,-0.18265723833326317
core_KUJTUG_freeONLY,5.447619047619048,3.7938067794086616,4.9280169920489225,30.0,1.0,10.266666666666667,6.357098523828888,6.180255298574287,16.0,1.0,1.7523809523809524,1.6515372662575116,0.5981073702136223,4.0,1.0,2.547333333333333,2.5166286770105057,0.4058507036470352,3.44,1.65,114.91809523809523,0.0,49.129963277107976,153.9,0.0,1927.301523809524,320.8503052555856,1881.0858758128084,3823.15,14.009999999999993,2184.232095238096,413.9506416605561,2104.260572534049,4300.15,20.279999999999973,1323.5002933333333,29.89573795865147,1494.786069660976,7140.0,0.0899,1194.112380952381,1187.152449570271,128.26603358068553,1402.3,906.4,-0.1998719449998134
core_KUNWEW_freeONLY,5.849056603773585,4.045238287861718,5.426685379155786,30.0,1.0,10.60377358490566,6.755778709833111,6.091564295924137,16.0,1.0,1.7924528301886793,1.687300555746526,0.625209114180411,4.0,1.0,2.579056603773585,2.542176369177382,0.4444596641118604,3.44,1.65,114.87735849056604,0.0,49.790514522533854,153.9,0.0,1845.3247169811325,306.09843914346646,1873.0139772616144,3823.15,14.009999999999993,2096.647735849057,399.7729572234269,2092.9921724358865,4300.15,20.279999999999973,1335.7836509433964,28.863545049839374,1596.4605258390088,7140.0,0.0899,1195.7245283018867,1188.420228973289,130.9047542352121,1402.3,906.4,-0.3512776099999731
core_LABJUV_freeONLY,10.551724137931034,4.806426555539555,14.938001082396976,53.0,1.0,10.03448275862069,6.176460802243327,6.192224037094008,17.0,1.0,2.1206896551724137,1.8529467059619005,1.1901548176153325,5.0,1.0,2.428620689655173,2.412520954986556,0.2780439575508859,3.04,1.9,127.72068965517244,101.94126624823744,68.36606023918465,295.2,7.0,1872.920344827586,379.2762202653819,1793.472810450167,3823.15,14.009999999999993,2223.127241379309,491.6580129840125,2014.5525197515244,4300.15,20.279999999999973,2211.4934862068963,69.93892123891897,2534.4618108986724,8960.0,0.0899,1142.1327586206894,1127.7053957441117,173.53405150091163,1402.3,745.5,-0.2740272116665778
core_LACJAC_freeONLY,6.5210084033613445,4.355530688154496,6.410139997023622,30.0,1.0,10.840336134453782,7.035446026892767,6.037673314007432,16.0,1.0,1.8487394957983196,1.7289737510035947,0.6937736954806822,4.0,1.0,2.6116806722689074,2.5667903728482995,0.4826124971439798,3.44,1.65,98.86722689075631,0.0,58.50313660950326,153.9,0.0,1475.9485714285718,216.40077557187072,1804.2505634868169,3823.15,14.009999999999993,1690.1982352941177,286.4807591960343,2016.065505466987,4300.15,20.279999999999973,1256.059805042017,16.737176277887748,1819.2412384513532,7140.0,0.0899,1218.7092436974783,1209.6776369167508,144.94717843546587,1402.3,906.4,-0.26456383285710666
core_LADHEF_freeONLY,6.933333333333334,4.69922602554211,6.665999966663334,30.0,1.0,11.28,7.624536836645946,5.859601806721455,16.0,1.0,1.893333333333333,1.7735827783263811,0.7037676384211545,4.0,1.0,2.6505333333333336,2.6003490707232744,0.509477885246804,3.44,1.65,98.264,0.0,59.54813770387786,153.9,0.0,1395.2264000000002,208.45675773213927,1775.8434797377388,3823.15,14.009999999999993,1603.4868,278.79130090671225,1983.5752757275843,4300.15,20.279999999999973,1259.955149333333,16.333289180126176,1892.561312575081,7140.0,0.0899,1221.5893333333331,1212.2027585149,147.3999670495968,1402.3,906.4,-0.6292761333332729
core_LAGBUS_freeONLY,6.276595744680851,4.001221993979105,8.082558389097684,47.0,1.0,10.297872340425531,6.555518959824785,5.985496277321596,16.0,1.0,1.8297872340425527,1.7000691746579182,0.7668434591889406,5.0,1.0,2.510106382978724,2.4882889822465257,0.3424364972372375,3.44,1.83,118.03191489361704,98.2649895091999,47.11121566054132,153.9,7.0,2144.492127659574,428.7098944851272,1848.0908077059928,3823.15,14.009999999999993,2460.643297872341,546.2925682907016,2067.006482163295,4300.15,20.279999999999973,1644.920290425532,50.71559229930448,2058.366679092468,10490.0,0.0899,1171.151063829787,1160.8268914236085,149.18681901211437,1402.3,731.0,-0.24100961166671667
core_LAGHIL_freeONLY,5.7407407407407405,3.9481973527501135,5.253517993036191,29.0,1.0,10.407407407407408,6.508281876433051,6.177973173923865,16.0,1.0,1.7777777777777777,1.6710335980604354,0.6285393610547089,4.0,1.0,2.5903703703703704,2.556971323421309,0.430636750607675,3.44,1.9,115.76296296296296,95.86104837003884,46.520836814136494,153.9,7.0,1766.4129629629626,274.7065653816696,1856.091143337634,3823.15,14.009999999999993,2041.2929629629627,362.7606513781911,2085.893693107771,4300.15,20.279999999999973,1336.627303703704,22.76520127270212,1859.2646150766348,8960.0,0.0899,1197.7666666666664,1187.6112536027722,148.463488465708,1402.3,745.5,-0.14652125749995545
core_LATPIG_freeONLY,8.222222222222221,5.306074899541489,8.120998539831826,30.0,1.0,11.555555555555555,8.004811563044358,5.775640630385345,17.0,1.0,2.0,1.8517494245745805,0.816496580927726,4.0,1.0,2.6944444444444438,2.619465060101312,0.6352971502657654,3.98,1.65,89.15555555555555,0.0,102.28646169906152,328.0,0.0,956.6333333333336,144.02962030968584,1545.3017500223775,3823.15,14.009999999999993,1126.4577777777774,191.92391685227605,1731.4469320951555,4300.15,20.279999999999973,1296.1809777777771,9.97606198582648,2262.595398681357,7140.0,0.0899,1287.9222222222222,1269.0593971171747,216.44026005537765,1681.0,906.4,-0.2525696680001601
core_LAZJAZ_SL,5.139784946236559,3.524676874984576,4.571043498308598,30.0,1.0,9.827956989247312,5.758911375046105,6.4401690619530445,16.0,1.0,1.6989247311827955,1.599276462233168,0.5826329971674867,4.0,1.0,2.565268817204301,2.5308611446899323,0.4346314503459038,3.44,1.65,114.4247311827957,0.0,46.5552871832264,153.9,0.0,1716.160537634409,236.6597755074881,1873.399461156376,3823.15,14.009999999999993,1945.036021505376,311.3581600035195,2097.733473258282,4300.15,20.279999999999973,1150.192331182796,16.94699994398439,1423.0710091434844,7140.0,0.0899,1208.0333333333328,1201.460331720205,124.49064250651364,1402.3,906.4,-0.17520502249995215
core_LAZKUU_freeONLY,5.27536231884058,3.463456552442247,6.109825913625691,48.0,1.0,9.623188405797102,5.643572958832208,6.327078794036987,17.0,1.0,1.7246376811594204,1.6113699160122348,0.656827199630415,5.0,1.0,2.476086956521739,2.4602931535387667,0.2820073870514862,3.16,1.69,116.34202898550726,0.0,64.80879884303845,349.0,0.0,2018.629855072464,338.3134456974998,1886.13527365896,3823.15,14.009999999999993,2279.3427536231884,423.8894625222833,2114.291070105344,4300.15,20.279999999999973,1304.7259652173916,29.259863220038262,1430.7024269846654,8650.0,0.0899,1194.0,1187.1783212722394,127.60244307324554,1402.3,867.8,-0.14547090666671159
core_LECGAD_freeONLY,5.84375,4.255806165703931,4.835476805600457,29.0,1.0,11.03125,7.367454176651118,5.86027076486232,16.0,1.0,1.8125,1.7186192981224775,0.582961190818051,4.0,1.0,2.6146875000000005,2.5841125965712197,0.4106928929793526,3.44,1.9,112.540625,85.09084425363505,51.87812556472502,153.9,7.0,1852.771875,320.7214969301381,1864.7364750639656,3823.15,14.009999999999993,2130.315,415.2894398283546,2093.4681947697463,4300.15,20.279999999999973,1339.7324750000002,29.22295110360204,1762.9818060125087,8960.0,0.0899,1200.11875,1190.040631749741,149.5565892845832,1402.3,745.5,-0.40880328625002704
core_LEVYOC_freeONLY,6.767441860465116,4.31733220404214,6.411607240732272,27.0,1.0,10.348837209302326,6.376114298081957,6.375402298041377,16.0,1.0,1.8604651162790695,1.718375869728957,0.764971358297606,4.0,1.0,2.6620930232558138,2.613068257000395,0.5176267764700421,3.44,1.88,104.07906976744184,79.42628341415273,51.68505500396198,200.0,7.0,1134.7288372093026,145.727725772114,1635.3395588061592,3823.15,14.009999999999993,1376.1141860465116,204.1608306930746,1888.339044150056,4300.15,20.279999999999973,1245.1561325581397,8.733502709527245,2317.714567921327,8900.0,0.0899,1219.5069767441855,1205.632794076193,169.99846017818209,1402.3,760.4,-0.33778795374999504
core_LIBZIG_freeONLY,7.818181818181818,4.197827417649367,12.819148899688964,65.0,1.0,10.818181818181818,6.435278533805473,6.799975692712996,19.0,1.0,1.8636363636363635,1.6863008311774172,1.0133407640730887,6.0,1.0,,,,,,118.6818181818182,111.62876079897497,37.46508236604071,153.9,50.0,1141.1327272727274,131.89425169822974,1675.089978188911,3823.15,14.009999999999993,1371.2731818181817,190.1160597333345,1929.6638478393213,4300.15,20.279999999999973,990.5027863636363,6.549134003319544,1866.1271326835647,8219.0,0.0899,1217.2727272727273,1200.1116923440047,173.79888895402323,1313.9,565.8,-0.1551455674999715
core_LIFWOO_freeONLY,4.925,3.4331227483624622,4.039724619327411,30.0,1.0,9.7,5.648961513869034,6.437002407953566,17.0,1.0,1.6875,1.590865680112401,0.561109392186586,4.0,1.0,2.539875,2.5029715164155872,0.4728120497354101,3.98,1.65,129.05,0.0,73.06167600048606,328.0,0.0,1953.395125,307.5751969100923,1880.0389594460496,3823.15,14.009999999999993,2221.8345,394.02807725078856,2110.296741256961,4300.15,20.279999999999973,1248.596215,26.49738966431986,1303.807515969143,7140.0,0.0899,1219.80125,1207.0188863447752,181.80364441736995,1681.0,786.5,-0.25916334714267053
core_LIJNOJ01_freeONLY,4.914893617021277,3.4667104966482944,3.92390267752976,25.0,1.0,9.638297872340424,5.698524392329097,6.319256392810832,16.0,1.0,1.702127659574468,1.6030851562626476,0.580348157318547,4.0,1.0,2.5061702127659577,2.479855525999432,0.3724076535052903,3.44,1.55,115.668085106383,0.0,47.05056178642598,153.9,0.0,1996.6895744680853,325.0044848496101,1877.9131070577769,3823.15,14.009999999999993,2263.360638297873,415.7200220955438,2106.3161438229968,4300.15,20.279999999999973,1313.1841787234043,28.59652282465023,1439.0750215296275,7470.0,0.0899,1188.2021276595744,1179.8169024938231,136.05996720683174,1402.3,717.3,-0.44353917624988526
core_LIWXOG_freeONLY,8.21951219512195,4.46325955147983,11.422084289574473,47.0,1.0,10.268292682926829,6.481682050211382,6.048682139247671,16.0,1.0,1.975609756097561,1.780865147415006,0.999702513752156,5.0,1.0,2.4992682926829266,2.4777859275488834,0.3290888399876272,3.04,1.93,101.6780487804878,67.49906371658172,59.7564304619896,200.0,7.0,1617.6690243902435,273.67862060937847,1790.7867181347503,3823.15,14.009999999999993,1912.33731707317,359.8373037377261,2004.8453435505232,4300.15,20.279999999999973,1745.3923609756098,29.95585147182245,2680.6576294213,10490.0,0.0899,1183.8682926829267,1167.5184475842643,185.68135101995904,1402.3,731.0,-0.059745299999917706
core_LOBHAM_freeONLY,5.7176470588235295,3.924370255397416,5.044768436837797,28.0,1.0,10.352941176470589,6.370477001763284,6.305377503934878,16.0,1.0,1.7647058823529411,1.6579629465347825,0.6258558154480183,4.0,1.0,2.6361176470588235,2.598300456329257,0.4570238611807717,3.44,1.91,104.7505882352941,77.12266536112901,52.26942109883101,153.9,7.0,1432.5612941176469,186.1455193847146,1792.4974458945053,3823.15,14.009999999999993,1662.1417647058822,248.0546858046739,2030.8187256051804,4300.15,20.279999999999973,1112.4865341176474,11.026703640395295,1834.593094966213,8908.0,0.0899,1225.1823529411763,1214.431745287092,152.40296135494802,1402.3,737.1,-0.12801966333351322
core_LORMOW_freeONLY,6.137931034482759,3.8000293651828967,8.322483622718412,48.0,1.0,10.082758620689654,6.141095608093274,6.239477706121266,16.0,1.0,1.7862068965517242,1.656734415160952,0.7628097507337636,5.0,1.0,2.533310344827586,2.501986366411708,0.4111448359153755,3.44,1.69,117.2110344827586,0.0,46.6172901433487,153.9,0.0,1931.874896551724,318.9721275828258,1881.0680158782568,3823.15,14.009999999999993,2190.885310344828,414.7138669183408,2102.502672424413,4300.15,20.279999999999973,1420.7231820689658,30.99310777181672,1760.062422832331,8650.0,0.0899,1187.4372413793103,1180.1834536175695,129.4727988712781,1402.3,867.8,-0.21393974428563717
core_LUDVIP_freeONLY,9.037037037037036,4.502741788722294,13.53864559526483,53.0,1.0,10.444444444444445,6.5273968940517,6.19637488604386,17.0,1.0,2.0,1.7883899458918255,1.0540925533894598,5.0,1.0,2.493703703703704,2.4729059451327102,0.3155846795810635,3.04,1.65,112.87407407407407,0.0,76.28122720658513,295.2,0.0,1766.9800000000005,312.8724934496516,1844.856707246954,3823.15,14.009999999999993,2006.241851851852,391.5427213830413,2064.3249444884664,4300.15,20.279999999999973,1635.0267851851852,40.875698847250746,1814.535614923422,7140.0,0.0899,1187.6444444444444,1178.688751779977,145.82338717405236,1402.3,906.4,-0.3091073899996185
core_LUFCAS_freeONLY,5.902439024390244,3.9301804061835375,7.132217792280733,48.0,1.0,10.48780487804878,6.593039717808105,6.145083107733518,16.0,1.0,1.7804878048780488,1.6696656377495769,0.6811824411594606,5.0,1.0,2.5851219512195125,2.5543013420846186,0.4062927092819964,3.44,1.69,103.65365853658535,0.0,56.14496523074399,153.9,0.0,1711.627804878049,256.4571321848983,1869.9905167354584,3823.15,14.009999999999993,1939.301707317073,329.9709479687522,2094.1382757929305,4300.15,20.279999999999973,1203.5195317073174,19.57498294512786,1618.2834014512152,8650.0,0.0899,1215.5658536585363,1207.5056256183725,137.95331414216858,1402.3,867.8,-0.224621191428631
core_LUFQUZ01_freeONLY,7.4,5.103833299830754,6.89492567037528,28.0,1.0,11.2,8.061819890607154,5.372150407425318,15.0,1.0,2.0,1.8660659830736148,0.7745966692414834,4.0,1.0,2.559,2.53009545382429,0.3779537008682412,3.04,1.83,84.60499999999999,46.03700047310813,63.48441127552496,153.9,7.0,1727.9420000000005,336.463905916877,1781.958753073707,3823.15,14.009999999999993,2063.339,427.8891461531014,2034.637119706853,4300.15,20.279999999999973,1743.4932799999992,35.79903235477386,2463.9173390581805,8908.0,0.0899,1192.6699999999998,1173.651754793646,200.4237787788664,1402.3,737.1,-0.3865246499999983
core_LUYHAP_freeONLY,6.380952380952381,4.520720321529572,5.652443133609111,29.0,1.0,11.238095238095235,7.621853850881357,5.830174071605019,16.0,1.0,1.8571428571428568,1.7526328554728676,0.6388765649999398,4.0,1.0,2.647619047619048,2.6070284043688057,0.4778613542889845,3.44,1.9,129.82857142857145,124.55371450962528,32.957579413790775,153.9,72.8,1901.598571428572,348.4562497245071,1852.7547437063893,3823.15,14.009999999999993,2209.014285714286,469.2756232609264,2076.1586672978337,4300.15,20.279999999999973,1503.218785714286,37.42891503695807,1998.8640723981216,8960.0,0.0899,1178.0952380952378,1167.8624627930951,146.85636155681243,1313.9,745.5,-0.03166971666663203
core_MABKEG_freeONLY,5.0344827586206895,3.1571395892498075,5.314150002559461,29.0,1.0,8.827586206896552,4.75651311850425,6.638804241714751,16.0,1.0,1.6551724137931034,1.5376100332595832,0.65788910442548,4.0,1.0,2.5224137931034485,2.4898208946073908,0.4266522057101504,3.44,1.9,112.27241379310348,99.37097960349844,42.41795241730855,153.9,7.0,1512.5168965517244,175.06958222646708,1822.2724139232157,3823.15,14.009999999999993,1752.3627586206896,236.02938949772437,2054.7110211630597,4300.15,20.279999999999973,1166.4843379310348,10.007945776232052,1828.937172255076,8960.0,0.0899,1210.306896551724,1200.8401583625546,142.45875369439997,1402.3,745.5,-0.4968988450000514
core_MABLAD_freeONLY,4.957446808510638,3.472391777672281,4.146043727168853,27.0,1.0,9.680851063829786,5.729076670893995,6.308071098031316,16.0,1.0,1.702127659574468,1.6030851562626476,0.5803481573185472,4.0,1.0,2.5131914893617022,2.4900605918003915,0.3571107843064873,3.44,1.88,117.02340425531916,101.87431467043388,44.55017354488231,153.9,7.0,2001.9874468085104,326.05575807415136,1876.9093885999816,3823.15,14.009999999999993,2281.786170212766,418.520484934552,2110.638143175633,4300.15,20.279999999999973,1343.609710638298,28.70329315292169,1577.392946530838,8900.0,0.0899,1189.11914893617,1181.2825534737087,132.99376987215456,1402.3,760.4,-0.33475672000001094
core_MAJHUC_freeONLY,4.440677966101695,2.9783925982487727,3.834593591886661,25.0,1.0,8.610169491525424,4.5952372878458805,6.619224567090748,16.0,1.0,1.6101694915254237,1.508610465163607,0.5827157097515623,4.0,1.0,2.492627118644068,2.464386969592389,0.3893746136730714,3.44,1.55,108.25508474576272,0.0,47.09267926384158,153.9,0.0,1627.5830508474576,190.9659741432709,1860.1635063478475,3823.15,14.009999999999993,1846.1572881355933,250.0704961998444,2088.988028730845,4300.15,20.279999999999973,1065.319661016949,10.827607961249436,1389.9010042754724,7470.0,0.0899,1213.049152542373,1205.0543113397473,133.16845439158828,1402.3,717.3,0.26984098428569525
core_MALFUD_freeONLY,5.333333333333333,3.483475278973353,5.303973240141032,29.0,1.0,9.513513513513514,5.47420294483952,6.449896800438274,16.0,1.0,1.7117117117117118,1.5973447022699865,0.6491489562036692,4.0,1.0,2.541621621621621,2.5116944493487727,0.4046632245439053,3.44,1.9,106.23603603603604,82.62564193236537,49.93143910717992,153.9,7.0,1581.7119819819818,205.5870686097857,1832.8497147593328,3823.15,14.009999999999993,1831.3465765765768,271.4434949699172,2065.7476086336555,4300.15,20.279999999999973,1219.0479909909914,13.207977964680696,1852.45438135244,8960.0,0.0899,1212.1486486486483,1201.7340522079685,150.44337887032984,1402.3,745.5,-0.28084884199997756
core_MASMIC_freeONLY,5.391304347826087,3.515377708206696,5.608527129251165,29.0,1.0,9.478260869565217,5.58250783808618,6.233636423660099,15.0,1.0,1.7391304347826086,1.6196164193003115,0.6735623210795509,4.0,1.0,2.4639130434782617,2.4470285368274336,0.2913497693335919,3.04,1.9,104.98695652173912,78.36902084465967,52.58102901690277,153.9,7.0,1900.59347826087,304.11959498135,1859.8316025653892,3823.15,14.009999999999993,2197.005217391304,387.9945229873776,2089.7927443042504,4300.15,20.279999999999973,1470.6292260869573,26.59220566775912,1941.7825448638605,8960.0,0.0899,1191.3000000000004,1179.9388088143428,157.37824831747955,1402.3,745.5,-0.024224882000032755
core_MATTOR_freeONLY,5.7407407407407405,3.930652477622088,5.41323886475174,30.0,1.0,10.407407407407408,6.512626641304705,6.1599618761402,16.0,1.0,1.7777777777777777,1.6710335980604356,0.628539361054709,4.0,1.0,2.562962962962964,2.52714084898778,0.4385989040436123,3.44,1.65,116.81851851851852,0.0,47.69585770535695,153.9,0.0,1881.0429629629632,311.9396783438593,1875.5429953340915,3823.15,14.009999999999993,2136.396296296296,407.5218051197063,2095.74765869888,4300.15,20.279999999999973,1352.8772666666669,29.80186173835341,1586.5281631181151,7140.0,0.0899,1192.0296296296294,1184.987044542839,128.3982687514958,1402.3,906.4,-0.15586176125000858
core_MATTUX_freeONLY,5.484848484848484,3.8080402514250338,5.027929341378182,30.0,1.0,10.272727272727272,6.37859638632561,6.160837837909206,16.0,1.0,1.7575757575757576,1.6555065597696217,0.6045435558563637,4.0,1.0,2.5393939393939395,2.508733799698276,0.4060074592085297,3.44,1.65,118.64545454545456,0.0,46.28221132788979,153.9,0.0,2003.296363636364,350.2008719454712,1879.25186500376,3823.15,14.009999999999993,2270.42,452.0812174823966,2101.072826881688,4300.15,20.279999999999973,1380.8444242424243,35.428212175523264,1506.4173445152371,7140.0,0.0899,1186.509090909091,1179.8474937384926,125.2211603853936,1402.3,906.4,-0.2809778957142401
core_MEJMOE_freeONLY,7.169811320754717,4.84578192055751,6.981743981341903,30.0,1.0,11.39622641509434,7.8668197654786,5.72429322535702,16.0,1.0,1.9245283018867925,1.8013226327455147,0.7229148702138873,4.0,1.0,2.6211320754716985,2.568300801895799,0.5273488708745603,3.44,1.65,120.75849056603776,0.0,47.10839140872712,153.9,0.0,1800.1413207547173,333.24968378279993,1848.0440734596127,3823.15,14.009999999999993,2063.0341509433965,449.54512526546097,2055.361018931044,4300.15,20.279999999999973,1562.6350150943397,40.81585330742176,1928.358048998985,7140.0,0.0899,1179.7415094339624,1171.864861879613,133.98155524135188,1313.9,906.4,-0.4186396149996199
core_MEWNEH_freeONLY,9.105263157894736,5.281556383388896,14.359646443536812,69.0,1.0,12.36842105263158,8.634473832945213,5.993070791082416,19.0,1.0,2.0,1.8313312432986424,1.025978352085154,6.0,1.0,2.782631578947369,2.7007847100902733,0.6278018636922016,3.44,1.25,125.92631578947368,119.4231242130988,35.21910130813829,153.9,50.0,1329.0468421052633,189.01257631316585,1739.153357182901,3823.15,14.009999999999993,1517.2194736842105,264.29595733758526,1949.626117677772,4300.15,20.279999999999973,1204.831136842105,12.975508186653396,2175.549211613321,9320.0,0.0899,1203.9421052631578,1186.655469802741,176.9523882314987,1313.9,596.7,-0.9157618799999908
core_MIHLEV_freeONLY,5.784313725490196,3.74337992566623,7.9663845847760015,59.0,1.0,10.333333333333334,6.284831876437957,6.37601715581458,19.0,1.0,1.7647058823529411,1.6441617156593051,0.7563647655680747,6.0,1.0,2.5537254901960784,2.5138153554416824,0.4428205531492711,3.44,1.13,118.88823529411766,104.1883041967684,43.7993761575182,153.9,7.0,1912.100196078432,305.80716935669017,1880.9235365987988,3823.15,14.009999999999993,2199.56568627451,401.1233448149449,2115.81951811961,4300.15,20.279999999999973,1238.3126156862747,26.060093380877305,1354.5514611859037,6640.0,0.0899,1189.8705882352938,1178.2501823982404,149.71341550444612,1402.3,527.0,-0.3663368371429182
core_MIHLIZ_freeONLY,5.170212765957447,3.53368394044909,6.156882151468476,59.0,1.0,10.02127659574468,5.984183992005771,6.374781971080575,19.0,1.0,1.7127659574468086,1.610014932618611,0.6461397718749029,6.0,1.0,2.535,2.5044639013845167,0.395105022397089,3.44,1.13,118.4255319148936,103.19794797711332,44.28847632686594,153.9,7.0,1978.195319148936,317.52397919922345,1888.5059975866225,3823.15,14.009999999999993,2253.308191489362,409.84947057881305,2121.6229832020067,4300.15,20.279999999999973,1224.9157542553191,26.852967647205027,1255.6895116077717,6640.0,0.0899,1192.5446808510635,1183.568326337866,136.37985018152955,1402.3,527.0,-0.5043694785714966
core_MIMVEJ_freeONLY,5.777777777777778,3.9531578743676583,5.4183045956607145,30.0,1.0,10.444444444444445,6.529289581310009,6.184408911144776,16.0,1.0,1.7777777777777777,1.6710335980604356,0.628539361054709,4.0,1.0,2.581111111111111,2.543645652014344,0.4477295259362081,3.44,1.65,111.3777777777778,0.0,51.39101617218594,153.9,0.0,1741.7800000000002,267.94357747150343,1865.7392263638003,3823.15,14.009999999999993,1979.9966666666664,351.1740680754234,2085.9816972014064,4300.15,20.279999999999973,1269.2198962962964,22.57455924002905,1596.013487871784,7140.0,0.0899,1203.7259259259256,1196.238348911673,132.56843820958233,1402.3,906.4,-0.3695205385714644
core_MINVUA_SL,6.157894736842105,4.344507871309626,4.965811089680451,24.0,1.0,10.68421052631579,6.924831880518876,6.156320086570406,16.0,1.0,1.8421052631578947,1.7284437865632103,0.6698906348083081,4.0,1.0,2.6452631578947363,2.5945991469964804,0.5227797002164954,3.44,1.66,124.44736842105264,117.95874026167208,36.46524471359216,153.9,64.3,1742.6131578947377,277.6323365137504,1835.3771112887564,3823.15,14.009999999999993,1994.631578947368,372.4099652636368,2065.360597138741,4300.15,20.279999999999973,1330.3997105263152,24.02777043668824,1761.0942448407563,7190.0,0.0899,1182.863157894737,1168.587749091453,166.1297375405465,1313.9,652.9,0.1653769060001423
core_MIXYID_freeONLY,5.256410256410256,3.6188954213712337,4.5669826694968485,28.0,1.0,9.923076923076923,5.8992513142910346,6.386623101069021,16.0,1.0,1.7179487179487178,1.6158661440291455,0.5969459859909135,4.0,1.0,2.5789743589743592,2.546049835928592,0.4297333393306613,3.44,1.91,116.274358974359,100.1506270984042,44.20382694854347,153.9,7.0,1727.1546153846157,243.54903208535475,1861.5935201338505,3823.15,14.009999999999993,1980.732307692308,321.3866798281037,2097.379010438506,4300.15,20.279999999999973,1213.8524282051285,17.51521936851799,1669.6200128602436,8908.0,0.0899,1203.8871794871793,1195.0620270637871,139.17773211863218,1402.3,737.1,-0.3593147662501508
core_MUGQAI_freeONLY,6.4375,4.396585840690621,6.274638933835157,29.0,1.0,10.8125,7.253387394169422,5.736056463285556,15.0,1.0,1.875,1.7562521603732997,0.6959705453537527,4.0,1.0,2.544375,2.521201141628809,0.34208859872115,3.04,1.9,94.68125,57.98407486705878,60.09251428786701,153.9,7.0,1776.75375,315.9670386651921,1831.425246743895,3823.15,14.009999999999993,2082.9225000000006,402.0973239176663,2062.850437136379,4300.15,20.279999999999973,1549.0852249999998,30.005159733337603,2202.8414284640307,8960.0,0.0899,1200.5124999999998,1185.7269131463524,178.64401709475186,1402.3,745.5,-0.30852584111125403
core_MUNNUF_freeONLY,5.511111111111111,4.034696096486006,4.450329437105239,30.0,1.0,10.8,7.04806896230356,5.957628163399705,16.0,1.0,1.7777777777777777,1.688281593559383,0.5533288710217215,4.0,1.0,2.577111111111112,2.5466501947981888,0.4076960862768148,3.44,1.65,120.60444444444444,0.0,46.39987526590301,153.9,0.0,2068.257777777778,390.2480295694869,1878.5782107953507,3823.15,14.009999999999993,2340.518444444445,500.4204017978868,2101.5248057974536,4300.15,20.279999999999973,1364.2701066666668,41.73415912956273,1412.6927314076447,7140.0,0.0899,1186.9866666666665,1180.4592629118026,124.5411303768982,1402.3,906.4,-0.2212740214286311
core_MUNPER_freeONLY,5.511111111111111,4.034696096486006,4.450329437105239,30.0,1.0,10.8,7.04806896230356,5.957628163399705,16.0,1.0,1.7777777777777777,1.688281593559383,0.5533288710217215,4.0,1.0,2.577111111111112,2.5466501947981888,0.4076960862768148,3.44,1.65,120.60444444444444,0.0,46.39987526590301,153.9,0.0,2068.257777777778,390.2480295694869,1878.5782107953507,3823.15,14.009999999999993,2340.518444444445,500.4204017978868,2101.5248057974536,4300.15,20.279999999999973,1364.2701066666668,41.73415912956273,1412.6927314076447,7140.0,0.0899,1186.9866666666665,1180.4592629118026,124.5411303768982,1402.3,906.4,-0.3261497499998237
core_MURCIL_freeONLY,7.554216867469879,4.44762178919854,10.588983832435051,66.0,1.0,10.975903614457833,6.840512576584901,6.488127997070687,19.0,1.0,1.879518072289157,1.7233071011672163,0.8970848418788572,6.0,1.0,2.714939759036145,2.6464320771474803,0.5936437889662917,3.44,1.22,122.0,115.77314014988494,35.3561705389699,153.9,50.0,1219.047590361446,153.80984031375775,1696.048115413181,3823.15,14.009999999999993,1452.814096385542,220.48869005593485,1929.8130361423996,4300.15,20.279999999999973,1183.940091566265,9.140564344725338,2176.888986661264,8960.0,0.0899,1209.1987951807223,1193.810811710482,169.98836848512656,1313.9,573.0,-0.1830212275002054
core_MUVGOA_freeONLY,5.245901639344262,3.9489297929322986,3.9490847153088313,30.0,1.0,10.721311475409836,7.06836233649842,5.814428485062063,15.0,1.0,1.7704918032786885,1.6865772047346488,0.5245901639344263,4.0,1.0,2.523770491803279,2.506899165143806,0.2899698341259601,3.04,1.65,106.02295081967216,0.0,57.95585486043787,153.9,0.0,2156.302295081968,435.5730194685575,1872.3828318074247,3823.15,14.009999999999993,2434.152950819672,534.5771043264393,2098.914259024307,4300.15,20.279999999999973,1376.9499737704916,47.22789388997291,1336.637270296351,7140.0,0.0899,1194.4655737704918,1186.8291930196806,136.24266788543022,1402.3,906.4,-0.08100264375025285
core_NAGQET_freeONLY,5.03921568627451,3.6304484790348974,3.970285633591488,27.0,1.0,10.019607843137257,6.147112147006235,6.153239848285351,15.0,1.0,1.7254901960784317,1.6311419669655502,0.5628509840944048,4.0,1.0,2.5231372549019606,2.504935158450614,0.3059250849990567,3.04,1.88,97.8843137254902,65.24806294855681,57.5891274207037,153.9,7.0,1850.5570588235291,289.7800454328787,1875.079278026267,3823.15,14.009999999999993,2107.879019607843,362.2107592813433,2112.045262282608,4300.15,20.279999999999973,1238.3127137254903,22.21676382301968,1556.6938227906226,8900.0,0.0899,1212.7725490196078,1203.4106480281305,147.13332766300357,1402.3,760.4,-0.0842125500003021
core_NANMEW_freeONLY,6.31858407079646,4.3011390713821305,7.392013732515189,57.0,1.0,10.902654867256636,6.89833752663475,6.376067811691658,19.0,1.0,1.831858407079646,1.7148658069300633,0.7395604394965019,6.0,1.0,2.6607964601769907,2.593860207720257,0.5668514837144201,3.44,1.1,115.18407079646018,0.0,47.58719907886972,153.9,0.0,1488.2314159292032,212.00335265422515,1807.3961743249224,3823.15,14.009999999999993,1734.0717699115044,290.65432370633755,2040.8273928132785,4300.15,20.279999999999973,995.3900265486726,14.733085862778736,1286.9917157493971,6146.0,0.0899,1204.5407079646016,1190.4301828793714,164.75188620036627,1402.3,538.1,0.23181924000001736
core_NAQLAT_freeONLY,5.746835443037975,3.895367438097642,5.485235313209037,30.0,1.0,10.329113924050631,6.392879200588695,6.221077929689876,16.0,1.0,1.7721518987341771,1.663448515910576,0.6354379948360068,4.0,1.0,2.568354430379747,2.5305212991652737,0.4517320544998441,3.44,1.65,117.5759493670886,0.0,46.38797916961327,153.9,0.0,1831.7718987341775,292.24797285286456,1873.2802177714527,3823.15,14.009999999999993,2081.780886075949,384.6723031131024,2093.124965517197,4300.15,20.279999999999973,1329.9143873417722,26.753660000826727,1599.8216670216027,7140.0,0.0899,1193.5822784810125,1186.614544016358,127.46559005462252,1402.3,906.4,-0.3817857300000469
core_NEBNOZ_freeONLY,5.119047619047619,3.539179108535626,4.655781766242408,30.0,1.0,9.833333333333334,5.871213030854745,6.282692274990255,16.0,1.0,1.7142857142857142,1.6138161029641709,0.5890150893739514,4.0,1.0,2.5083333333333337,2.482369892295689,0.3735474513535039,3.44,1.65,118.47619047619048,0.0,45.06816429705759,153.9,0.0,2030.489761904762,342.5860735907208,1882.8784253605008,3823.15,14.009999999999993,2297.7554761904767,439.8268532752443,2107.23745833169,4300.15,20.279999999999973,1354.0053714285716,32.88535380047292,1433.8337464253405,7140.0,0.0899,1186.554761904762,1180.2001432326722,122.518420777062,1402.3,906.4,-0.317314210000139
core_NEDWAW_freeONLY,5.042553191489362,3.529407952006629,3.994450654896704,25.0,1.0,9.76595744680851,5.746757425570844,6.428701486824526,16.0,1.0,1.702127659574468,1.6030851562626476,0.5803481573185472,4.0,1.0,2.5610638297872343,2.5248962311546266,0.4446142676406009,3.44,1.55,120.8212765957447,0.0,40.95258252407997,153.9,0.0,1835.9874468085104,269.6985310584638,1876.3225131731192,3823.15,14.009999999999993,2084.7644680851067,355.0121810560828,2103.9727465903475,4300.15,20.279999999999973,1217.0823489361703,21.02039308814125,1448.017813112756,7470.0,0.0899,1194.117021276595,1186.1054267239117,132.02770714875342,1313.9,717.3,-0.28280518999997634
core_NEJRUR_freeONLY,5.703703703703703,3.925720196340652,5.248031834357593,29.0,1.0,10.37037037037037,6.491672548711544,6.153277645999058,16.0,1.0,1.7777777777777777,1.6710335980604356,0.628539361054709,4.0,1.0,2.572222222222223,2.540380054899209,0.4215345276779724,3.44,1.9,121.20370370370372,107.48579788411335,41.836936378538034,153.9,7.0,1905.675925925926,319.8131429487915,1864.1062416378077,3823.15,14.009999999999993,2197.6925925925925,420.9675170100824,2091.080503173548,4300.15,20.279999999999973,1420.2846740740745,30.05353830217165,1848.0798724297529,8960.0,0.0899,1186.0703703703705,1176.441091988831,144.26964161754688,1402.3,745.5,-0.20870789999995454
core_NEJSAY_freeONLY,5.703703703703703,3.9257201963406514,5.248031834357593,29.0,1.0,10.37037037037037,6.491672548711541,6.153277645999059,16.0,1.0,1.7777777777777777,1.6710335980604354,0.628539361054709,4.0,1.0,2.5722222222222224,2.540380054899209,0.4215345276779724,3.44,1.9,121.20370370370372,107.48579788411335,41.83693637853803,153.9,7.0,1905.6759259259256,319.8131429487912,1864.1062416378077,3823.15,14.009999999999993,2197.692592592593,420.9675170100828,2091.080503173548,4300.15,20.279999999999973,1420.2846740740745,30.05353830217158,1848.0798724297524,8960.0,0.0899,1186.0703703703705,1176.441091988829,144.26964161754688,1402.3,745.5,-0.20555389375022054
core_NEJSOM_freeONLY,5.551724137931035,3.8000751856720982,5.136658023271361,29.0,1.0,10.172413793103448,6.249620815117687,6.220483213945855,16.0,1.0,1.7586206896551724,1.6519132559793048,0.6245093198715459,4.0,1.0,2.5586206896551724,2.5281390217278354,0.4123667946925911,3.44,1.9,120.66206896551726,107.3720771176732,41.79686024995016,153.9,7.0,1906.565862068965,312.75838198737574,1866.9278655099024,3823.15,14.009999999999993,2195.107931034483,410.7993724235776,2094.507893193743,4300.15,20.279999999999973,1400.2681413793107,28.546537233306584,1809.2314489555952,8960.0,0.0899,1186.9793103448274,1177.639501408995,142.35933984429573,1402.3,745.5,-0.3652180614284199
core_NEKREB_freeONLY,6.857142857142857,4.193697892660347,9.119762498399334,46.0,1.0,10.476190476190476,6.651731768532064,6.099328984319253,16.0,1.0,1.8571428571428568,1.713842663375532,0.8329931278350428,5.0,1.0,2.611428571428571,2.5827957793616654,0.3977829716277543,3.44,2.2,96.74761904761904,65.05933420575519,56.71997732425851,153.9,7.0,1564.7242857142858,227.0133963682942,1811.091044774554,3823.15,14.009999999999993,1821.379523809524,295.6153126141114,2056.115064311881,4300.15,20.279999999999973,1433.8762571428572,16.08445298403593,2602.538283473233,12023.0,0.0899,1219.3047619047616,1208.317354996342,156.85036689906684,1402.3,804.4,-0.3660412342857334
core_NEYYUN_freeONLY,6.258064516129032,4.064596342174139,5.5646797544900295,28.0,1.0,10.32258064516129,6.173442294662898,6.532238152100275,16.0,1.0,1.8064516129032255,1.6787843689142925,0.6918584061137811,4.0,1.0,2.6538709677419354,2.6130668282640355,0.475697636545729,3.44,1.91,107.90967741935484,80.30015327505664,54.92711507865385,200.0,7.0,1090.6925806451618,136.3428421586247,1640.003466341671,3823.15,14.009999999999993,1292.8009677419354,189.99003185097425,1861.1313200592572,4300.15,20.279999999999973,997.499258064516,8.136749542371442,1769.3750922384909,8908.0,0.0899,1227.1258064516123,1216.0498482051746,154.69272970747406,1402.3,737.1,-0.1598497442856471
core_NEYZAU_freeONLY,5.741935483870968,3.9550065138373114,4.063748007296393,16.0,1.0,10.064516129032258,5.861111367145329,6.695860463488921,16.0,1.0,1.7741935483870968,1.6632772027967968,0.6069318620073154,3.0,1.0,2.634516129032258,2.5814746778247293,0.5160635039047373,3.44,1.31,104.2967741935484,0.0,58.12937452908435,200.0,0.0,1064.724838709678,133.6128342158504,1636.0728647368364,3823.15,14.009999999999993,1233.9945161290325,184.8572717359324,1828.8995260923696,4300.15,20.279999999999973,766.2089354838706,7.718917833421771,1037.4488324078222,2260.0,0.0899,1227.1451612903222,1216.0817667824217,154.631442862531,1402.3,737.7,-0.06930386142851479
core_NIJZIP01_freeONLY,7.409638554216867,4.43741896438441,9.80169169635124,60.0,1.0,10.975903614457833,6.840512576584901,6.488127997070687,19.0,1.0,1.879518072289157,1.7233071011672163,0.8970848418788572,6.0,1.0,2.713012048192771,2.642110599853869,0.5986042700682961,3.44,1.14,122.0,115.77314014988494,35.3561705389699,153.9,50.0,1209.625903614458,152.8344912156841,1694.5180374791696,3823.15,14.009999999999993,1465.657469879518,221.4043665370732,1940.7460077604635,4300.15,20.279999999999973,1146.8075614457832,9.096902058385291,2060.964074522163,8960.0,0.0899,1208.23734939759,1191.736343505832,173.65720263412416,1313.9,533.1,0.3470840766666849
core_NIYZIG_freeONLY,6.177777777777778,4.125454257291989,5.941525763224606,30.0,1.0,10.533333333333331,6.653106828275026,6.141299174894148,16.0,1.0,1.8222222222222224,1.7035623163734563,0.6762277357645751,4.0,1.0,2.559111111111112,2.519186985949304,0.4636848653137038,3.44,1.65,119.49555555555555,0.0,44.17462295911814,153.9,0.0,1835.7731111111116,311.8979067928124,1864.165617252361,3823.15,14.009999999999993,2093.394222222222,415.28809100323775,2077.798847743008,4300.15,20.279999999999973,1412.791126666667,34.22174035640576,1651.4175789298315,7140.0,0.0899,1182.4066666666663,1175.3784256424956,127.4778802598928,1313.9,906.4,-0.264490030000123
core_NOFQOQ_freeONLY,6.133333333333334,3.008056235026758,10.1512998620319,53.0,1.0,8.066666666666666,4.11701927224126,6.6629989911117,17.0,1.0,1.7,1.527032678877457,0.9,5.0,1.0,2.434,2.416285773750517,0.3003509058862094,3.04,1.9,99.99333333333334,72.81198274155136,61.222941959874994,295.2,7.0,1347.4820000000002,144.47140005414204,1767.3461125095637,3823.15,14.009999999999993,1562.9153333333334,189.10039205924093,1999.2398743101228,4300.15,20.279999999999973,1216.8754200000003,7.899982739967239,1926.4616333159163,8960.0,0.0899,1219.87,1209.1880334657951,152.7062499266702,1402.3,745.5,-0.049330722857153585
core_NORJEL_freeONLY,5.118110236220472,3.3964144562389382,6.024378522824838,48.0,1.0,9.590551181102365,5.566848120232253,6.39802421607075,16.0,1.0,1.6929133858267718,1.5872034388663383,0.6338460408660821,5.0,1.0,2.5151181102362203,2.489545385247645,0.3749516843241687,3.44,1.69,117.94960629921262,0.0,44.02114000751838,153.9,0.0,1948.052677165355,299.0579392790541,1891.27097740944,3823.15,14.009999999999993,2201.6364566929137,385.8948694071267,2118.820687492016,4300.15,20.279999999999973,1275.3257913385828,25.10217842638305,1457.9986703828524,8650.0,0.0899,1193.6944881889765,1187.3520539463816,122.18598918808944,1402.3,867.8,-0.4353721162501642
core_NOWGIR_freeONLY,9.388059701492535,5.078150983661525,13.054369913832762,47.0,1.0,10.880597014925373,7.420404236152462,5.645027895598093,15.0,1.0,2.074626865671642,1.8651684358741687,1.08329834696263,5.0,1.0,2.5479104477611934,2.5198496437071287,0.3756091065664148,3.04,1.93,87.72537313432835,50.08896387223094,60.96675713540158,153.9,7.0,1520.675671641791,261.3716710976068,1756.0937911334306,3823.15,14.009999999999993,1822.706417910447,339.8086053939862,1980.6360695838143,4300.15,20.279999999999973,1905.9172895522388,25.16148689515852,3113.48593699305,10490.0,0.0899,1197.4776119402984,1176.7521574736395,206.884657331261,1402.3,731.0,-0.27803305800000544
core_NUDLIJ_freeONLY,6.0,4.69565456225537,3.0756234261462274,12.0,1.0,10.81081081081081,7.032151825698455,6.259426784211966,16.0,1.0,1.864864864864865,1.7791808632595048,0.5282383860997855,3.0,1.0,2.640810810810811,2.5614678197961487,0.6082512744385328,3.44,1.31,112.45945945945944,0.0,53.26015933773377,153.9,0.0,1542.7089189189192,257.7180207817001,1794.6520165469765,3823.15,14.009999999999993,1770.5678378378375,348.4771655672053,2003.7641385154911,4300.15,20.279999999999973,996.5273297297296,22.53058581634556,1088.3273431432772,2260.0,0.0899,1185.505405405405,1170.5793127600991,174.42388558529905,1402.3,737.7,-0.16890082333331213
core_NUVYIN_freeONLY,5.165354330708661,3.593489295595444,4.422141462082619,28.0,1.0,9.905511811023622,5.920568105262615,6.3288280201099,16.0,1.0,1.7165354330708662,1.616544683223092,0.5872347824246954,4.0,1.0,2.5544094488188978,2.525560613816533,0.401625934679003,3.44,1.91,117.5244094488189,101.92117807508149,43.97615265804872,153.9,7.0,1861.5572440944884,283.2899736541692,1873.8210617613088,3823.15,14.009999999999993,2128.561968503937,369.14436584943576,2108.675368996532,4300.15,20.279999999999973,1278.410596850394,22.70104115099253,1628.8565631624906,8908.0,0.0899,1196.3897637795274,1187.8694538882366,137.29903099063668,1402.3,737.1,0.2436646699997406
core_NUYQUU_freeONLY,12.25,7.449373164410006,14.051245496396396,48.0,1.0,12.75,10.303360244075044,4.575751304430781,16.0,1.0,2.375,2.163491307734198,1.1110243021644486,5.0,1.0,2.58625,2.543629044751724,0.4433942235753641,3.04,1.69,75.19999999999999,0.0,77.11755636688704,200.0,0.0,1104.005,242.20869521333543,1581.0747377337989,3823.15,14.009999999999993,1326.3349999999996,326.65611323503055,1750.8882793385192,4300.15,20.279999999999973,1891.7303625,44.45059562262026,2744.3158206520698,8650.0,0.0899,1194.9125,1177.8642730240958,197.2923936540636,1402.3,867.8,-0.3798463322222637
core_OBEDEE_freeONLY,6.125,4.173511639844574,6.694602925740505,47.0,1.0,10.875,7.0261910975221324,6.101997623729462,17.0,1.0,1.8125,1.7039624625728271,0.6663410663216448,5.0,1.0,2.637083333333333,2.596868717854685,0.4923834817046115,3.98,1.93,132.93125,107.94648331021952,68.2613975716693,328.0,7.0,1881.3972916666664,324.25100043205344,1870.7532982617588,3823.15,14.009999999999993,2149.339166666666,423.3307782942667,2092.043007126281,4300.15,20.279999999999973,1342.6192854166668,32.323031404786484,1737.037992592015,10490.0,0.0899,1214.2,1200.9411284344071,181.34669259919428,1681.0,731.0,0.5298396049998928
core_OBUFIB_SL,6.102564102564102,3.984949133679512,6.163560708297211,30.0,1.0,10.307692307692308,6.338485093626315,6.27225819619094,16.0,1.0,1.794871794871795,1.6743367793873365,0.6861070851415209,4.0,1.0,2.581025641025641,2.5372757695433,0.482444602223232,3.44,1.65,111.2051282051282,0.0,50.51778031097236,153.9,0.0,1621.3828205128204,235.8203642665433,1842.01801108284,3823.15,14.009999999999993,1851.090512820513,314.91593631370915,2057.4141159941632,4300.15,20.279999999999973,1293.681635897436,19.255898769858263,1742.455846433203,7140.0,0.0899,1203.6589743589743,1195.888688268561,134.08635127763029,1402.3,906.4,-0.3808991485716433
core_ODERIZ_freeONLY,7.619047619047619,5.169843308448719,8.930825112396313,46.0,1.0,12.0,8.712049604059313,5.511891905775401,17.0,1.0,1.9523809523809523,1.8307981845141368,0.7853534524986019,5.0,1.0,2.780952380952381,2.732814197761241,0.5401402354230822,3.98,2.2,121.05238095238096,75.08804577772291,87.54957028013231,328.0,7.0,1568.4900000000002,257.9352284093096,1807.901101920072,3823.15,14.009999999999993,1827.5461904761908,338.8543329583075,2050.794202445845,4300.15,20.279999999999973,1434.029219047619,21.276408030156976,2602.454055278239,12023.0,0.0899,1254.447619047619,1237.1770606099826,207.0021316178436,1681.0,804.4,-0.3799260557143498
core_ODIMAQ_freeONLY,6.752475247524752,3.856279307657049,9.4328328437065,62.0,1.0,10.11881188118812,5.740044759422406,6.871215795560912,19.0,1.0,1.7821782178217822,1.629752313025762,0.8629211314653833,6.0,1.0,2.6884158415841584,2.6164590610221268,0.6071304566830861,3.44,1.17,113.76633663366334,0.0,41.35508702945032,153.9,0.0,980.2267326732672,106.20195365659298,1601.1251601766528,3823.15,14.009999999999993,1137.3804950495048,152.47993117923343,1797.2503064912582,4300.15,20.279999999999973,895.2542613861388,4.6815264308809095,1731.20742034751,7353.0,0.0899,1231.847524752475,1220.0052125953448,149.0337257293269,1313.9,544.5,-0.22528733400013148
core_ODODES_freeONLY,5.54954954954955,3.831149468970394,4.975143148357034,30.0,1.0,10.252252252252251,6.333031050979317,6.197163647161671,16.0,1.0,1.7657657657657655,1.660088996303298,0.6144646091884661,4.0,1.0,2.535045045045045,2.501669122399635,0.4254173867226148,3.44,1.65,122.67387387387387,0.0,41.36572048132424,153.9,0.0,1990.1142342342337,350.0411691904428,1865.0127663913704,3823.15,14.009999999999993,2277.7357657657662,458.6205567974088,2088.353947616044,4300.15,20.279999999999973,1375.368654054054,36.21319849380891,1469.9706168905604,7140.0,0.0899,1178.0774774774773,1170.4646003267012,130.92513759740007,1313.9,786.5,-0.37568940333346745
core_ODODIW_freeONLY,5.553956834532374,3.620884278661358,5.537540505229519,30.0,1.0,9.741007194244604,5.710970901724566,6.399570724695517,16.0,1.0,1.7410071942446044,1.623451413740589,0.6606964877075602,4.0,1.0,2.5225179856115107,2.486369282433538,0.4406683830015913,3.44,1.65,116.09640287769786,0.0,45.105565082916335,153.9,0.0,1768.1192805755395,262.15258848275977,1857.984641490696,3823.15,14.009999999999993,2027.262661870504,347.9099353933421,2081.944948745077,4300.15,20.279999999999973,1298.6719223021582,22.159763021719,1582.2685800805275,7140.0,0.0899,1190.838848920863,1182.857205372654,134.2024072685011,1402.3,786.5,-0.2737731057142939
core_OFEHAK_freeONLY,6.133333333333334,3.751083587610392,8.23704369837194,48.0,1.0,10.0,5.93631134001134,6.418722614352485,16.0,1.0,1.7666666666666666,1.6366331016465638,0.7608474807008885,5.0,1.0,2.5856666666666666,2.546661182432264,0.4606928357255936,3.44,1.69,109.79333333333334,0.0,50.02887122008208,153.9,0.0,1567.082333333333,207.69271668522865,1844.8428416673387,3823.15,14.009999999999993,1781.6906666666666,276.3513500397496,2063.9892649719754,4300.15,20.279999999999973,1192.684866666667,14.336825587566048,1764.830470477326,8650.0,0.0899,1213.3299999999997,1205.647286894099,133.13774859144945,1402.3,867.8,-0.14632840500011446
core_OFUYUL_SL,6.777777777777778,4.772716322379996,6.169418805289663,30.0,1.0,11.555555555555555,8.013505230049033,5.7370358415224825,16.0,1.0,1.8888888888888888,1.7817974362806783,0.6573421981221795,4.0,1.0,2.6694444444444447,2.617609793621197,0.5272409550588402,3.44,1.65,123.74444444444444,0.0,43.75288209201795,153.9,0.0,1756.0094444444446,307.5128587174893,1854.771559064986,3823.15,14.009999999999993,2006.3177777777776,416.0869605442306,2067.067785951221,4300.15,20.279999999999973,1401.5280333333333,32.762412091947645,1771.4299831646908,7140.0,0.0899,1189.772222222222,1182.4521939334434,129.61868780540507,1313.9,906.4,-0.3458738133332986
core_OGIBUD_freeONLY,7.428571428571429,6.0942687558378665,5.412256184513324,30.0,1.0,13.428571428571429,11.373056916380698,4.1812669368600375,16.0,1.0,2.0,1.9350635570477837,0.5345224838248488,4.0,1.0,2.812857142857143,2.760335307415908,0.5318802484013256,3.44,1.65,133.93333333333334,0.0,37.66954476994118,153.9,0.0,1875.7619047619044,410.11574731196913,1861.654261251124,3823.15,14.009999999999993,2140.2004761904764,557.0933125468546,2072.289022638346,4300.15,20.279999999999973,1416.7434190476192,54.96951384549538,1688.9728652248486,7140.0,0.0899,1186.028571428571,1179.0250105373575,127.2039837009351,1313.9,906.4,-0.2930157050000541
core_OGOWAJ_freeONLY,4.931818181818182,3.341584333675534,4.6289490623129135,30.0,1.0,9.431818181818182,5.417334645222107,6.40808341533186,16.0,1.0,1.681818181818182,1.5790872738926691,0.5943953104828191,4.0,1.0,2.4943181818181817,2.468781677132089,0.3705671189803831,3.44,1.65,116.4,0.0,45.048161096562175,153.9,0.0,1938.831590909091,296.253659787522,1886.9313501242063,3823.15,14.009999999999993,2194.233863636364,382.4236575711042,2112.738103122899,4300.15,20.279999999999973,1292.4637590909092,25.14730684464375,1428.973382646114,7140.0,0.0899,1192.2568181818183,1185.8932030797637,122.52035897190028,1402.3,906.4,-0.38436627999979983
core_OJIWAG_freeONLY,5.6923076923076925,4.16104209506348,4.663848120376652,30.0,1.0,10.974358974358974,7.260907119782942,5.911688463249904,16.0,1.0,1.794871794871795,1.7043607928571491,0.5629358564128244,4.0,1.0,2.599230769230769,2.565485374686294,0.4288708168140995,3.44,1.65,119.64102564102564,0.0,47.458909179273405,153.9,0.0,1993.614871794872,366.2595800079797,1879.933022189166,3823.15,14.009999999999993,2258.51717948718,473.0676007208,2102.186972454808,4300.15,20.279999999999973,1342.3583333333331,37.96997447907261,1457.575309708134,7140.0,0.0899,1190.8820512820514,1184.1113073557144,126.66667922765431,1402.3,906.4,-0.4570854187504096
core_OMOVET_freeONLY,7.287671232876712,4.981291186993225,6.833598406372987,30.0,1.0,11.534246575342468,8.047644597898627,5.659474276811013,16.0,1.0,1.9452054794520548,1.8217707692774936,0.7194063564658019,4.0,1.0,2.6308219178082197,2.586709447952972,0.4709877508358555,3.44,1.65,89.21095890410959,0.0,65.39605694125652,200.0,0.0,1339.6380821917808,213.25739431230275,1746.1772618515226,3823.15,14.009999999999993,1547.6582191780822,281.61920326217785,1948.3463772036484,4300.15,20.279999999999973,1286.238197260274,18.55792669853152,1903.1042036594188,7140.0,0.0899,1223.9972602739724,1213.294786251991,157.88003159378815,1402.3,906.4,0.3037386514284727
core_OPIPUZ_freeONLY,5.142857142857143,3.299197361534283,5.047731355444213,27.0,1.0,9.071428571428571,5.005358515121707,6.605887911707315,16.0,1.0,1.6785714285714286,1.56141836431142,0.6575697371257845,4.0,1.0,2.5507142857142853,2.515646685089623,0.4409804706675841,3.44,1.88,106.48214285714286,88.01106208304672,46.81022517701073,153.9,7.0,1446.4021428571427,167.03526374709256,1800.1492098421754,3823.15,14.009999999999993,1676.4446428571428,224.17748160103048,2039.8692864573493,4300.15,20.279999999999973,1125.3288178571431,9.05767946920349,1840.3007599174323,8900.0,0.0899,1218.4857142857145,1208.8614425057808,144.4484428890157,1402.3,760.4,-0.17824613714284557
core_OPIWEQ_freeONLY,5.44,3.543979832615769,5.2006153482064015,27.0,1.0,9.52,5.464145951579943,6.518404712811255,16.0,1.0,1.72,1.6021397551792442,0.6645299090334461,4.0,1.0,2.5788000000000006,2.541395060725116,0.4551599279374228,3.44,1.88,107.28,87.38193915339622,47.673967739218014,153.9,7.0,1465.9236,179.6938620811063,1799.7009631044375,3823.15,14.009999999999993,1703.9896,241.41166095317087,2040.7969737050864,4300.15,20.279999999999973,1169.9610840000005,10.504947075906555,1907.440042769813,8900.0,0.0899,1216.2839999999997,1206.1069297275387,148.2158714308289,1402.3,760.4,-0.2460370699999714
core_OPOBIF_freeONLY,6.342857142857143,4.183297683417538,6.369314191128125,30.0,1.0,10.571428571428571,6.708131313550106,6.114552731152199,16.0,1.0,1.8285714285714283,1.706959195466601,0.6963461489687967,4.0,1.0,2.584285714285714,2.543095313522992,0.4602129054767444,3.44,1.65,95.27714285714286,0.0,59.28224058670178,153.9,0.0,1480.6888571428567,212.698306370614,1806.9410983755647,3823.15,14.009999999999993,1694.006,279.1208250047979,2019.9498388951567,4300.15,20.279999999999973,1247.8320285714287,15.903323036921966,1803.6474998932108,7140.0,0.0899,1220.762857142857,1211.6067939501186,146.15719343171835,1402.3,906.4,-0.212600595000102
core_OPOZEZ_freeONLY,5.066666666666666,3.316446482206933,6.166756756098695,48.0,1.0,9.4,5.378101414905917,6.4192419074737055,16.0,1.0,1.6833333333333331,1.5750148905534174,0.6452820227535312,5.0,1.0,2.499333333333333,2.476336450626603,0.351410807397205,3.44,1.69,110.945,0.0,49.101932837041495,153.9,0.0,1870.7565,271.6569781906653,1889.7943436855987,3823.15,14.009999999999993,2114.351666666667,348.3302317466459,2118.041198482036,4300.15,20.279999999999973,1236.7116300000002,20.891383603807725,1478.6005504042037,8650.0,0.0899,1201.7516666666668,1194.8791597681363,127.496404513574,1402.3,867.8,-0.26965677833338
core_OQEPUW_freeONLY,7.818181818181818,5.336872713195205,9.136024417040506,48.0,1.0,12.363636363636363,9.079425636306844,5.50244123132017,17.0,1.0,1.9545454545454544,1.838169058276974,0.7673610461879152,5.0,1.0,2.8243181818181817,2.7524625900395554,0.6492387070718524,3.98,1.69,153.26136363636363,0.0,80.24574533017335,328.0,0.0,1698.9845454545457,297.1440792146072,1855.317643301955,3823.15,14.009999999999993,1937.905,404.4781313653062,2069.131219478468,4300.15,20.279999999999973,1369.6308227272727,31.629421985470994,1931.499286451044,8650.0,0.0899,1245.140909090909,1228.0394458959186,212.19065432057027,1681.0,867.8,-0.2882769328573106
core_OTAVAH_freeONLY,5.4035087719298245,3.2789291627574624,8.301045482923954,64.0,1.0,9.385964912280702,5.19134814835552,6.706253656403999,19.0,1.0,1.6842105263157894,1.5603194713450197,0.7529566222412261,6.0,1.0,2.5333333333333328,2.494459621489194,0.4456154164918496,3.44,1.2,113.81052631578947,100.17602460134776,43.60425572426218,153.9,7.0,1652.8924561403503,206.18688031080137,1861.9956424396228,3823.15,14.009999999999993,1895.6075438596488,273.7218896106362,2100.41779673213,4300.15,20.279999999999973,1090.472136842105,12.647246104447564,1434.0951069178252,7901.0,0.0899,1207.8807017543857,1198.1329567054686,141.1234254350605,1402.3,593.4,0.4243271666665578
core_OTIPAK_freeONLY,5.771428571428571,3.59139646313855,7.709310565008722,48.0,1.0,9.771428571428572,5.749061068231789,6.378919363410856,16.0,1.0,1.7428571428571429,1.6187859486026128,0.730669248716824,5.0,1.0,2.5351428571428567,2.504227563349072,0.4088476588697375,3.44,1.69,111.82857142857142,0.0,49.1314305652477,153.9,0.0,1779.3782857142858,257.98868400592363,1877.8597566385984,3823.15,14.009999999999993,2017.1894285714288,336.32279950020506,2101.531247424727,4300.15,20.279999999999973,1280.5513371428574,20.43419136762377,1683.1153168888727,8650.0,0.0899,1201.5999999999997,1194.2263299661922,131.00214393011174,1402.3,867.8,-0.2994801116666394
core_OTOVAW_freeONLY,6.380952380952381,4.245878300236887,7.623748549769554,48.0,1.0,10.99047619047619,7.134202151105575,6.109314103961399,17.0,1.0,1.819047619047619,1.7065736852614548,0.7007608433960821,5.0,1.0,2.6707619047619056,2.6199308043312666,0.5470486967756992,3.98,1.69,131.27238095238098,0.0,74.02815486947304,328.0,0.0,1782.390857142857,285.73799788348305,1875.0548554571812,3823.15,14.009999999999993,2022.122761904762,375.1329419219962,2096.9086388688584,4300.15,20.279999999999973,1280.6737066666667,25.55942433568964,1683.022273351331,8650.0,0.0899,1229.7142857142856,1216.990865758309,181.5294862201371,1681.0,867.8,-0.06878329333353068
core_OTUXUX_freeONLY,5.230769230769231,3.518707634141224,5.9556546647037125,48.0,1.0,9.846153846153848,5.82501121214402,6.361496604829279,16.0,1.0,1.7076923076923076,1.604224239624328,0.6256830586973154,5.0,1.0,2.5456923076923075,2.5184782460522235,0.3848395039324604,3.44,1.69,109.33230769230768,0.0,51.103485076677984,153.9,0.0,1789.2975384615384,257.5079957397783,1884.3098182346448,3823.15,14.009999999999993,2023.0226153846156,331.6110086212107,2111.849739561744,4300.15,20.279999999999973,1176.4316584615383,18.95813834531551,1457.5589591614598,8650.0,0.0899,1209.6,1202.5317310439484,129.50752517488348,1402.3,867.8,-0.12445081500021611
core_OYIVOI_freeONLY,7.421052631578948,5.998394268396915,5.480259208945313,29.0,1.0,13.210526315789474,10.99661290574196,4.383929352201853,17.0,1.0,2.0,1.9283519958849893,0.5619514869490163,4.0,1.0,2.8263157894736843,2.7744286901927238,0.5549415381851714,3.98,1.9,129.53684210526316,78.53404614760314,88.97363424086768,328.0,7.0,1707.3678947368423,345.0469539555151,1826.9387012088048,3823.15,14.009999999999993,1996.6794736842105,452.6059767326718,2055.4940163337697,4300.15,20.279999999999973,1423.7596736842106,37.24657397309923,2085.3836647296494,8960.0,0.0899,1245.2894736842106,1224.6424608404,223.38475633507517,1681.0,745.5,-0.27326847285709327
core_PACZUQ_freeONLY,6.0,3.239106203958509,9.835002426398924,59.0,1.0,9.151515151515152,4.773945823143484,7.0673007668103605,19.0,1.0,1.696969696969697,1.540914423648879,0.9040262963743207,6.0,1.0,2.589090909090909,2.526158332133126,0.5575344187574194,3.44,1.13,108.76666666666668,96.52293973093178,42.12731545055663,153.9,7.0,1100.3178787878787,107.86986656576715,1679.4296524131614,3823.15,14.009999999999993,1313.5690909090908,152.88703801797894,1924.7530115038423,4300.15,20.279999999999973,817.9982303030304,4.238882314487796,1435.2385669792534,6640.0,0.0899,1229.9090909090903,1215.1249800101036,161.40255971015998,1402.3,527.0,-0.19927073166661557
core_PAFMUH_freeONLY,5.6,3.52737944245727,7.29486120498533,48.0,1.0,9.7,5.650422065835098,6.425340457905713,16.0,1.0,1.725,1.605528419389069,0.7066647012551285,5.0,1.0,2.542875,2.5117983938882973,0.4104058776077652,3.44,1.69,109.19875,0.0,50.33034744006344,153.9,0.0,1703.2865000000002,233.63888078760007,1871.6452801546693,3823.15,14.009999999999993,1930.3725,304.91360669210286,2095.7476723931363,4300.15,20.279999999999973,1205.2860525,16.764830268861736,1628.6262252531608,8650.0,0.0899,1209.225,1201.8538825957737,131.25961917132017,1402.3,867.8,-0.48898225000004913
core_PAMVEG_freeONLY,4.425531914893617,2.786843782518406,4.680174032275477,30.0,1.0,8.127659574468085,4.127658118493199,6.718083000622975,16.0,1.0,1.574468085106383,1.4673280901566863,0.6100115398651681,4.0,1.0,2.4844680851063825,2.4550882317406684,0.3976516625466569,3.44,1.65,99.06382978723404,0.0,49.25803714756204,153.9,0.0,1332.8276595744685,131.15803211092404,1791.7273491803674,3823.15,14.009999999999993,1512.7478723404258,174.2833263745121,2009.3603997079815,4300.15,20.279999999999973,921.5467617021278,5.695864805840984,1405.0557512055282,7140.0,0.0899,1234.451063829787,1227.8574085882117,124.46445253837248,1402.3,906.4,-0.3156998242857623
core_PAPXUB_freeONLY,5.377049180327869,3.443172342025852,6.407382868776416,48.0,1.0,9.508196721311476,5.475488208373844,6.41878123056791,16.0,1.0,1.721311475409836,1.6023555579837574,0.6806734259680884,5.0,1.0,2.488032786885246,2.468452246930436,0.3195017620830915,3.44,1.69,108.76721311475411,0.0,54.04758899192293,200.0,0.0,1790.4157377049182,264.40367273535776,1874.808658637768,3823.15,14.009999999999993,2032.31,340.5652033250562,2095.986144099177,4300.15,20.279999999999973,1243.6449475409838,22.35586997776538,1466.414695241844,8650.0,0.0899,1199.9114754098362,1192.3045464446163,134.21574520807013,1402.3,867.8,-0.2929784549999681
core_PARHAS_freeONLY,4.64,2.8545594802297667,4.353205715332093,20.0,1.0,7.76,3.767911765601851,6.993025096480064,16.0,1.0,1.6,1.4742692172911012,0.6928203230275509,4.0,1.0,2.5336000000000003,2.458705746800458,0.5871414139711147,3.44,1.0,105.8148,89.03542820091846,42.464884045055385,153.9,2.37,982.0508000000004,88.9953159463816,1610.6176108460256,3823.15,14.009999999999993,1133.7163999999998,125.4666682624943,1810.5943784578144,4300.15,20.279999999999973,604.7861119999999,2.935024158101024,977.8334483444144,2260.0,0.0899,1229.4479999999996,1214.89437687158,162.02779791134608,1313.9,589.8,-0.22387762500002847
core_PEHTON_freeONLY,5.131868131868132,3.3524993698422687,5.1423875055596575,29.0,1.0,9.285714285714286,5.266539557104445,6.452337023220694,16.0,1.0,1.6923076923076923,1.5793606591666798,0.6409523767656125,4.0,1.0,2.5083516483516486,2.4821875656656824,0.3787204127964473,3.44,1.9,111.60879120879125,93.3641842523465,46.345230199828414,153.9,7.0,1739.4807692307695,238.7071404685454,1860.2169730574592,3823.15,14.009999999999993,2004.254175824176,313.13882181461776,2092.190376298741,4300.15,20.279999999999973,1289.0329076923078,17.13042164626899,1797.2588860701144,8960.0,0.0899,1200.324175824176,1190.694350515993,144.90711715558595,1402.3,745.5,0.20060154200000394
core_PEMRIK_freeONLY,5.733333333333333,4.010619492684822,5.1796610785734725,30.0,1.0,10.6,6.751330895845163,6.088787509293893,16.0,1.0,1.7833333333333334,1.681792830507429,0.6080478782318233,4.0,1.0,2.5803333333333334,2.545473418557544,0.4317521150948642,3.44,1.65,111.83,0.0,51.99667072675583,153.9,0.0,1823.763,297.28237326506485,1873.950949370785,3823.15,14.009999999999993,2070.301,385.888801276266,2095.530680280216,4300.15,20.279999999999973,1292.9869216666668,26.671546466520603,1552.7562242813297,7140.0,0.0899,1201.025,1193.5781054066365,132.58343363708755,1402.3,906.4,-0.12086788285725038
core_PENNUT_freeONLY,6.056338028169014,4.137795202183552,5.678938910865534,30.0,1.0,10.704225352112676,6.816197796164638,6.147012021648148,16.0,1.0,1.8028169014084507,1.694152071190851,0.6417344084447615,4.0,1.0,2.615211267605634,2.5710439752950185,0.4884550497719201,3.44,1.65,117.6887323943662,0.0,46.7471519032896,153.9,0.0,1715.8414084507042,266.2230526007018,1859.7866034009292,3823.15,14.009999999999993,1954.354507042253,355.4341922833777,2077.261245841615,4300.15,20.279999999999973,1288.813169014085,23.338855288647853,1650.1841024647472,7140.0,0.0899,1199.3492957746475,1192.15697772393,129.20402565703185,1402.3,906.4,-0.24958470142857028
core_PEPBAO_freeONLY,6.0,3.544375205958512,6.514524110803789,30.0,1.0,9.21951219512195,5.09334071550931,6.631455695403174,16.0,1.0,1.7560975609756098,1.6100118886170312,0.7580619642887831,4.0,1.0,2.506097560975609,2.4650339601416325,0.4683384124013708,3.44,1.65,101.64634146341464,0.0,49.029618214145486,153.9,0.0,1278.057804878049,153.52255551294203,1740.715163982773,3823.15,14.009999999999993,1472.9329268292686,210.9153450914385,1943.7326880518287,4300.15,20.279999999999973,1154.1101073170737,10.707518716012574,1713.6033762811735,7140.0,0.0899,1210.7536585365851,1202.6164503250875,136.71781531022387,1402.3,906.4,-0.2689698783333748
core_PEPKOL_freeONLY,5.48,3.549139032164679,5.3674574986673145,28.0,1.0,9.56,5.487222754504344,6.518159249358672,16.0,1.0,1.72,1.6021397551792442,0.6645299090334461,4.0,1.0,2.5800000000000005,2.543004930703557,0.4533519604016288,3.44,1.91,109.212,89.37680421342971,46.84012228848255,153.9,7.0,1464.3236000000002,179.52946475787212,1799.449324687706,3823.15,14.009999999999993,1703.4296,241.3693269278967,2040.3882264500155,4300.15,20.279999999999973,1170.2810840000002,10.505324618999204,1908.737069181596,8908.0,0.0899,1215.3519999999996,1204.606451653263,151.1243173549512,1402.3,737.1,-0.20884020124991307
core_PEPKUR_freeONLY,5.48,3.549139032164679,5.3674574986673145,28.0,1.0,9.56,5.487222754504344,6.518159249358672,16.0,1.0,1.72,1.6021397551792442,0.6645299090334461,4.0,1.0,2.5800000000000005,2.543004930703557,0.4533519604016288,3.44,1.91,109.212,89.37680421342971,46.84012228848255,153.9,7.0,1464.3236000000002,179.52946475787212,1799.449324687706,3823.15,14.009999999999993,1703.4296,241.3693269278967,2040.3882264500155,4300.15,20.279999999999973,1170.2810840000002,10.505324618999204,1908.737069181596,8908.0,0.0899,1215.3519999999996,1204.606451653263,151.1243173549512,1402.3,737.1,-0.28192372749991534
core_PEWGEF_freeONLY,5.880952380952381,3.295870287608236,7.007487087640387,29.0,1.0,8.595238095238095,4.556522019262429,6.669259699795073,16.0,1.0,1.7142857142857142,1.5614183643114203,0.7953949089757169,4.0,1.0,2.529523809523809,2.490673360126385,0.4591915897528755,3.44,1.9,94.08571428571427,69.7447730083122,49.33239818014206,153.9,7.0,1028.7985714285714,107.697122222639,1598.2422769800985,3823.15,14.009999999999993,1256.842857142857,149.44421143564253,1843.6874018213323,4300.15,20.279999999999973,1178.4826000000005,4.622387796713085,2358.320264452622,8960.0,0.0899,1230.9714285714283,1216.473169197848,172.13335124909668,1402.3,745.5,-0.2582119919999968
core_PEYPAM_SL,6.8,4.953944325638485,5.861740355901141,30.0,1.0,11.9,8.530071532748686,5.548873759602032,16.0,1.0,1.9,1.8025009252216604,0.6244997998398399,4.0,1.0,2.7020000000000004,2.650143235079223,0.5287021845992316,3.44,1.65,126.115,0.0,42.16182248195635,153.9,0.0,1774.3085000000003,320.005064041497,1858.5412569654595,3823.15,14.009999999999993,2025.2060000000008,433.2237288940684,2071.662289863867,4300.15,20.279999999999973,1374.4466800000002,34.61746925701519,1719.9700398744394,7140.0,0.0899,1190.8149999999998,1183.6814303599654,128.1540450980772,1313.9,906.4,-0.27707903857130334
core_PEYPIU_freeONLY,5.9,4.179867907662413,5.166236541235795,30.0,1.0,10.9,7.093482418981938,6.035174672976196,16.0,1.0,1.8,1.7013343219017114,0.6000000000000001,4.0,1.0,2.621,2.5804081517255137,0.4701584839179231,3.44,1.65,119.66666666666669,0.0,46.08807751348378,153.9,0.0,1824.0336666666665,302.0109652570243,1873.68710178351,3823.15,14.009999999999993,2072.1116666666667,398.671356397304,2093.796844134412,4300.15,20.279999999999973,1293.01814,28.11629896162957,1552.730246703435,7140.0,0.0899,1196.6366666666668,1189.7271904141226,127.19141082985476,1402.3,906.4,-0.3879904262499991
core_PIDMEV01_freeONLY,5.313131313131313,3.557204724083809,5.114144506490007,30.0,1.0,9.77777777777778,5.744944198706255,6.396898799703462,16.0,1.0,1.7171717171717171,1.6097857469590078,0.6202053104245961,4.0,1.0,2.5382828282828283,2.504491499904614,0.4281863098789571,3.44,1.65,116.5919191919192,0.0,45.21244281395988,153.9,0.0,1811.245252525252,267.09381380759424,1877.763890211576,3823.15,14.009999999999993,2055.1019191919195,350.708326804348,2100.4969124787303,4300.15,20.279999999999973,1266.7228747474746,21.86890572087272,1521.0122051520289,7140.0,0.0899,1197.0242424242422,1190.3732280974011,124.73330101461214,1402.3,906.4,-0.09553178333328556
core_PIHNUQ_freeONLY,5.264705882352941,3.502756444281369,5.083472779678288,30.0,1.0,9.676470588235292,5.611161050582791,6.456736510558721,16.0,1.0,1.7058823529411764,1.5982250679776535,0.6197443384031023,4.0,1.0,2.545294117647059,2.5102410649841738,0.4365589731344683,3.44,1.65,114.53235294117648,0.0,46.1231709064291,153.9,0.0,1721.9220588235291,238.42044152172835,1870.3396049723472,3823.15,14.009999999999993,1954.540294117647,314.620513519619,2092.887153710768,4300.15,20.279999999999973,1207.3374941176469,17.762163737694774,1514.955268533119,7140.0,0.0899,1203.520588235294,1196.7911360284452,125.47939080702076,1402.3,906.4,-0.23194144124995827
core_PIJROR_freeONLY,6.326923076923077,3.984271818744269,8.118642255390117,58.0,1.0,10.5,6.423212061698756,6.404625732174424,19.0,1.0,1.8269230769230769,1.6894288313178638,0.8019484408458862,6.0,1.0,2.545769230769232,2.507284391212933,0.4339325814076428,3.44,1.12,125.04615384615386,113.09732223248072,44.258499668418594,200.0,7.0,1820.442115384616,303.77354750900736,1861.0115973715197,3823.15,14.009999999999993,2115.845192307692,409.2200934430724,2083.878993462479,4300.15,20.279999999999973,1285.0325461538462,32.53662475524612,1337.203507507646,6689.0,0.0899,1176.9384615384615,1165.3523440096678,150.47771385445722,1402.3,534.4,-0.29817164428569803
core_PIZHOX_freeONLY,5.473118279569892,3.7329319327771313,5.0237958442730015,29.0,1.0,10.053763440860216,6.071543053720785,6.294502792628292,16.0,1.0,1.7419354838709675,1.6354383989675776,0.6204962600539142,4.0,1.0,2.582795698924731,2.5557193425094185,0.3760215207505047,3.44,1.9,82.08817204301076,47.18332966740547,59.211999019129294,153.9,7.0,1301.754946236559,160.59786601279328,1755.3404757712708,3823.15,14.009999999999993,1510.3755913978498,206.88926578266484,1986.2276395241297,4300.15,20.279999999999973,1018.5008924731188,8.027553238120346,1788.8539306551525,8960.0,0.0899,1248.211827956989,1236.8327466146525,158.561592692883,1402.3,745.5,-0.16568369200012964
core_POKTIU_freeONLY,7.704225352112676,4.846142493714025,11.420754971464476,71.0,1.0,11.394366197183098,7.713245452307118,6.00581613231669,16.0,1.0,1.9154929577464788,1.7818541160472636,0.8516178286101957,6.0,1.0,2.7318309859154937,2.6729410284708432,0.5448176070533751,3.44,1.27,112.0112676056338,86.43310242467649,50.27667549066043,153.9,7.0,1391.7074647887323,198.9372243338545,1771.110505907076,3823.15,14.009999999999993,1635.7381690140846,272.55191437455767,2017.8410404501185,4300.15,20.279999999999973,1167.9158647887325,13.206464836517494,2054.5677908708208,9841.0,0.0899,1216.2943661971829,1199.4568881862936,176.01889774290277,1402.3,523.5,-0.5995567649999884
core_POLNAG_freeONLY,5.848484848484849,3.5283341322220747,7.951067060545118,48.0,1.0,9.606060606060606,5.480700901614459,6.554847357117844,16.0,1.0,1.7272727272727273,1.5981713129070367,0.74965556829412,5.0,1.0,2.5760606060606057,2.537757507983844,0.4562026356913711,3.44,1.69,104.43636363636362,0.0,51.476124610917225,153.9,0.0,1427.3800000000003,170.12322907843262,1813.6308922059184,3823.15,14.009999999999993,1623.2921212121212,226.96273060444543,2030.6996510275412,4300.15,20.279999999999973,1084.302327272727,9.791733808350768,1717.2496887291627,8650.0,0.0899,1225.0363636363636,1217.4015276989896,132.8508751996851,1402.3,867.8,-0.35689161499999494
core_PORLAL_freeONLY,5.316455696202532,3.497823271392084,7.15213397171103,64.0,1.0,9.91139240506329,5.815937979145954,6.469382365248666,19.0,1.0,1.7088607594936709,1.600242630392272,0.6778950804554879,6.0,1.0,2.546835443037975,2.514275978915677,0.4079387652726147,3.44,1.2,110.54430379746836,88.54651597200048,49.33364001544514,153.9,7.0,1778.2021518987349,251.42707032427856,1879.1594247426608,3823.15,14.009999999999993,2027.083924050633,325.6408215571899,2115.646096843625,4300.15,20.279999999999973,1130.172358227848,17.56036857833493,1356.622543535492,7901.0,0.0899,1208.3379746835442,1199.1503145539637,140.30631255482962,1402.3,593.4,0.19357982666664
core_POSFIO_freeONLY,5.186046511627907,3.6187802542990526,4.49938400927871,29.0,1.0,9.976744186046512,6.007810714181124,6.285784523358569,16.0,1.0,1.7209302325581397,1.6218882488793194,0.5837162975819132,4.0,1.0,2.549302325581396,2.522832623076092,0.3817426099181878,3.44,1.9,111.80465116279068,89.19781850111131,49.20967929692511,153.9,7.0,1825.314186046512,276.4103324083736,1873.5462600010364,3823.15,14.009999999999993,2088.1979069767444,357.61840651477127,2104.378718205246,4300.15,20.279999999999973,1259.813455813954,21.61707808999377,1629.5742558059028,8960.0,0.0899,1202.5186046511628,1193.6511400376833,141.02222199259032,1402.3,745.5,0.32165473428566266
core_POSFOU_freeONLY,5.627906976744186,3.6614371997757615,7.034874111083191,48.0,1.0,10.0,6.019979949887158,6.291374678783423,16.0,1.0,1.744186046511628,1.630326727610678,0.68515906337936,5.0,1.0,2.5444186046511628,2.5159701671230548,0.3912431131756254,3.44,1.69,109.05116279069767,0.0,51.99714827642451,153.9,0.0,1807.5572093023256,271.14915246086434,1881.494873819968,3823.15,14.009999999999993,2046.4537209302327,349.37547869151814,2106.94950396111,4300.15,20.279999999999973,1252.6041534883725,21.599384012068658,1595.828693608888,8650.0,0.0899,1205.3627906976742,1197.8754096544646,132.76795463611887,1402.3,867.8,-0.3535241342857652
core_POSGAH_freeONLY,5.627906976744186,3.6614371997757615,7.034874111083191,48.0,1.0,10.0,6.019979949887158,6.291374678783423,16.0,1.0,1.744186046511628,1.630326727610678,0.68515906337936,5.0,1.0,2.5444186046511628,2.5159701671230548,0.3912431131756254,3.44,1.69,109.05116279069767,0.0,51.99714827642451,153.9,0.0,1807.5572093023256,271.14915246086434,1881.494873819968,3823.15,14.009999999999993,2046.4537209302327,349.37547869151814,2106.94950396111,4300.15,20.279999999999973,1252.6041534883725,21.599384012068658,1595.828693608888,8650.0,0.0899,1205.3627906976742,1197.8754096544646,132.76795463611887,1402.3,867.8,-0.3163455383334318
core_PURQEZ_freeONLY,6.434782608695652,4.456585306633104,5.724289110650006,30.0,1.0,11.217391304347826,7.31810262227346,6.15704984224786,16.0,1.0,1.826086956521739,1.720238615031901,0.6360321234055561,4.0,1.0,2.729130434782609,2.671885131334102,0.5573143133424195,3.44,1.65,121.56521739130434,0.0,41.92766658130096,153.9,0.0,1382.6408695652176,187.742603254134,1787.24777504873,3823.15,14.009999999999993,1583.6969565217391,262.1275517914555,1996.785386354854,4300.15,20.279999999999973,1097.042234782609,13.037385549675058,1670.197568269059,7140.0,0.0899,1216.5913043478256,1209.7087921462075,125.45177460073091,1313.9,906.4,0.06802281250011785
core_QADBII_freeONLY,5.291666666666667,2.5434995544504675,9.697418757357836,50.0,1.0,7.125,3.3895445413850265,6.679025003696273,16.0,1.0,1.5833333333333333,1.4274237388536777,0.8620067027323836,5.0,1.0,2.41,2.3871674576583595,0.3567445397853576,3.44,1.96,106.95416666666668,100.33303546437456,38.2504028210452,153.9,72.8,1307.5879166666666,118.22223415285984,1781.392409946919,3823.15,14.009999999999993,1571.6870833333332,168.35310487535438,2009.7018594878675,4300.15,20.279999999999973,1058.0844458333331,5.311761365759274,1676.1548198282303,7310.0,0.0899,1211.85,1200.98517019018,148.6298870797301,1313.9,708.6,-0.44641797285722923
core_QALGUH_SL,6.157894736842105,4.344507871309626,4.965811089680451,24.0,1.0,10.68421052631579,6.924831880518876,6.156320086570406,16.0,1.0,1.8421052631578947,1.7284437865632103,0.6698906348083081,4.0,1.0,2.6452631578947363,2.5945991469964804,0.5227797002164954,3.44,1.66,124.44736842105264,117.95874026167208,36.46524471359216,153.9,64.3,1742.6131578947377,277.6323365137504,1835.3771112887564,3823.15,14.009999999999993,1994.631578947368,372.4099652636368,2065.360597138741,4300.15,20.279999999999973,1330.3997105263152,24.02777043668824,1761.0942448407563,7190.0,0.0899,1182.863157894737,1168.587749091453,166.1297375405465,1313.9,652.9,-0.704874160000054
core_QATHOK_freeONLY,5.944444444444445,3.845294676625425,7.560660040427263,48.0,1.0,10.27777777777778,6.353354652583918,6.198615934720657,16.0,1.0,1.7777777777777777,1.6599786304322752,0.7114582486036499,5.0,1.0,2.558888888888889,2.5280969004051737,0.4073271806530536,3.44,1.69,111.16944444444444,0.0,51.56079916760861,153.9,0.0,1837.511944444445,289.914009763348,1880.5074811098489,3823.15,14.009999999999993,2082.190555555556,374.6710019802099,2104.296333159779,4300.15,20.279999999999973,1307.7904972222225,25.05486918771865,1667.3360114730774,8650.0,0.0899,1200.911111111111,1193.2986446776724,133.53920726342213,1402.3,867.8,-0.3870223766668535
core_QEJYIP_freeONLY,7.217391304347826,4.772142274041978,9.026321518272477,48.0,1.0,11.565217391304348,8.091943459697685,5.640120928063139,16.0,1.0,1.9130434782608696,1.7901541587405605,0.775328456527261,5.0,1.0,2.655217391304348,2.614583123937558,0.4656073132289967,3.44,1.69,108.17391304347828,0.0,56.67819316404032,153.9,0.0,1708.8834782608697,291.4832571660661,1857.725291611289,3823.15,14.009999999999993,1945.0491304347825,381.5089957049486,2075.0425018463616,4300.15,20.279999999999973,1359.1268913043482,27.649478720713816,1904.369313039208,8650.0,0.0899,1206.752173913043,1197.8382628499744,143.78719743929923,1402.3,867.8,-0.3409004042857597
core_QEVKOS_freeONLY,8.256410256410257,4.096720558783197,12.646511526124808,74.0,1.0,9.282051282051285,5.356882938982125,6.404920856408558,16.0,1.0,1.948717948717949,1.7326063505564913,1.0364811759696275,6.0,1.0,2.439487179487179,2.423585063014824,0.2811966071753293,3.04,1.9,110.6974358974359,85.35443750788849,55.99881174187808,200.0,7.0,1588.117179487179,251.0847847154812,1784.773830515241,3823.15,14.009999999999993,1927.317692307692,341.79078526905107,2064.007822174431,5828.15,20.279999999999973,1965.5451948717948,30.80686754177257,3461.610555066231,19250.0,0.0899,1165.323076923077,1150.4297914725607,177.69555707984696,1402.3,745.5,-0.215657324285855
core_QEZZIF_freeONLY,9.24561403508772,5.844180937891039,13.543018790369237,74.0,1.0,12.087719298245617,9.49199540237126,4.809642003507983,15.0,1.0,2.1052631578947367,1.9559824435901585,0.9493157374363989,6.0,1.0,2.631929824561404,2.6086711657560566,0.3438453273064729,3.04,1.9,86.46315789473685,45.12838641789418,64.90348200206684,153.9,7.0,1834.9524561403505,389.7854693748292,1834.338659761529,3823.15,14.009999999999993,2194.294561403509,489.5665485227789,2141.944935595463,5828.15,20.279999999999973,2099.048056140351,45.48706607837904,3869.380645555657,19250.0,0.0899,1199.9035087719296,1181.8152821774938,197.2415928565798,1402.3,745.5,-0.24356258125004612
core_QIPROY_freeONLY,4.5344827586206895,3.02822731006413,4.20269009597498,29.0,1.0,8.775862068965518,4.743820535274705,6.568060395602751,16.0,1.0,1.6206896551724137,1.5193437087018768,0.5821359660735907,4.0,1.0,2.4891379310344828,2.466247929916304,0.3541979014461022,3.44,1.9,108.7086206896552,90.2743695257788,46.91265649562828,153.9,7.0,1685.2475862068968,207.30462738993867,1868.8214832480244,3823.15,14.009999999999993,1922.3458620689653,270.1721295944241,2101.119265423694,4300.15,20.279999999999973,1128.8427172413794,12.541569585675404,1520.339308580886,8960.0,0.0899,1211.3931034482755,1203.4685837749037,133.76175019229726,1402.3,745.5,0.14043970333341346
core_QIRWAR_freeONLY,7.5423728813559325,5.207079670691499,6.972882179906513,29.0,1.0,11.71186440677966,8.355356456781436,5.566396903751029,16.0,1.0,1.9661016949152543,1.8421058105461656,0.7356791326851086,4.0,1.0,2.701355932203389,2.653823557270373,0.5082554330026128,3.44,1.9,111.41694915254236,83.26393629431793,51.04179461453126,153.9,7.0,1435.4622033898306,234.2927212068056,1746.914664736494,3823.15,14.009999999999993,1733.974406779661,323.742210706926,1986.350257899786,4300.15,20.279999999999973,1525.950725423729,20.37545753569904,2491.2627995086164,8960.0,0.0899,1200.245762711864,1184.2258982990184,181.8011554120711,1402.3,745.5,-0.19428244428560704
core_QIWCOQ_freeONLY,5.3023255813953485,3.772756297032593,4.4540803541217695,29.0,1.0,10.27906976744186,6.388080516481359,6.158093866197555,16.0,1.0,1.744186046511628,1.6482444603512088,0.574376234196673,4.0,1.0,2.5574418604651163,2.53150939166472,0.3779202144372005,3.44,1.9,113.6906976744186,90.7642590221275,49.23275905969043,153.9,7.0,1913.8988372093024,314.923482538091,1875.860385831314,3823.15,14.009999999999993,2187.7297674418605,405.06297991684687,2105.430879628988,4300.15,20.279999999999973,1312.369504651163,27.360919177373024,1624.533741434078,8960.0,0.0899,1197.274418604651,1188.42743927336,141.04626173792548,1402.3,745.5,-0.44629283285725513
core_QIWDOR_freeONLY,5.607142857142857,3.77998303535736,5.2395425489682745,29.0,1.0,10.107142857142858,6.102167147965223,6.337751323358678,16.0,1.0,1.75,1.640670712015276,0.6338656910463875,4.0,1.0,2.593928571428571,2.559291734507456,0.4375119531894796,3.44,1.9,108.98214285714286,85.00419119685935,49.77320746267463,153.9,7.0,1569.537857142857,213.3249442375948,1829.0700863189568,3823.15,14.009999999999993,1818.3,283.5083862529521,2060.881263599905,4300.15,20.279999999999973,1208.224217857143,14.292745984839373,1847.6882432481,8960.0,0.0899,1213.125,1202.7540569239818,150.1209360696521,1402.3,745.5,-0.2934453928571169
core_QIWPET_freeONLY,6.065573770491803,4.669749907367756,3.1822708278220286,12.0,1.0,10.754098360655735,6.834819569995359,6.4418094843722375,16.0,1.0,1.852459016393443,1.7634975228487364,0.5382444314551476,3.0,1.0,2.689016393442623,2.6001952263418207,0.6484577034578878,3.44,1.31,118.01967213114754,0.0,47.1545655862739,153.9,0.0,1352.1572131147548,203.22655614956457,1742.1082319957384,3823.15,14.009999999999993,1558.8224590163932,284.09394128846134,1946.3124627092204,4300.15,20.279999999999973,883.978632786885,15.173231064439118,1068.0820363700511,2260.0,0.0899,1191.6770491803277,1177.092142481658,170.9689123245995,1313.9,737.7,-0.19654845333337786
core_QIXNES_freeONLY,6.357142857142857,4.1954907927035325,6.864579300990835,39.0,1.0,10.5,6.491939763422959,6.447590912226719,16.0,1.0,1.8214285714285716,1.6952492801717107,0.758455735056975,5.0,1.0,2.672678571428572,2.607688501006963,0.5688443518957302,3.44,1.22,122.3732142857143,114.08792155585346,38.56922575555093,153.9,29.6,1518.5903571428569,206.6229203589834,1814.286693286259,3823.15,14.009999999999993,1774.9675,286.2272954950853,2062.486436211893,4300.15,20.279999999999973,1007.673775,13.68684287523441,1270.5063837328737,4472.0,0.0899,1202.5857142857142,1189.2563840309374,158.75640642705625,1313.9,600.0,-0.5946037328570972
core_QOFLAA_freeONLY,7.727272727272727,5.417036129016499,7.110695006191336,29.0,1.0,11.909090909090908,8.794508515439226,5.29930605155988,16.0,1.0,2.0,1.8778618213234128,0.7385489458759964,4.0,1.0,2.678181818181818,2.635020365098412,0.4815848491617533,3.44,1.9,106.87272727272726,73.59302567342324,55.25108128779993,153.9,7.0,1537.653636363636,275.0259999340849,1766.2399073495224,3823.15,14.009999999999993,1855.5936363636365,372.9825542509731,2003.5607452064517,4300.15,20.279999999999973,1636.867254545455,27.203315522443177,2544.85807304228,8960.0,0.0899,1195.263636363636,1178.1584517019803,188.4717209206115,1402.3,745.5,-0.5477629460000116
core_QOHTUD_freeONLY,4.777777777777778,3.1698630170654214,4.345566777450779,27.0,1.0,9.0,4.925798668601761,6.613118276073197,16.0,1.0,1.6444444444444444,1.5392442958669923,0.6020540970730697,4.0,1.0,2.535555555555556,2.504261720177573,0.4183913933444272,3.44,1.88,111.20666666666664,96.37456887715722,44.38745268153553,153.9,7.0,1584.271777777778,188.61972271524263,1845.753010113624,3823.15,14.009999999999993,1814.7580000000005,250.48034691920915,2081.4088498873384,4300.15,20.279999999999973,1102.0598711111113,10.861879629315029,1608.9520215871328,8900.0,0.0899,1213.8088888888888,1205.8033598749228,133.5023642274585,1402.3,760.4,-0.22793076333338524
core_QOJTUE_freeONLY,7.761904761904762,4.00663810204207,11.649258148890905,53.0,1.0,9.761904761904765,5.834006115939717,6.27090607795626,17.0,1.0,1.9047619047619049,1.713842663375532,0.9712418121129114,5.0,1.0,2.454285714285714,2.439078937787197,0.2742881944332314,3.04,1.9,117.91428571428573,91.01098380512482,62.95547395326536,295.2,7.0,1914.2995238095236,340.29695473310693,1841.478185771203,3823.15,14.009999999999993,2218.6085714285705,433.3808615628991,2067.991669878879,4300.15,20.279999999999973,1738.2443476190474,41.86077159031916,2096.594080815872,8960.0,0.0899,1171.7857142857142,1160.2517029128774,158.12064798668104,1402.3,745.5,-0.20176991625004345
core_QOMRUH_freeONLY,6.217391304347826,4.494553619164844,5.3969115301505735,29.0,1.0,11.231884057971014,7.710738856221114,5.682785925108865,15.0,1.0,1.855072463768116,1.7551498422944916,0.6203169437400782,4.0,1.0,2.625217391304348,2.599439580984493,0.3627535942376383,3.04,1.9,78.19710144927537,39.91771719478461,63.09090283538437,153.9,7.0,1415.8314492753625,211.9592460763175,1777.951144586665,3823.15,14.009999999999993,1652.8244927536232,268.3091633249709,2012.8974678384736,4300.15,20.279999999999973,1176.1444115942031,13.56835275221604,1970.7221479004984,8960.0,0.0899,1242.9608695652175,1229.3192107950715,173.0501051822612,1402.3,745.5,-0.4062036899999157
core_QOPPOC_freeONLY,7.1395348837209305,5.145435078840186,6.396152169419088,29.0,1.0,11.83720930232558,8.696494462997624,5.295589356305032,16.0,1.0,1.9534883720930232,1.845128035818924,0.6804064575966414,4.0,1.0,2.6590697674418604,2.624780963806592,0.4255109866779786,3.44,1.9,94.13953488372093,55.04531928010723,61.46523365790516,153.9,7.0,1542.5997674418606,268.45756390689127,1785.8105905676746,3823.15,14.009999999999993,1831.614186046512,350.73301307722886,2022.1201146623332,4300.15,20.279999999999973,1466.545283720931,23.479918576123147,2313.177413223596,8960.0,0.0899,1213.9465116279064,1197.9991401742811,184.3159160420931,1402.3,745.5,-0.3277160999999751
core_QOQWOK01_freeONLY,4.914893617021277,3.4667104966482944,3.92390267752976,25.0,1.0,9.638297872340424,5.698524392329097,6.319256392810832,16.0,1.0,1.702127659574468,1.6030851562626476,0.5803481573185472,4.0,1.0,2.5061702127659577,2.479855525999432,0.3724076535052903,3.44,1.55,115.66808510638296,0.0,47.05056178642598,153.9,0.0,1996.6895744680849,325.004484849611,1877.9131070577769,3823.15,14.009999999999993,2263.360638297873,415.7200220955434,2106.3161438229968,4300.15,20.279999999999973,1313.1841787234043,28.59652282465023,1439.075021529628,7470.0,0.0899,1188.2021276595742,1179.8169024938252,136.05996720683174,1402.3,717.3,-0.2572494466668331
core_QOXNIB_freeONLY,8.333333333333334,5.823042677261917,7.626707459098367,29.0,1.0,12.11111111111111,9.156437974586392,5.124981180332805,16.0,1.0,2.055555555555556,1.9244476737882903,0.7797593804232335,4.0,1.0,2.7163888888888885,2.677160978731846,0.4416644828737067,3.44,1.9,54.46944444444445,23.64341607271376,57.81944991592576,153.9,7.0,720.7427777777779,121.5790806809344,1310.632840095474,3823.15,14.009999999999993,961.1244444444444,162.03487896714773,1594.1184363665016,4300.15,20.279999999999973,1310.1941222222222,6.151182800300607,2812.9982147659407,8960.0,0.0899,1267.9555555555553,1245.5437278627353,212.86333571415727,1402.3,745.5,-0.2864830785713853
core_QOZGAP_freeONLY,6.081081081081081,4.6039521783627695,4.53442316351907,29.0,1.0,11.64864864864865,8.153958892258519,5.66743288192695,16.0,1.0,1.837837837837838,1.7541970440805752,0.5459191858574096,4.0,1.0,2.707027027027027,2.6718483711315253,0.4400114547947825,3.44,1.9,101.55135135135134,65.69151144690363,58.383441847476185,153.9,7.0,1508.85,228.67043322164943,1818.0058733232515,3823.15,14.009999999999993,1739.4559459459458,299.3513479794432,2047.1800937736332,4300.15,20.279999999999973,1097.8189513513516,15.699871424365742,1702.1082808388066,8960.0,0.0899,1231.197297297297,1220.844721696542,152.14718067479922,1402.3,745.5,-0.5796535257141581
core_QUMFUB_freeONLY,7.036363636363636,5.54886988713755,4.869062393833265,25.0,1.0,12.454545454545457,9.640213805037677,5.130366571408402,16.0,1.0,1.963636363636364,1.8778618213234128,0.6019252857180672,4.0,1.0,2.768181818181818,2.708321246727441,0.5592823027907069,3.44,1.55,129.01818181818183,0.0,41.109773626271725,153.9,0.0,1773.1296363636372,343.5284896696832,1833.3339431657027,3823.15,14.009999999999993,2039.5143636363632,468.19516067048033,2051.70831044568,4300.15,20.279999999999973,1394.1690763636368,37.93830603738298,1824.486145160784,7470.0,0.0899,1181.8527272727274,1169.8192970865807,156.66265303574548,1313.9,717.3,0.05701240999995133
core_QUQPOI_SL,5.111111111111111,3.6351191930484505,4.463293364133819,30.0,1.0,10.044444444444444,6.195298824892833,6.095373675740774,15.0,1.0,1.7333333333333334,1.6370644390599631,0.5734883511361751,4.0,1.0,2.4864444444444453,2.469272679305805,0.2899743709407248,3.04,1.65,105.6622222222222,0.0,55.88362228333247,153.9,0.0,2067.171555555556,371.85644701602536,1879.7630267574284,3823.15,14.009999999999993,2336.262888888889,461.92211103997647,2106.1274996106235,4300.15,20.279999999999973,1364.1947688888886,36.47255843320179,1412.7654359626467,7140.0,0.0899,1194.7600000000002,1187.2350985115695,134.60288159372124,1402.3,906.4,-0.10154434124999764
core_QUXRIM_freeONLY,5.866666666666666,4.238969061623115,4.16119640915393,20.0,1.0,10.6,6.6966162512447625,6.2641839053463295,16.0,1.0,1.8333333333333333,1.7244848048734145,0.6368324391514266,4.0,1.0,2.5840000000000005,2.52385157618401,0.5196575795656212,3.44,1.0,126.17900000000002,108.7216807594172,43.069353245666456,200.0,2.37,1848.9596666666664,326.0125955620872,1857.2839653115036,3823.15,14.009999999999993,2112.6953333333336,435.1393908040676,2070.657602727103,4300.15,20.279999999999973,1171.97644,34.14647631958595,1103.700578953215,2260.0,0.0899,1172.66,1159.6485608742332,157.968635283506,1313.9,589.8,-0.4910266799999287
core_RABHAZ_freeONLY,6.0,3.0931312391410533,9.16515138991168,48.0,1.0,8.129032258064516,4.240799872023244,6.533990212399588,15.0,1.0,1.7096774193548387,1.5403818219082797,0.886950134507582,5.0,1.0,2.4383870967741945,2.4129397345367987,0.3555377279031566,3.04,1.69,82.52580645161291,0.0,53.60454944427599,153.9,0.0,1203.3922580645158,125.90717789057857,1704.091302074093,3823.15,14.009999999999993,1408.894516129032,166.35071358178035,1935.76060634813,4300.15,20.279999999999973,1222.7988580645165,5.949967239824201,2227.330421750794,8908.0,0.0899,1231.1354838709672,1218.6576170858702,163.79464631131793,1402.3,737.1,-0.2670737059998828
core_RACZEC_freeONLY,6.8,5.31643700568691,4.791659420284375,27.0,1.0,12.48,9.47809447267499,5.262090839200709,17.0,1.0,1.92,1.8403753012497504,0.56,4.0,1.0,2.8224000000000014,2.7578870623033875,0.628644764553082,3.98,1.88,157.748,130.0861814561925,84.23699481819138,328.0,7.0,1925.7515999999996,389.2093129593929,1852.958081234824,3823.15,14.009999999999993,2222.852,515.627045019464,2084.9043164538757,4300.15,20.279999999999973,1441.3072639999998,45.68267191415008,1882.201407901257,8900.0,0.0899,1244.576,1223.4812487450322,232.69074632223777,1681.0,760.4,-0.3388879940000379
core_RAXYOF_freeONLY,5.363636363636363,3.8143120915009376,4.291063171347616,25.0,1.0,10.151515151515152,6.291789050697322,6.179738212172305,15.0,1.0,1.7575757575757576,1.6555065597696217,0.6045435558563637,4.0,1.0,2.562121212121212,2.53332084819168,0.3742123653736348,3.04,1.55,80.14545454545456,0.0,61.72819743137428,153.9,0.0,1459.6227272727272,195.828286307422,1804.378453562456,3823.15,14.009999999999993,1664.010606060606,246.42807588965547,2030.3228745231029,4300.15,20.279999999999973,1048.5881515151516,11.206720536161903,1564.835077488779,7470.0,0.0899,1239.3424242424244,1227.3369145013896,162.4808539402515,1402.3,717.3,-0.16325731999988113
core_RAYFEE_freeONLY,7.642857142857143,5.468506025736389,6.629017842110579,29.0,1.0,12.071428571428571,8.95009673308777,5.297766183082474,16.0,1.0,2.0,1.8839343094154195,0.7071067811865476,4.0,1.0,2.6917857142857144,2.6533944351704366,0.4529510661951762,3.44,1.9,99.96071428571427,60.83401075546622,62.04553822617312,200.0,7.0,1365.823214285714,234.8738716778181,1723.7188065219705,3823.15,14.009999999999993,1646.1942857142858,317.2512651816223,1956.772759241656,4300.15,20.279999999999973,1436.9615178571428,21.758439015013785,2334.1959754998884,8960.0,0.0899,1210.742857142857,1194.45891785989,185.84741519508384,1402.3,745.5,-0.2328642350001928
core_RAZYIC_freeONLY,7.173913043478261,3.5511126908938166,11.293138254914464,53.0,1.0,9.0,5.004504273114178,6.48074069840786,17.0,1.0,1.826086956521739,1.635406237080598,0.9624323313555938,5.0,1.0,2.4321739130434783,2.41729652473394,0.2717088678801044,3.04,1.9,113.9913043478261,89.26111209700821,61.48448311172558,295.2,7.0,1749.0569565217395,257.86165436444327,1839.2586312647932,3823.15,14.009999999999993,2027.4495652173916,332.07393723539786,2070.8454153284274,4300.15,20.279999999999973,1587.100482608696,24.5359622866692,2062.3623067514923,8960.0,0.0899,1183.9782608695652,1172.7193592822623,156.16962337964654,1402.3,745.5,-0.21908718666672178
core_RAZYOI_freeONLY,5.608695652173913,3.379821136021925,6.162573787792006,29.0,1.0,9.0,5.004504273114179,6.48074069840786,17.0,1.0,1.7391304347826086,1.599484559136902,0.7352841097951202,4.0,1.0,2.453913043478261,2.4354674991583574,0.3068031394096331,3.16,1.9,116.33043478260868,89.91322133016685,68.90904802571984,349.0,7.0,1739.7004347826094,248.9105697155114,1846.6968699992503,3823.15,14.009999999999993,2017.9565217391307,322.8382392376336,2078.507030464956,4300.15,20.279999999999973,1372.4576130434784,17.834122453304527,1956.4152649093012,8960.0,0.0899,1194.5347826086957,1183.7711251056392,152.09747906522392,1402.3,745.5,-0.14008493333339322
core_REDROI_freeONLY,7.180327868852459,4.6143384297821886,7.3093432162649,30.0,1.0,10.950819672131148,7.165192280341638,6.033855928088147,16.0,1.0,1.901639344262295,1.7650048295817902,0.7618983631883444,4.0,1.0,2.6178688524590163,2.5605261382419013,0.549256172888444,3.44,1.65,116.62950819672132,0.0,48.17820520873707,153.9,0.0,1579.0288524590162,250.72079399269344,1815.924403364509,3823.15,14.009999999999993,1817.58737704918,344.43488702747175,2021.890755432794,4300.15,20.279999999999973,1474.824629508197,25.221251237163955,2003.2713567117453,7140.0,0.0899,1190.5311475409835,1182.249227908641,136.88483557413718,1313.9,906.4,-0.16149449375001265
core_REDYEG_freeONLY,7.636363636363637,4.938523403280486,7.575151490907151,30.0,1.0,11.333333333333334,7.607793858064805,5.988203892536213,17.0,1.0,1.9393939393939397,1.800608890993779,0.7761362712039818,4.0,1.0,2.6942424242424248,2.615960438580697,0.6640465039530777,3.98,1.65,130.88484848484848,0.0,90.6644500215179,328.0,0.0,1473.5642424242424,233.4968472283841,1785.583947746134,3823.15,14.009999999999993,1701.8281818181815,318.2480319546747,1989.1773087269696,4300.15,20.279999999999973,1471.385490909091,23.38155250617964,2080.106634753329,7140.0,0.0899,1243.5575757575757,1225.8121239841232,213.9186790125787,1681.0,906.4,-0.2767646640000293
core_REFTON_SL,6.4,4.055497355264123,7.532595834106591,48.0,1.0,10.4,6.464585367852963,6.224146527838175,16.0,1.0,1.8166666666666669,1.6880591627946568,0.7414325473178408,5.0,1.0,2.578666666666666,2.5352987979027897,0.4833993058423738,3.44,1.65,119.29500000000002,0.0,44.64526262662144,153.9,0.0,1768.5835,278.46668511527514,1863.3479635867127,3823.15,14.009999999999993,2015.8756666666668,372.3576575319941,2079.3112330315585,4300.15,20.279999999999973,1399.479436666667,26.33641718503076,1812.7987709193264,8650.0,0.0899,1189.9816666666666,1182.6520324745911,129.48796661165943,1313.9,867.8,-0.23907604833349672
core_REXDOP_freeONLY,9.037037037037036,4.502741788722294,13.53864559526483,53.0,1.0,10.444444444444445,6.5273968940517,6.19637488604386,17.0,1.0,2.0,1.7883899458918255,1.0540925533894598,5.0,1.0,2.493703703703704,2.4729059451327102,0.3155846795810635,3.04,1.65,112.87407407407407,0.0,76.28122720658513,295.2,0.0,1766.9800000000005,312.8724934496516,1844.856707246954,3823.15,14.009999999999993,2006.241851851852,391.5427213830413,2064.3249444884664,4300.15,20.279999999999973,1635.0267851851852,40.875698847250746,1814.535614923422,7140.0,0.0899,1187.6444444444444,1178.688751779977,145.82338717405236,1402.3,906.4,-0.05617323599990409
core_REYPIW_freeONLY,5.764705882352941,4.020848752928101,5.277359096284983,30.0,1.0,10.588235294117649,6.758351159657827,6.061050418857345,16.0,1.0,1.7882352941176471,1.6852249453160892,0.6153739684998598,4.0,1.0,2.5723529411764705,2.5396702764951966,0.4136712165869484,3.44,1.65,103.61647058823527,0.0,56.80497461036692,153.9,0.0,1751.6397647058825,277.5030387832057,1866.5521085498008,3823.15,14.009999999999993,1989.214,356.87233164374186,2088.2063235526266,4300.15,20.279999999999973,1262.6894305882356,23.35658449962216,1577.432554613658,7140.0,0.0899,1209.7999999999995,1201.6813148513418,138.72995944300865,1402.3,906.4,-0.3756915700000292
core_RIFQUT_freeONLY,8.576923076923077,5.312007407635704,7.666977525641915,27.0,1.0,10.807692307692308,6.937074448303929,6.312498169195352,16.0,1.0,2.0384615384615383,1.8546551512422096,0.8978936561483656,4.0,1.0,2.7119230769230773,2.64156622824762,0.6183975521817487,3.44,1.88,104.66923076923078,91.92162216033036,41.33434750934952,153.9,7.0,696.8546153846156,106.48422082136312,1253.296918878765,3823.15,14.009999999999993,951.1546153846152,162.68300238758866,1561.2870462667129,4300.15,20.279999999999973,1428.5450115384615,7.502905317670282,2818.4844395949344,8900.0,0.0899,1203.4461538461535,1185.2863934798445,190.8872325802074,1402.3,760.4,-0.19974326666668196
core_RONSIY_freeONLY,4.86,3.344835051848483,4.317452952841524,29.0,1.0,9.46,5.460911275399681,6.385013703979029,16.0,1.0,1.68,1.5800826237267542,0.5810335618533581,4.0,1.0,2.5018,2.479459084670596,0.350996809102305,3.44,1.9,117.086,102.61127668799746,43.751882290936926,153.9,7.0,1950.684,300.40451515865857,1881.5980005272115,3823.15,14.009999999999993,2224.3932,387.5379351086955,2111.757671112327,4300.15,20.279999999999973,1309.3967240000002,24.87406354555369,1563.6215808343502,8960.0,0.0899,1191.684,1183.8007785834948,133.01910593595193,1402.3,745.5,-0.5405678616668107
core_ROQVIE_freeONLY,6.0,4.197683131607673,5.64146142028125,30.0,1.0,10.782608695652174,7.112853705734263,5.845522416785498,15.0,1.0,1.826086956521739,1.720238615031901,0.6360321234055561,4.0,1.0,2.547391304347826,2.5206183961315776,0.3602802941588232,3.04,1.65,87.73043478260868,0.0,63.21896684837694,153.9,0.0,1712.4582608695644,281.5981512579906,1855.9163740639597,3823.15,14.009999999999993,1946.4126086956517,352.34546329921307,2076.870789347611,4300.15,20.279999999999973,1293.39327826087,23.894576132624945,1662.6287132487164,7140.0,0.0899,1219.878260869565,1210.2668072922002,151.33476555815136,1402.3,906.4,-0.2140358239999159
core_ROYJUM_freeONLY,5.375,3.725736643612695,4.608077147791691,28.0,1.0,10.107142857142858,6.1004563057640135,6.341976290187951,16.0,1.0,1.7321428571428572,1.6305482612511124,0.5973474529884903,4.0,1.0,2.602410714285714,2.5699724532442167,0.4220512103654227,3.44,1.91,101.60357142857144,72.26512205677534,53.9785058554584,153.9,7.0,1500.9737499999997,194.86360156195224,1819.14899191614,3823.15,14.009999999999993,1727.3264285714286,255.27362721981447,2055.366912686784,4300.15,20.279999999999973,1086.5029589285716,11.505944438255636,1691.2640952699585,8908.0,0.0899,1226.7714285714285,1216.833580424968,148.2186858210887,1402.3,737.1,-0.3355662699999584
core_RUBGUS_freeONLY,6.366666666666666,4.415582801526485,5.095640838555594,25.0,1.0,10.833333333333334,7.014368247187235,6.137770134358424,16.0,1.0,1.8666666666666667,1.7479503022752174,0.669991708074726,4.0,1.0,2.606333333333333,2.5664480048597977,0.4592492666176929,3.44,1.55,118.27333333333334,0.0,53.686372779525925,200.0,0.0,1622.87,267.42138720980466,1816.778532852404,3823.15,14.009999999999993,1871.33,360.10394050554925,2027.922720241906,4300.15,20.279999999999973,1284.0122066666668,27.769170714912395,1584.4525132128235,7470.0,0.0899,1187.486666666667,1176.4924383107775,153.86982969019263,1402.3,717.3,-0.436651805000281
core_RUFRIV_freeONLY,5.607843137254902,3.4028493054062805,6.216923239322595,30.0,1.0,9.196078431372548,5.067272867159045,6.645120892814745,16.0,1.0,1.7058823529411764,1.5766503418559683,0.708329092870135,4.0,1.0,2.544019607843137,2.4994498183983174,0.4898624452862323,3.44,1.65,109.2686274509804,0.0,46.93086275052129,153.9,0.0,1400.2495098039217,163.10286811246448,1795.0745751849006,3823.15,14.009999999999993,1601.8315686274511,222.2524247232075,2007.6208268562443,4300.15,20.279999999999973,1147.9730294117649,9.84475687085891,1727.3797182207063,7140.0,0.0899,1214.6539215686273,1207.3610105895116,129.2119460205798,1402.3,906.4,-0.256807004285877
core_RUNXUV_freeONLY,5.0,3.2955126759798827,4.948382209014022,30.0,1.0,9.27027027027027,5.220688870049092,6.491777121653535,16.0,1.0,1.6756756756756757,1.5676990670502202,0.6174951166916682,4.0,1.0,2.502702702702703,2.473369324268674,0.3976529020807416,3.44,1.65,113.6891891891892,0.0,45.96877779292178,153.9,0.0,1788.2383783783785,247.2835116814202,1879.190331371917,3823.15,14.009999999999993,2027.1616216216212,323.19949882819066,2103.676256022805,4300.15,20.279999999999973,1231.573664864865,18.56713784961535,1485.8629601312698,7140.0,0.0899,1200.0756756756753,1193.4672849720164,124.51344528594451,1402.3,906.4,-0.36076718750005904
core_RURPAW_freeONLY,9.9,5.372090368449422,16.41005789142744,78.0,1.0,11.2,8.061819890607154,5.372150407425318,15.0,1.0,2.1,1.9042833011269795,1.0908712114635717,6.0,1.0,2.5775,2.5525953881986645,0.3540321313101397,3.04,1.83,89.27000000000001,47.45320672516786,68.55179136973737,205.3,7.0,1743.6070000000009,339.27850659194576,1783.2683383526442,3823.15,14.009999999999993,2108.939,433.3086431316107,2069.216376334046,4300.15,20.279999999999973,2370.593279999999,37.40706568530891,4746.414096129365,21450.0,0.0899,1199.3149999999998,1183.4199723666652,186.96023714950724,1402.3,762.5,-0.4220130371428671
core_RUVBOB_freeONLY,6.89922480620155,4.27547729374296,8.877150322523944,48.0,1.0,10.713178294573645,6.852887940300577,6.107808953177981,17.0,1.0,1.8682170542635657,1.729441396575862,0.800966905617953,5.0,1.0,2.589069767441861,2.5547978501772786,0.4243233406944348,3.44,1.69,109.65426356589148,0.0,70.72986936087541,349.0,0.0,1646.552403100775,256.605403622383,1850.102394529304,3823.15,14.009999999999993,1872.642248062016,332.5591871706109,2068.6144955239592,4300.15,20.279999999999973,1281.750065116279,20.341530203460817,1842.6284261801195,8650.0,0.0899,1211.2790697674418,1202.6617912555384,141.56977498686766,1402.3,867.8,-0.10113049000002707
core_RUYQOT_freeONLY,5.909090909090909,3.751256810268455,8.229155987369715,57.0,1.0,10.318181818181818,6.228337309561589,6.43771814201531,19.0,1.0,1.7727272727272727,1.6447177870707506,0.7938295089351355,6.0,1.0,2.558409090909091,2.513390242420031,0.4670796271506321,3.44,1.1,120.29772727272729,108.578468959225,41.65858794270595,153.9,7.0,1866.396363636364,289.78340369293056,1877.6426339950492,3823.15,14.009999999999993,2159.848409090909,384.81916487659214,2116.464418276754,4300.15,20.279999999999973,1218.6025590909092,24.03858094647333,1345.8123206267044,6146.0,0.0899,1189.140909090909,1177.072300435095,151.56787756073007,1402.3,538.1,-0.3146027639999375
core_SABVOH01_freeONLY,5.578947368421052,4.206554199445474,3.1675291628065425,13.0,1.0,11.052631578947368,7.212444805883939,6.073875760912696,16.0,1.0,1.7894736842105263,1.7024702705019197,0.5210260492953508,3.0,1.0,2.642631578947369,2.5904260999416624,0.5278341257117882,3.44,1.61,123.3,115.41594393436571,38.61907082749335,153.9,42.5,1676.998421052632,265.51026164431,1840.8385854200228,3823.15,14.009999999999993,1986.6315789473683,371.372423908156,2061.9588020803067,4300.15,20.279999999999973,1094.083921052632,22.82053573953129,1156.3881462463637,2700.0,0.0899,1178.894736842105,1161.064498303093,179.13345355579315,1313.9,577.5,0.08112559000001814
core_SADMUH_SL,6.2631578947368425,4.362848907691183,5.349295135693436,26.0,1.0,10.789473684210526,7.030479676657703,6.092091053751759,16.0,1.0,1.8421052631578947,1.7284437865632103,0.6698906348083081,4.0,1.0,2.654210526315789,2.607947533297148,0.5070587611486638,3.44,1.83,121.88947368421051,109.52246612069324,41.89494247503092,153.9,15.7,1723.1921052631576,274.9359456948808,1832.5947396248932,3823.15,14.009999999999993,2004.631578947368,373.63775952111234,2070.387588021708,4300.15,20.279999999999973,1366.399710526315,24.14296802917418,1883.2610440545247,7874.0,0.0899,1188.6315789473686,1178.171026815172,148.60663742572407,1313.9,762.5,-0.28274762399989867
core_SAMLAV_manual,6.758620689655173,4.510634070782966,8.198633916543839,48.0,1.0,11.310344827586206,7.625457563581476,5.884541105220097,16.0,1.0,1.862068965517241,1.7461825832923887,0.729862430638508,5.0,1.0,2.670689655172413,2.628451494566416,0.4787766813271503,3.44,1.69,111.15172413793104,0.0,53.32655818044303,153.9,0.0,1623.7358620689654,251.63150281909932,1850.6581600767715,3823.15,14.009999999999993,1846.81,333.41602288339845,2068.954318742049,4300.15,20.279999999999973,1233.8950448275864,20.57131654089041,1780.752500140775,8650.0,0.0899,1213.1068965517238,1204.9603501072695,137.51301363127354,1402.3,867.8,-0.3138145714285169
core_SARNOQ_freeONLY,7.764705882352941,6.558613535384821,5.734615344448911,30.0,1.0,13.764705882352942,12.421060040934467,3.2814883955250247,15.0,1.0,2.0588235294117645,2.0,0.5391265523477458,4.0,1.0,2.7935294117647063,2.7608309173864463,0.3884651725849032,3.04,1.65,45.02352941176471,0.0,62.36452167710291,153.9,0.0,981.931764705882,174.5631131516104,1582.9682476256442,3823.15,14.009999999999993,1132.4700000000005,216.02653377218317,1776.014284209912,4300.15,20.279999999999973,952.5794647058826,10.405854968590951,1814.7125424810092,7140.0,0.0899,1293.511764705882,1282.0914259144292,163.02228242628073,1402.3,906.4,-0.2462593039999319
core_SEFBOV_freeONLY,5.75,3.531461279110323,6.239991987174342,30.0,1.0,9.45,5.312881786329002,6.6104084593919,16.0,1.0,1.725,1.5965967727132997,0.7066647012551285,4.0,1.0,2.564,2.5174177717212607,0.5006635596885397,3.44,1.65,109.54,0.0,47.493966985291934,153.9,0.0,1390.5364999999997,165.43060385627808,1790.7930607032042,3823.15,14.009999999999993,1591.649,225.82340811677696,2002.54226570602,4300.15,20.279999999999973,1148.3507875,10.179363596324,1737.219306654203,7140.0,0.0899,1215.4325,1208.050458726486,130.00941386588127,1402.3,906.4,0.042278803999988665
core_SEFSOM_freeONLY,5.289940828402367,3.39184493294405,6.44906896606348,48.0,1.0,9.4792899408284,5.4049756366408666,6.489033769301065,16.0,1.0,1.698224852071006,1.5839479270758856,0.6688746508531865,5.0,1.0,2.5268047337278103,2.499793347992265,0.3819575440037528,3.44,1.69,106.98461538461537,0.0,52.09904995215517,200.0,0.0,1659.594674556213,219.36489815774388,1865.9136305867723,3823.15,14.009999999999993,1881.2166272189352,285.5291885014269,2089.4177324579987,4300.15,20.279999999999973,1139.8555964497043,14.9982863101652,1500.1404119323477,8650.0,0.0899,1213.0532544378696,1205.7138325786864,131.54239626841172,1402.3,867.8,-0.21209261333338716
core_SEHZUB_freeONLY,5.215189873417722,3.625551748754802,4.402734725737392,27.0,1.0,9.924050632911392,5.93820836273023,6.344083562706347,16.0,1.0,1.7215189873417722,1.620234386670802,0.5939933269189906,4.0,1.0,2.5665822784810124,2.5354529639012884,0.416959719621948,3.44,1.88,115.69113924050632,99.37845624239124,45.01688063093783,153.9,7.0,1802.3988607594945,266.2608762949088,1868.652969411008,3823.15,14.009999999999993,2063.736329113924,348.7996005488956,2104.338450443062,4300.15,20.279999999999973,1255.4817772151905,20.44645255776185,1660.3000491063972,8900.0,0.0899,1200.1126582278478,1191.6928864142517,137.0025772344564,1402.3,760.4,-0.45065674714274856
core_SEJBAL_freeONLY,5.2405063291139244,3.628891330855311,4.528992929870911,28.0,1.0,9.949367088607596,5.954068814792032,6.3423406097078825,16.0,1.0,1.7215189873417722,1.620234386670802,0.5939933269189906,4.0,1.0,2.5673417721518987,2.5364693684697914,0.415733936522635,3.44,1.91,116.9139240506329,100.8084105711862,44.237279467982766,153.9,7.0,1801.386202531646,266.10667617191666,1868.682093273837,3823.15,14.009999999999993,2063.381898734177,348.76088689243466,2104.148186644583,4300.15,20.279999999999973,1255.68430886076,20.446917640989398,1661.2327789949536,8908.0,0.0899,1199.522784810126,1190.7543517595047,138.93110481787625,1402.3,737.1,-0.27406902499996016
core_SETSOB_freeONLY,5.740259740259741,3.983904037953174,5.0475726386972,30.0,1.0,10.38961038961039,6.514983650652844,6.1952135779789845,16.0,1.0,1.7857142857142858,1.678012248632525,0.6341400324100421,4.0,1.0,2.585974025974026,2.5471688999781703,0.4564324098701749,3.44,1.65,114.77922077922078,0.0,47.931515911502665,153.9,0.0,1785.6168181818182,280.5367660317238,1860.9755470684263,3823.15,14.009999999999993,2032.1320779220775,367.4138267834316,2086.4512935547286,4300.15,20.279999999999973,1292.084607142857,23.886351190987558,1618.383111998972,7190.0,0.0899,1195.8090909090909,1185.7545631178905,146.38204788610315,1402.3,652.9,-0.2986192066665959
core_SOPLOA_freeONLY,5.018867924528302,3.498652765085676,4.34150902396823,30.0,1.0,9.81132075471698,5.798907369305953,6.354486169787614,16.0,1.0,1.69811320754717,1.6013018470796003,0.5691737029810701,4.0,1.0,2.535094339622641,2.507403411402246,0.3866675362024406,3.44,1.65,111.14905660377356,0.0,49.97365201119905,153.9,0.0,1831.1332075471696,270.8140837790993,1884.4677585449351,3823.15,14.009999999999993,2071.879811320755,348.9667160665628,2111.2221074109466,4300.15,20.279999999999973,1201.0144754716982,20.964131170881437,1388.7725053128113,7140.0,0.0899,1204.97358490566,1198.1476218076127,127.47958645453848,1402.3,906.4,-0.39738000333337214
core_SOSSEA_freeONLY,5.043103448275862,3.3143828330363414,6.223415518301537,48.0,1.0,9.387931034482758,5.417774353790755,6.337860445744013,16.0,1.0,1.6896551724137931,1.580874561769189,0.6487892318009235,5.0,1.0,2.46948275862069,2.4520535577550326,0.2995595756404846,3.44,1.69,110.15172413793104,0.0,50.54148259147717,153.9,0.0,1999.1194827586212,316.5937568807331,1889.527096658937,3823.15,14.009999999999993,2257.82801724138,399.7150016005762,2118.0534780674984,4300.15,20.279999999999973,1318.2700155172415,27.258841684632525,1481.2391824962324,8650.0,0.0899,1194.7586206896551,1187.773459322683,128.8060946224619,1402.3,867.8,-0.4839068871428286
core_SOVHAM_freeONLY,5.722222222222222,3.06996485113878,8.58167010134945,48.0,1.0,8.222222222222221,4.323275612055838,6.515413822924114,15.0,1.0,1.6944444444444444,1.5369322368545333,0.8439143072757395,5.0,1.0,2.4344444444444453,2.4116642796820766,0.3361997128398241,3.04,1.69,87.93333333333334,0.0,53.61804215415223,153.9,0.0,1355.6286111111117,148.11632553510995,1768.6000558510689,3823.15,14.009999999999993,1572.687222222222,194.06812342090137,2000.9095738988456,4300.15,20.279999999999973,1241.3040111111109,7.732638027121474,2108.159348495078,8908.0,0.0899,1223.5750000000005,1212.0151534521094,158.59346065928722,1402.3,737.1,-0.24607356833332492
core_SOXDAM_freeONLY,6.725663716814159,4.049437742562423,9.247097404060796,65.0,1.0,10.530973451327434,6.311577721002036,6.597224941480979,19.0,1.0,1.8053097345132745,1.6655712087882653,0.8185721118475875,6.0,1.0,,,,,,103.11327433628318,0.0,51.68944793022865,153.9,0.0,1087.940707964602,126.30739809582052,1660.6813988488836,3823.15,14.009999999999993,1273.6030973451327,175.80775550891684,1882.614279385728,4300.15,20.279999999999973,935.5674194690266,6.028959726310549,1740.622001383581,8219.0,0.0899,1238.2513274336284,1226.5830446566774,152.1537386900268,1402.3,565.8,-0.38816944857129393
core_TACPAP_freeONLY,6.476190476190476,4.33213834123664,5.989030032119023,30.0,1.0,10.952380952380953,6.879662139538263,6.380597005029356,16.0,1.0,1.809523809523809,1.6957279837550705,0.6632565846278153,4.0,1.0,2.7461904761904763,2.683792799990694,0.5803732476397957,3.44,1.65,118.48571428571428,0.0,42.61798508917596,153.9,0.0,1150.2114285714288,140.8995625781171,1696.2310326589072,3823.15,14.009999999999993,1324.9871428571428,200.81731393910007,1896.622471965168,4300.15,20.279999999999973,986.2843523809524,7.9792161497203,1707.0905782038335,7140.0,0.0899,1228.9809523809522,1222.147995007806,124.38540956791796,1313.9,906.4,3.3143674999999866
core_TADWEC_manual,4.959183673469388,3.4292089856838017,4.444483779732454,30.0,1.0,9.653061224489797,5.662954379695086,6.34244213702874,16.0,1.0,1.6938775510204085,1.594903778273628,0.5786713011737887,4.0,1.0,2.501020408163265,2.475735320812261,0.3707534793372136,3.44,1.65,121.3061224489796,0.0,41.47144288254891,153.9,0.0,2053.204081632653,342.0247454529675,1884.197744620325,3823.15,14.009999999999993,2322.042040816327,440.22172639605424,2109.318145588787,4300.15,20.279999999999973,1345.0749653061223,32.4501115865131,1393.315703967713,7140.0,0.0899,1184.2632653061223,1178.3133800664623,118.4180517366034,1313.9,906.4,-0.27640967999988264
core_TADWIG_manual,5.27906976744186,3.7469603516898498,4.571527562089772,30.0,1.0,10.255813953488373,6.379851330730995,6.134511687152066,16.0,1.0,1.744186046511628,1.6482444603512088,0.574376234196673,4.0,1.0,2.526744186046512,2.4996405769484102,0.3839738419520361,3.44,1.65,124.30232558139537,0.0,41.01957268705856,153.9,0.0,2160.573488372093,411.5070639296972,1871.2356111452305,3823.15,14.009999999999993,2444.154418604652,527.1921202021932,2092.914298120165,4300.15,20.279999999999973,1427.6352023255813,46.06840823630324,1413.571204561755,7140.0,0.0899,1176.9279069767442,1171.0024055773931,118.16653468251944,1313.9,906.4,-0.1989054314282319
core_TADYEE_freeONLY,4.38655462184874,2.6278631229191776,5.415677900407856,42.0,1.0,7.546218487394958,3.712661235896746,6.6834146900106255,16.0,1.0,1.5546218487394958,1.4376511870102322,0.6698485843152818,5.0,1.0,2.471764705882353,2.447351831184502,0.3616410938639744,3.44,1.91,86.49327731092437,61.854902148413935,49.90995039150772,153.9,7.0,1100.9600840336136,96.78500884086289,1685.2044646759805,3823.15,14.009999999999993,1277.4306722689075,128.5646685909622,1927.5597076530769,4912.15,20.279999999999973,844.1355462184877,3.133884791941983,1697.8269708406144,10280.0,0.0899,1251.6647058823528,1242.2374319667888,142.3727552708062,1402.3,684.3,-0.3765530859999672
core_TAGBUZ_freeONLY,5.519230769230769,3.818969089880963,6.292518098795479,47.0,1.0,10.365384615384617,6.585281958150478,6.000092454908977,16.0,1.0,1.7692307692307692,1.6666603838823746,0.6389710663783136,5.0,1.0,2.516730769230769,2.4981761505343667,0.3180754697204262,3.44,1.93,120.7423076923077,102.83381997839888,45.47328186864596,153.9,7.0,2240.255384615385,458.2522532238957,1855.700819641237,3823.15,14.009999999999993,2543.2053846153844,575.6678861084163,2077.2890321295254,4300.15,20.279999999999973,1505.7574711538462,53.105590630851744,1671.9876570768624,10490.0,0.0899,1176.0499999999995,1168.1551038325472,133.47836687297658,1402.3,731.0,-0.1989728949999971
core_TAQGEZ_freeONLY,7.863636363636363,5.279855318325822,9.333689977444148,48.0,1.0,12.045454545454543,8.900749310949427,5.278406032879044,17.0,1.0,2.0,1.8723610562125608,0.7977240352174656,5.0,1.0,2.653181818181818,2.622728840555046,0.3866098146197669,3.16,1.69,87.60909090909091,0.0,86.34399441710364,349.0,0.0,1450.523181818182,247.30684575416623,1797.2020050051192,3823.15,14.009999999999993,1653.6572727272726,309.6759991584085,2010.8581976228725,4300.15,20.279999999999973,1215.617345454545,18.48499754206881,1944.378391082552,8650.0,0.0899,1239.8818181818183,1229.0393122132784,159.34843079457735,1402.3,867.8,-0.21551735800001098
core_TAYNEN_freeONLY,5.204081632653061,3.2574719418812816,6.752111058656999,48.0,1.0,9.20408163265306,5.112917965031135,6.568258837515573,16.0,1.0,1.673469387755102,1.5574901317232912,0.6817670648363291,5.0,1.0,2.525714285714286,2.4949885457669767,0.4108478043842353,3.44,1.69,111.73673469387757,0.0,46.4451781020335,153.9,0.0,1665.3420408163267,210.3239713254144,1870.4685722566728,3823.15,14.009999999999993,1886.2212244897964,276.7755568772566,2095.34937625835,4300.15,20.279999999999973,1145.3629408163267,13.648675853123942,1550.5177442879012,8650.0,0.0899,1210.2102040816324,1203.44254011651,125.66571828871857,1402.3,867.8,-0.36050905000024613
core_TEBSAW_freeONLY,6.105263157894737,3.9572664536395417,6.214539292253164,30.0,1.0,10.210526315789474,6.212772420839261,6.296021696013754,15.0,1.0,1.7894736842105263,1.666524012797089,0.6942582083301535,4.0,1.0,2.5984210526315783,2.561430644494885,0.4243417584657905,3.04,1.65,58.336842105263166,0.0,57.24891366954914,153.9,0.0,872.302105263158,105.55794409408158,1530.7614389906846,3823.15,14.009999999999993,1006.3847368421056,136.31634990265232,1719.3154054857762,4300.15,20.279999999999973,852.1340736842106,4.164022658127523,1741.3469598554834,7140.0,0.0899,1281.1999999999998,1271.7709795654712,147.81227781779228,1402.3,906.4,-0.49272172500009975
core_TECVEE_freeONLY,5.753846153846154,3.826226955566333,4.637740727256585,20.0,1.0,9.6,5.435788630246698,6.752321538096816,16.0,1.0,1.7846153846153847,1.6536926833646095,0.7123591940178601,4.0,1.0,2.58,2.5017059894296705,0.5886019942986157,3.44,1.0,117.70015384615384,97.2056594662498,45.626872429179706,200.0,2.37,1375.6506153846155,177.40137224923413,1765.6565584218476,3823.15,14.009999999999993,1587.7023076923076,246.13097527097597,1974.4103014503175,4300.15,20.279999999999973,897.1514123076923,11.69048806151092,1073.7475005511562,2260.0,0.0899,1193.1999999999998,1176.8120629529014,173.7060160155658,1313.9,589.8,-0.16894804428568472
core_TEDSIG_freeONLY,5.17948717948718,3.4625154879281688,4.872064769851741,30.0,1.0,9.64102564102564,5.539101048797525,6.514233644389915,16.0,1.0,1.6923076923076923,1.5874010519681996,0.6056929133855239,4.0,1.0,2.563333333333333,2.52693103529139,0.4458028386407727,3.44,1.65,111.32307692307693,0.0,47.83112633989295,153.9,0.0,1602.9338461538462,206.0366889372739,1854.7630321592824,3823.15,14.009999999999993,1819.5561538461536,273.09671204784945,2076.729384437888,4300.15,20.279999999999973,1110.572682051282,13.431437173779448,1472.8284309430423,7140.0,0.0899,1214.0102564102565,1207.2381447973853,126.0817394510846,1402.3,906.4,0.07230207874999903
core_TERFUT_freeONLY,6.027777777777778,3.984384840613461,6.701932188684721,45.0,1.0,10.36111111111111,6.5376874663387,6.08346017117898,16.0,1.0,1.805555555555556,1.6870131550185092,0.699977953797453,5.0,1.0,2.5452777777777778,2.5153581158609075,0.4007110770666947,3.44,1.65,115.76250000000002,0.0,48.644605266440166,153.9,0.0,1975.5711111111111,350.13863889431565,1867.8353048876863,3823.15,14.009999999999993,2258.210694444444,452.3467011758318,2098.7786791967624,4300.15,20.279999999999973,1501.504498611111,36.17881251472331,1966.7732601512032,12450.0,0.0899,1184.9847222222222,1176.4516644685132,138.52039727431463,1402.3,719.7,-0.4303893283332627
core_TETZID_freeONLY,5.769230769230769,3.835700410938746,6.635033431645483,48.0,1.0,10.307692307692308,6.34303764371253,6.249733722138339,16.0,1.0,1.7692307692307692,1.6574652980536573,0.6683902768070296,5.0,1.0,2.566730769230769,2.537158890048946,0.4018932175143337,3.44,1.69,114.0846153846154,0.0,51.12746283184119,200.0,0.0,1798.9161538461542,280.8180895481177,1876.2650644043977,3823.15,14.009999999999993,2041.0969230769235,365.6042559672682,2097.7626049909045,4300.15,20.279999999999973,1247.4041615384615,24.576729220391545,1521.2193189241675,8650.0,0.0899,1200.5384615384614,1193.1762072466504,131.6989824647424,1402.3,867.8,-0.3278430599999511
core_TEWFUY_freeONLY,5.229508196721311,3.806495931345157,4.005706759533882,29.0,1.0,10.442622950819672,6.5430411260420005,6.1604890964122525,16.0,1.0,1.7377049180327868,1.648680078714814,0.5402379361732486,4.0,1.0,2.584918032786885,2.5561271014400835,0.4018466510825914,3.44,1.9,118.06229508196724,99.1843048565664,45.97842389191976,153.9,7.0,1917.9581967213117,314.4839329974755,1881.701955342389,3823.15,14.009999999999993,2184.1988524590165,406.9491799217346,2111.091224838586,4300.15,20.279999999999973,1258.6566262295084,27.06053868971186,1497.93527883326,8960.0,0.0899,1197.9819672131146,1190.1637955335295,133.4331152008213,1402.3,745.5,-0.051048974285874564
core_TIRRIW_freeONLY,5.393939393939394,3.7959015461482166,4.592084058064149,27.0,1.0,10.181818181818182,6.323231763529556,6.156812169309234,16.0,1.0,1.7575757575757576,1.6555065597696217,0.6045435558563637,4.0,1.0,2.5463636363636364,2.518674075777594,0.3924269334177068,3.44,1.88,120.57575757575758,107.60510017997414,42.46450232558263,153.9,7.0,2035.886363636364,360.28828916634376,1865.51576158935,3823.15,14.009999999999993,2331.632121212121,465.9558197203828,2097.840104997977,4300.15,20.279999999999973,1434.1777575757578,35.665555143433785,1724.7102267219757,8900.0,0.0899,1182.0848484848484,1173.5846654325017,137.05927742406695,1402.3,760.4,-0.1839411557143486
core_TONLOY_freeONLY,5.611111111111111,3.352847825390984,7.696600179364108,48.0,1.0,9.27777777777778,5.127853727954133,6.648354479414483,16.0,1.0,1.6944444444444444,1.5668111888655625,0.7385964333504628,5.0,1.0,2.568055555555555,2.530361563118305,0.452270933085004,3.44,1.69,99.97222222222224,0.0,52.23378329476002,153.9,0.0,1310.961388888889,144.061824044194,1778.843169252223,3823.15,14.009999999999993,1491.2933333333333,192.6188026672249,1992.9417450049395,4300.15,20.279999999999973,993.9835444444448,7.126316319100175,1671.2071341199987,8650.0,0.0899,1234.7916666666663,1227.284219587936,131.8195828796145,1402.3,867.8,-0.1124292839999725
core_TORPUN_freeONLY,5.552238805970149,3.6118515195600462,7.783034711223255,65.0,1.0,10.119402985074627,6.0376745501082505,6.43572674591229,19.0,1.0,1.7313432835820894,1.6192188023182448,0.7035536566801599,6.0,1.0,,,,,,121.60149253731343,111.55599009903584,40.30546976893732,153.9,7.0,1921.087611940299,298.7430735681218,1883.8176298922367,3823.15,14.009999999999993,2191.5540298507462,390.6247162036568,2118.807770149982,4300.15,20.279999999999973,1236.0674447761196,24.63217946687337,1412.8196660328033,8219.0,0.0899,1191.4268656716415,1182.1333100443817,137.625105725652,1402.3,565.8,-0.06969967166696732
core_TOXHAR_freeONLY,4.671428571428572,3.1919496657569386,4.076838511015363,30.0,1.0,9.214285714285714,5.135110623074387,6.54630289802214,16.0,1.0,1.6428571428571428,1.54603333726698,0.5615212573438155,4.0,1.0,2.516571428571429,2.487854487229253,0.399431330462574,3.44,1.65,118.76142857142855,0.0,40.76714816353672,153.9,0.0,1824.693571428572,248.451030217302,1889.0300731827097,3823.15,14.009999999999993,2063.4987142857144,325.37353439641504,2116.6950275444037,4300.15,20.279999999999973,1167.6469757142856,17.89197420693357,1331.4463478485825,7140.0,0.0899,1200.1428571428569,1194.2856651237362,117.51964403747095,1313.9,906.4,-0.2043891442856907
core_TUWPIL_freeONLY,5.457627118644068,3.4251550084201705,6.546630738819092,48.0,1.0,9.457627118644067,5.338911377011095,6.567309987439985,16.0,1.0,1.7118644067796611,1.590360072579716,0.6901448498814351,5.0,1.0,2.526610169491525,2.496926263314565,0.4063254526311433,3.44,1.69,120.864406779661,0.0,43.09545086972683,200.0,0.0,1720.675593220339,238.1150422323038,1868.6928241268795,3823.15,14.009999999999993,1956.7449152542372,317.44986819752927,2087.3231043168244,4300.15,20.279999999999973,1209.2103355932204,19.37806849773006,1478.8573693129936,8650.0,0.0899,1194.7661016949153,1188.1723940904865,123.76529949618144,1313.9,867.8,0.21370271222220555
core_UJOWEW_freeONLY,6.412698412698413,3.827469454338644,9.906923858474768,74.0,1.0,9.841269841269842,6.009236730659749,6.152058241737098,15.0,1.0,1.809523809523809,1.6695321195959862,0.8137146424111936,6.0,1.0,2.50857142857143,2.489628902263453,0.3112741717157469,3.04,1.9,97.85079365079368,66.09014252724408,56.45264309196277,153.9,7.0,1817.391904761904,285.1129322062505,1862.6258440245365,3823.15,14.009999999999993,2114.86619047619,362.1738981269067,2131.0334599679445,5828.15,20.279999999999973,1594.7112698412693,23.4734657472023,2856.1350419077708,19250.0,0.0899,1202.3904761904755,1190.066451776054,164.28618923326795,1402.3,745.5,0.03356325600016134
core_UKUBOS_freeONLY,4.725806451612903,3.07572136478099,4.269809071952294,25.0,1.0,8.693548387096774,4.657829752958183,6.629817079356203,16.0,1.0,1.6451612903225807,1.5322417655906326,0.6246747332592608,4.0,1.0,2.4770967741935483,2.452685307314472,0.3588978967787005,3.44,1.55,108.58548387096776,0.0,50.5798692799692,200.0,0.0,1592.1045161290326,194.2864910850507,1844.3330788221715,3823.15,14.009999999999993,1814.0541935483875,255.67746402453895,2066.629057354456,4300.15,20.279999999999973,1095.2106032258066,12.55071912953464,1372.5768453860185,7470.0,0.0899,1207.351612903226,1198.8753224415238,137.59237336086605,1402.3,717.3,0.12219883428552485
core_UTEXIB_freeONLY,5.761904761904762,3.9781343763512393,5.317578771483286,27.0,1.0,10.238095238095235,6.534806874713756,5.959424404170669,15.0,1.0,1.809523809523809,1.6957279837550705,0.6632565846278153,4.0,1.0,2.511428571428572,2.4914757826045304,0.3172093452398321,3.04,1.88,98.45238095238096,66.13969588216669,57.46822408988599,153.9,7.0,1920.7576190476195,339.55458786074485,1849.4875234118877,3823.15,14.009999999999993,2220.6080952380958,426.8827133090793,2088.8269621160675,4300.15,20.279999999999973,1500.2639714285715,31.978647006253578,1988.2916170756196,8900.0,0.0899,1195.552380952381,1183.4704982769003,163.38974910739867,1402.3,760.4,-0.249645806666687
core_UVEVAT_freeONLY,6.217391304347826,4.638696284191592,4.680733143421485,25.0,1.0,11.347826086956522,7.904516473589459,5.715035057537677,16.0,1.0,1.8695652173913044,1.772870252562244,0.6117933599769689,4.0,1.0,2.649130434782609,2.6047714752463778,0.4789110205408339,3.44,1.55,108.17391304347828,0.0,56.67819316404031,153.9,0.0,1749.0978260869565,303.625102514805,1843.1143731218413,3823.15,14.009999999999993,2001.31,395.1546327314746,2067.2728025947195,4300.15,20.279999999999973,1307.822543478261,27.47372697757772,1713.5992807321018,7470.0,0.0899,1200.2086956521737,1187.959709621222,161.4081375919671,1402.3,717.3,-0.3769478716668952
core_VACFUB01_freeONLY,5.777777777777778,3.9531578743676583,5.4183045956607145,30.0,1.0,10.444444444444445,6.529289581310008,6.184408911144776,16.0,1.0,1.7777777777777777,1.6710335980604354,0.6285393610547089,4.0,1.0,2.581111111111111,2.543645652014344,0.4477295259362081,3.44,1.65,111.37777777777777,0.0,51.39101617218594,153.9,0.0,1741.78,267.94357747150275,1865.7392263638003,3823.15,14.009999999999993,1979.9966666666664,351.1740680754244,2085.9816972014064,4300.15,20.279999999999973,1269.2198962962964,22.574559240029043,1596.0134878717845,7140.0,0.0899,1203.7259259259258,1196.238348911675,132.56843820958235,1402.3,906.4,-0.07074937599993517
core_VEBHUG_SL,8.867924528301886,6.632531709785657,7.097801242981523,30.0,1.0,13.09433962264151,10.767494783112824,4.477466226470587,16.0,1.0,2.150943396226415,2.0398828781414458,0.7109978747704443,4.0,1.0,2.6641509433962267,2.615047084591207,0.5063201834407625,3.44,1.65,135.15849056603773,0.0,49.62172924048444,200.0,0.0,1842.520566037736,485.40604738351175,1810.5098101889,3823.15,14.009999999999993,2142.006603773585,673.1770105546229,1987.641831806464,4300.15,20.279999999999973,1784.5116301886792,126.46763989638272,1846.8376511085116,7140.0,0.0899,1144.3754716981132,1136.336251845912,135.6234978606116,1313.9,906.4,-0.20932158500002623
core_VEQBID_freeONLY,6.615384615384615,4.026774065833071,6.817832517500442,28.0,1.0,9.907692307692308,5.819294795741642,6.546221639348861,16.0,1.0,1.8153846153846156,1.6683957455786205,0.7823496698517612,4.0,1.0,2.6589230769230765,2.605475537787896,0.5433517718099334,3.44,1.91,110.6153846153846,94.07269993244896,43.14719433170858,153.9,7.0,1097.8287692307692,129.20065864830855,1619.7372969518692,3823.15,14.009999999999993,1340.203846153846,183.6517480666105,1881.2781428500168,4300.15,20.279999999999973,1242.041596923077,6.672074734145072,2412.182499929748,8908.0,0.0899,1218.3523076923077,1203.5486596421056,172.26064875664198,1402.3,737.1,-0.36736542200001165
core_VEXVAW_freeONLY,5.302752293577981,3.774286908720287,4.31235601999982,26.0,1.0,10.1651376146789,6.312293300512168,6.16071269776192,16.0,1.0,1.7522935779816513,1.6526378811824136,0.5928621806019637,4.0,1.0,2.543853211009174,2.516346193242625,0.3903795101426696,3.44,1.83,119.96146788990826,104.72563750258018,44.48471525617851,153.9,7.0,2061.6287155963305,369.0531309920614,1866.5410332686004,3823.15,14.009999999999993,2353.996055045872,475.5715592508997,2097.635654811781,4300.15,20.279999999999973,1398.78253853211,36.78182589448411,1555.8833804175435,7874.0,0.0899,1181.6660550458714,1173.5100739881057,134.6844100689831,1402.3,762.5,-0.18355146166682815
core_VICDOC_freeONLY,5.081081081081081,3.579690804224,4.270441323977414,26.0,1.0,9.783783783783784,5.925174431618454,6.178144281583375,15.0,1.0,1.7297297297297298,1.627550944883132,0.5994884598059145,4.0,1.0,2.496486486486486,2.4787310421423183,0.2996864687421083,3.04,1.83,100.04054054054056,68.76399028697917,56.99034749688691,153.9,7.0,1923.6289189189183,312.2561430422605,1870.757572003824,3823.15,14.009999999999993,2195.7937837837835,391.1021820966819,2107.3300436261675,4300.15,20.279999999999973,1312.502291891892,25.91082750292371,1561.3419525800143,7874.0,0.0899,1202.0891891891893,1192.3565039336283,148.7974312910073,1402.3,762.5,-0.3382645028572954
core_VIPZAX_freeONLY,6.606060606060606,4.669393144331552,5.365091396546437,25.0,1.0,11.090909090909092,7.404273700281435,6.057120209650769,16.0,1.0,1.878787878787879,1.7631825099920424,0.6856793029687733,4.0,1.0,2.706666666666667,2.646092729713316,0.5575741106695045,3.44,1.55,103.58787878787878,0.0,56.21145552166476,153.9,0.0,1276.597878787879,177.33540425366152,1714.8616877449624,3823.15,14.009999999999993,1483.4463636363637,242.2503886137308,1932.886944154713,4300.15,20.279999999999973,1138.138915151515,11.261065057290995,1906.3763692997968,7470.0,0.0899,1219.0878787878787,1204.7496086332924,170.88093277604017,1402.3,717.3,0.015679138571564614
core_VIXCUB_freeONLY,5.983606557377049,3.671651345540396,6.284229032564575,29.0,1.0,9.557377049180328,5.483216728070014,6.514862177030514,17.0,1.0,1.7704918032786885,1.6332025084759412,0.7331370418032096,4.0,1.0,2.547540983606557,2.514676552535428,0.4227065630958175,3.44,1.9,113.58360655737704,87.15473061820376,64.77367958762736,349.0,7.0,1467.8939344262292,190.94816604461903,1791.4220388807878,3823.15,14.009999999999993,1721.9473770491804,255.6929102332721,2025.4912831907336,4300.15,20.279999999999973,1256.1391114754097,11.69934387661807,2052.4317003854594,8960.0,0.0899,1209.8868852459016,1198.2599798624517,156.9044477688334,1402.3,745.5,-0.2068255779999617
core_VOLQOD_freeONLY,5.7227722772277225,3.897448807633496,5.53855757731661,30.0,1.0,10.316831683168315,6.464082902572895,6.10782762351723,16.0,1.0,1.7821782178217822,1.673158659595679,0.638748163021359,4.0,1.0,2.524950495049505,2.49311910473778,0.4120574403926267,3.44,1.65,122.05544554455447,0.0,43.57749777041132,153.9,0.0,2082.714554455445,391.0487678665617,1869.892329961954,3823.15,14.009999999999993,2363.4688118811887,506.1097578835583,2087.2892889949494,4300.15,20.279999999999973,1491.2997425742578,45.19575094962856,1589.2814231738223,7140.0,0.0899,1175.616831683168,1169.1317827016187,122.89287943450732,1313.9,906.4,-0.37341310428558117
core_VUKHOZ_freeONLY,7.837837837837838,5.015173931174953,9.735733883173555,47.0,1.0,11.72972972972973,8.17708015724724,5.8107479569196485,17.0,1.0,1.945945945945946,1.8090588698612269,0.8365290562455222,5.0,1.0,2.7689189189189185,2.701134763404001,0.6454279275349607,3.98,1.93,161.67297297297296,144.9963028853673,79.61299177099802,328.0,72.8,1840.978108108108,338.32193733318184,1846.5496695654024,3823.15,14.009999999999993,2135.304594594595,456.4639026626462,2063.771417636135,4300.15,20.279999999999973,1605.8543567567565,38.562606234261565,2390.832725744,10490.0,0.0899,1237.0297297297298,1213.6506312720924,240.97755067008623,1681.0,731.0,-0.1021981266668111
core_VUQKUO_freeONLY,5.673469387755102,3.312948039852856,7.279795228960325,48.0,1.0,9.020408163265309,4.871414169773973,6.705129915247095,17.0,1.0,1.7142857142857142,1.574210960416985,0.7559289460184544,5.0,1.0,2.513469387755101,2.4853550413248957,0.3849969574245435,3.44,1.69,102.41632653061224,0.0,72.80699491775911,349.0,0.0,1290.9493877551022,146.1038846150995,1765.6192452165944,3823.15,14.009999999999993,1469.4293877551022,192.39172554512712,1977.5676773944133,4300.15,20.279999999999973,952.0987959183676,7.177838014898138,1534.962281781158,8650.0,0.0899,1233.6714285714284,1226.1324164049677,132.855907828361,1402.3,867.8,-0.5732342499999655
core_WAFKAQ_freeONLY,5.1,3.229087461328397,5.381139904022812,30.0,1.0,9.033333333333331,4.945113858780657,6.605469114470389,16.0,1.0,1.6666666666666667,1.5511447618337346,0.6497862896539309,4.0,1.0,2.515,2.4801132987409904,0.4340410886847772,3.44,1.65,109.71333333333337,0.0,47.00465745245063,153.9,0.0,1567.368333333333,189.7177351666969,1845.684847023968,3823.15,14.009999999999993,1782.1223333333337,252.51976284380564,2066.018184204717,4300.15,20.279999999999973,1142.268193333333,11.899171763526844,1561.276305517585,7140.0,0.0899,1211.5433333333335,1204.663528952657,126.5091081920806,1402.3,906.4,0.16004357400015579
core_WAVQUH_freeONLY,6.029850746268656,4.222634327674519,5.223283547970515,27.0,1.0,10.71641791044776,6.953684104874764,6.046600056499627,16.0,1.0,1.82089552238806,1.7125182978224278,0.6447346587001546,4.0,1.0,2.620597014925373,2.5824525707676336,0.4609428384188181,3.44,1.88,118.99253731343283,103.57857098012796,43.71865380563504,153.9,7.0,1808.258656716418,298.89177267217167,1848.1590393289805,3823.15,14.009999999999993,2095.154029850746,397.1998133199088,2085.790253924003,4300.15,20.279999999999973,1410.8051970149254,27.041710399527314,1960.441444439456,8900.0,0.0899,1190.7432835820894,1180.5096848126734,148.50953858895616,1402.3,760.4,-0.24680358999983448
core_WEBREC_freeONLY,5.122448979591836,3.589141842674967,4.433787955591925,30.0,1.0,9.979591836734691,6.001066433439965,6.293792847308476,16.0,1.0,1.7142857142857142,1.6176253946745665,0.5714285714285714,4.0,1.0,2.536326530612245,2.5074021364817174,0.3977882416745044,3.44,1.65,119.7,0.0,43.84254759468064,153.9,0.0,1977.30081632653,323.4237140002462,1886.258921186176,3823.15,14.009999999999993,2237.290612244898,418.1115146505265,2111.5254428081503,4300.15,20.279999999999973,1299.0053755102042,29.462229693168364,1399.6084046497394,7140.0,0.0899,1190.74693877551,1184.5000637808923,121.51513066455892,1402.3,906.4,-0.44639928125008055
core_WEDQED_freeONLY,5.25925925925926,3.428696884630042,5.066904911011169,27.0,1.0,9.333333333333334,5.299445715353379,6.509252673723028,16.0,1.0,1.7037037037037035,1.5874010519681994,0.6562979683951612,4.0,1.0,2.545555555555555,2.5117651873506497,0.4338401594488656,3.44,1.88,113.17037037037038,99.37982828535888,43.61575331115884,153.9,7.0,1638.716666666667,213.15768370436055,1840.0882556933896,3823.15,14.009999999999993,1894.183703703704,284.3606099422925,2080.0077143947897,4300.15,20.279999999999973,1250.661703703704,14.185210244187717,1857.5315459360727,8900.0,0.0899,1203.3259259259255,1193.8656852492522,143.10218724573372,1402.3,760.4,-0.44701016142854705
core_WEFCAN_freeONLY,4.96875,3.339576006891563,4.246206947088189,26.0,1.0,9.3125,5.257488725244343,6.514107287265079,16.0,1.0,1.6875,1.5788838876112157,0.6091746465505602,4.0,1.0,2.51,2.4870576889870377,0.3528190045901722,3.44,1.83,108.19062500000004,84.1759090501274,52.6823906738236,200.0,7.0,1667.9196875000002,224.12300411834087,1854.985547719113,3823.15,14.009999999999993,1906.0284375,292.52874584336075,2082.997832006657,4300.15,20.279999999999973,1137.95905625,16.04142055419258,1395.9284638461131,7874.0,0.0899,1207.103125,1198.8263517300184,137.773524498484,1402.3,762.5,-0.2425977400000268
core_WEMNAF_freeONLY,6.044943820224719,4.114762338959254,5.450306892420181,30.0,1.0,10.651685393258427,6.671596747493063,6.255067381408967,16.0,1.0,1.797752808988764,1.687302049623344,0.6391668608237255,4.0,1.0,2.637191011235956,2.5972841102233524,0.4592029948519498,3.44,1.65,94.6067415730337,0.0,60.32188526721991,200.0,0.0,1259.1047191011237,163.82445495256525,1741.81705723552,3823.15,14.009999999999993,1442.5073033707863,217.91680158727337,1948.7465925844692,4300.15,20.279999999999973,996.2022853932586,9.863665878858672,1555.3805216341266,7140.0,0.0899,1238.8831460674155,1230.3518134163896,141.5621086831549,1402.3,906.4,-0.25732063374999825
core_WENDIE_freeONLY,6.631578947368421,4.768297419441541,5.984282275179745,30.0,1.0,11.578947368421051,8.198357835855557,5.528069897053003,16.0,1.0,1.894736842105263,1.7926641922757118,0.6402907926629705,4.0,1.0,2.6257894736842107,2.587305753307967,0.4433997339869781,3.44,1.65,96.44210526315788,0.0,62.37346193264092,153.9,0.0,1668.201052631579,289.1993703694724,1843.328169225993,3823.15,14.009999999999993,1902.7584210526315,371.6720482625208,2059.3259647228547,4300.15,20.279999999999973,1327.8011368421055,27.01566697823568,1752.327010088517,7140.0,0.0899,1214.9157894736836,1205.4422017672268,149.53531624109434,1402.3,906.4,-0.36602201999996
core_WEVQIX_freeONLY,6.903614457831325,4.391595417271313,7.295178235650686,39.0,1.0,10.590361445783133,6.542928939860049,6.475228320072411,16.0,1.0,1.855421686746988,1.7157527188564314,0.7935360867506077,5.0,1.0,2.714939759036145,2.6464320771474803,0.5936437889662917,3.44,1.22,121.50843373493976,114.31983501556157,36.47781040254036,153.9,29.6,1221.7945783132534,154.05264268915357,1696.8929182147804,3823.15,14.009999999999993,1471.5610843373493,221.7787537698352,1946.9023602827967,4300.15,20.279999999999973,1085.650934939759,8.998901818842471,1918.8283303574808,8960.0,0.0899,1209.8493975903611,1195.136070891954,167.58688332770117,1313.9,600.0,-0.16608244333338004
core_WEVQOD_freeONLY,7.506024096385542,4.444325163367567,10.324113187477806,64.0,1.0,10.975903614457833,6.840512576584901,6.488127997070687,19.0,1.0,1.879518072289157,1.7233071011672163,0.8970848418788572,6.0,1.0,2.7144578313253014,2.6453782225793314,0.5948640687333498,3.44,1.2,122.0,115.77314014988494,35.3561705389699,153.9,50.0,1216.6620481927714,153.58560876431474,1695.4603722156517,3823.15,14.009999999999993,1469.271927710843,221.6366077934061,1944.4313496842303,4300.15,20.279999999999973,1168.2774409638555,9.123167836705417,2125.5600894562217,8960.0,0.0899,1209.6903614457829,1194.8175750929988,168.16766634369347,1313.9,593.4,-0.08875780250014029
core_WEVRUK_freeONLY,7.385542168674699,4.435622214373818,9.672755585130206,59.0,1.0,10.975903614457833,6.840512576584901,6.488127997070687,19.0,1.0,1.879518072289157,1.7233071011672163,0.8970848418788572,6.0,1.0,2.7127710843373496,2.641549727873881,0.5992391023744085,3.44,1.13,122.0,115.77314014988494,35.3561705389699,153.9,50.0,1207.4572289156629,152.56926767410806,1694.4660652773955,3823.15,14.009999999999993,1470.23578313253,221.69690921302245,1945.4588615196544,4300.15,20.279999999999973,1137.8918987951809,9.085023405635422,2036.2327300521897,8960.0,0.0899,1208.0903614457827,1191.405905752746,174.2302303278921,1313.9,527.0,0.20008823999984315
core_WIHWAN_freeONLY,5.586956521739131,3.906660191278648,4.637165958701975,30.0,1.0,10.58695652173913,6.494468630609055,6.435553714079721,17.0,1.0,1.7391304347826086,1.644206274659018,0.568552036114001,4.0,1.0,2.698478260869565,2.636939928338545,0.6112850590685606,3.98,1.65,144.26521739130436,0.0,82.83116987712783,328.0,0.0,1694.6863043478263,242.1518907942536,1869.2886936797508,3823.15,14.009999999999993,1922.0784782608696,321.46739784359454,2092.2450843209253,4300.15,20.279999999999973,1138.2261217391303,18.58589866894908,1425.9697441084213,7140.0,0.0899,1255.397826086957,1240.377884945532,201.04486897978816,1681.0,906.4,-0.4656529060000139
core_WIJDAV_freeONLY,6.565217391304348,4.169503422124337,6.765167094928716,30.0,1.0,10.434782608695652,6.429761466978225,6.316480080306985,16.0,1.0,1.826086956521739,1.6945116613168825,0.7314175583156837,4.0,1.0,2.6228260869565214,2.5709361489541043,0.5206712350146151,3.44,1.65,97.49565217391304,0.0,56.67704065684929,153.9,0.0,1231.96152173913,158.30165385509463,1721.4011817537876,3823.15,14.009999999999993,1419.6278260869565,215.23137916738605,1925.038157095473,4300.15,20.279999999999973,1153.948382608696,9.92523781226453,1883.519900254764,7140.0,0.0899,1229.0673913043477,1220.183452586295,142.79926630908196,1402.3,906.4,-0.3676401720001649
core_WIYFAM_freeONLY,5.6438356164383565,3.418818820651921,6.434857691295482,30.0,1.0,9.150684931506849,5.129849891935221,6.473700711396213,16.0,1.0,1.726027397260274,1.5924332239385688,0.7264149908801564,4.0,1.0,2.481095890410959,2.4482659128288984,0.4088860967556827,3.44,1.65,97.37808219178083,0.0,54.79183082439512,153.9,0.0,1520.4089041095892,193.10885465242768,1822.548767895582,3823.15,14.009999999999993,1736.476301369863,253.6453186818493,2038.3538496081453,4300.15,20.279999999999973,1258.3516465753426,13.111374460450104,1780.177979814006,7140.0,0.0899,1213.3082191780825,1204.838248439419,140.25799491624198,1402.3,906.4,-0.31476450166659714
core_WIYZOU_freeONLY,6.458823529411765,4.222683586483238,5.906233877515938,27.0,1.0,10.48235294117647,6.398712153596112,6.503594960085098,16.0,1.0,1.811764705882353,1.6852249453160892,0.7111567651627019,4.0,1.0,2.738588235294118,2.679715106087996,0.571413423921824,3.44,1.88,118.93058823529412,112.44640612155632,36.47234253845254,153.9,63.7,1118.464823529412,132.9442364570621,1648.399279461289,3823.15,14.009999999999993,1341.403882352941,191.68799856224769,1895.314792790893,4300.15,20.279999999999973,1109.036063529412,6.898868558803918,2179.774897681208,8900.0,0.0899,1221.9035294117646,1210.701056906861,151.46954766518647,1313.9,760.4,0.6134644900000126
core_WOPDEL_freeONLY,4.471698113207547,3.011582959193639,3.897767980475375,25.0,1.0,8.660377358490566,4.67955334840357,6.550078196930358,16.0,1.0,1.6226415094339623,1.519686339655151,0.5900564441929016,4.0,1.0,2.4715094339622645,2.4464659113904696,0.3638649771675112,3.44,1.55,110.81509433962266,0.0,46.34251235535461,153.9,0.0,1772.235283018868,227.67218248480333,1876.6901469489069,3823.15,14.009999999999993,2009.426981132076,295.3268051656945,2106.9945700869266,4300.15,20.279999999999973,1164.5319962264152,14.893791884470136,1417.5994102009547,7470.0,0.0899,1202.2169811320753,1194.0861406440602,133.99691736224588,1402.3,717.3,-0.19515665000017177
core_XAKQOR_freeONLY,4.965517241379311,3.350451197795875,4.559815170336815,29.0,1.0,9.42528735632184,5.372783639540382,6.476539774151161,16.0,1.0,1.6781609195402298,1.5748041437985785,0.596816321183778,4.0,1.0,2.5311494252873565,2.503071868895463,0.3956005918180559,3.44,1.9,115.01724137931036,99.7615490268156,44.131616646031794,153.9,7.0,1759.3955172413796,241.13480678505096,1870.7543261050675,3823.15,14.009999999999993,2014.2189655172413,316.61069079656266,2101.967393043591,4300.15,20.279999999999973,1219.3352965517245,17.056537870624304,1627.3873418209914,8960.0,0.0899,1202.2609195402297,1193.922515101579,136.03349769709726,1402.3,745.5,-0.2986542428572453
core_XALTIP_freeONLY,7.506172839506172,5.626310864654636,6.06777250155445,30.0,1.0,12.320987654320987,9.575184387240895,4.946197343448946,17.0,1.0,2.0246913580246915,1.9218120954706177,0.6662092623818292,4.0,1.0,2.658888888888889,2.6264169517609006,0.4109308914292818,3.44,1.65,111.56543209876544,0.0,81.01774711919654,349.0,0.0,1823.6716049382717,394.9846930037973,1825.7423498749909,3823.15,14.009999999999993,2122.4682716049383,502.9457744945391,2059.4217712325567,4300.15,20.279999999999973,1532.654651851852,43.29725173665017,2112.344169164135,8900.0,0.0899,1196.735802469136,1183.8685541292416,168.4203950206861,1402.3,760.4,-0.21858295200031536
core_XASFAY_freeONLY,4.245283018867925,2.778073787704048,4.277654358020618,29.0,1.0,8.132075471698114,4.24044952127113,6.5069998183351325,15.0,1.0,1.5849056603773586,1.4804520209330247,0.5966561622959206,4.0,1.0,2.41622641509434,2.403564522325875,0.252326730500128,3.04,1.9,105.41886792452831,86.41274641688945,47.75319037688723,153.9,7.0,1767.9586792452835,216.92297190458547,1878.370656827436,3823.15,14.009999999999993,2015.7530188679243,278.55014033176445,2112.4520879662928,4300.15,20.279999999999973,1192.587954716981,13.396285194977985,1550.9212531738876,8960.0,0.0899,1206.0132075471697,1197.829589255878,135.88181607105585,1402.3,745.5,-0.32144338833343983
core_XEGKOL_freeONLY,6.207792207792208,4.456602670429914,7.115626962798536,64.0,1.0,11.64935064935065,7.908612864219695,5.953862074680413,19.0,1.0,1.818181818181818,1.725264663405132,0.6391405090578848,6.0,1.0,2.732727272727273,2.6853566864154392,0.4996014940855981,3.44,1.2,114.97922077922075,90.27759896419268,49.478893145717024,153.9,7.0,1534.2107792207796,220.8129144824761,1837.0743480785488,3823.15,14.009999999999993,1757.358051948052,296.0555620541473,2068.8468573128093,4300.15,20.279999999999973,983.6520285714286,14.561692432358374,1353.930609691684,7901.0,0.0899,1224.685714285714,1215.3869650413333,140.50775152096347,1402.3,593.4,-0.5828251399999544
core_XEGKUR_freeONLY,6.1466666666666665,4.317025731443279,7.234534462485398,64.0,1.0,11.413333333333334,7.51976964941022,6.134260799440757,19.0,1.0,1.8,1.702670768676237,0.6531972647421809,6.0,1.0,2.732933333333333,2.6837747402294605,0.5086315584214395,3.44,1.2,112.86,88.11861724594824,49.72003754356319,153.9,7.0,1422.3838666666668,189.89816908347635,1809.3027537714768,3823.15,14.009999999999993,1632.4853333333338,256.6638704864834,2039.67442290926,4300.15,20.279999999999973,919.483948,11.120303188779893,1351.158760556588,7901.0,0.0899,1231.3773333333331,1222.0947867404109,139.86405549516843,1402.3,593.4,1.0556027614286125
core_XEJXAN_freeONLY,5.708333333333333,3.7623668206558376,5.412017235334305,28.0,1.0,9.958333333333334,5.906453812846404,6.4451478303880325,16.0,1.0,1.75,1.6339154532410998,0.6614378277661477,4.0,1.0,2.6125000000000007,2.571614858640673,0.4785590350207589,3.44,1.91,116.3125,102.15871619775352,42.26763253858284,153.9,7.0,1524.4116666666662,198.50370494662863,1811.8065520994664,3823.15,14.009999999999993,1774.0979166666664,269.33209916116914,2052.285312606776,4300.15,20.279999999999973,1219.046466666667,12.881571235116198,1932.777501964924,8908.0,0.0899,1207.6416666666669,1197.0755169263152,149.29815224539414,1402.3,737.1,-0.23100250624997898
core_XEJXER_freeONLY,5.538461538461538,3.640187792030392,5.278627219783927,28.0,1.0,9.76923076923077,5.702638319513121,6.482566516361653,16.0,1.0,1.7307692307692308,1.6158661440291455,0.6538461538461537,4.0,1.0,2.5942307692307693,2.5553941032082963,0.4666506935840609,3.44,1.91,116.08461538461538,102.43792633161048,42.14538657394728,153.9,7.0,1554.7323076923074,200.86135839374083,1822.1399066045476,3823.15,14.009999999999993,1803.7992307692307,271.2464668642524,2061.72892483641,4300.15,20.279999999999973,1212.2001961538465,12.982274268533084,1883.3614960357768,8908.0,0.0899,1206.9961538461537,1196.8338787087307,146.82716810215814,1402.3,737.1,-0.3198357257143535
core_XEXLAP_freeONLY,5.805555555555555,4.43595869447917,4.033329507191328,25.0,1.0,11.305555555555555,7.841532022587137,5.690242352017298,16.0,1.0,1.8333333333333333,1.747818715379054,0.5527707983925667,4.0,1.0,2.620000000000001,2.5834288845728675,0.442103557501583,3.44,1.55,121.29166666666669,0.0,47.77890268378573,153.9,0.0,2075.73,420.4452746618977,1862.9192298230332,3823.15,14.009999999999993,2358.207222222222,540.1520506099481,2085.9703942551414,4300.15,20.279999999999973,1400.6054222222222,47.485408645519605,1511.293372611737,7470.0,0.0899,1181.8000000000002,1172.5547084070902,141.99757822661,1402.3,717.3,-0.033015801666692816
core_XEXLIX_freeONLY,5.944444444444445,4.458481537865811,4.71960711903276,30.0,1.0,11.444444444444445,7.959819719825559,5.644291336506119,16.0,1.0,1.8333333333333333,1.747818715379054,0.5527707983925667,4.0,1.0,2.6227777777777783,2.58791936314594,0.435638810070345,3.44,1.65,121.29166666666669,0.0,47.77890268378573,153.9,0.0,2052.7725,411.3726027418249,1874.6919922385105,3823.15,14.009999999999993,2326.151666666666,530.0153970004777,2094.941377085526,4300.15,20.279999999999973,1391.4387555555556,47.425848909109696,1475.0174224043772,7140.0,0.0899,1187.052777777778,1180.2006969378344,127.47231177813374,1402.3,906.4,0.16540292166659276
core_XEXLOD_freeONLY,5.944444444444445,4.458481537865811,4.71960711903276,30.0,1.0,11.444444444444445,7.959819719825559,5.644291336506119,16.0,1.0,1.8333333333333333,1.747818715379054,0.5527707983925667,4.0,1.0,2.6227777777777783,2.58791936314594,0.435638810070345,3.44,1.65,121.29166666666669,0.0,47.77890268378573,153.9,0.0,2052.7725,411.3726027418249,1874.6919922385105,3823.15,14.009999999999993,2326.151666666666,530.0153970004777,2094.941377085526,4300.15,20.279999999999973,1391.4387555555556,47.425848909109696,1475.0174224043772,7140.0,0.0899,1187.052777777778,1180.2006969378344,127.47231177813374,1402.3,906.4,-0.28546865428575074
core_XIGFOJ_manual,6.37037037037037,3.9769042672103674,8.555475388433134,48.0,1.0,10.37037037037037,6.4960062256148206,6.135193849140342,16.0,1.0,1.8148148148148149,1.6849012082131212,0.7715802465185058,5.0,1.0,2.5462962962962967,2.5129715515691533,0.425468353248408,3.44,1.69,122.25925925925924,0.0,43.0063928000655,153.9,0.0,2016.6592592592597,361.1035542443839,1877.652901693092,3823.15,14.009999999999993,2287.6107407407408,470.7042365154838,2096.738600458174,4300.15,20.279999999999973,1492.460562962963,39.6235478702693,1786.6590782262929,8650.0,0.0899,1178.9037037037035,1171.9510549180357,126.33534586928636,1313.9,867.8,-0.04040449833299433
core_XOBXIW_freeONLY,8.222222222222221,5.433643792636182,7.494854201795579,28.0,1.0,11.555555555555555,7.961055780468416,5.92754607482184,16.0,1.0,2.0,1.8517494245745807,0.816496580927726,4.0,1.0,2.796666666666667,2.729810752008596,0.6032688731679543,3.44,1.91,125.48888888888888,120.99276057861758,30.388135274019348,153.9,72.8,1069.096666666667,152.60062883773273,1561.5224683906697,3823.15,14.009999999999993,1354.2233333333334,227.11185099844832,1845.7833972297208,4300.15,20.279999999999973,1492.655088888889,10.486420411203811,2779.1985106592424,8908.0,0.0899,1198.8555555555552,1180.8349512226448,187.67879245083205,1313.9,737.1,-0.3441242299999203
core_XOHLEM_freeONLY,8.24390243902439,5.916738489260302,7.489115639623452,30.0,1.0,12.53658536585366,9.778185638506226,4.924292996055916,16.0,1.0,2.048780487804878,1.9335063629780729,0.730893856769351,4.0,1.0,2.693170731707317,2.62989205759427,0.5723696529614161,3.44,1.65,122.92682926829268,0.0,48.64871604547533,153.9,0.0,1765.4763414634149,370.7773220297637,1829.7201052430169,3823.15,14.009999999999993,2034.590975609756,508.3785281493528,2029.0608906619043,4300.15,20.279999999999973,1689.2467414634143,55.53339084391564,2088.642282182198,7140.0,0.0899,1174.031707317073,1165.4819621034117,139.06934827197688,1313.9,906.4,-0.16126129166665723
core_XOJWEZ_freeONLY,5.533333333333333,2.966736832908819,7.566299550565581,35.0,1.0,8.066666666666666,4.11701927224126,6.6629989911117,17.0,1.0,1.6666666666666667,1.515716566510398,0.7888106377466155,4.0,1.0,2.444,2.4249081848766583,0.312459063985455,3.04,1.9,100.97333333333331,73.04277476058658,64.48802438351551,324.6,7.0,1343.448666666667,142.67624917332083,1769.670349271738,3823.15,14.009999999999993,1558.7386666666666,187.0935361507248,2001.6743709300529,4300.15,20.279999999999973,1156.2087533333336,7.779894909663231,1834.733822062604,8960.0,0.0899,1224.2533333333336,1214.1387063233378,148.3998197063894,1402.3,745.5,-0.23077805375001498
core_XOMJOY_freeONLY,5.055555555555555,3.1858295530262533,6.630224471555234,64.0,1.0,9.157407407407408,5.003732005251163,6.686307231168395,19.0,1.0,1.6666666666666667,1.5505460665717403,0.6804138174397715,6.0,1.0,2.5065740740740745,2.4775392241665006,0.3897272598954608,3.44,1.2,122.1527777777778,108.33764722605608,56.41930398945312,349.0,7.0,1765.8562962962967,233.28063080020263,1880.915915275889,3823.15,14.009999999999993,2008.121203703704,304.70404625493825,2115.316584987588,4300.15,20.279999999999973,1098.8083305555556,14.84372615959579,1299.220717923118,7901.0,0.0899,1203.1953703703705,1195.650129710691,127.5455651219212,1402.3,593.4,-0.11226062199975781
core_XOVPIH_freeONLY,5.647058823529412,2.953510398338208,9.597433336241446,58.0,1.0,8.5,4.210363400844614,7.138338907122663,19.0,1.0,1.6470588235294117,1.4907396380971711,0.903664205631601,6.0,1.0,2.55264705882353,2.4914392182256795,0.551507606600678,3.44,1.12,109.64411764705882,102.55111088092464,38.64241186584617,153.9,50.0,1063.0135294117651,96.85444905839634,1665.4175445389458,3823.15,14.009999999999993,1275.911176470588,138.58452116149394,1912.3657419322965,4300.15,20.279999999999973,795.3491294117645,3.5034235778397798,1426.6724899872097,6689.0,0.0899,1229.8852941176465,1215.986193001011,156.5329172905869,1313.9,534.4,-0.21566871999999646
core_XOVPON_freeONLY,5.647058823529412,2.953510398338208,9.597433336241446,58.0,1.0,8.5,4.210363400844614,7.138338907122663,19.0,1.0,1.6470588235294117,1.4907396380971711,0.903664205631601,6.0,1.0,2.55264705882353,2.4914392182256795,0.551507606600678,3.44,1.12,109.64411764705882,102.55111088092464,38.64241186584617,153.9,50.0,1063.0135294117651,96.85444905839634,1665.4175445389458,3823.15,14.009999999999993,1275.911176470588,138.58452116149394,1912.3657419322965,4300.15,20.279999999999973,795.3491294117645,3.5034235778397798,1426.6724899872097,6689.0,0.0899,1229.8852941176465,1215.986193001011,156.5329172905869,1313.9,534.4,-0.06108421750003852
core_XUNGOD_freeONLY,4.714285714285714,3.6053753376676183,2.602981022612657,8.0,1.0,9.714285714285714,5.587549562988223,6.529368504015109,16.0,1.0,1.7142857142857142,1.640670712015276,0.4517539514526256,2.0,1.0,2.5,2.4131372578169343,0.5821266430695545,3.44,0.98,111.65714285714284,91.96535860773184,47.907152974503184,153.9,7.0,1687.2414285714283,268.9356883099426,1852.806687221375,3823.15,14.009999999999993,1982.5021428571429,375.022168947477,2045.132950893688,4300.15,20.279999999999973,1007.1049,23.042312802595724,1093.2319962568035,2260.0,0.0899,1165.5214285714287,1138.3852484139202,213.7800009975924,1402.3,520.2,-0.266664258750005
core_YEGKOM_freeONLY,6.105263157894737,3.9572664536395417,6.214539292253163,30.0,1.0,10.210526315789474,6.212772420839258,6.296021696013756,15.0,1.0,1.7894736842105263,1.666524012797089,0.6942582083301537,4.0,1.0,2.5984210526315783,2.5614306444948864,0.4243417584657905,3.04,1.65,58.33684210526315,0.0,57.24891366954915,153.9,0.0,872.302105263158,105.55794409408148,1530.7614389906846,3823.15,14.009999999999993,1006.3847368421056,136.3163499026521,1719.3154054857764,4300.15,20.279999999999973,852.1340736842105,4.164022658127522,1741.3469598554832,7140.0,0.0899,1281.2,1271.7709795654732,147.81227781779225,1402.3,906.4,-0.33786526666665395
core_YEKXET_freeONLY,6.508474576271187,4.560327918549247,5.986914774785096,30.0,1.0,11.28813559322034,7.666334315066382,5.816548127300907,16.0,1.0,1.8644067796610169,1.75754219031918,0.6498403224637563,4.0,1.0,2.635423728813559,2.5901944459993915,0.4902449129681823,3.44,1.65,114.24745762711864,0.0,51.86109333605412,153.9,0.0,1738.7538983050847,295.7382978558075,1855.5911850688287,3823.15,14.009999999999993,1983.40186440678,392.0136326306495,2070.7001402960173,4300.15,20.279999999999973,1359.379840677966,29.10031727888371,1730.62901935011,7140.0,0.0899,1198.5118644067793,1190.587503257015,135.8218175788496,1402.3,906.4,-0.2817475249999764
core_YEKXOD_freeONLY,4.902439024390244,3.23350504704698,4.689401012500219,29.0,1.0,9.146341463414634,5.068014478288827,6.56881388710342,16.0,1.0,1.6585365853658536,1.552019131446141,0.6092680974047218,4.0,1.0,2.53,2.5002384954496124,0.4074549204453443,3.44,1.9,112.64634146341464,97.15898617756984,44.36831487293484,153.9,7.0,1633.556829268293,203.74141976771992,1854.0722435873868,3823.15,14.009999999999993,1874.8329268292684,270.0491213881138,2085.5738063241924,4300.15,20.279999999999973,1155.880131707317,12.661564547451482,1655.2385388157322,8960.0,0.0899,1209.319512195122,1200.806070226996,136.9910219944326,1402.3,745.5,-0.13277531200019438
core_YEYCUC_SL,4.849673202614379,3.104863755582457,5.647338712502229,40.0,1.0,8.745098039215685,4.75423353974006,6.576378219094792,16.0,1.0,1.65359477124183,1.5376118934703566,0.6794871329865112,5.0,1.0,2.477320261437909,2.4468744952972035,0.3954446600119386,3.44,1.33,117.4751633986928,109.71773811706666,40.06738487667562,153.9,41.1,1852.271045751634,249.7725246045773,1880.5935499084,3823.15,14.009999999999993,2133.062810457516,328.0929420269678,2140.723831352883,4682.15,20.279999999999973,1191.3819464052287,17.596538212061468,1347.3764922457362,6511.0,0.0899,1192.9065359477124,1183.9816183436617,136.37670946824448,1313.9,640.1,-0.2755780333330525
core_YIWBEN_freeONLY,5.254901960784314,3.41697467716755,6.573395986422079,48.0,1.0,9.568627450980392,5.572152484690332,6.359352852637167,16.0,1.0,1.7058823529411764,1.5943617256248126,0.6655122646461624,5.0,1.0,2.498627450980392,2.475132443862814,0.3558641490509783,3.44,1.69,115.48627450980392,0.0,46.57768555867795,153.9,0.0,1972.427450980392,310.6924430158877,1889.0344904509047,3823.15,14.009999999999993,2229.898235294118,398.3537532414121,2115.825764166003,4300.15,20.279999999999973,1321.95757254902,27.154771162425643,1524.273844722995,8650.0,0.0899,1192.019607843137,1185.3369411762822,125.36869080891104,1402.3,867.8,-0.37181252000021103
core_YONNUL_freeONLY,5.054945054945055,3.4500422992861584,4.594221495621124,30.0,1.0,9.67032967032967,5.622487068304571,6.42805483037493,16.0,1.0,1.6923076923076923,1.5914365852319234,0.5872698556434015,4.0,1.0,2.535274725274725,2.5041550050010843,0.4127856071776925,3.44,1.65,117.06923076923078,0.0,44.419982861661055,153.9,0.0,1835.3124175824173,267.4609369665661,1883.988601749392,3823.15,14.009999999999993,2078.6091208791213,349.48717657274545,2109.262161934466,4300.15,20.279999999999973,1225.082712087912,21.099769024538222,1425.862806504608,7140.0,0.0899,1198.765934065934,1192.3949168173365,122.48064141255476,1402.3,906.4,-0.3474179471428604
core_YUBFOR_freeONLY,5.777777777777778,3.4626486158217986,6.502611061510904,30.0,1.0,9.22222222222222,5.106575196887419,6.612744896162894,16.0,1.0,1.7222222222222223,1.5874010519681996,0.7307192465536613,4.0,1.0,2.544444444444444,2.5019071050407997,0.4697188547090011,3.44,1.65,87.89444444444443,0.0,55.964338568038364,153.9,0.0,1122.5194444444444,123.58074908555564,1681.6097422029625,3823.15,14.009999999999993,1290.857777777778,166.07070855745016,1884.036424416576,4300.15,20.279999999999973,1024.8466833333334,5.920457359490098,1789.0409565765651,7140.0,0.0899,1242.0888888888887,1233.5233618044967,140.48644809648167,1402.3,906.4,0.10583590999992794
core_YUGZIK_freeONLY,4.941176470588236,3.477846414777296,4.3268961148224925,30.0,1.0,9.764705882352942,5.845335075452575,6.220107291471456,16.0,1.0,1.7058823529411764,1.6091228897354584,0.5703152773430976,4.0,1.0,2.479411764705883,2.460648903948875,0.3113185857323265,3.44,1.65,114.70196078431374,0.0,48.95148254357725,153.9,0.0,2123.096078431373,379.0785019649528,1878.0362410409048,3823.15,14.009999999999993,2398.856666666667,477.03531570398576,2103.7311929947427,4300.15,20.279999999999973,1380.9439078431374,38.02664006715045,1377.2315154844002,7140.0,0.0899,1185.6294117647058,1179.0783001025457,125.11500951339264,1402.3,906.4,-0.23078391600010942
core_YUSGOJ_SL,5.60655737704918,3.7282087462981175,5.396655577951564,30.0,1.0,10.0,5.993658089254429,6.337502222976298,16.0,1.0,1.7540983606557377,1.640923045188697,0.6441600886684753,4.0,1.0,2.5390163934426235,2.5058615081275915,0.4223381634678766,3.44,1.65,116.51147540983608,0.0,47.95119136748191,200.0,0.0,1797.8200000000002,277.2968718005084,1869.7161307070733,3823.15,14.009999999999993,2045.322786885246,364.9940212913274,2088.054462590641,4300.15,20.279999999999973,1303.8644590163935,25.142252380272534,1542.3518631277775,7140.0,0.0899,1193.2819672131147,1186.2233941741508,128.4860322933615,1402.3,906.4,-0.23950970000004188
core_YUXQIS_freeONLY,5.6923076923076925,3.6298412875933233,7.345516148989738,48.0,1.0,9.897435897435898,5.896869653761292,6.3318279120195085,16.0,1.0,1.7435897435897436,1.6251380313181203,0.705943584509549,5.0,1.0,2.54025641025641,2.5106942550270106,0.399265268670593,3.44,1.69,110.2974358974359,0.0,50.750078879208566,153.9,0.0,1794.9128205128206,265.162763162296,1879.9168445588616,3823.15,14.009999999999993,2033.322307692308,343.4569986906526,2104.57029132566,4300.15,20.279999999999973,1265.1445564102569,21.068542048896465,1635.6310926011954,8650.0,0.0899,1203.674358974359,1196.2366250281398,131.99179406884417,1402.3,867.8,0.11669264999995907
core_YUXQOY_freeONLY,5.6923076923076925,3.629841287593324,7.345516148989739,48.0,1.0,9.897435897435898,5.896869653761292,6.331827912019508,16.0,1.0,1.7435897435897436,1.6251380313181203,0.705943584509549,5.0,1.0,2.54025641025641,2.510694255027011,0.3992652686705931,3.44,1.69,110.2974358974359,0.0,50.750078879208566,153.9,0.0,1794.9128205128206,265.162763162296,1879.9168445588616,3823.15,14.009999999999993,2033.322307692308,343.4569986906526,2104.57029132566,4300.15,20.279999999999973,1265.1445564102569,21.06854204889648,1635.6310926011956,8650.0,0.0899,1203.6743589743587,1196.236625028141,131.99179406884417,1402.3,867.8,-0.37999384600020675
core_ZARTAP03_freeONLY,5.617647058823529,4.1165024425025365,4.311507897014774,26.0,1.0,10.735294117647058,7.017271504767771,5.957243853096792,15.0,1.0,1.7941176470588236,1.6990235884354028,0.5830655176940885,4.0,1.0,2.609117647058823,2.583873142690525,0.3590540484224921,3.04,1.83,76.52058823529411,39.65766293173144,62.70189873948263,153.9,7.0,1428.5776470588237,199.0022935619809,1793.2806476203768,3823.15,14.009999999999993,1642.5526470588236,249.8945745616829,2029.652245561682,4300.15,20.279999999999973,1029.7006205882356,11.370435698405128,1601.8505873207748,7874.0,0.0899,1248.1205882352942,1236.7924730341524,160.07926672417042,1402.3,762.5,-0.3082782950000554
core_ZECKID_freeONLY,5.941176470588236,3.684123744201927,6.365999651044085,29.0,1.0,9.588235294117649,5.5692796097516295,6.42658836882243,16.0,1.0,1.7647058823529411,1.63114196696555,0.7299808027053443,4.0,1.0,2.550588235294118,2.5157662325377794,0.4353426046127387,3.44,1.9,104.38823529411764,80.06152947617034,50.0244044248633,153.9,7.0,1448.031176470589,186.0500511168457,1780.8133855724216,3823.15,14.009999999999993,1711.35,250.6385139994622,2017.98272320477,4300.15,20.279999999999973,1325.0529058823531,11.931952666770789,2183.887505250166,8960.0,0.0899,1209.935294117647,1196.9083970729196,165.43110860869467,1402.3,745.5,-0.3082213700000267
core_ZECKOJ_freeONLY,5.941176470588236,3.684123744201927,6.365999651044085,29.0,1.0,9.588235294117649,5.5692796097516295,6.42658836882243,16.0,1.0,1.7647058823529411,1.63114196696555,0.7299808027053443,4.0,1.0,2.550588235294118,2.5157662325377794,0.4353426046127387,3.44,1.9,104.38823529411764,80.06152947617034,50.0244044248633,153.9,7.0,1448.031176470589,186.0500511168457,1780.8133855724216,3823.15,14.009999999999993,1711.35,250.6385139994622,2017.98272320477,4300.15,20.279999999999973,1325.0529058823531,11.931952666770789,2183.887505250166,8960.0,0.0899,1209.935294117647,1196.9083970729196,165.43110860869467,1402.3,745.5,-0.36837055500001264
core_ZEDHIB_freeONLY,5.84375,3.786556127321914,5.987535881938412,30.0,1.0,10.0,5.989387488165304,6.349212549600147,16.0,1.0,1.765625,1.645755478153965,0.678743957155421,4.0,1.0,2.555,2.514971665610993,0.4616918615267112,3.44,1.65,111.1734375,0.0,49.803392336100906,153.9,0.0,1661.48359375,238.10338536318952,1851.7585594597365,3823.15,14.009999999999993,1893.8275000000003,316.09487883665287,2069.155351038498,4300.15,20.279999999999973,1288.4364203125,19.104765987870454,1698.3431590501812,7140.0,0.0899,1202.384375,1194.8268750006605,132.4051396504659,1402.3,906.4,-0.0182311712500507
core_ZELROZ_manual,6.157303370786517,4.230575088291371,5.784323790812105,30.0,1.0,10.831460674157304,7.021521987398258,6.047073681841658,16.0,1.0,1.820224719101124,1.711523259802565,0.6458475444134791,4.0,1.0,2.605168539325843,2.561591457846708,0.4852778941141291,3.44,1.65,122.35955056179776,0.0,43.34581020951568,153.9,0.0,1850.8023595505613,315.2695307555135,1869.3455846689767,3823.15,14.009999999999993,2107.060337078652,419.4353543946817,2085.8976280267807,4300.15,20.279999999999973,1387.7450404494384,32.136765220835315,1666.0462803429182,7140.0,0.0899,1187.7606741573031,1180.858949424744,126.31657360807743,1313.9,906.4,-0.1963657724999734
core_ZISYAD_freeONLY,5.811764705882353,3.362887258862565,8.59342309066794,53.0,1.0,9.152941176470588,5.194864612971699,6.371823789803394,17.0,1.0,1.741176470588235,1.600101046177093,0.7844509683844542,5.0,1.0,2.428588235294118,2.4177912883164137,0.2300033398283161,3.04,1.9,118.94470588235296,101.3122600373664,52.62317428635714,295.2,7.0,2073.3118823529417,352.7477219702954,1867.2631735762648,3823.15,14.009999999999993,2365.2982352941176,445.02701432612105,2095.080467890084,4300.15,20.279999999999973,1523.6221270588237,36.83912302001205,1686.944099995268,8960.0,0.0899,1176.394117647059,1168.0665625125566,136.51144434070778,1402.3,745.5,-0.27236620833343744
core_ZURQOS_freeONLY,6.666666666666667,3.842024091433952,9.11165310041061,48.0,1.0,9.666666666666666,5.79396020006213,6.198566142441509,15.0,1.0,1.8333333333333333,1.6748875870027975,0.8595864638818419,5.0,1.0,2.481333333333334,2.456380747876342,0.3499212609843661,3.04,1.69,90.96,0.0,58.265848201726776,153.9,0.0,1623.952333333334,237.37549774297952,1822.5119120665724,3823.15,14.009999999999993,1883.1686666666667,304.88177031633984,2055.717534934754,4300.15,20.279999999999973,1489.5468333333329,18.846958692652823,2227.881507995322,8908.0,0.0899,1205.89,1192.9517885998507,168.24300153844936,1402.3,737.1,-0.38783892333331477
pyrene_FIZPOV,5.745762711864407,3.817398864470287,5.472870595388113,30.0,1.0,10.152542372881356,6.117324883646496,6.369454542067066,16.0,1.0,1.7627118644067796,1.6492144711628802,0.6467384416386072,4.0,1.0,2.5732203389830506,2.534021367865084,0.4626688997250263,3.44,1.65,120.94237288135594,0.0,43.60979210281551,200.0,0.0,1729.578983050847,258.41274759802315,1862.5682453689024,3823.15,14.009999999999993,1970.5108474576275,346.124448617215,2079.2759860637343,4300.15,20.279999999999973,1271.4818152542373,22.724584010705904,1558.0035477386057,7140.0,0.0899,1193.937288135593,1187.165619544509,125.30459552802684,1313.9,906.4,-0.6512535140001546
pyrene_LOSBOM,4.671232876712328,3.318648944968888,3.02525803052366,12.0,1.0,9.219178082191782,5.121747078440687,6.654376611792753,16.0,1.0,1.6575342465753424,1.5650007582866174,0.5291289839952867,3.0,1.0,2.546301369863014,2.5024447918836,0.4735048765116524,3.44,1.31,113.54246575342466,0.0,45.512891197472136,153.9,0.0,1612.3749315068496,205.44323117960397,1852.307257330501,3823.15,14.009999999999993,1828.9873972602743,272.7156079754956,2075.217906612065,4300.15,20.279999999999973,976.6859904109588,12.83373169597275,1108.0866058986833,2260.0,0.0899,1206.380821917808,1197.620178710019,137.8481889393002,1402.3,737.7,-0.08906889285711776
